image_id,file_path,stack_id,rating,label,cull_decision,picked_or_rejected,clip_quality_v0,clip_focus_v0,clip_exposure_v0,clip_noise_v0,clip_misshot_v0,clip_composition_v0,clip_wildlife_quality_v0,clip_quality_v0__margin,clip_focus_v0__margin,clip_exposure_v0__margin,clip_noise_v0__margin,clip_misshot_v0__margin,clip_composition_v0__margin,clip_wildlife_quality_v0__margin,top_positive_prompt,top_negative_prompt,clip_quality_v0__pos_sim,clip_focus_v0__pos_sim,clip_exposure_v0__pos_sim,clip_noise_v0__pos_sim,clip_misshot_v0__pos_sim,clip_composition_v0__pos_sim,clip_wildlife_quality_v0__pos_sim,clip_quality_v0__neg_sim,clip_focus_v0__neg_sim,clip_exposure_v0__neg_sim,clip_noise_v0__neg_sim,clip_misshot_v0__neg_sim,clip_composition_v0__neg_sim,clip_wildlife_quality_v0__neg_sim,prompt_set_version,space
48108,/mnt/d/Photos/Z8/180-600mm/2026/2026-03-01/DSC_1544.NEF,23253,3,Green,pick,neutral,0.9165,0.1162,0.9987,0.2186,0.6839,0.9936,0.0006,0.024,-0.0203,0.0667,-0.0127,0.0077,0.0504,-0.0749,a photo with strong subject separation,blurry,0.4315,0.4526,0.4634,0.4429,0.4249,0.436,0.4701,0.4075,0.4729,0.3967,0.4556,0.4171,0.3856,0.5449,v0,bioclip_2_image
48109,/mnt/d/Photos/Z8/180-600mm/2026/2026-03-01/DSC_1545.NEF,23253,3,Green,pick,neutral,0.9165,0.203,0.9976,0.2781,0.7404,0.9933,0.0009,0.024,-0.0137,0.0605,-0.0095,0.0105,0.0499,-0.0706,a photo with strong subject separation,blurry,0.4278,0.4517,0.4604,0.4398,0.4251,0.4371,0.4704,0.4038,0.4653,0.3999,0.4493,0.4146,0.3871,0.5409,v0,bioclip_2_image
48110,/mnt/d/Photos/Z8/180-600mm/2026/2026-03-01/DSC_1546.NEF,23253,3,Green,pick,neutral,0.8694,0.093,0.9963,0.1796,0.739,0.9832,0.0005,0.019,-0.0228,0.056,-0.0152,0.0104,0.0407,-0.0757,a photo with strong subject separation,blurry,0.443,0.4612,0.4715,0.4562,0.4401,0.4487,0.4715,0.4241,0.4839,0.4155,0.4714,0.4297,0.408,0.5473,v0,bioclip_2_image
48111,/mnt/d/Photos/Z8/180-600mm/2026/2026-03-01/DSC_1547.NEF,23254,4,Blue,pick,picked,0.9708,0.5522,0.9968,0.382,0.8348,0.9932,0.0061,0.035,0.0021,0.0573,-0.0048,0.0162,0.0499,-0.0509,a photo with strong subject separation,blurry,0.4105,0.4342,0.4301,0.43,0.4004,0.416,0.4638,0.3754,0.4321,0.3728,0.4348,0.3842,0.3661,0.5147,v0,bioclip_2_image
48112,/mnt/d/Photos/Z8/180-600mm/2026/2026-03-01/DSC_1548.NEF,23254,4,Blue,pick,picked,0.9441,0.4318,0.9959,0.2459,0.7783,0.9886,0.0049,0.0283,-0.0027,0.055,-0.0112,0.0126,0.0447,-0.0531,a photo with strong subject separation,noisy,0.4137,0.4377,0.4366,0.4288,0.4058,0.4174,0.4687,0.3855,0.4404,0.3816,0.44,0.3933,0.3727,0.5218,v0,bioclip_2_image
48113,/mnt/d/Photos/Z8/180-600mm/2026/2026-03-01/DSC_1549.NEF,23255,4,Blue,pick,picked,0.8663,0.2361,0.9959,0.265,0.6689,0.9863,0.0011,0.0187,-0.0117,0.055,-0.0102,0.007,0.0427,-0.0683,a photo with strong subject separation,blurry,0.4143,0.4406,0.4393,0.4353,0.4136,0.4146,0.4517,0.3957,0.4523,0.3843,0.4455,0.4065,0.3718,0.5201,v0,bioclip_2_image
48114,/mnt/d/Photos/Z8/180-600mm/2026/2026-03-01/DSC_1550.NEF,23255,4,Blue,pick,picked,0.8667,0.2025,0.9948,0.2865,0.7068,0.9879,0.0012,0.0187,-0.0137,0.0525,-0.0091,0.0088,0.044,-0.0676,a photo with strong subject separation,blurry,0.4224,0.4469,0.4455,0.4416,0.4217,0.4231,0.4584,0.4037,0.4607,0.393,0.4507,0.4129,0.3791,0.526,v0,bioclip_2_image
48115,/mnt/d/Photos/Z8/180-600mm/2026/2026-03-01/DSC_1551.NEF,23255,4,Blue,reject,picked,0.8835,0.2111,0.9963,0.3212,0.6928,0.9855,0.0012,0.0203,-0.0132,0.0559,-0.0075,0.0081,0.0422,-0.0675,a photo with strong subject separation,blurry,0.424,0.4452,0.4506,0.4436,0.4223,0.423,0.4649,0.4037,0.4584,0.3947,0.4511,0.4141,0.3808,0.5323,v0,bioclip_2_image
48116,/mnt/d/Photos/Z8/180-600mm/2026/2026-03-01/DSC_1552.NEF,23255,4,Blue,reject,picked,0.8767,0.3045,0.995,0.2217,0.6685,0.9817,0.0011,0.0196,-0.0083,0.053,-0.0126,0.007,0.0398,-0.0683,a photo with strong subject separation,blurry,0.4203,0.4447,0.4444,0.4391,0.4175,0.417,0.4568,0.4007,0.453,0.3914,0.4517,0.4105,0.3772,0.5251,v0,bioclip_2_image
48117,/mnt/d/Photos/Z8/180-600mm/2026/2026-03-01/DSC_1553.NEF,23255,4,Blue,reject,picked,0.8956,0.3019,0.9943,0.251,0.6818,0.9888,0.0014,0.0215,-0.0084,0.0517,-0.0109,0.0076,0.0448,-0.066,a photo with strong subject separation,blurry,0.4187,0.4436,0.443,0.4372,0.4161,0.4187,0.4636,0.3972,0.4519,0.3913,0.4482,0.4085,0.3739,0.5296,v0,bioclip_2_image
48118,/mnt/d/Photos/Z8/180-600mm/2026/2026-03-01/DSC_1554.NEF,23255,4,Blue,reject,picked,0.8482,0.2324,0.992,0.251,0.61,0.9834,0.001,0.0172,-0.012,0.0482,-0.0109,0.0045,0.0408,-0.0691,a photo with strong subject separation,blurry,0.4121,0.435,0.4348,0.4306,0.4077,0.4106,0.454,0.3949,0.447,0.3866,0.4415,0.4032,0.3698,0.5231,v0,bioclip_2_image
48119,/mnt/d/Photos/Z8/180-600mm/2026/2026-03-01/DSC_1555.NEF,23255,4,Blue,pick,picked,0.9016,0.3141,0.9979,0.1828,0.6883,0.9768,0.001,0.0222,-0.0078,0.0615,-0.015,0.0079,0.0374,-0.0687,high quality,blurry,0.4143,0.4449,0.4426,0.4343,0.4133,0.4108,0.4526,0.3921,0.4527,0.3811,0.4493,0.4054,0.3734,0.5213,v0,bioclip_2_image
48120,/mnt/d/Photos/Z8/180-600mm/2026/2026-03-01/DSC_1556.NEF,23256,3,Green,reject,neutral,0.9032,0.3173,0.9985,0.314,0.4925,0.92,0.0007,0.0223,-0.0077,0.0652,-0.0078,-0.0003,0.0244,-0.0726,high quality,blurry,0.4061,0.4317,0.4343,0.4207,0.3945,0.4058,0.443,0.3838,0.4394,0.3691,0.4285,0.3948,0.3814,0.5155,v0,bioclip_2_image
48121,/mnt/d/Photos/Z8/180-600mm/2026/2026-03-01/DSC_1557.NEF,,4,Blue,pick,picked,0.8687,0.2863,0.9978,0.3598,0.5309,0.878,0.0007,0.0189,-0.0091,0.0612,-0.0058,0.0012,0.0197,-0.0725,high quality,blurry,0.4116,0.4339,0.4367,0.4291,0.3944,0.408,0.44,0.3927,0.4431,0.3755,0.4348,0.3931,0.3882,0.5126,v0,bioclip_2_image
48122,/mnt/d/Photos/Z8/180-600mm/2026/2026-03-01/DSC_1558.NEF,23256,3,Green,pick,neutral,0.9177,0.2323,0.998,0.4628,0.5271,0.9353,0.0012,0.0241,-0.012,0.0623,-0.0015,0.0011,0.0267,-0.0676,high quality,blurry,0.4092,0.4304,0.4314,0.4266,0.3946,0.4098,0.4442,0.3851,0.4424,0.3691,0.4281,0.3935,0.3831,0.5118,v0,bioclip_2_image
48123,/mnt/d/Photos/Z8/180-600mm/2026/2026-03-01/DSC_1559.NEF,23256,4,Blue,pick,picked,0.9247,0.2484,0.998,0.3957,0.4972,0.9459,0.001,0.0251,-0.0111,0.0621,-0.0042,-0.0001,0.0286,-0.0686,high quality,blurry,0.4062,0.4288,0.4284,0.4245,0.3931,0.4096,0.4443,0.3811,0.4399,0.3663,0.4287,0.3932,0.381,0.513,v0,bioclip_2_image
48124,/mnt/d/Photos/Z8/180-600mm/2026/2026-03-01/DSC_1560.NEF,23256,3,Blue,reject,neutral,0.9196,0.2949,0.9978,0.4022,0.479,0.9366,0.0011,0.0244,-0.0087,0.0611,-0.004,-0.0008,0.0269,-0.0685,high quality,blurry,0.4113,0.4326,0.4329,0.4275,0.3957,0.4128,0.445,0.387,0.4414,0.3718,0.4315,0.3965,0.3858,0.5136,v0,bioclip_2_image
48125,/mnt/d/Photos/Z8/180-600mm/2026/2026-03-01/DSC_1561.NEF,23256,3,Blue,reject,neutral,0.9233,0.2261,0.9983,0.4087,0.5152,0.9386,0.001,0.0249,-0.0123,0.0635,-0.0037,0.0006,0.0273,-0.0694,high quality,blurry,0.4142,0.4345,0.4371,0.4333,0.3989,0.4166,0.4468,0.3893,0.4468,0.3736,0.437,0.3983,0.3893,0.5162,v0,bioclip_2_image
48126,/mnt/d/Photos/Z8/180-600mm/2026/2026-03-01/DSC_1562.NEF,23256,3,Green,pick,neutral,0.9028,0.275,0.9969,0.5053,0.4647,0.9028,0.0008,0.0223,-0.0097,0.0576,0.0002,-0.0014,0.0223,-0.071,high quality,blurry,0.4134,0.4342,0.4341,0.4314,0.3999,0.4108,0.4418,0.3911,0.4439,0.3764,0.4312,0.4013,0.3885,0.5128,v0,bioclip_2_image
48127,/mnt/d/Photos/Z8/180-600mm/2026/2026-03-01/DSC_1563.NEF,23256,3,Green,reject,neutral,0.9035,0.1708,0.9965,0.4008,0.8357,0.9817,0.0021,0.0224,-0.0158,0.0565,-0.004,0.0163,0.0398,-0.0618,high quality,blurry,0.4401,0.4595,0.4614,0.4568,0.435,0.4414,0.4709,0.4177,0.4753,0.4049,0.4608,0.4187,0.4016,0.5328,v0,bioclip_2_image
48128,/mnt/d/Photos/Z8/180-600mm/2026/2026-03-01/DSC_1564.NEF,23256,3,Green,reject,neutral,0.9048,0.1948,0.9973,0.2244,0.7685,0.9798,0.0011,0.0225,-0.0142,0.059,-0.0124,0.012,0.0388,-0.0683,high quality,blurry,0.4307,0.455,0.4552,0.4462,0.4259,0.4338,0.4662,0.4082,0.4692,0.3961,0.4586,0.4139,0.395,0.5345,v0,bioclip_2_image
48129,/mnt/d/Photos/Z8/180-600mm/2026/2026-03-01/DSC_1565.NEF,23256,4,Green,reject,picked,0.8857,0.1767,0.9946,0.2181,0.6867,0.963,0.0007,0.0205,-0.0154,0.0521,-0.0128,0.0078,0.0326,-0.073,high quality,blurry,0.4358,0.4549,0.4568,0.4536,0.4291,0.4377,0.4744,0.4154,0.4703,0.4047,0.4664,0.4213,0.4051,0.5474,v0,bioclip_2_image
48130,/mnt/d/Photos/Z8/180-600mm/2026/2026-03-01/DSC_1566.NEF,23256,4,Green,reject,picked,0.8723,0.1494,0.9972,0.1873,0.6678,0.9556,0.0008,0.0192,-0.0174,0.0589,-0.0147,0.007,0.0307,-0.0717,high quality,blurry,0.4231,0.447,0.4497,0.4457,0.42,0.4253,0.4728,0.4039,0.4644,0.3909,0.4603,0.413,0.3946,0.5445,v0,bioclip_2_image
48131,/mnt/d/Photos/Z8/180-600mm/2026/2026-03-01/DSC_1567.NEF,23256,4,Green,reject,picked,0.9062,0.0853,0.9966,0.257,0.7828,0.9382,0.0009,0.0227,-0.0237,0.0567,-0.0106,0.0128,0.0272,-0.07,natural colors,blurry,0.4249,0.4416,0.4554,0.4475,0.428,0.4254,0.4646,0.4022,0.4653,0.3987,0.4581,0.4152,0.3982,0.5345,v0,bioclip_2_image
48132,/mnt/d/Photos/Z8/180-600mm/2026/2026-03-01/DSC_1568.NEF,23256,4,Green,neutral,picked,0.9467,0.1507,0.9984,0.1908,0.7973,0.9793,0.0019,0.0288,-0.0173,0.0641,-0.0145,0.0137,0.0386,-0.0625,a photo with strong subject separation,blurry,0.4299,0.4535,0.4507,0.447,0.4243,0.435,0.4798,0.4011,0.4708,0.3866,0.4614,0.4106,0.3965,0.5423,v0,bioclip_2_image
48133,/mnt/d/Photos/Z8/180-600mm/2026/2026-03-01/DSC_1569.NEF,23256,4,Blue,pick,picked,0.9198,0.1256,0.9975,0.1908,0.6775,0.9565,0.0009,0.0244,-0.0194,0.0599,-0.0144,0.0074,0.0309,-0.0698,high quality,blurry,0.4344,0.446,0.4586,0.4474,0.4237,0.4341,0.4735,0.41,0.4654,0.3987,0.4619,0.4163,0.4032,0.5433,v0,bioclip_2_image
48134,/mnt/d/Photos/Z8/180-600mm/2026/2026-03-01/DSC_1570.NEF,23256,4,Blue,reject,picked,0.9344,0.1563,0.9951,0.1788,0.7356,0.9544,0.0022,0.0266,-0.0169,0.053,-0.0152,0.0102,0.0304,-0.0613,high quality,blurry,0.4366,0.4518,0.4556,0.4467,0.4251,0.4325,0.4749,0.4101,0.4687,0.4025,0.462,0.4149,0.4021,0.5362,v0,bioclip_2_image
48135,/mnt/d/Photos/Z8/180-600mm/2026/2026-03-01/DSC_1571.NEF,23256,4,Green,reject,picked,0.9203,0.2071,0.9971,0.2082,0.828,0.9496,0.0016,0.0245,-0.0134,0.0583,-0.0134,0.0157,0.0294,-0.0641,a photo with strong subject separation,blurry,0.427,0.4472,0.4492,0.4395,0.4193,0.4262,0.4677,0.4025,0.4606,0.3909,0.4528,0.4036,0.3968,0.5317,v0,bioclip_2_image
48136,/mnt/d/Photos/Z8/180-600mm/2026/2026-03-01/DSC_1572.NEF,23256,4,Blue,pick,picked,0.9387,0.1408,0.9982,0.2491,0.7501,0.9692,0.0013,0.0273,-0.0181,0.0631,-0.011,0.011,0.0345,-0.0663,a photo with strong subject separation,blurry,0.4227,0.443,0.4483,0.4392,0.416,0.4268,0.4701,0.3954,0.4611,0.3851,0.4502,0.405,0.3923,0.5365,v0,bioclip_2_image
48137,/mnt/d/Photos/Z8/180-600mm/2026/2026-03-01/DSC_1573.NEF,23256,4,Blue,reject,picked,0.94,0.1151,0.9959,0.2385,0.807,0.9719,0.0019,0.0275,-0.0204,0.055,-0.0116,0.0143,0.0354,-0.0627,high quality,blurry,0.4336,0.4475,0.4528,0.4507,0.4277,0.4341,0.4739,0.406,0.4679,0.3978,0.4623,0.4134,0.3986,0.5366,v0,bioclip_2_image
48138,/mnt/d/Photos/Z8/180-600mm/2026/2026-03-01/DSC_1574.NEF,23256,4,Blue,reject,picked,0.93,0.1043,0.9958,0.2738,0.8003,0.972,0.0022,0.0259,-0.0215,0.0547,-0.0098,0.0139,0.0355,-0.0612,high quality,blurry,0.4385,0.4521,0.4577,0.4558,0.4317,0.4385,0.478,0.4126,0.4736,0.403,0.4655,0.4178,0.4031,0.5392,v0,bioclip_2_image
48139,/mnt/d/Photos/Z8/180-600mm/2026/2026-03-01/DSC_1575.NEF,23256,4,Blue,pick,picked,0.881,0.067,0.9984,0.2701,0.8406,0.9693,0.0003,0.02,-0.0263,0.0641,-0.0099,0.0166,0.0345,-0.0804,a photo with strong subject separation,blurry,0.4313,0.4446,0.4607,0.4506,0.4277,0.4336,0.4622,0.4113,0.4709,0.3967,0.4606,0.4111,0.399,0.5426,v0,bioclip_2_image
48140,/mnt/d/Photos/Z8/180-600mm/2026/2026-03-01/DSC_1576.NEF,23257,3,Yellow,reject,neutral,0.9095,0.1286,0.9947,0.5845,0.7034,0.9716,0.0011,0.0231,-0.0191,0.0523,0.0034,0.0086,0.0353,-0.0685,high quality,blurry,0.4372,0.4599,0.4562,0.468,0.4241,0.4306,0.4792,0.4142,0.4791,0.404,0.4646,0.4155,0.3953,0.5477,v0,bioclip_2_image
48141,/mnt/d/Photos/Z8/180-600mm/2026/2026-03-01/DSC_1577.NEF,23258,4,Blue,pick,picked,0.9522,0.4714,0.9962,0.4547,0.7381,0.9899,0.0044,0.0299,-0.0011,0.0558,-0.0018,0.0104,0.0458,-0.0543,a photo with strong subject separation,a photo with no clear subject,0.4202,0.4504,0.4343,0.4325,0.4134,0.4163,0.4745,0.3902,0.4515,0.3785,0.4344,0.403,0.3705,0.5287,v0,bioclip_2_image
48142,/mnt/d/Photos/Z8/180-600mm/2026/2026-03-01/DSC_1578.NEF,23258,3,Blue,pick,neutral,0.9652,0.5447,0.9958,0.3309,0.6566,0.9761,0.0038,0.0332,0.0018,0.0547,-0.007,0.0065,0.0371,-0.0557,a photo with strong subject separation,a photo with no clear subject,0.43,0.4584,0.4455,0.4429,0.4205,0.4236,0.4862,0.3968,0.4566,0.3908,0.45,0.414,0.3865,0.5419,v0,bioclip_2_image
48144,/mnt/d/Photos/Z8/180-600mm/2026/2026-03-01/DSC_1580.NEF,23259,3,Green,reject,neutral,0.8989,0.4579,0.9935,0.3035,0.6671,0.9779,0.0016,0.0219,-0.0017,0.0503,-0.0083,0.007,0.0379,-0.0643,a photo with strong subject separation,a photo with no clear subject,0.4051,0.438,0.4316,0.4254,0.3997,0.4041,0.4285,0.3833,0.4397,0.3813,0.4337,0.3928,0.3662,0.4928,v0,bioclip_2_image
48145,/mnt/d/Photos/Z8/180-600mm/2026/2026-03-01/DSC_1581.NEF,23259,3,Green,pick,neutral,0.8917,0.5037,0.991,0.2413,0.6373,0.9838,0.0016,0.0211,0.0001,0.047,-0.0115,0.0056,0.0411,-0.0643,a photo with strong subject separation,a photo with no clear subject,0.4107,0.4436,0.4348,0.4281,0.4055,0.4125,0.4329,0.3896,0.4434,0.3878,0.4396,0.3999,0.3714,0.4972,v0,bioclip_2_image
48146,/mnt/d/Photos/Z8/180-600mm/2026/2026-03-01/DSC_1582.NEF,23259,3,Blue,pick,neutral,0.9202,0.3905,0.9933,0.3257,0.6707,0.9835,0.0026,0.0245,-0.0045,0.05,-0.0073,0.0071,0.0409,-0.0597,a photo with strong subject separation,a photo with no clear subject,0.4158,0.4444,0.4354,0.4338,0.406,0.4163,0.4431,0.3913,0.4489,0.3854,0.4411,0.3989,0.3754,0.5027,v0,bioclip_2_image
48147,/mnt/d/Photos/Z8/180-600mm/2026/2026-03-01/DSC_1583.NEF,23259,3,Blue,pick,neutral,0.918,0.4672,0.9937,0.3362,0.6316,0.9694,0.0022,0.0242,-0.0013,0.0505,-0.0068,0.0054,0.0346,-0.0613,a photo with strong subject separation,blurry,0.4171,0.4465,0.4345,0.4409,0.4052,0.4164,0.4491,0.3929,0.4478,0.3839,0.4477,0.3999,0.3819,0.5104,v0,bioclip_2_image
48148,/mnt/d/Photos/Z8/180-600mm/2026/2026-03-01/DSC_1584.NEF,23259,3,Blue,pick,neutral,0.8972,0.5928,0.9913,0.3287,0.7629,0.9572,0.0029,0.0217,0.0038,0.0473,-0.0071,0.0117,0.0311,-0.0583,a photo with strong subject separation,noisy,0.4167,0.4523,0.4317,0.4382,0.41,0.4128,0.4583,0.395,0.4485,0.3844,0.4453,0.3983,0.3817,0.5167,v0,bioclip_2_image
48149,/mnt/d/Photos/Z8/180-600mm/2026/2026-03-01/DSC_1585.NEF,23259,3,Green,reject,neutral,0.9272,0.3032,0.9925,0.3718,0.7438,0.9883,0.0023,0.0254,-0.0083,0.0488,-0.0052,0.0107,0.0444,-0.0605,a photo with strong subject separation,a photo with no clear subject,0.4154,0.4444,0.4353,0.4337,0.4124,0.4212,0.4455,0.39,0.4527,0.3864,0.4389,0.4018,0.3768,0.506,v0,bioclip_2_image
48150,/mnt/d/Photos/Z8/180-600mm/2026/2026-03-01/DSC_1586.NEF,23259,3,Green,pick,neutral,0.9138,0.497,0.9943,0.2684,0.681,0.9776,0.0017,0.0236,-0.0001,0.0517,-0.01,0.0076,0.0378,-0.0638,a photo with strong subject separation,a photo with no clear subject,0.4117,0.4476,0.4318,0.43,0.4091,0.4125,0.4428,0.3881,0.4477,0.3801,0.44,0.4015,0.3747,0.5067,v0,bioclip_2_image
48151,/mnt/d/Photos/Z8/180-600mm/2026/2026-03-01/DSC_1587.NEF,,4,Blue,neutral,picked,0.8689,0.3526,0.9884,0.1278,0.6537,0.989,0.0012,0.0189,-0.0061,0.0444,-0.0192,0.0064,0.045,-0.0671,a photo with strong subject separation,blurry,0.4183,0.4482,0.443,0.4368,0.4065,0.4212,0.4484,0.3994,0.4543,0.3986,0.456,0.4002,0.3762,0.5154,v0,bioclip_2_image
48152,/mnt/d/Photos/Z8/180-600mm/2026/2026-03-01/DSC_1588.NEF,23257,3,Green,neutral,neutral,0.9244,0.3071,0.9948,0.4364,0.7881,0.981,0.003,0.025,-0.0081,0.0525,-0.0026,0.0131,0.0394,-0.0579,a photo with strong subject separation,blurry,0.4267,0.4532,0.4461,0.4457,0.4184,0.425,0.4609,0.4017,0.4613,0.3935,0.4483,0.4052,0.3856,0.5188,v0,bioclip_2_image
48153,/mnt/d/Photos/Z8/180-600mm/2026/2026-03-01/DSC_1589.NEF,23257,3,Green,neutral,neutral,0.9195,0.3352,0.9924,0.2305,0.7407,0.9612,0.0038,0.0244,-0.0068,0.0488,-0.0121,0.0105,0.0321,-0.0556,a photo with strong subject separation,noisy,0.4259,0.4542,0.4463,0.4406,0.4201,0.4219,0.4765,0.4015,0.4611,0.3975,0.4526,0.4096,0.3899,0.5321,v0,bioclip_2_image
48154,/mnt/d/Photos/Z8/180-600mm/2026/2026-03-01/DSC_1590.NEF,23260,3,Green,neutral,neutral,0.9375,0.5889,0.9933,0.241,0.604,0.9757,0.0027,0.0271,0.0036,0.05,-0.0115,0.0042,0.0369,-0.0592,a photo with strong subject separation,a photo with no clear subject,0.4145,0.4477,0.4348,0.4286,0.4047,0.4122,0.455,0.3874,0.4441,0.3847,0.4401,0.4005,0.3753,0.5142,v0,bioclip_2_image
48155,/mnt/d/Photos/Z8/180-600mm/2026/2026-03-01/DSC_1591.NEF,23260,3,Green,pick,neutral,0.9452,0.6593,0.993,0.2655,0.6629,0.9858,0.0022,0.0285,0.0066,0.0495,-0.0102,0.0068,0.0424,-0.061,a photo with strong subject separation,a photo with no clear subject,0.4109,0.4449,0.4311,0.4251,0.4038,0.4108,0.4448,0.3825,0.4383,0.3816,0.4353,0.3971,0.3684,0.5059,v0,bioclip_2_image
48156,/mnt/d/Photos/Z8/180-600mm/2026/2026-03-01/DSC_1592.NEF,23260,3,Green,pick,neutral,0.9371,0.7771,0.991,0.1835,0.657,0.9804,0.0025,0.027,0.0125,0.047,-0.0149,0.0065,0.0391,-0.0599,a photo with strong subject separation,a photo with no clear subject,0.4015,0.4393,0.4227,0.4142,0.3985,0.402,0.4364,0.3745,0.4268,0.3757,0.4292,0.392,0.3629,0.4964,v0,bioclip_2_image
48157,/mnt/d/Photos/Z8/180-600mm/2026/2026-03-01/DSC_1593.NEF,,2,Yellow,neutral,rejected,0.8849,0.1816,0.9746,0.1566,0.6334,0.9473,0.0031,0.0204,-0.0151,0.0365,-0.0168,0.0055,0.0289,-0.0577,a photo with strong subject separation,blurry,0.4403,0.4618,0.447,0.4556,0.429,0.4324,0.4843,0.4199,0.4768,0.4105,0.4725,0.4236,0.4035,0.542,v0,bioclip_2_image
48164,/mnt/d/Photos/Z8/180-600mm/2026/2026-03-01/DSC_1600.NEF,,2,Yellow,reject,rejected,0.9571,0.4384,0.9979,0.7616,0.2933,0.9783,0.0014,0.031,-0.0025,0.0617,0.0116,-0.0088,0.0381,-0.066,a photo with strong subject separation,a photo with no clear subject,0.4098,0.4345,0.428,0.4301,0.3824,0.406,0.4018,0.3788,0.437,0.3664,0.4185,0.3912,0.368,0.4678,v0,bioclip_2_image
48165,/mnt/d/Photos/Z8/180-600mm/2026/2026-03-01/DSC_1601.NEF,23261,4,Blue,reject,picked,0.8611,0.4456,0.9948,0.3833,0.5907,0.9554,0.0013,0.0182,-0.0022,0.0525,-0.0048,0.0037,0.0307,-0.0664,high quality,blurry,0.4202,0.4487,0.4498,0.4437,0.4125,0.4172,0.442,0.402,0.4508,0.3973,0.4485,0.4088,0.3865,0.5084,v0,bioclip_2_image
48166,/mnt/d/Photos/Z8/180-600mm/2026/2026-03-01/DSC_1602.NEF,23261,4,Blue,reject,picked,0.8545,0.4437,0.9969,0.4001,0.6223,0.9564,0.0012,0.0177,-0.0023,0.0577,-0.0041,0.005,0.0309,-0.0675,high quality,blurry,0.4136,0.4459,0.4468,0.4405,0.406,0.4095,0.4365,0.3958,0.4482,0.3891,0.4446,0.401,0.3787,0.504,v0,bioclip_2_image
48167,/mnt/d/Photos/Z8/180-600mm/2026/2026-03-01/DSC_1603.NEF,23261,4,Blue,pick,picked,0.8405,0.424,0.9969,0.378,0.5706,0.9393,0.0011,0.0166,-0.0031,0.0577,-0.005,0.0028,0.0274,-0.0678,high quality,blurry,0.416,0.448,0.4492,0.4443,0.4066,0.4105,0.4383,0.3994,0.4511,0.3915,0.4493,0.4037,0.3831,0.5061,v0,bioclip_2_image
48168,/mnt/d/Photos/Z8/180-600mm/2026/2026-03-01/DSC_1604.NEF,23261,4,Blue,reject,picked,0.8211,0.4636,0.9982,0.3574,0.5575,0.9377,0.0012,0.0152,-0.0015,0.0631,-0.0059,0.0023,0.0271,-0.0676,high quality,blurry,0.4112,0.4478,0.4468,0.4426,0.4002,0.4054,0.4415,0.3959,0.4493,0.3837,0.4485,0.3979,0.3783,0.5091,v0,bioclip_2_image
48169,/mnt/d/Photos/Z8/180-600mm/2026/2026-03-01/DSC_1605.NEF,23261,4,Blue,pick,picked,0.8585,0.502,0.9967,0.3422,0.5977,0.9448,0.0011,0.018,0.0001,0.0572,-0.0065,0.004,0.0284,-0.0685,high quality,blurry,0.4119,0.4454,0.444,0.4389,0.4009,0.4087,0.4379,0.3938,0.4453,0.3867,0.4454,0.397,0.3803,0.5064,v0,bioclip_2_image
48170,/mnt/d/Photos/Z8/180-600mm/2026/2026-03-01/DSC_1606.NEF,23261,4,Blue,pick,picked,0.8442,0.504,0.9964,0.343,0.5894,0.941,0.0009,0.0169,0.0002,0.0563,-0.0065,0.0036,0.0277,-0.0697,high quality,blurry,0.4108,0.4447,0.4436,0.4387,0.3998,0.4076,0.4347,0.3939,0.4446,0.3873,0.4452,0.3962,0.3799,0.5044,v0,bioclip_2_image
48171,/mnt/d/Photos/Z8/180-600mm/2026/2026-03-01/DSC_1607.NEF,23261,4,Blue,pick,picked,0.862,0.4297,0.9961,0.2642,0.6003,0.9499,0.001,0.0183,-0.0028,0.0555,-0.0102,0.0041,0.0294,-0.0691,high quality,blurry,0.4189,0.4496,0.4501,0.4395,0.411,0.4164,0.4366,0.4006,0.4524,0.3946,0.4498,0.4069,0.387,0.5057,v0,bioclip_2_image
48172,/mnt/d/Photos/Z8/180-600mm/2026/2026-03-01/DSC_1608.NEF,23261,4,Blue,pick,picked,0.8454,0.4183,0.9958,0.3325,0.5569,0.9489,0.0013,0.017,-0.0033,0.0548,-0.007,0.0023,0.0292,-0.0662,high quality,blurry,0.4199,0.4492,0.4516,0.4412,0.4124,0.4176,0.4365,0.4029,0.4525,0.3968,0.4482,0.4102,0.3884,0.5027,v0,bioclip_2_image
48173,/mnt/d/Photos/Z8/180-600mm/2026/2026-03-01/DSC_1609.NEF,23261,4,Blue,pick,picked,0.8418,0.4161,0.9951,0.4083,0.5498,0.9511,0.0015,0.0167,-0.0034,0.0531,-0.0037,0.002,0.0297,-0.0652,high quality,blurry,0.4197,0.4494,0.4495,0.4427,0.4136,0.4171,0.4416,0.403,0.4528,0.3965,0.4464,0.4116,0.3874,0.5068,v0,bioclip_2_image
48174,/mnt/d/Photos/Z8/180-600mm/2026/2026-03-01/DSC_1610.NEF,23261,4,Blue,reject,picked,0.8469,0.4228,0.9955,0.4175,0.5664,0.9417,0.0013,0.0171,-0.0031,0.0539,-0.0033,0.0027,0.0278,-0.0663,high quality,blurry,0.4213,0.4503,0.4515,0.4446,0.4142,0.418,0.4405,0.4042,0.4534,0.3976,0.4479,0.4115,0.3902,0.5068,v0,bioclip_2_image
48175,/mnt/d/Photos/Z8/180-600mm/2026/2026-03-01/DSC_1611.NEF,23261,4,Blue,reject,picked,0.852,0.4244,0.9957,0.3929,0.5778,0.9458,0.0014,0.0175,-0.003,0.0546,-0.0044,0.0031,0.0286,-0.066,high quality,blurry,0.4219,0.4505,0.452,0.4443,0.4145,0.4187,0.44,0.4043,0.4536,0.3974,0.4486,0.4113,0.3901,0.5061,v0,bioclip_2_image
48176,/mnt/d/Photos/Z8/180-600mm/2026/2026-03-01/DSC_1612.NEF,23261,4,Blue,reject,picked,0.8475,0.4253,0.9952,0.4109,0.5377,0.952,0.0013,0.0171,-0.003,0.0533,-0.0036,0.0015,0.0299,-0.0663,high quality,blurry,0.4183,0.4492,0.4484,0.4425,0.4105,0.4164,0.4397,0.4012,0.4522,0.395,0.4461,0.409,0.3865,0.506,v0,bioclip_2_image
48177,/mnt/d/Photos/Z8/180-600mm/2026/2026-03-01/DSC_1613.NEF,23261,4,Blue,neutral,picked,0.8666,0.4944,0.9952,0.3322,0.5945,0.9426,0.0014,0.0187,-0.0002,0.0533,-0.007,0.0038,0.028,-0.0654,high quality,blurry,0.4197,0.4529,0.4496,0.4429,0.4115,0.4155,0.4467,0.401,0.4531,0.3963,0.4498,0.4077,0.3875,0.5121,v0,bioclip_2_image
48178,/mnt/d/Photos/Z8/180-600mm/2026/2026-03-01/DSC_1614.NEF,23261,4,Blue,pick,picked,0.8614,0.4849,0.9964,0.2974,0.5774,0.9457,0.0013,0.0183,-0.0006,0.0563,-0.0086,0.0031,0.0286,-0.0664,high quality,blurry,0.4151,0.4511,0.4473,0.4386,0.4083,0.4125,0.4471,0.3969,0.4517,0.391,0.4472,0.4051,0.384,0.5136,v0,bioclip_2_image
48179,/mnt/d/Photos/Z8/180-600mm/2026/2026-03-01/DSC_1615.NEF,23261,4,Blue,pick,picked,0.846,0.3973,0.9957,0.3259,0.5739,0.9436,0.0013,0.017,-0.0042,0.0544,-0.0073,0.003,0.0282,-0.0667,high quality,blurry,0.4186,0.4515,0.4506,0.4438,0.4103,0.416,0.4425,0.4016,0.4557,0.3962,0.4511,0.4074,0.3879,0.5092,v0,bioclip_2_image
48180,/mnt/d/Photos/Z8/180-600mm/2026/2026-03-01/DSC_1616.NEF,23262,4,Blue,pick,picked,0.8419,0.4254,0.9943,0.3414,0.6005,0.9587,0.0014,0.0167,-0.003,0.0516,-0.0066,0.0041,0.0315,-0.0659,high quality,blurry,0.418,0.4476,0.449,0.4414,0.4143,0.4159,0.4402,0.4013,0.4506,0.3974,0.448,0.4102,0.3844,0.5061,v0,bioclip_2_image
48181,/mnt/d/Photos/Z8/180-600mm/2026/2026-03-01/DSC_1617.NEF,23262,4,Blue,reject,picked,0.811,0.3774,0.9948,0.3851,0.555,0.9348,0.0012,0.0146,-0.005,0.0526,-0.0047,0.0022,0.0266,-0.0673,high quality,blurry,0.4156,0.446,0.4476,0.4412,0.4119,0.4113,0.4419,0.4011,0.451,0.3951,0.4459,0.4097,0.3846,0.5093,v0,bioclip_2_image
48182,/mnt/d/Photos/Z8/180-600mm/2026/2026-03-01/DSC_1618.NEF,23262,4,Blue,pick,picked,0.8266,0.3521,0.9957,0.3243,0.5839,0.9355,0.0009,0.0156,-0.0061,0.0544,-0.0073,0.0034,0.0267,-0.0699,high quality,blurry,0.4172,0.4479,0.4499,0.4415,0.4121,0.4125,0.4407,0.4015,0.454,0.3956,0.4489,0.4087,0.3857,0.5106,v0,bioclip_2_image
48183,/mnt/d/Photos/Z8/180-600mm/2026/2026-03-01/DSC_1619.NEF,23262,4,Blue,reject,picked,0.8163,0.4039,0.9947,0.2839,0.5661,0.9458,0.0009,0.0149,-0.0039,0.0523,-0.0093,0.0027,0.0286,-0.0703,high quality,blurry,0.4148,0.4441,0.4471,0.4378,0.4104,0.4124,0.4355,0.3999,0.448,0.3948,0.447,0.4077,0.3839,0.5058,v0,bioclip_2_image
48184,/mnt/d/Photos/Z8/180-600mm/2026/2026-03-01/DSC_1620.NEF,23262,4,Blue,pick,picked,0.8329,0.391,0.9965,0.3618,0.603,0.9352,0.0011,0.0161,-0.0044,0.0566,-0.0057,0.0042,0.0267,-0.0683,high quality,blurry,0.4149,0.4449,0.4475,0.4394,0.409,0.4096,0.445,0.3989,0.4493,0.3909,0.4451,0.4049,0.3829,0.5133,v0,bioclip_2_image
48185,/mnt/d/Photos/Z8/180-600mm/2026/2026-03-01/DSC_1621.NEF,23262,4,Blue,reject,picked,0.8108,0.3834,0.9956,0.3605,0.5818,0.9222,0.001,0.0146,-0.0048,0.0542,-0.0057,0.0033,0.0247,-0.0694,high quality,blurry,0.416,0.4466,0.4487,0.4418,0.4099,0.4109,0.4439,0.4015,0.4514,0.3945,0.4475,0.4066,0.3862,0.5132,v0,bioclip_2_image
48186,/mnt/d/Photos/Z8/180-600mm/2026/2026-03-01/DSC_1622.NEF,23262,4,Blue,reject,picked,0.8323,0.4503,0.9944,0.2778,0.6018,0.9472,0.0009,0.016,-0.002,0.0517,-0.0096,0.0041,0.0289,-0.0697,high quality,blurry,0.4156,0.4454,0.4466,0.4385,0.4107,0.4129,0.4357,0.3995,0.4474,0.3948,0.4481,0.4066,0.384,0.5054,v0,bioclip_2_image
48187,/mnt/d/Photos/Z8/180-600mm/2026/2026-03-01/DSC_1623.NEF,23262,4,Blue,pick,picked,0.8446,0.4127,0.9947,0.3684,0.5842,0.9496,0.0012,0.0169,-0.0035,0.0523,-0.0054,0.0034,0.0294,-0.0673,high quality,blurry,0.4199,0.4466,0.45,0.4427,0.4154,0.4172,0.4439,0.403,0.4501,0.3978,0.4481,0.412,0.3879,0.5112,v0,bioclip_2_image
48188,/mnt/d/Photos/Z8/180-600mm/2026/2026-03-01/DSC_1624.NEF,23262,4,Blue,reject,picked,0.853,0.4625,0.9935,0.3661,0.6075,0.9511,0.0017,0.0176,-0.0015,0.0504,-0.0055,0.0044,0.0297,-0.0639,high quality,blurry,0.4188,0.4507,0.4481,0.4434,0.4126,0.4152,0.4415,0.4012,0.4522,0.3978,0.4488,0.4082,0.3855,0.5054,v0,bioclip_2_image
48189,/mnt/d/Photos/Z8/180-600mm/2026/2026-03-01/DSC_1625.NEF,23262,4,Blue,pick,picked,0.8542,0.4303,0.9953,0.3899,0.5971,0.9565,0.0015,0.0177,-0.0028,0.0536,-0.0045,0.0039,0.0309,-0.0653,high quality,blurry,0.42,0.4502,0.4509,0.4434,0.4137,0.4161,0.4407,0.4023,0.453,0.3972,0.4479,0.4098,0.3852,0.5061,v0,bioclip_2_image
48190,/mnt/d/Photos/Z8/180-600mm/2026/2026-03-01/DSC_1626.NEF,23262,4,Blue,reject,picked,0.8414,0.5038,0.9932,0.3386,0.5877,0.9565,0.0013,0.0167,0.0002,0.0498,-0.0067,0.0035,0.0309,-0.0667,high quality,blurry,0.4164,0.4476,0.4463,0.4395,0.4111,0.4147,0.4395,0.3997,0.4474,0.3965,0.4462,0.4076,0.3838,0.5063,v0,bioclip_2_image
48191,/mnt/d/Photos/Z8/180-600mm/2026/2026-03-01/DSC_1627.NEF,23262,4,Blue,reject,picked,0.8456,0.4464,0.9948,0.3795,0.579,0.9413,0.0013,0.017,-0.0022,0.0525,-0.0049,0.0032,0.0277,-0.0667,high quality,blurry,0.4205,0.4506,0.4499,0.444,0.4148,0.4157,0.4425,0.4035,0.4528,0.3974,0.4489,0.4116,0.3879,0.5092,v0,bioclip_2_image
48192,/mnt/d/Photos/Z8/180-600mm/2026/2026-03-01/DSC_1628.NEF,23262,4,Blue,reject,picked,0.8495,0.4451,0.9939,0.3959,0.5986,0.9399,0.0013,0.0173,-0.0022,0.0509,-0.0042,0.004,0.0275,-0.0663,high quality,blurry,0.4212,0.451,0.45,0.4452,0.4158,0.4162,0.4421,0.4039,0.4532,0.3991,0.4495,0.4118,0.3887,0.5084,v0,bioclip_2_image
48193,/mnt/d/Photos/Z8/180-600mm/2026/2026-03-01/DSC_1629.NEF,23262,4,Blue,reject,picked,0.8486,0.418,0.9946,0.4022,0.5974,0.9458,0.0013,0.0172,-0.0033,0.0521,-0.004,0.0039,0.0286,-0.0663,high quality,blurry,0.4189,0.4484,0.4484,0.4431,0.4133,0.4146,0.4401,0.4016,0.4517,0.3963,0.4471,0.4094,0.3861,0.5064,v0,bioclip_2_image
48194,/mnt/d/Photos/Z8/180-600mm/2026/2026-03-01/DSC_1630.NEF,23262,4,Blue,reject,picked,0.8336,0.3898,0.9936,0.3706,0.5991,0.9438,0.0008,0.0161,-0.0045,0.0505,-0.0053,0.004,0.0282,-0.0713,high quality,blurry,0.4215,0.4482,0.4492,0.4451,0.4157,0.4174,0.4366,0.4054,0.4526,0.3988,0.4504,0.4116,0.3892,0.5079,v0,bioclip_2_image
48195,/mnt/d/Photos/Z8/180-600mm/2026/2026-03-01/DSC_1631.NEF,23262,4,Blue,reject,picked,0.8236,0.4041,0.9959,0.3276,0.5404,0.9344,0.001,0.0154,-0.0039,0.0548,-0.0072,0.0016,0.0266,-0.0694,high quality,blurry,0.4166,0.447,0.4489,0.4413,0.4102,0.4122,0.443,0.4012,0.4508,0.3941,0.4484,0.4086,0.3857,0.5124,v0,bioclip_2_image
48196,/mnt/d/Photos/Z8/180-600mm/2026/2026-03-01/DSC_1632.NEF,23262,4,Blue,reject,picked,0.8362,0.4155,0.9947,0.3923,0.6102,0.9456,0.001,0.0163,-0.0034,0.0524,-0.0044,0.0045,0.0286,-0.0687,high quality,blurry,0.4213,0.4498,0.4505,0.4455,0.4168,0.4175,0.4384,0.405,0.4532,0.3982,0.4498,0.4123,0.3889,0.5071,v0,bioclip_2_image
48197,/mnt/d/Photos/Z8/180-600mm/2026/2026-03-01/DSC_1633.NEF,23262,4,Blue,reject,picked,0.8448,0.4238,0.9946,0.3634,0.6068,0.948,0.0009,0.0169,-0.0031,0.0522,-0.0056,0.0043,0.029,-0.0698,high quality,blurry,0.4205,0.4482,0.4497,0.443,0.4161,0.4164,0.4353,0.4036,0.4513,0.3975,0.4486,0.4118,0.3873,0.5051,v0,bioclip_2_image
48198,/mnt/d/Photos/Z8/180-600mm/2026/2026-03-01/DSC_1634.NEF,23262,4,Blue,reject,picked,0.8359,0.4131,0.9944,0.3411,0.5828,0.9487,0.0009,0.0163,-0.0035,0.0518,-0.0066,0.0033,0.0292,-0.0702,high quality,blurry,0.4204,0.4476,0.4497,0.4424,0.4163,0.4164,0.4353,0.4041,0.4511,0.3979,0.4489,0.4129,0.3872,0.5055,v0,bioclip_2_image
48199,/mnt/d/Photos/Z8/180-600mm/2026/2026-03-01/DSC_1635.NEF,23262,4,Blue,reject,picked,0.8458,0.4584,0.9944,0.3435,0.6116,0.9451,0.0009,0.017,-0.0017,0.0518,-0.0065,0.0045,0.0285,-0.0698,high quality,blurry,0.4208,0.4487,0.4497,0.4424,0.4166,0.4158,0.4336,0.4038,0.4503,0.3979,0.4489,0.412,0.3874,0.5034,v0,bioclip_2_image
48200,/mnt/d/Photos/Z8/180-600mm/2026/2026-03-01/DSC_1636.NEF,23262,4,Blue,reject,picked,0.8263,0.4416,0.9941,0.3592,0.5339,0.9453,0.0011,0.0156,-0.0023,0.0513,-0.0058,0.0014,0.0285,-0.0683,high quality,blurry,0.4185,0.4477,0.4485,0.4409,0.4147,0.4157,0.4353,0.4029,0.4501,0.3972,0.4467,0.4134,0.3872,0.5035,v0,bioclip_2_image
48201,/mnt/d/Photos/Z8/180-600mm/2026/2026-03-01/DSC_1637.NEF,23262,4,Blue,reject,picked,0.8238,0.4212,0.9958,0.3462,0.5591,0.9327,0.0009,0.0154,-0.0032,0.0546,-0.0064,0.0024,0.0263,-0.0703,high quality,blurry,0.4188,0.4485,0.4502,0.4437,0.4116,0.4137,0.4419,0.4034,0.4516,0.3956,0.4501,0.4093,0.3875,0.5122,v0,bioclip_2_image
48202,/mnt/d/Photos/Z8/180-600mm/2026/2026-03-01/DSC_1638.NEF,23262,4,Blue,reject,picked,0.84,0.417,0.9965,0.3484,0.5964,0.9487,0.0011,0.0166,-0.0034,0.0564,-0.0063,0.0039,0.0292,-0.0685,high quality,blurry,0.4198,0.4509,0.4515,0.4438,0.4131,0.4159,0.4445,0.4032,0.4543,0.3951,0.45,0.4092,0.3867,0.5131,v0,bioclip_2_image
48203,/mnt/d/Photos/Z8/180-600mm/2026/2026-03-01/DSC_1639.NEF,23262,4,Blue,pick,picked,0.865,0.4868,0.9948,0.3377,0.6011,0.953,0.0012,0.0186,-0.0005,0.0525,-0.0067,0.0041,0.0301,-0.0674,high quality,blurry,0.4234,0.4528,0.4519,0.4458,0.4158,0.4198,0.4406,0.4048,0.4533,0.3994,0.4526,0.4117,0.3897,0.508,v0,bioclip_2_image
48204,/mnt/d/Photos/Z8/180-600mm/2026/2026-03-01/DSC_1640.NEF,23262,4,Blue,reject,picked,0.8427,0.4329,0.9944,0.3345,0.5545,0.9412,0.0011,0.0168,-0.0027,0.0517,-0.0069,0.0022,0.0277,-0.0681,high quality,blurry,0.4256,0.4541,0.4547,0.4466,0.4197,0.4211,0.438,0.4088,0.4568,0.403,0.4534,0.4175,0.3934,0.506,v0,bioclip_2_image
48205,/mnt/d/Photos/Z8/180-600mm/2026/2026-03-01/DSC_1641.NEF,23262,4,Blue,pick,picked,0.8501,0.4211,0.9943,0.3324,0.5723,0.942,0.0011,0.0174,-0.0032,0.0515,-0.007,0.0029,0.0279,-0.0682,high quality,blurry,0.4263,0.4544,0.4552,0.4472,0.4196,0.4216,0.4375,0.4089,0.4576,0.4036,0.4542,0.4166,0.3937,0.5056,v0,bioclip_2_image
48206,/mnt/d/Photos/Z8/180-600mm/2026/2026-03-01/DSC_1642.NEF,23262,4,Blue,pick,picked,0.847,0.4231,0.9945,0.3374,0.5677,0.943,0.0011,0.0171,-0.0031,0.0519,-0.0067,0.0027,0.0281,-0.0677,high quality,blurry,0.4255,0.4536,0.4543,0.4464,0.4187,0.4209,0.4371,0.4084,0.4567,0.4024,0.4531,0.416,0.3928,0.5048,v0,bioclip_2_image
48207,/mnt/d/Photos/Z8/180-600mm/2026/2026-03-01/DSC_1643.NEF,23262,4,Blue,pick,picked,0.8448,0.3735,0.9936,0.2722,0.5834,0.9395,0.0008,0.0169,-0.0052,0.0505,-0.0098,0.0034,0.0274,-0.0711,high quality,blurry,0.4268,0.4522,0.4556,0.4449,0.4196,0.4216,0.4378,0.4098,0.4574,0.4051,0.4547,0.4162,0.3942,0.5088,v0,bioclip_2_image
48208,/mnt/d/Photos/Z8/180-600mm/2026/2026-03-01/DSC_1644.NEF,23262,4,Blue,pick,picked,0.8546,0.4108,0.9937,0.2688,0.6192,0.9383,0.0008,0.0177,-0.0036,0.0506,-0.01,0.0049,0.0272,-0.0717,high quality,blurry,0.4261,0.4518,0.4551,0.4448,0.4185,0.4208,0.4372,0.4084,0.4554,0.4044,0.4548,0.4136,0.3936,0.5089,v0,bioclip_2_image
48209,/mnt/d/Photos/Z8/180-600mm/2026/2026-03-01/DSC_1645.NEF,23262,4,Blue,reject,picked,0.8416,0.4925,0.9939,0.2512,0.5815,0.9274,0.001,0.0167,-0.0003,0.051,-0.0109,0.0033,0.0255,-0.0696,high quality,blurry,0.4174,0.4492,0.4494,0.438,0.4112,0.4126,0.4358,0.4007,0.4495,0.3984,0.4489,0.4079,0.3871,0.5054,v0,bioclip_2_image
48210,/mnt/d/Photos/Z8/180-600mm/2026/2026-03-01/DSC_1646.NEF,23262,4,Blue,reject,picked,0.8332,0.3942,0.9945,0.3542,0.5554,0.9394,0.0012,0.0161,-0.0043,0.052,-0.006,0.0022,0.0274,-0.0676,high quality,blurry,0.4212,0.449,0.4509,0.4428,0.4145,0.4167,0.4403,0.4051,0.4533,0.3989,0.4488,0.4123,0.3893,0.5079,v0,bioclip_2_image
48211,/mnt/d/Photos/Z8/180-600mm/2026/2026-03-01/DSC_1647.NEF,23262,4,Blue,reject,picked,0.8366,0.3699,0.9949,0.3418,0.5498,0.9456,0.0012,0.0163,-0.0053,0.0528,-0.0066,0.002,0.0286,-0.0672,high quality,blurry,0.422,0.4502,0.4523,0.4432,0.4154,0.4182,0.4412,0.4057,0.4556,0.3995,0.4497,0.4134,0.3897,0.5084,v0,bioclip_2_image
48212,/mnt/d/Photos/Z8/180-600mm/2026/2026-03-01/DSC_1648.NEF,23262,4,Blue,pick,picked,0.8361,0.4067,0.9947,0.2854,0.5545,0.9413,0.0009,0.0163,-0.0038,0.0523,-0.0092,0.0022,0.0277,-0.0698,high quality,blurry,0.4182,0.4491,0.4495,0.439,0.4122,0.4149,0.439,0.4019,0.4529,0.3972,0.4482,0.41,0.3871,0.5088,v0,bioclip_2_image
48213,/mnt/d/Photos/Z8/180-600mm/2026/2026-03-01/DSC_1649.NEF,23262,4,Blue,pick,picked,0.8328,0.4155,0.9949,0.2806,0.5338,0.9437,0.0011,0.0161,-0.0034,0.0527,-0.0094,0.0014,0.0282,-0.068,high quality,blurry,0.4189,0.4506,0.4506,0.4402,0.413,0.4163,0.4416,0.4028,0.454,0.3979,0.4496,0.4117,0.3881,0.5096,v0,bioclip_2_image
48214,/mnt/d/Photos/Z8/180-600mm/2026/2026-03-01/DSC_1650.NEF,23262,4,Blue,reject,picked,0.8211,0.4182,0.9945,0.2747,0.5406,0.9254,0.0008,0.0152,-0.0033,0.052,-0.0097,0.0016,0.0252,-0.0713,high quality,blurry,0.4191,0.4492,0.4505,0.44,0.4141,0.4144,0.4362,0.4039,0.4525,0.3986,0.4497,0.4125,0.3893,0.5075,v0,bioclip_2_image
48215,/mnt/d/Photos/Z8/180-600mm/2026/2026-03-01/DSC_1651.NEF,23262,4,Blue,pick,picked,0.853,0.484,0.9936,0.3387,0.591,0.9567,0.0014,0.0176,-0.0006,0.0505,-0.0067,0.0037,0.031,-0.0659,high quality,blurry,0.4186,0.4474,0.4478,0.4397,0.4127,0.4159,0.437,0.401,0.4481,0.3973,0.4464,0.409,0.385,0.503,v0,bioclip_2_image
48216,/mnt/d/Photos/Z8/180-600mm/2026/2026-03-01/DSC_1652.NEF,23262,4,Blue,reject,picked,0.8511,0.5144,0.9936,0.3397,0.6148,0.9506,0.0013,0.0174,0.0006,0.0505,-0.0066,0.0047,0.0296,-0.0664,high quality,blurry,0.4185,0.4479,0.4477,0.4406,0.4122,0.415,0.4378,0.4011,0.4473,0.3972,0.4472,0.4075,0.3854,0.5043,v0,bioclip_2_image
48217,/mnt/d/Photos/Z8/180-600mm/2026/2026-03-01/DSC_1653.NEF,23262,4,Blue,reject,picked,0.8418,0.4005,0.9948,0.3267,0.5493,0.9536,0.0012,0.0167,-0.004,0.0526,-0.0072,0.002,0.0302,-0.0671,high quality,blurry,0.4223,0.45,0.4524,0.4432,0.4169,0.4202,0.4372,0.4056,0.4541,0.3998,0.4505,0.415,0.39,0.5043,v0,bioclip_2_image
48218,/mnt/d/Photos/Z8/180-600mm/2026/2026-03-01/DSC_1654.NEF,23262,4,Blue,reject,picked,0.8663,0.491,0.9954,0.3499,0.6606,0.9475,0.0013,0.0187,-0.0004,0.0537,-0.0062,0.0067,0.0289,-0.0663,high quality,blurry,0.4215,0.4513,0.4511,0.4448,0.416,0.4177,0.4433,0.4028,0.4517,0.3973,0.451,0.4093,0.3888,0.5096,v0,bioclip_2_image
48219,/mnt/d/Photos/Z8/180-600mm/2026/2026-03-01/DSC_1655.NEF,23262,4,Blue,reject,picked,0.8174,0.4466,0.9956,0.2928,0.6156,0.9242,0.0009,0.015,-0.0021,0.0542,-0.0088,0.0047,0.025,-0.0702,high quality,blurry,0.4146,0.4449,0.449,0.4379,0.4113,0.411,0.4368,0.3996,0.447,0.3948,0.4467,0.4066,0.386,0.507,v0,bioclip_2_image
48220,/mnt/d/Photos/Z8/180-600mm/2026/2026-03-01/DSC_1656.NEF,23262,4,Blue,reject,picked,0.8388,0.3962,0.9954,0.393,0.5966,0.9327,0.0012,0.0165,-0.0042,0.0538,-0.0043,0.0039,0.0263,-0.0677,high quality,blurry,0.4188,0.4478,0.4504,0.443,0.4132,0.4148,0.4399,0.4023,0.452,0.3966,0.4474,0.4092,0.3885,0.5075,v0,bioclip_2_image
48221,/mnt/d/Photos/Z8/180-600mm/2026/2026-03-01/DSC_1657.NEF,23262,4,Blue,reject,picked,0.8321,0.4123,0.9953,0.3484,0.6175,0.9306,0.0011,0.016,-0.0035,0.0535,-0.0063,0.0048,0.026,-0.0685,high quality,blurry,0.419,0.4484,0.451,0.4428,0.4133,0.414,0.4417,0.403,0.4519,0.3975,0.449,0.4085,0.388,0.5101,v0,bioclip_2_image
48222,/mnt/d/Photos/Z8/180-600mm/2026/2026-03-01/DSC_1658.NEF,23262,4,Blue,reject,picked,0.8508,0.4273,0.995,0.3631,0.617,0.9491,0.0009,0.0174,-0.0029,0.0529,-0.0056,0.0048,0.0293,-0.0702,high quality,blurry,0.4209,0.4498,0.4514,0.444,0.4152,0.4185,0.4373,0.4035,0.4527,0.3985,0.4496,0.4104,0.3893,0.5074,v0,bioclip_2_image
48223,/mnt/d/Photos/Z8/180-600mm/2026/2026-03-01/DSC_1659.NEF,23262,4,Blue,reject,picked,0.8668,0.3787,0.9955,0.3168,0.6267,0.9598,0.001,0.0187,-0.0049,0.0539,-0.0077,0.0052,0.0317,-0.0695,high quality,blurry,0.4247,0.45,0.4543,0.4446,0.4167,0.4225,0.4367,0.406,0.455,0.4003,0.4523,0.4115,0.3908,0.5062,v0,bioclip_2_image
48224,/mnt/d/Photos/Z8/180-600mm/2026/2026-03-01/DSC_1660.NEF,23262,4,Blue,pick,picked,0.8561,0.3485,0.9954,0.3251,0.6188,0.9588,0.001,0.0178,-0.0063,0.0537,-0.0073,0.0048,0.0315,-0.069,high quality,blurry,0.422,0.449,0.4529,0.4423,0.4169,0.4211,0.4379,0.4042,0.4553,0.3992,0.4496,0.4121,0.3897,0.5069,v0,bioclip_2_image
48225,/mnt/d/Photos/Z8/180-600mm/2026/2026-03-01/DSC_1661.NEF,23262,4,Blue,pick,picked,0.8519,0.3311,0.996,0.3862,0.5985,0.9536,0.001,0.0175,-0.007,0.0551,-0.0046,0.004,0.0302,-0.0691,high quality,blurry,0.4224,0.448,0.4533,0.4429,0.4173,0.4206,0.4378,0.4049,0.455,0.3982,0.4476,0.4133,0.3904,0.5069,v0,bioclip_2_image
48226,/mnt/d/Photos/Z8/180-600mm/2026/2026-03-01/DSC_1662.NEF,23262,4,Blue,reject,picked,0.835,0.3753,0.9939,0.3581,0.5715,0.948,0.0012,0.0162,-0.0051,0.051,-0.0058,0.0029,0.029,-0.067,high quality,blurry,0.422,0.4489,0.4519,0.4427,0.4158,0.4196,0.438,0.4058,0.454,0.4009,0.4485,0.4129,0.3905,0.505,v0,bioclip_2_image
48227,/mnt/d/Photos/Z8/180-600mm/2026/2026-03-01/DSC_1663.NEF,23262,4,Blue,reject,picked,0.8303,0.342,0.9942,0.3666,0.5656,0.9477,0.001,0.0159,-0.0065,0.0515,-0.0055,0.0026,0.029,-0.0688,high quality,blurry,0.4221,0.4481,0.4523,0.4432,0.4171,0.4201,0.4375,0.4063,0.4547,0.4009,0.4486,0.4144,0.3912,0.5063,v0,bioclip_2_image
48228,/mnt/d/Photos/Z8/180-600mm/2026/2026-03-01/DSC_1664.NEF,23262,4,Blue,reject,picked,0.8189,0.3385,0.9949,0.3466,0.5708,0.9456,0.0011,0.0151,-0.0067,0.0527,-0.0063,0.0029,0.0285,-0.0682,high quality,blurry,0.4174,0.4449,0.449,0.4406,0.414,0.4151,0.4385,0.4023,0.4516,0.3963,0.4469,0.4112,0.3865,0.5067,v0,bioclip_2_image
48229,/mnt/d/Photos/Z8/180-600mm/2026/2026-03-01/DSC_1665.NEF,23262,4,Blue,reject,picked,0.8233,0.359,0.9951,0.3735,0.6157,0.9427,0.0013,0.0154,-0.0058,0.0531,-0.0052,0.0047,0.028,-0.0668,high quality,blurry,0.4167,0.4448,0.4483,0.4404,0.4151,0.4133,0.4414,0.4013,0.4506,0.3952,0.4456,0.4104,0.3853,0.5083,v0,bioclip_2_image
48230,/mnt/d/Photos/Z8/180-600mm/2026/2026-03-01/DSC_1666.NEF,23262,4,Blue,reject,picked,0.8224,0.3621,0.9953,0.3509,0.608,0.9461,0.0012,0.0153,-0.0057,0.0535,-0.0062,0.0044,0.0286,-0.0671,high quality,blurry,0.4161,0.4447,0.448,0.4397,0.4145,0.4133,0.4414,0.4008,0.4503,0.3945,0.4458,0.4101,0.3847,0.5085,v0,bioclip_2_image
48231,/mnt/d/Photos/Z8/180-600mm/2026/2026-03-01/DSC_1667.NEF,23262,4,Blue,reject,picked,0.8242,0.3547,0.9953,0.34,0.5831,0.9492,0.0012,0.0155,-0.006,0.0535,-0.0066,0.0034,0.0293,-0.0676,high quality,blurry,0.4173,0.4452,0.4497,0.4399,0.4146,0.4156,0.44,0.4018,0.4511,0.3962,0.4465,0.4113,0.3864,0.5076,v0,bioclip_2_image
48232,/mnt/d/Photos/Z8/180-600mm/2026/2026-03-01/DSC_1668.NEF,23262,4,Blue,reject,picked,0.8212,0.3559,0.9953,0.3533,0.591,0.947,0.0012,0.0152,-0.0059,0.0535,-0.006,0.0037,0.0288,-0.0672,high quality,blurry,0.4172,0.4463,0.4499,0.4407,0.4147,0.4153,0.4412,0.402,0.4522,0.3965,0.4467,0.411,0.3865,0.5084,v0,bioclip_2_image
48233,/mnt/d/Photos/Z8/180-600mm/2026/2026-03-01/DSC_1669.NEF,23263,4,Blue,pick,picked,0.8409,0.2219,0.9932,0.2852,0.6615,0.8059,0.0007,0.0166,-0.0125,0.0499,-0.0092,0.0067,0.0142,-0.0722,high quality,blurry,0.4295,0.4534,0.4546,0.4487,0.4223,0.4109,0.4513,0.4129,0.4659,0.4047,0.4579,0.4156,0.3966,0.5236,v0,bioclip_2_image
48234,/mnt/d/Photos/Z8/180-600mm/2026/2026-03-01/DSC_1670.NEF,23263,3,Blue,pick,neutral,0.8796,0.1639,0.9872,0.1289,0.698,0.9247,0.0042,0.0199,-0.0163,0.0435,-0.0191,0.0084,0.0251,-0.0548,a photo with strong subject separation,blurry,0.4304,0.4474,0.4502,0.4432,0.4242,0.4228,0.4611,0.4105,0.4636,0.4067,0.4623,0.4159,0.3977,0.5159,v0,bioclip_2_image
48235,/mnt/d/Photos/Z8/180-600mm/2026/2026-03-01/DSC_1671.NEF,23264,3,Green,pick,neutral,0.8859,0.5389,0.9923,0.4001,0.5326,0.9275,0.0013,0.0205,0.0016,0.0486,-0.0041,0.0013,0.0255,-0.0667,high quality,blurry,0.4153,0.443,0.4414,0.4326,0.4055,0.41,0.4355,0.3949,0.4415,0.3928,0.4367,0.4042,0.3845,0.5023,v0,bioclip_2_image
48236,/mnt/d/Photos/Z8/180-600mm/2026/2026-03-01/DSC_1672.NEF,23264,3,Green,pick,neutral,0.8881,0.5442,0.9933,0.3688,0.5465,0.9194,0.0012,0.0207,0.0018,0.0499,-0.0054,0.0019,0.0243,-0.067,high quality,blurry,0.4197,0.4448,0.4458,0.4361,0.4086,0.4129,0.4371,0.3989,0.443,0.3959,0.4415,0.4068,0.3885,0.5042,v0,bioclip_2_image
48237,/mnt/d/Photos/Z8/180-600mm/2026/2026-03-01/DSC_1673.NEF,23264,3,Green,pick,neutral,0.9106,0.5862,0.9933,0.5116,0.5825,0.935,0.0016,0.0232,0.0035,0.0499,0.0005,0.0033,0.0267,-0.0643,high quality,blurry,0.4132,0.441,0.4402,0.433,0.404,0.4067,0.4411,0.3899,0.4375,0.3903,0.4325,0.4007,0.38,0.5054,v0,bioclip_2_image
48238,/mnt/d/Photos/Z8/180-600mm/2026/2026-03-01/DSC_1674.NEF,23264,3,Green,neutral,neutral,0.9055,0.4913,0.9947,0.5139,0.6667,0.9401,0.0018,0.0226,-0.0003,0.0523,0.0006,0.0069,0.0275,-0.0634,high quality,blurry,0.4211,0.4452,0.4461,0.4383,0.4121,0.4129,0.4416,0.3985,0.4456,0.3939,0.4377,0.4052,0.3853,0.5051,v0,bioclip_2_image
48239,/mnt/d/Photos/Z8/180-600mm/2026/2026-03-01/DSC_1675.NEF,23263,3,Green,reject,neutral,0.8884,0.4401,0.9943,0.443,0.6072,0.9509,0.0015,0.0207,-0.0024,0.0516,-0.0023,0.0044,0.0296,-0.0647,high quality,blurry,0.4212,0.4446,0.4481,0.4387,0.4135,0.4169,0.4381,0.4004,0.447,0.3965,0.441,0.4091,0.3873,0.5029,v0,bioclip_2_image
48240,/mnt/d/Photos/Z8/180-600mm/2026/2026-03-01/DSC_1676.NEF,23263,4,Blue,pick,picked,0.8806,0.4763,0.994,0.4302,0.5507,0.9466,0.0017,0.02,-0.0009,0.0512,-0.0028,0.002,0.0288,-0.0637,high quality,blurry,0.4206,0.4452,0.4467,0.4376,0.4115,0.4157,0.4389,0.4006,0.4461,0.3955,0.4404,0.4095,0.387,0.5026,v0,bioclip_2_image
48241,/mnt/d/Photos/Z8/180-600mm/2026/2026-03-01/DSC_1677.NEF,23263,4,Blue,pick,picked,0.7999,0.4537,0.9829,0.1985,0.5252,0.6393,0.0006,0.0139,-0.0019,0.0405,-0.014,0.001,0.0057,-0.0747,high quality,blurry,0.4148,0.4463,0.4416,0.4418,0.4042,0.396,0.4497,0.401,0.4482,0.4011,0.4557,0.4032,0.3902,0.5243,v0,bioclip_2_image
48242,/mnt/d/Photos/Z8/180-600mm/2026/2026-03-01/DSC_1678.NEF,23263,4,Blue,pick,picked,0.8318,0.4256,0.9954,0.3757,0.4737,0.923,0.001,0.016,-0.003,0.0537,-0.0051,-0.0011,0.0248,-0.0687,high quality,blurry,0.4121,0.4429,0.4439,0.4365,0.4049,0.4094,0.4471,0.3961,0.4459,0.3902,0.4416,0.406,0.3846,0.5157,v0,bioclip_2_image
48243,/mnt/d/Photos/Z8/180-600mm/2026/2026-03-01/DSC_1679.NEF,23263,4,Blue,reject,picked,0.8631,0.4932,0.9942,0.3543,0.5882,0.9232,0.0009,0.0184,-0.0003,0.0515,-0.006,0.0036,0.0249,-0.0696,high quality,blurry,0.4138,0.4425,0.4443,0.434,0.4062,0.4096,0.4419,0.3954,0.4427,0.3929,0.44,0.4027,0.3847,0.5115,v0,bioclip_2_image
48244,/mnt/d/Photos/Z8/180-600mm/2026/2026-03-01/DSC_1680.NEF,23263,4,Blue,reject,picked,0.8849,0.5425,0.9935,0.5425,0.5545,0.9022,0.0012,0.0204,0.0017,0.0504,0.0017,0.0022,0.0222,-0.0674,high quality,blurry,0.4057,0.4379,0.4352,0.4313,0.3976,0.3998,0.4405,0.3853,0.4362,0.3848,0.4296,0.3954,0.3776,0.5078,v0,bioclip_2_image
48245,/mnt/d/Photos/Z8/180-600mm/2026/2026-03-01/DSC_1681.NEF,23263,4,Blue,pick,picked,0.8674,0.4768,0.9946,0.3557,0.5135,0.893,0.0009,0.0188,-0.0009,0.0521,-0.0059,0.0005,0.0212,-0.0702,high quality,blurry,0.4062,0.4361,0.4369,0.4299,0.397,0.4002,0.4381,0.3874,0.437,0.3847,0.4359,0.3964,0.379,0.5083,v0,bioclip_2_image
48246,/mnt/d/Photos/Z8/180-600mm/2026/2026-03-01/DSC_1682.NEF,23263,4,Blue,neutral,picked,0.872,0.395,0.9948,0.3747,0.5829,0.9407,0.0013,0.0192,-0.0043,0.0526,-0.0051,0.0033,0.0276,-0.0665,high quality,blurry,0.4184,0.4443,0.4469,0.4383,0.4099,0.4153,0.4346,0.3992,0.4486,0.3943,0.4434,0.4066,0.3876,0.5011,v0,bioclip_2_image
48247,/mnt/d/Photos/Z8/180-600mm/2026/2026-03-01/DSC_1683.NEF,23263,4,Blue,pick,picked,0.9006,0.4885,0.9939,0.307,0.5782,0.9452,0.001,0.022,-0.0005,0.0509,-0.0081,0.0032,0.0285,-0.0689,high quality,blurry,0.4142,0.4422,0.4409,0.4367,0.4052,0.4113,0.4411,0.3922,0.4427,0.39,0.4448,0.402,0.3829,0.51,v0,bioclip_2_image
48248,/mnt/d/Photos/Z8/180-600mm/2026/2026-03-01/DSC_1684.NEF,23263,4,Blue,pick,picked,0.891,0.428,0.9933,0.3389,0.5335,0.9349,0.0013,0.021,-0.0029,0.05,-0.0067,0.0013,0.0267,-0.0662,high quality,blurry,0.4155,0.4437,0.4431,0.4384,0.4078,0.4135,0.449,0.3944,0.4466,0.3931,0.445,0.4065,0.3869,0.5152,v0,bioclip_2_image
48249,/mnt/d/Photos/Z8/180-600mm/2026/2026-03-01/DSC_1685.NEF,23263,4,Blue,pick,picked,0.8889,0.5037,0.9936,0.3708,0.534,0.9265,0.0017,0.0208,0.0001,0.0505,-0.0053,0.0014,0.0253,-0.0638,high quality,blurry,0.4148,0.4435,0.4434,0.4342,0.4064,0.4101,0.4425,0.394,0.4434,0.3929,0.4395,0.405,0.3848,0.5063,v0,bioclip_2_image
48250,/mnt/d/Photos/Z8/180-600mm/2026/2026-03-01/DSC_1686.NEF,23263,4,Blue,reject,picked,0.8976,0.4544,0.9929,0.3163,0.5912,0.953,0.0014,0.0217,-0.0018,0.0494,-0.0077,0.0037,0.0301,-0.0655,high quality,blurry,0.4133,0.4407,0.4416,0.4335,0.4037,0.4121,0.445,0.3916,0.4425,0.3922,0.4412,0.4,0.382,0.5105,v0,bioclip_2_image
48251,/mnt/d/Photos/Z8/180-600mm/2026/2026-03-01/DSC_1687.NEF,23263,4,Blue,reject,picked,0.8091,0.3681,0.9908,0.2433,0.6035,0.8154,0.0011,0.0144,-0.0054,0.0468,-0.0113,0.0042,0.0149,-0.0683,high quality,blurry,0.4085,0.4386,0.4351,0.4295,0.4043,0.3998,0.4507,0.394,0.444,0.3883,0.4409,0.4001,0.385,0.5191,v0,bioclip_2_image
48252,/mnt/d/Photos/Z8/180-600mm/2026/2026-03-01/DSC_1688.NEF,23263,3,Blue,reject,neutral,0.8763,0.4035,0.991,0.3233,0.5564,0.9062,0.001,0.0196,-0.0039,0.047,-0.0074,0.0023,0.0227,-0.0687,high quality,blurry,0.4125,0.443,0.4397,0.4376,0.3998,0.4092,0.4439,0.3929,0.4469,0.3927,0.445,0.3975,0.3865,0.5126,v0,bioclip_2_image
48253,/mnt/d/Photos/Z8/180-600mm/2026/2026-03-01/DSC_1689.NEF,23263,4,Blue,pick,picked,0.8782,0.3982,0.9946,0.2646,0.4795,0.9271,0.0012,0.0198,-0.0041,0.0522,-0.0102,-0.0008,0.0254,-0.0669,high quality,blurry,0.4185,0.4478,0.4491,0.4364,0.4104,0.4171,0.4423,0.3987,0.4519,0.3968,0.4466,0.4112,0.3917,0.5091,v0,bioclip_2_image
48254,/mnt/d/Photos/Z8/180-600mm/2026/2026-03-01/DSC_1690.NEF,23263,4,Blue,reject,picked,0.7279,0.3149,0.9913,0.1452,0.3023,0.8164,0.0002,0.0098,-0.0078,0.0474,-0.0177,-0.0084,0.0149,-0.0839,high quality,blurry,0.4045,0.4339,0.4389,0.4233,0.3982,0.3987,0.4279,0.3947,0.4417,0.3915,0.441,0.4065,0.3838,0.5118,v0,bioclip_2_image
48255,/mnt/d/Photos/Z8/180-600mm/2026/2026-03-01/DSC_1691.NEF,23265,3,Blue,reject,neutral,0.8074,0.2315,0.994,0.2421,0.3502,0.8871,0.0005,0.0143,-0.012,0.051,-0.0114,-0.0062,0.0206,-0.0768,high quality,blurry,0.4123,0.44,0.4482,0.4311,0.4092,0.4102,0.4375,0.3979,0.452,0.3972,0.4425,0.4154,0.3896,0.5143,v0,bioclip_2_image
48256,/mnt/d/Photos/Z8/180-600mm/2026/2026-03-01/DSC_1692.NEF,23265,4,Blue,pick,picked,0.8145,0.3179,0.994,0.2768,0.4041,0.9005,0.0006,0.0148,-0.0076,0.0511,-0.0096,-0.0039,0.022,-0.0741,high quality,blurry,0.4116,0.44,0.4441,0.4317,0.4044,0.4103,0.4382,0.3968,0.4476,0.3931,0.4413,0.4083,0.3882,0.5123,v0,bioclip_2_image
48257,/mnt/d/Photos/Z8/180-600mm/2026/2026-03-01/DSC_1693.NEF,23265,4,Blue,reject,picked,0.7948,0.3372,0.992,0.2699,0.3909,0.8622,0.0006,0.0135,-0.0068,0.0482,-0.01,-0.0044,0.0183,-0.0738,high quality,blurry,0.4099,0.44,0.4412,0.4331,0.4033,0.4056,0.4458,0.3963,0.4467,0.393,0.443,0.4078,0.3873,0.5196,v0,bioclip_2_image
48258,/mnt/d/Photos/Z8/180-600mm/2026/2026-03-01/DSC_1694.NEF,23265,4,Blue,reject,picked,0.8236,0.2198,0.9936,0.2581,0.3983,0.8701,0.0004,0.0154,-0.0127,0.0504,-0.0106,-0.0041,0.019,-0.0777,high quality,blurry,0.4066,0.435,0.4405,0.4307,0.4026,0.4055,0.4408,0.3912,0.4477,0.3901,0.4413,0.4067,0.3865,0.5186,v0,bioclip_2_image
48259,/mnt/d/Photos/Z8/180-600mm/2026/2026-03-01/DSC_1695.NEF,23265,4,Blue,reject,picked,0.7472,0.1815,0.9932,0.2201,0.3084,0.8673,0.0002,0.0108,-0.0151,0.0498,-0.0127,-0.0081,0.0188,-0.0834,high quality,blurry,0.4062,0.4355,0.4397,0.4285,0.4047,0.4041,0.4431,0.3954,0.4505,0.39,0.4411,0.4127,0.3853,0.5266,v0,bioclip_2_image
48260,/mnt/d/Photos/Z8/180-600mm/2026/2026-03-01/DSC_1696.NEF,23265,3,Blue,reject,neutral,0.8601,0.4269,0.9917,0.2955,0.4609,0.9303,0.0009,0.0182,-0.0029,0.0478,-0.0087,-0.0016,0.0259,-0.0705,high quality,blurry,0.4158,0.4443,0.445,0.4359,0.4072,0.4128,0.4405,0.3976,0.4473,0.3972,0.4446,0.4088,0.3869,0.5109,v0,bioclip_2_image
48261,/mnt/d/Photos/Z8/180-600mm/2026/2026-03-01/DSC_1697.NEF,23265,4,Blue,reject,picked,0.9104,0.4639,0.9943,0.3842,0.6266,0.9411,0.0018,0.0232,-0.0014,0.0515,-0.0047,0.0052,0.0277,-0.0634,high quality,blurry,0.4151,0.444,0.4432,0.4353,0.4059,0.4095,0.4465,0.392,0.4454,0.3917,0.44,0.4007,0.3818,0.5099,v0,bioclip_2_image
48262,/mnt/d/Photos/Z8/180-600mm/2026/2026-03-01/DSC_1698.NEF,23265,4,Blue,pick,picked,0.9215,0.5554,0.9951,0.3475,0.6699,0.9419,0.0013,0.0246,0.0022,0.0531,-0.0063,0.0071,0.0279,-0.0663,high quality,blurry,0.401,0.4312,0.4286,0.4195,0.3962,0.3943,0.4446,0.3764,0.4289,0.3755,0.4258,0.3891,0.3664,0.5109,v0,bioclip_2_image
48263,/mnt/d/Photos/Z8/180-600mm/2026/2026-03-01/DSC_1699.NEF,23265,4,Blue,pick,picked,0.8616,0.3588,0.994,0.2763,0.5865,0.9409,0.0009,0.0183,-0.0058,0.0511,-0.0096,0.0035,0.0277,-0.0704,high quality,blurry,0.4175,0.4438,0.4482,0.4373,0.4107,0.416,0.4392,0.3993,0.4496,0.3971,0.447,0.4072,0.3883,0.5097,v0,bioclip_2_image
48264,/mnt/d/Photos/Z8/180-600mm/2026/2026-03-01/DSC_1700.NEF,23265,4,Blue,pick,picked,0.8663,0.3238,0.9948,0.3843,0.4884,0.9614,0.0014,0.0187,-0.0074,0.0526,-0.0047,-0.0005,0.0322,-0.0655,high quality,blurry,0.4214,0.4442,0.4496,0.4391,0.4121,0.421,0.4374,0.4027,0.4515,0.3969,0.4439,0.4126,0.3888,0.5029,v0,bioclip_2_image
48265,/mnt/d/Photos/Z8/180-600mm/2026/2026-03-01/DSC_1701.NEF,23265,4,Blue,pick,picked,0.8491,0.3732,0.9916,0.3478,0.4846,0.9365,0.0009,0.0173,-0.0052,0.0478,-0.0063,-0.0006,0.0269,-0.0706,high quality,blurry,0.4177,0.4427,0.4443,0.4359,0.4091,0.4142,0.431,0.4004,0.4479,0.3966,0.4422,0.4097,0.3873,0.5016,v0,bioclip_2_image
48266,/mnt/d/Photos/Z8/180-600mm/2026/2026-03-01/DSC_1702.NEF,23265,4,Blue,pick,picked,0.8673,0.3135,0.9943,0.3123,0.5537,0.9511,0.0008,0.0188,-0.0078,0.0516,-0.0079,0.0022,0.0297,-0.0717,high quality,blurry,0.4135,0.4393,0.4421,0.4332,0.405,0.4123,0.4364,0.3948,0.4472,0.3905,0.4411,0.4028,0.3826,0.508,v0,bioclip_2_image
48267,/mnt/d/Photos/Z8/180-600mm/2026/2026-03-01/DSC_1703.NEF,23265,4,Blue,pick,picked,0.8679,0.2775,0.9957,0.3976,0.5986,0.9511,0.0012,0.0188,-0.0096,0.0544,-0.0042,0.004,0.0297,-0.0676,high quality,blurry,0.4194,0.4414,0.448,0.4399,0.4123,0.4179,0.4395,0.4005,0.451,0.3936,0.444,0.4083,0.3882,0.5071,v0,bioclip_2_image
48268,/mnt/d/Photos/Z8/180-600mm/2026/2026-03-01/DSC_1704.NEF,23265,4,Blue,pick,picked,0.7889,0.1858,0.9897,0.1203,0.5536,0.9032,0.0005,0.0132,-0.0148,0.0456,-0.0199,0.0022,0.0223,-0.0756,a photo with strong subject separation,blurry,0.415,0.4406,0.4468,0.434,0.4097,0.4104,0.4415,0.4019,0.4554,0.4012,0.4539,0.4075,0.3881,0.5171,v0,bioclip_2_image
48269,/mnt/d/Photos/Z8/180-600mm/2026/2026-03-01/DSC_1705.NEF,23265,4,Blue,pick,picked,0.8119,0.2969,0.992,0.1581,0.4696,0.9299,0.0006,0.0146,-0.0086,0.0482,-0.0167,-0.0012,0.0258,-0.0741,high quality,blurry,0.4117,0.4392,0.4445,0.4273,0.4082,0.4131,0.437,0.3971,0.4478,0.3964,0.4441,0.4094,0.3873,0.5112,v0,bioclip_2_image
48270,/mnt/d/Photos/Z8/180-600mm/2026/2026-03-01/DSC_1706.NEF,23266,4,Blue,reject,picked,0.913,0.2796,0.9907,0.2233,0.5357,0.9766,0.0015,0.0235,-0.0095,0.0467,-0.0125,0.0014,0.0373,-0.0652,a photo with strong subject separation,blurry,0.4126,0.4378,0.4308,0.4275,0.4025,0.4124,0.468,0.3891,0.4472,0.3841,0.4399,0.4011,0.3751,0.5333,v0,bioclip_2_image
48271,/mnt/d/Photos/Z8/180-600mm/2026/2026-03-01/DSC_1707.NEF,23266,4,Blue,pick,picked,0.9288,0.3963,0.9914,0.1275,0.5544,0.9752,0.0015,0.0257,-0.0042,0.0474,-0.0192,0.0022,0.0367,-0.0648,a photo with strong subject separation,blurry,0.4052,0.4325,0.4223,0.4183,0.3952,0.4062,0.4702,0.3795,0.4367,0.3749,0.4375,0.393,0.3695,0.535,v0,bioclip_2_image
48272,/mnt/d/Photos/Z8/180-600mm/2026/2026-03-01/DSC_1708.NEF,23266,4,Blue,pick,picked,0.9505,0.4543,0.9958,0.2086,0.6896,0.9634,0.0023,0.0295,-0.0018,0.0546,-0.0133,0.008,0.0327,-0.0609,a photo with strong subject separation,blurry,0.4158,0.4463,0.4376,0.428,0.4022,0.4108,0.4954,0.3862,0.4482,0.383,0.4414,0.3942,0.3781,0.5563,v0,bioclip_2_image
48273,/mnt/d/Photos/Z8/180-600mm/2026/2026-03-01/DSC_1709.NEF,23266,4,Blue,reject,picked,0.9546,0.4398,0.9951,0.2336,0.654,0.9711,0.0016,0.0304,-0.0024,0.0532,-0.0119,0.0064,0.0351,-0.0645,a photo with strong subject separation,blurry,0.4107,0.4403,0.4317,0.4276,0.4023,0.408,0.4846,0.3803,0.4427,0.3785,0.4395,0.3959,0.3728,0.5491,v0,bioclip_2_image
48274,/mnt/d/Photos/Z8/180-600mm/2026/2026-03-01/DSC_1710.NEF,23266,3,Blue,reject,neutral,0.9447,0.2881,0.9929,0.2094,0.7386,0.9725,0.0015,0.0284,-0.009,0.0494,-0.0133,0.0104,0.0356,-0.0653,a photo with strong subject separation,blurry,0.4237,0.4492,0.442,0.4404,0.4134,0.4218,0.48,0.3953,0.4583,0.3926,0.4537,0.403,0.3861,0.5452,v0,bioclip_2_image
48275,/mnt/d/Photos/Z8/180-600mm/2026/2026-03-01/DSC_1711.NEF,23266,4,Blue,reject,picked,0.9244,0.5429,0.9957,0.2062,0.5036,0.9069,0.0009,0.025,0.0017,0.0544,-0.0135,0.0001,0.0228,-0.0701,a photo with strong subject separation,blurry,0.4168,0.4441,0.4348,0.4257,0.4,0.4047,0.4786,0.3917,0.4424,0.3804,0.4392,0.3998,0.3819,0.5487,v0,bioclip_2_image
48276,/mnt/d/Photos/Z8/180-600mm/2026/2026-03-01/DSC_1712.NEF,23266,4,Blue,reject,picked,0.9248,0.4704,0.9943,0.2114,0.6159,0.9411,0.0014,0.0251,-0.0012,0.0516,-0.0132,0.0047,0.0277,-0.0658,a photo with strong subject separation,blurry,0.4196,0.4488,0.4393,0.4307,0.4081,0.4117,0.4813,0.3945,0.4499,0.3876,0.4438,0.4033,0.384,0.547,v0,bioclip_2_image
48277,/mnt/d/Photos/Z8/180-600mm/2026/2026-03-01/DSC_1713.NEF,23266,4,Blue,reject,picked,0.9431,0.3574,0.9956,0.2085,0.7405,0.9689,0.0023,0.0281,-0.0059,0.0541,-0.0133,0.0105,0.0344,-0.0609,a photo with strong subject separation,blurry,0.4149,0.4425,0.4388,0.4293,0.4088,0.4153,0.4822,0.3868,0.4484,0.3847,0.4426,0.3984,0.3809,0.5431,v0,bioclip_2_image
48278,/mnt/d/Photos/Z8/180-600mm/2026/2026-03-01/DSC_1714.NEF,23266,3,Blue,reject,neutral,0.948,0.3117,0.9952,0.2418,0.7194,0.976,0.0014,0.029,-0.0079,0.0534,-0.0114,0.0094,0.037,-0.0659,a photo with strong subject separation,blurry,0.4121,0.4386,0.4343,0.4299,0.4067,0.4133,0.4828,0.3831,0.4465,0.381,0.4413,0.3973,0.3762,0.5487,v0,bioclip_2_image
48279,/mnt/d/Photos/Z8/180-600mm/2026/2026-03-01/DSC_1715.NEF,23266,3,Blue,reject,neutral,0.9213,0.2257,0.9959,0.1774,0.5882,0.8683,0.0014,0.0246,-0.0123,0.0548,-0.0153,0.0036,0.0189,-0.0654,a photo with strong subject separation,blurry,0.4172,0.4454,0.4412,0.4284,0.408,0.4057,0.4992,0.3926,0.4577,0.3863,0.4437,0.4045,0.3869,0.5646,v0,bioclip_2_image
48280,/mnt/d/Photos/Z8/180-600mm/2026/2026-03-01/DSC_1716.NEF,23266,3,Blue,reject,neutral,0.9281,0.422,0.9939,0.261,0.6355,0.9712,0.0012,0.0256,-0.0031,0.0509,-0.0104,0.0056,0.0352,-0.0669,a photo with strong subject separation,blurry,0.4148,0.4421,0.4333,0.4306,0.4057,0.4123,0.4708,0.3892,0.4452,0.3824,0.441,0.4001,0.3772,0.5377,v0,bioclip_2_image
48281,/mnt/d/Photos/Z8/180-600mm/2026/2026-03-01/DSC_1717.NEF,23266,4,Blue,reject,picked,0.943,0.5406,0.9955,0.1572,0.7598,0.9653,0.0018,0.0281,0.0016,0.0539,-0.0168,0.0115,0.0333,-0.0631,a photo with strong subject separation,blurry,0.4099,0.44,0.4307,0.4219,0.4072,0.4053,0.4859,0.3818,0.4383,0.3768,0.4387,0.3957,0.3721,0.549,v0,bioclip_2_image
48282,/mnt/d/Photos/Z8/180-600mm/2026/2026-03-01/DSC_1718.NEF,23266,3,Blue,reject,neutral,0.9591,0.3226,0.9929,0.2625,0.7167,0.9868,0.0026,0.0316,-0.0074,0.0493,-0.0103,0.0093,0.0432,-0.0594,a photo with strong subject separation,blurry,0.4157,0.4393,0.4328,0.4332,0.4092,0.419,0.4753,0.3841,0.4467,0.3834,0.4435,0.3999,0.3758,0.5348,v0,bioclip_2_image
48283,/mnt/d/Photos/Z8/180-600mm/2026/2026-03-01/DSC_1719.NEF,23266,3,Blue,reject,neutral,0.8988,0.4052,0.9955,0.2472,0.7179,0.8679,0.001,0.0218,-0.0038,0.0541,-0.0111,0.0093,0.0188,-0.0691,a photo with strong subject separation,blurry,0.4147,0.4458,0.4372,0.43,0.4124,0.4033,0.4871,0.3929,0.4496,0.3832,0.4411,0.4031,0.3844,0.5563,v0,bioclip_2_image
48284,/mnt/d/Photos/Z8/180-600mm/2026/2026-03-01/DSC_1720.NEF,23266,3,Blue,reject,neutral,0.94,0.3607,0.9939,0.3125,0.708,0.9804,0.0017,0.0275,-0.0057,0.0509,-0.0079,0.0089,0.0391,-0.0639,a photo with strong subject separation,blurry,0.4167,0.4435,0.4353,0.4354,0.4106,0.4158,0.4783,0.3892,0.4493,0.3844,0.4433,0.4018,0.3766,0.5422,v0,bioclip_2_image
48285,/mnt/d/Photos/Z8/180-600mm/2026/2026-03-01/DSC_1721.NEF,23266,4,Blue,pick,picked,0.9453,0.3859,0.9934,0.2058,0.6421,0.9766,0.0023,0.0285,-0.0046,0.0501,-0.0135,0.0058,0.0373,-0.0609,a photo with strong subject separation,blurry,0.4095,0.4384,0.4278,0.4261,0.4008,0.4077,0.4741,0.3811,0.4431,0.3777,0.4396,0.3949,0.3704,0.535,v0,bioclip_2_image
48286,/mnt/d/Photos/Z8/180-600mm/2026/2026-03-01/DSC_1722.NEF,23266,3,Blue,reject,neutral,0.9493,0.4546,0.9984,0.1663,0.4833,0.9921,0.0011,0.0293,-0.0018,0.0642,-0.0161,-0.0007,0.0484,-0.0678,a photo with strong subject separation,blurry,0.4156,0.4406,0.4399,0.4225,0.4013,0.4194,0.4697,0.3863,0.4424,0.3757,0.4387,0.402,0.371,0.5376,v0,bioclip_2_image
48287,/mnt/d/Photos/Z8/180-600mm/2026/2026-03-01/DSC_1723.NEF,23266,3,Blue,reject,neutral,0.9667,0.4771,0.9984,0.1364,0.6388,0.9887,0.0006,0.0337,-0.0009,0.0645,-0.0185,0.0057,0.0447,-0.0738,high quality,blurry,0.4074,0.4314,0.4321,0.4173,0.3927,0.4136,0.4724,0.3737,0.4323,0.3676,0.4357,0.387,0.3689,0.5462,v0,bioclip_2_image
48288,/mnt/d/Photos/Z8/180-600mm/2026/2026-03-01/DSC_1724.NEF,23266,3,Blue,reject,neutral,0.9786,0.3057,0.999,0.1515,0.7477,0.9943,0.0012,0.0382,-0.0082,0.0687,-0.0172,0.0109,0.0516,-0.0673,high quality,blurry,0.4218,0.4444,0.4445,0.4349,0.4005,0.4222,0.488,0.3836,0.4526,0.3758,0.4521,0.3897,0.3707,0.5553,v0,bioclip_2_image
48289,/mnt/d/Photos/Z8/180-600mm/2026/2026-03-01/DSC_1725.NEF,23266,3,Blue,reject,neutral,0.9399,0.3193,0.9965,0.267,0.5134,0.9826,0.001,0.0275,-0.0076,0.0566,-0.0101,0.0005,0.0403,-0.0689,a photo with strong subject separation,blurry,0.426,0.4456,0.4481,0.4379,0.4087,0.4251,0.4616,0.3985,0.4531,0.3916,0.448,0.4082,0.3848,0.5306,v0,bioclip_2_image
48290,/mnt/d/Photos/Z8/180-600mm/2026/2026-03-01/DSC_1726.NEF,23266,3,Blue,pick,neutral,0.9293,0.3235,0.9964,0.2788,0.4352,0.9768,0.0009,0.0258,-0.0074,0.0563,-0.0095,-0.0026,0.0374,-0.0698,a photo with strong subject separation,blurry,0.4267,0.447,0.4497,0.4401,0.4099,0.4243,0.4569,0.401,0.4543,0.3934,0.4496,0.4125,0.3869,0.5267,v0,bioclip_2_image
48291,/mnt/d/Photos/Z8/180-600mm/2026/2026-03-01/DSC_1727.NEF,23266,3,Blue,reject,neutral,0.9506,0.3285,0.9986,0.2008,0.6073,0.9885,0.0013,0.0296,-0.0071,0.0657,-0.0138,0.0044,0.0445,-0.0667,high quality,blurry,0.4159,0.4421,0.4455,0.4279,0.3998,0.416,0.4791,0.3863,0.4492,0.3798,0.4417,0.3954,0.3715,0.5458,v0,bioclip_2_image
48292,/mnt/d/Photos/Z8/180-600mm/2026/2026-03-01/DSC_1728.NEF,23266,3,Blue,reject,neutral,0.9708,0.5521,0.9985,0.1278,0.7625,0.9834,0.0012,0.035,0.0021,0.0651,-0.0192,0.0117,0.0408,-0.0676,natural colors,blurry,0.4096,0.4426,0.4382,0.4164,0.3945,0.4095,0.4828,0.3746,0.4405,0.3732,0.4356,0.3829,0.3687,0.5504,v0,bioclip_2_image
48293,/mnt/d/Photos/Z8/180-600mm/2026/2026-03-01/DSC_1729.NEF,23266,3,Blue,reject,neutral,0.9484,0.345,0.9951,0.2369,0.561,0.9845,0.0011,0.0291,-0.0064,0.0531,-0.0117,0.0025,0.0415,-0.0679,a photo with strong subject separation,blurry,0.4248,0.4481,0.4464,0.4372,0.4071,0.4244,0.4643,0.3957,0.4545,0.3933,0.4488,0.4047,0.3829,0.5322,v0,bioclip_2_image
48294,/mnt/d/Photos/Z8/180-600mm/2026/2026-03-01/DSC_1730.NEF,23266,3,Blue,reject,neutral,0.9474,0.3569,0.9944,0.2649,0.519,0.983,0.0011,0.0289,-0.0059,0.0519,-0.0102,0.0008,0.0406,-0.0677,a photo with strong subject separation,blurry,0.4274,0.4494,0.4477,0.441,0.4095,0.4267,0.4609,0.3985,0.4553,0.3958,0.4512,0.4088,0.3861,0.5287,v0,bioclip_2_image
48295,/mnt/d/Photos/Z8/180-600mm/2026/2026-03-01/DSC_1731.NEF,23266,3,Blue,reject,neutral,0.9794,0.2469,0.999,0.0951,0.7275,0.9931,0.0015,0.0386,-0.0112,0.0689,-0.0225,0.0098,0.0497,-0.0653,natural colors,blurry,0.4161,0.4388,0.4416,0.4226,0.3962,0.4219,0.4925,0.3775,0.45,0.3727,0.4451,0.3863,0.3722,0.5578,v0,bioclip_2_image
48296,/mnt/d/Photos/Z8/180-600mm/2026/2026-03-01/DSC_1732.NEF,23266,3,Blue,reject,neutral,0.9823,0.2757,0.9986,0.11,0.6104,0.9946,0.001,0.0401,-0.0097,0.0657,-0.0209,0.0045,0.0521,-0.0694,natural colors,blurry,0.4154,0.4351,0.4383,0.4209,0.394,0.4238,0.4777,0.3753,0.4448,0.3726,0.4418,0.3895,0.3717,0.5471,v0,bioclip_2_image
48297,/mnt/d/Photos/Z8/180-600mm/2026/2026-03-01/DSC_1733.NEF,23266,3,Blue,reject,neutral,0.9805,0.2087,0.9994,0.0922,0.7368,0.9916,0.0009,0.0392,-0.0133,0.074,-0.0229,0.0103,0.0477,-0.0703,natural colors,blurry,0.4083,0.4295,0.4382,0.4174,0.3908,0.4163,0.4835,0.3691,0.4428,0.3642,0.4403,0.3805,0.3687,0.5537,v0,bioclip_2_image
48298,/mnt/d/Photos/Z8/180-600mm/2026/2026-03-01/DSC_1734.NEF,23266,3,Blue,reject,neutral,0.9774,0.3958,0.9987,0.1847,0.5304,0.9947,0.0014,0.0377,-0.0042,0.0668,-0.0148,0.0012,0.0524,-0.0654,natural colors,blurry,0.4183,0.4386,0.4364,0.4245,0.3978,0.4233,0.4718,0.3806,0.4428,0.3696,0.4394,0.3966,0.3709,0.5372,v0,bioclip_2_image
48299,/mnt/d/Photos/Z8/180-600mm/2026/2026-03-01/DSC_1735.NEF,23266,3,Blue,reject,neutral,0.9848,0.1603,0.9993,0.1194,0.7608,0.9959,0.0011,0.0417,-0.0166,0.0725,-0.02,0.0116,0.055,-0.0679,natural colors,blurry,0.3987,0.4181,0.4303,0.4083,0.3877,0.407,0.466,0.357,0.4346,0.3579,0.4283,0.3761,0.352,0.5339,v0,bioclip_2_image
48300,/mnt/d/Photos/Z8/180-600mm/2026/2026-03-01/DSC_1736.NEF,23266,3,Blue,reject,neutral,0.9572,0.3052,0.9962,0.2881,0.601,0.9889,0.0014,0.0311,-0.0082,0.0557,-0.009,0.0041,0.0449,-0.0654,a photo with strong subject separation,blurry,0.4251,0.4489,0.4461,0.4426,0.4082,0.4263,0.4737,0.394,0.4571,0.3905,0.4516,0.4041,0.3815,0.5391,v0,bioclip_2_image
48301,/mnt/d/Photos/Z8/180-600mm/2026/2026-03-01/DSC_1737.NEF,23266,3,Blue,reject,neutral,0.9581,0.2487,0.9963,0.2362,0.6819,0.9897,0.0016,0.0313,-0.0111,0.056,-0.0117,0.0076,0.0457,-0.0645,a photo with strong subject separation,blurry,0.4225,0.4476,0.446,0.4388,0.4075,0.4258,0.4778,0.3912,0.4587,0.39,0.4505,0.3998,0.3801,0.5423,v0,bioclip_2_image
48302,/mnt/d/Photos/Z8/180-600mm/2026/2026-03-01/DSC_1738.NEF,23266,3,Blue,reject,neutral,0.9632,0.2484,0.9984,0.2481,0.5247,0.9907,0.0012,0.0326,-0.0111,0.0643,-0.0111,0.001,0.0467,-0.0671,natural colors,blurry,0.419,0.4364,0.4435,0.4298,0.4014,0.4213,0.4686,0.3864,0.4475,0.3792,0.4408,0.4004,0.3745,0.5357,v0,bioclip_2_image
48303,/mnt/d/Photos/Z8/180-600mm/2026/2026-03-01/DSC_1739.NEF,23266,3,Blue,reject,neutral,0.944,0.1895,0.9983,0.2237,0.5511,0.9874,0.001,0.0283,-0.0145,0.0638,-0.0124,0.0021,0.0436,-0.0693,a photo with strong subject separation,blurry,0.4215,0.4403,0.4491,0.4361,0.4061,0.4195,0.4713,0.3932,0.4549,0.3854,0.4485,0.4041,0.3759,0.5406,v0,bioclip_2_image
48304,/mnt/d/Photos/Z8/180-600mm/2026/2026-03-01/DSC_1740.NEF,23266,3,Blue,reject,neutral,0.9401,0.1944,0.9975,0.2793,0.4688,0.9847,0.0008,0.0275,-0.0142,0.0599,-0.0095,-0.0012,0.0417,-0.0709,high quality,blurry,0.4273,0.4433,0.4497,0.4427,0.4054,0.4253,0.4589,0.3997,0.4575,0.3898,0.4522,0.4067,0.3836,0.5297,v0,bioclip_2_image
48305,/mnt/d/Photos/Z8/180-600mm/2026/2026-03-01/DSC_1741.NEF,23266,3,Blue,reject,neutral,0.9568,0.3072,0.9966,0.2196,0.677,0.9918,0.0024,0.031,-0.0081,0.0567,-0.0127,0.0074,0.048,-0.0601,a photo with strong subject separation,blurry,0.4133,0.4373,0.4332,0.4248,0.4009,0.4159,0.4741,0.3823,0.4454,0.3765,0.4375,0.3935,0.3679,0.5342,v0,bioclip_2_image
48306,/mnt/d/Photos/Z8/180-600mm/2026/2026-03-01/DSC_1742.NEF,23266,3,Blue,reject,neutral,0.9558,0.3154,0.9963,0.2445,0.6436,0.9907,0.0021,0.0307,-0.0077,0.056,-0.0113,0.0059,0.0467,-0.0617,a photo with strong subject separation,blurry,0.4175,0.4412,0.437,0.4291,0.4045,0.4193,0.4737,0.3868,0.449,0.381,0.4403,0.3986,0.3726,0.5354,v0,bioclip_2_image
48307,/mnt/d/Photos/Z8/180-600mm/2026/2026-03-01/DSC_1743.NEF,23266,3,Blue,reject,neutral,0.9556,0.4617,0.9967,0.1761,0.5869,0.9828,0.002,0.0307,-0.0015,0.0572,-0.0154,0.0035,0.0405,-0.0621,a photo with strong subject separation,blurry,0.4199,0.4432,0.4379,0.4263,0.4058,0.4167,0.4747,0.3892,0.4447,0.3807,0.4417,0.4023,0.3762,0.5368,v0,bioclip_2_image
48308,/mnt/d/Photos/Z8/180-600mm/2026/2026-03-01/DSC_1744.NEF,23266,3,Blue,reject,neutral,0.9589,0.5422,0.9988,0.2011,0.6726,0.9915,0.0009,0.0315,0.0017,0.0669,-0.0138,0.0072,0.0476,-0.0705,a photo with strong subject separation,blurry,0.4139,0.4397,0.4367,0.4177,0.3973,0.4175,0.4752,0.3824,0.438,0.3698,0.4315,0.3901,0.3699,0.5457,v0,bioclip_2_image
48309,/mnt/d/Photos/Z8/180-600mm/2026/2026-03-01/DSC_1745.NEF,23266,3,Blue,reject,neutral,0.9493,0.5674,0.9987,0.1102,0.5312,0.9875,0.0006,0.0293,0.0027,0.0664,-0.0209,0.0012,0.0437,-0.0742,a photo with strong subject separation,blurry,0.4102,0.4374,0.4353,0.4119,0.3925,0.4121,0.4748,0.3809,0.4347,0.3689,0.4328,0.3912,0.3684,0.549,v0,bioclip_2_image
48310,/mnt/d/Photos/Z8/180-600mm/2026/2026-03-01/DSC_1746.NEF,23266,3,Blue,reject,neutral,0.9533,0.3221,0.9981,0.1849,0.5312,0.9835,0.0011,0.0302,-0.0074,0.0625,-0.0148,0.0013,0.0409,-0.068,a photo with strong subject separation,blurry,0.4212,0.4422,0.4448,0.4286,0.4025,0.4212,0.4781,0.3911,0.4496,0.3822,0.4434,0.4013,0.3804,0.5461,v0,bioclip_2_image
48311,/mnt/d/Photos/Z8/180-600mm/2026/2026-03-01/DSC_1747.NEF,23266,3,Blue,reject,neutral,0.9763,0.2569,0.999,0.1139,0.7729,0.9954,0.001,0.0372,-0.0106,0.0689,-0.0205,0.0122,0.0537,-0.0688,a photo with strong subject separation,blurry,0.4092,0.4302,0.4322,0.4142,0.3953,0.4177,0.485,0.372,0.4408,0.3634,0.4347,0.3831,0.364,0.5537,v0,bioclip_2_image
48312,/mnt/d/Photos/Z8/180-600mm/2026/2026-03-01/DSC_1748.NEF,23266,3,Blue,reject,neutral,0.972,0.2394,0.9989,0.0481,0.7539,0.9888,0.0011,0.0355,-0.0116,0.0684,-0.0299,0.0112,0.0448,-0.0686,natural colors,blurry,0.4136,0.4356,0.4413,0.4129,0.3967,0.4147,0.4826,0.3781,0.4472,0.3729,0.4428,0.3855,0.3699,0.5512,v0,bioclip_2_image
48313,/mnt/d/Photos/Z8/180-600mm/2026/2026-03-01/DSC_1749.NEF,23266,3,Blue,reject,neutral,0.9631,0.3416,0.9984,0.1182,0.6296,0.9887,0.001,0.0326,-0.0066,0.0641,-0.0201,0.0053,0.0447,-0.0687,a photo with strong subject separation,blurry,0.4126,0.4372,0.4386,0.4183,0.4003,0.4133,0.4778,0.38,0.4438,0.3745,0.4384,0.395,0.3685,0.5464,v0,bioclip_2_image
48314,/mnt/d/Photos/Z8/180-600mm/2026/2026-03-01/DSC_1750.NEF,23266,3,Blue,reject,neutral,0.9587,0.2623,0.9985,0.0348,0.6621,0.9537,0.0011,0.0315,-0.0103,0.0649,-0.0332,0.0067,0.0303,-0.0686,natural colors,blurry,0.4152,0.439,0.4461,0.4145,0.3989,0.4109,0.4855,0.3838,0.4493,0.3812,0.4477,0.3921,0.3807,0.5541,v0,bioclip_2_image
48315,/mnt/d/Photos/Z8/180-600mm/2026/2026-03-01/DSC_1751.NEF,23266,3,Blue,pick,neutral,0.9477,0.3472,0.9956,0.2626,0.4829,0.9792,0.0009,0.029,-0.0063,0.0542,-0.0103,-0.0007,0.0385,-0.0697,a photo with strong subject separation,blurry,0.4283,0.4488,0.4498,0.4395,0.4108,0.4285,0.4581,0.3993,0.4551,0.3956,0.4498,0.4115,0.39,0.5278,v0,bioclip_2_image
48316,/mnt/d/Photos/Z8/180-600mm/2026/2026-03-01/DSC_1752.NEF,23266,3,Blue,reject,neutral,0.9488,0.3924,0.9984,0.24,0.7281,0.9907,0.0009,0.0292,-0.0044,0.0644,-0.0115,0.0099,0.0467,-0.0706,high quality,blurry,0.419,0.446,0.4486,0.4275,0.4034,0.4197,0.485,0.3898,0.4504,0.3841,0.439,0.3936,0.3729,0.5556,v0,bioclip_2_image
48317,/mnt/d/Photos/Z8/180-600mm/2026/2026-03-01/DSC_1753.NEF,23266,3,Blue,reject,neutral,0.956,0.2672,0.9991,0.2115,0.8144,0.9903,0.0009,0.0308,-0.0101,0.0705,-0.0132,0.0148,0.0463,-0.0699,high quality,blurry,0.4144,0.4421,0.4487,0.4231,0.4006,0.4146,0.4876,0.3836,0.4522,0.3782,0.4362,0.3859,0.3683,0.5575,v0,bioclip_2_image
48318,/mnt/d/Photos/Z8/180-600mm/2026/2026-03-01/DSC_1754.NEF,23266,3,Blue,pick,neutral,0.9662,0.4243,0.9979,0.2211,0.559,0.9887,0.0009,0.0335,-0.0031,0.0616,-0.0126,0.0024,0.0447,-0.0696,high quality,blurry,0.4226,0.4454,0.4451,0.4304,0.404,0.4231,0.4722,0.3891,0.4484,0.3836,0.443,0.4017,0.3784,0.5418,v0,bioclip_2_image
48319,/mnt/d/Photos/Z8/180-600mm/2026/2026-03-01/DSC_1755.NEF,23267,3,Blue,reject,neutral,0.9677,0.3584,0.9949,0.2988,0.4494,0.9847,0.001,0.034,-0.0058,0.0527,-0.0085,-0.002,0.0417,-0.0696,a photo with strong subject separation,blurry,0.4294,0.4492,0.4503,0.444,0.4109,0.4302,0.4647,0.3954,0.455,0.3975,0.4525,0.4129,0.3886,0.5343,v0,bioclip_2_image
48320,/mnt/d/Photos/Z8/180-600mm/2026/2026-03-01/DSC_1756.NEF,23267,3,Blue,reject,neutral,0.9567,0.3174,0.9939,0.2975,0.4989,0.9878,0.0009,0.0309,-0.0077,0.051,-0.0086,-0.0,0.0439,-0.07,a photo with strong subject separation,blurry,0.4263,0.4464,0.4468,0.4426,0.411,0.4275,0.4487,0.3953,0.4541,0.3959,0.4512,0.4111,0.3836,0.5187,v0,bioclip_2_image
48321,/mnt/d/Photos/Z8/180-600mm/2026/2026-03-01/DSC_1757.NEF,23267,3,Blue,pick,neutral,0.9564,0.2651,0.9943,0.2546,0.5458,0.9913,0.0011,0.0309,-0.0102,0.0515,-0.0107,0.0018,0.0474,-0.0685,a photo with strong subject separation,blurry,0.4208,0.44,0.4407,0.4363,0.4074,0.4257,0.4527,0.39,0.4502,0.3892,0.4471,0.4056,0.3784,0.5212,v0,bioclip_2_image
48322,/mnt/d/Photos/Z8/180-600mm/2026/2026-03-01/DSC_1758.NEF,23267,3,Blue,pick,neutral,0.9547,0.3062,0.9931,0.2879,0.5005,0.9881,0.001,0.0305,-0.0082,0.0497,-0.0091,0.0,0.0442,-0.0692,a photo with strong subject separation,blurry,0.4228,0.4411,0.4395,0.4366,0.4079,0.426,0.4469,0.3923,0.4493,0.3898,0.4456,0.4078,0.3818,0.5161,v0,bioclip_2_image
48323,/mnt/d/Photos/Z8/180-600mm/2026/2026-03-01/DSC_1759.NEF,23267,3,Blue,pick,neutral,0.9499,0.2659,0.9923,0.2573,0.5179,0.9902,0.001,0.0294,-0.0102,0.0486,-0.0106,0.0007,0.0461,-0.0696,a photo with strong subject separation,blurry,0.4198,0.4388,0.4372,0.4345,0.405,0.424,0.445,0.3904,0.449,0.3886,0.4451,0.4043,0.3779,0.5146,v0,bioclip_2_image
48324,/mnt/d/Photos/Z8/180-600mm/2026/2026-03-01/DSC_1760.NEF,23267,3,Blue,reject,neutral,0.9662,0.3633,0.9949,0.2084,0.5146,0.9864,0.0012,0.0335,-0.0056,0.0526,-0.0133,0.0006,0.0428,-0.0671,a photo with strong subject separation,blurry,0.4278,0.4475,0.4447,0.4412,0.4089,0.4298,0.4545,0.3943,0.4531,0.392,0.4546,0.4083,0.387,0.5216,v0,bioclip_2_image
48325,/mnt/d/Photos/Z8/180-600mm/2026/2026-03-01/DSC_1761.NEF,23267,3,Blue,reject,neutral,0.9563,0.2958,0.9922,0.2348,0.5523,0.9906,0.0012,0.0308,-0.0087,0.0484,-0.0118,0.0021,0.0465,-0.0675,a photo with strong subject separation,blurry,0.4241,0.4433,0.4414,0.4396,0.4089,0.4297,0.4549,0.3932,0.4519,0.393,0.4515,0.4068,0.3831,0.5224,v0,bioclip_2_image
48326,/mnt/d/Photos/Z8/180-600mm/2026/2026-03-01/DSC_1762.NEF,23267,3,Blue,reject,neutral,0.953,0.2933,0.9925,0.2717,0.5314,0.988,0.0011,0.0301,-0.0088,0.0488,-0.0099,0.0013,0.0441,-0.0683,a photo with strong subject separation,blurry,0.4281,0.4478,0.4461,0.4443,0.4126,0.4323,0.454,0.398,0.4566,0.3972,0.4542,0.4114,0.3882,0.5223,v0,bioclip_2_image
48327,/mnt/d/Photos/Z8/180-600mm/2026/2026-03-01/DSC_1763.NEF,23268,3,Blue,reject,neutral,0.9597,0.2867,0.9942,0.2817,0.5834,0.9888,0.0018,0.0317,-0.0091,0.0515,-0.0094,0.0034,0.0448,-0.0634,a photo with strong subject separation,blurry,0.4234,0.4411,0.4416,0.4398,0.4088,0.4265,0.456,0.3917,0.4502,0.3901,0.4491,0.4055,0.3817,0.5194,v0,bioclip_2_image
48328,/mnt/d/Photos/Z8/180-600mm/2026/2026-03-01/DSC_1764.NEF,23268,3,Blue,reject,neutral,0.9533,0.2782,0.9921,0.294,0.4663,0.9839,0.0015,0.0302,-0.0095,0.0483,-0.0088,-0.0014,0.0412,-0.0652,a photo with strong subject separation,blurry,0.4279,0.4462,0.4455,0.4455,0.4092,0.4289,0.4548,0.3978,0.4557,0.3972,0.4542,0.4105,0.3878,0.52,v0,bioclip_2_image
48329,/mnt/d/Photos/Z8/180-600mm/2026/2026-03-01/DSC_1765.NEF,23268,3,Blue,reject,neutral,0.9468,0.3055,0.9911,0.2607,0.4731,0.9808,0.0013,0.0288,-0.0082,0.0472,-0.0104,-0.0011,0.0393,-0.0664,a photo with strong subject separation,blurry,0.4251,0.4437,0.4418,0.441,0.4085,0.4257,0.452,0.3963,0.4519,0.3946,0.4514,0.4095,0.3864,0.5184,v0,bioclip_2_image
48330,/mnt/d/Photos/Z8/180-600mm/2026/2026-03-01/DSC_1766.NEF,23268,3,Blue,reject,neutral,0.9382,0.266,0.9901,0.277,0.5113,0.982,0.001,0.0272,-0.0102,0.0461,-0.0096,0.0005,0.04,-0.0687,a photo with strong subject separation,blurry,0.4233,0.4424,0.4409,0.4404,0.4093,0.4243,0.4458,0.3961,0.4526,0.3949,0.45,0.4088,0.3843,0.5145,v0,bioclip_2_image
48331,/mnt/d/Photos/Z8/180-600mm/2026/2026-03-01/DSC_1767.NEF,23268,3,Blue,reject,neutral,0.9543,0.294,0.9946,0.2821,0.5536,0.9859,0.0012,0.0304,-0.0088,0.0522,-0.0093,0.0022,0.0425,-0.0674,a photo with strong subject separation,blurry,0.4234,0.4425,0.4416,0.4401,0.4091,0.4255,0.4487,0.393,0.4512,0.3894,0.4495,0.407,0.383,0.5161,v0,bioclip_2_image
48332,/mnt/d/Photos/Z8/180-600mm/2026/2026-03-01/DSC_1768.NEF,23268,3,Blue,reject,neutral,0.9432,0.281,0.9937,0.2809,0.5202,0.9858,0.001,0.0281,-0.0094,0.0506,-0.0094,0.0008,0.0424,-0.0687,a photo with strong subject separation,blurry,0.4232,0.441,0.4426,0.4396,0.4089,0.425,0.4405,0.3951,0.4504,0.392,0.449,0.4081,0.3826,0.5093,v0,bioclip_2_image
48333,/mnt/d/Photos/Z8/180-600mm/2026/2026-03-01/DSC_1769.NEF,23268,3,Blue,reject,neutral,0.9398,0.2854,0.991,0.2528,0.5023,0.9838,0.0011,0.0275,-0.0092,0.047,-0.0108,0.0001,0.0411,-0.0681,a photo with strong subject separation,blurry,0.4202,0.4389,0.4389,0.4346,0.4075,0.4217,0.4449,0.3927,0.4481,0.3919,0.4455,0.4074,0.3806,0.513,v0,bioclip_2_image
48334,/mnt/d/Photos/Z8/180-600mm/2026/2026-03-01/DSC_1770.NEF,23268,3,Blue,pick,neutral,0.9491,0.2647,0.9942,0.2674,0.5673,0.9866,0.001,0.0293,-0.0102,0.0515,-0.0101,0.0027,0.043,-0.0693,a photo with strong subject separation,blurry,0.4215,0.4399,0.4424,0.4391,0.4088,0.4248,0.4443,0.3923,0.4501,0.3909,0.4492,0.4061,0.3818,0.5136,v0,bioclip_2_image
48335,/mnt/d/Photos/Z8/180-600mm/2026/2026-03-01/DSC_1771.NEF,23268,3,Blue,reject,neutral,0.946,0.268,0.9936,0.2687,0.5569,0.9882,0.001,0.0286,-0.01,0.0504,-0.01,0.0023,0.0443,-0.0688,a photo with strong subject separation,blurry,0.4243,0.4427,0.4436,0.4407,0.4111,0.4275,0.4462,0.3956,0.4527,0.3932,0.4507,0.4088,0.3832,0.515,v0,bioclip_2_image
48336,/mnt/d/Photos/Z8/180-600mm/2026/2026-03-01/DSC_1772.NEF,23268,3,Blue,reject,neutral,0.9588,0.362,0.9949,0.271,0.5773,0.9897,0.0015,0.0315,-0.0057,0.0528,-0.0099,0.0031,0.0457,-0.065,a photo with strong subject separation,blurry,0.4248,0.4449,0.4447,0.4409,0.4117,0.4286,0.4538,0.3933,0.4506,0.3918,0.4508,0.4086,0.383,0.5188,v0,bioclip_2_image
48337,/mnt/d/Photos/Z8/180-600mm/2026/2026-03-01/DSC_1773.NEF,23268,3,Blue,pick,neutral,0.9561,0.3076,0.995,0.2798,0.5547,0.9902,0.0014,0.0308,-0.0081,0.053,-0.0095,0.0022,0.0462,-0.0657,a photo with strong subject separation,blurry,0.4237,0.4438,0.4452,0.4431,0.4105,0.4282,0.4539,0.3929,0.4519,0.3922,0.4525,0.4083,0.382,0.5196,v0,bioclip_2_image
48338,/mnt/d/Photos/Z8/180-600mm/2026/2026-03-01/DSC_1774.NEF,23268,3,Blue,reject,neutral,0.9507,0.287,0.9928,0.2504,0.5563,0.9888,0.0016,0.0296,-0.0091,0.0493,-0.011,0.0023,0.0448,-0.0643,a photo with strong subject separation,blurry,0.4203,0.439,0.439,0.4348,0.4066,0.4233,0.4513,0.3907,0.4481,0.3897,0.4458,0.4043,0.3785,0.5156,v0,bioclip_2_image
48339,/mnt/d/Photos/Z8/180-600mm/2026/2026-03-01/DSC_1775.NEF,23268,3,Blue,pick,neutral,0.9572,0.3081,0.9942,0.2595,0.5191,0.9879,0.0017,0.0311,-0.0081,0.0514,-0.0105,0.0008,0.044,-0.064,a photo with strong subject separation,blurry,0.4278,0.4464,0.4455,0.4434,0.4105,0.429,0.4555,0.3967,0.4545,0.3941,0.4538,0.4097,0.3849,0.5195,v0,bioclip_2_image
48340,/mnt/d/Photos/Z8/180-600mm/2026/2026-03-01/DSC_1776.NEF,23268,3,Blue,reject,neutral,0.9568,0.2953,0.9945,0.2401,0.6289,0.9892,0.002,0.031,-0.0087,0.0519,-0.0115,0.0053,0.0452,-0.0623,a photo with strong subject separation,blurry,0.4214,0.441,0.4426,0.4382,0.4095,0.4261,0.4586,0.3905,0.4497,0.3907,0.4498,0.4042,0.3809,0.5209,v0,bioclip_2_image
48341,/mnt/d/Photos/Z8/180-600mm/2026/2026-03-01/DSC_1777.NEF,23268,3,Blue,reject,neutral,0.951,0.315,0.9938,0.2467,0.5564,0.9846,0.0014,0.0297,-0.0078,0.0508,-0.0112,0.0023,0.0416,-0.0657,a photo with strong subject separation,blurry,0.4263,0.4453,0.4463,0.442,0.4124,0.4282,0.4537,0.3966,0.453,0.3955,0.4532,0.4101,0.3867,0.5195,v0,bioclip_2_image
48342,/mnt/d/Photos/Z8/180-600mm/2026/2026-03-01/DSC_1778.NEF,23269,3,Blue,reject,neutral,0.9611,0.2677,0.9964,0.2473,0.5592,0.9905,0.0016,0.0321,-0.0101,0.0564,-0.0111,0.0024,0.0465,-0.0643,a photo with strong subject separation,blurry,0.4263,0.4444,0.4452,0.4427,0.4102,0.4281,0.4646,0.3943,0.4545,0.3888,0.4538,0.4078,0.3816,0.5289,v0,bioclip_2_image
48343,/mnt/d/Photos/Z8/180-600mm/2026/2026-03-01/DSC_1779.NEF,23269,3,Blue,reject,neutral,0.9695,0.2468,0.9973,0.2532,0.6596,0.9927,0.002,0.0346,-0.0112,0.0593,-0.0108,0.0066,0.0491,-0.062,a photo with strong subject separation,blurry,0.4293,0.4471,0.448,0.4484,0.414,0.4336,0.4801,0.3947,0.4583,0.3887,0.4592,0.4074,0.3845,0.5421,v0,bioclip_2_image
48344,/mnt/d/Photos/Z8/180-600mm/2026/2026-03-01/DSC_1780.NEF,23269,3,Blue,reject,neutral,0.9586,0.2441,0.9963,0.288,0.5534,0.991,0.0015,0.0314,-0.0113,0.0559,-0.0091,0.0021,0.047,-0.065,a photo with strong subject separation,blurry,0.4297,0.4469,0.4477,0.4485,0.4116,0.4328,0.4704,0.3983,0.4582,0.3918,0.4575,0.4094,0.3859,0.5354,v0,bioclip_2_image
48345,/mnt/d/Photos/Z8/180-600mm/2026/2026-03-01/DSC_1781.NEF,23269,3,Blue,pick,neutral,0.9558,0.2674,0.9959,0.3018,0.5411,0.9873,0.0016,0.0307,-0.0101,0.0549,-0.0084,0.0016,0.0436,-0.0645,a photo with strong subject separation,blurry,0.4288,0.4446,0.4459,0.4452,0.411,0.4295,0.4587,0.398,0.4547,0.391,0.4536,0.4094,0.386,0.5232,v0,bioclip_2_image
48346,/mnt/d/Photos/Z8/180-600mm/2026/2026-03-01/DSC_1782.NEF,23269,3,Blue,pick,neutral,0.9542,0.2492,0.9943,0.245,0.5129,0.989,0.0013,0.0304,-0.011,0.0516,-0.0113,0.0005,0.045,-0.0665,a photo with strong subject separation,blurry,0.4261,0.4431,0.4436,0.4412,0.4083,0.4274,0.4526,0.3957,0.4541,0.392,0.4524,0.4078,0.3824,0.5191,v0,bioclip_2_image
48347,/mnt/d/Photos/Z8/180-600mm/2026/2026-03-01/DSC_1783.NEF,23269,3,Blue,pick,neutral,0.985,0.4156,0.9986,0.1016,0.8435,0.9931,0.0042,0.0418,-0.0034,0.0656,-0.0218,0.0168,0.0496,-0.0548,a photo with strong subject separation,blurry,0.3975,0.4233,0.4209,0.4107,0.3861,0.4034,0.4883,0.3557,0.4267,0.3553,0.4325,0.3692,0.3538,0.5431,v0,bioclip_2_image
48348,/mnt/d/Photos/Z8/180-600mm/2026/2026-03-01/DSC_1784.NEF,23270,3,Blue,pick,neutral,0.9494,0.3115,0.9928,0.2696,0.4465,0.9827,0.0009,0.0293,-0.0079,0.0493,-0.01,-0.0021,0.0404,-0.0704,a photo with strong subject separation,blurry,0.4246,0.4415,0.4438,0.44,0.4094,0.4268,0.4442,0.3953,0.4494,0.3945,0.4499,0.4116,0.3864,0.5147,v0,bioclip_2_image
48349,/mnt/d/Photos/Z8/180-600mm/2026/2026-03-01/DSC_1785.NEF,23270,3,Blue,reject,neutral,0.9534,0.3112,0.9937,0.2991,0.4718,0.9856,0.0008,0.0302,-0.0079,0.0507,-0.0085,-0.0011,0.0423,-0.0718,a photo with strong subject separation,blurry,0.425,0.4426,0.4437,0.4406,0.4122,0.4277,0.4442,0.3948,0.4505,0.393,0.4491,0.4134,0.3854,0.516,v0,bioclip_2_image
48350,/mnt/d/Photos/Z8/180-600mm/2026/2026-03-01/DSC_1786.NEF,23270,3,Blue,reject,neutral,0.9496,0.3103,0.9949,0.2822,0.4511,0.9812,0.0008,0.0294,-0.008,0.0527,-0.0093,-0.002,0.0396,-0.0709,a photo with strong subject separation,blurry,0.4269,0.4439,0.4475,0.4426,0.4119,0.4283,0.4485,0.3975,0.4519,0.3947,0.452,0.4138,0.3888,0.5194,v0,bioclip_2_image
48351,/mnt/d/Photos/Z8/180-600mm/2026/2026-03-01/DSC_1787.NEF,23270,3,Blue,reject,neutral,0.9498,0.3495,0.9946,0.2504,0.439,0.9747,0.0009,0.0294,-0.0062,0.0522,-0.011,-0.0025,0.0365,-0.0707,a photo with strong subject separation,blurry,0.4245,0.4423,0.445,0.4394,0.4121,0.4246,0.4522,0.3951,0.4485,0.3928,0.4503,0.4146,0.3881,0.5229,v0,bioclip_2_image
48352,/mnt/d/Photos/Z8/180-600mm/2026/2026-03-01/DSC_1788.NEF,23270,3,Blue,pick,neutral,0.9506,0.3213,0.9938,0.2736,0.4855,0.9816,0.001,0.0296,-0.0075,0.0507,-0.0098,-0.0006,0.0397,-0.0691,a photo with strong subject separation,blurry,0.4251,0.4437,0.4449,0.4426,0.4116,0.4281,0.4532,0.3955,0.4512,0.3942,0.4524,0.4122,0.3884,0.5223,v0,bioclip_2_image
48353,/mnt/d/Photos/Z8/180-600mm/2026/2026-03-01/DSC_1789.NEF,23270,3,Blue,pick,neutral,0.9493,0.3002,0.994,0.2981,0.4287,0.9836,0.0008,0.0293,-0.0085,0.0511,-0.0086,-0.0029,0.0409,-0.0714,a photo with strong subject separation,blurry,0.423,0.4403,0.4436,0.4393,0.4083,0.4247,0.4452,0.3937,0.4488,0.3925,0.4478,0.4112,0.3838,0.5165,v0,bioclip_2_image
48354,/mnt/d/Photos/Z8/180-600mm/2026/2026-03-01/DSC_1790.NEF,23268,3,Blue,pick,neutral,0.9531,0.309,0.9939,0.3372,0.58,0.9904,0.0012,0.0301,-0.0081,0.051,-0.0068,0.0032,0.0464,-0.0676,a photo with strong subject separation,blurry,0.4234,0.4415,0.4437,0.4414,0.4104,0.4286,0.4502,0.3933,0.4495,0.3927,0.4481,0.4072,0.3822,0.5178,v0,bioclip_2_image
48355,/mnt/d/Photos/Z8/180-600mm/2026/2026-03-01/DSC_1791.NEF,23268,3,Blue,pick,neutral,0.9574,0.337,0.9943,0.3532,0.5994,0.991,0.0011,0.0311,-0.0068,0.0516,-0.0061,0.004,0.0471,-0.0678,a photo with strong subject separation,blurry,0.4245,0.4427,0.4437,0.4418,0.4119,0.4293,0.4479,0.3934,0.4495,0.392,0.4479,0.4079,0.3823,0.5157,v0,bioclip_2_image
48356,/mnt/d/Photos/Z8/180-600mm/2026/2026-03-01/DSC_1792.NEF,23268,3,Blue,pick,neutral,0.9392,0.3099,0.9927,0.3229,0.5225,0.9872,0.0008,0.0274,-0.008,0.0491,-0.0074,0.0009,0.0435,-0.071,a photo with strong subject separation,blurry,0.4227,0.4419,0.442,0.4404,0.4099,0.4257,0.441,0.3953,0.4499,0.3929,0.4478,0.409,0.3822,0.512,v0,bioclip_2_image
48357,/mnt/d/Photos/Z8/180-600mm/2026/2026-03-01/DSC_1793.NEF,23271,4,Blue,pick,picked,0.9466,0.2823,0.9923,0.3863,0.5625,0.9848,0.0011,0.0287,-0.0093,0.0486,-0.0046,0.0025,0.0417,-0.0684,a photo with strong subject separation,blurry,0.4263,0.4447,0.4438,0.4453,0.4134,0.4272,0.4501,0.3976,0.454,0.3952,0.4499,0.4108,0.3855,0.5185,v0,bioclip_2_image
48358,/mnt/d/Photos/Z8/180-600mm/2026/2026-03-01/DSC_1794.NEF,23271,4,Blue,reject,picked,0.944,0.2966,0.9913,0.3527,0.552,0.9855,0.0011,0.0282,-0.0086,0.0473,-0.0061,0.0021,0.0422,-0.0683,a photo with strong subject separation,blurry,0.4241,0.4423,0.4406,0.4409,0.4113,0.425,0.4475,0.3958,0.451,0.3933,0.4469,0.4092,0.3829,0.5157,v0,bioclip_2_image
48359,/mnt/d/Photos/Z8/180-600mm/2026/2026-03-01/DSC_1795.NEF,23271,3,Blue,reject,neutral,0.9386,0.2745,0.9901,0.3423,0.5467,0.9836,0.001,0.0273,-0.0097,0.0461,-0.0065,0.0019,0.0409,-0.0687,a photo with strong subject separation,blurry,0.421,0.4401,0.437,0.4383,0.4075,0.4222,0.4438,0.3938,0.4498,0.3909,0.4449,0.4056,0.3812,0.5125,v0,bioclip_2_image
48360,/mnt/d/Photos/Z8/180-600mm/2026/2026-03-01/DSC_1796.NEF,23271,4,Blue,reject,picked,0.9442,0.2809,0.9917,0.3528,0.5562,0.9843,0.0011,0.0283,-0.0094,0.0479,-0.0061,0.0023,0.0414,-0.0679,a photo with strong subject separation,blurry,0.4241,0.4422,0.4402,0.4404,0.4111,0.4242,0.4451,0.3958,0.4516,0.3923,0.4465,0.4089,0.3828,0.5131,v0,bioclip_2_image
48361,/mnt/d/Photos/Z8/180-600mm/2026/2026-03-01/DSC_1797.NEF,23271,3,Blue,reject,neutral,0.9427,0.2635,0.9917,0.3395,0.5618,0.9834,0.0011,0.028,-0.0103,0.0478,-0.0067,0.0025,0.0408,-0.0684,a photo with strong subject separation,blurry,0.4237,0.4416,0.4402,0.4411,0.4102,0.4242,0.447,0.3957,0.4518,0.3924,0.4477,0.4077,0.3834,0.5154,v0,bioclip_2_image
48362,/mnt/d/Photos/Z8/180-600mm/2026/2026-03-01/DSC_1798.NEF,23271,3,Blue,reject,neutral,0.9382,0.2325,0.9908,0.3584,0.5603,0.9816,0.001,0.0272,-0.0119,0.0468,-0.0058,0.0024,0.0398,-0.0689,a photo with strong subject separation,blurry,0.4231,0.4405,0.4392,0.4417,0.41,0.4238,0.4457,0.3959,0.4524,0.3924,0.4475,0.4075,0.384,0.5146,v0,bioclip_2_image
48363,/mnt/d/Photos/Z8/180-600mm/2026/2026-03-01/DSC_1799.NEF,23271,4,Blue,reject,picked,0.9436,0.2536,0.992,0.3499,0.5711,0.9871,0.0011,0.0282,-0.0108,0.0483,-0.0062,0.0029,0.0433,-0.0685,a photo with strong subject separation,blurry,0.423,0.4414,0.4396,0.4409,0.4103,0.4247,0.4488,0.3948,0.4522,0.3913,0.4471,0.4074,0.3813,0.5173,v0,bioclip_2_image
48364,/mnt/d/Photos/Z8/180-600mm/2026/2026-03-01/DSC_1800.NEF,23271,3,Blue,reject,neutral,0.9409,0.271,0.9907,0.356,0.5453,0.9839,0.0011,0.0277,-0.0099,0.0467,-0.0059,0.0018,0.0411,-0.0685,a photo with strong subject separation,blurry,0.4245,0.4423,0.4414,0.4432,0.4104,0.426,0.4469,0.3968,0.4522,0.3946,0.4491,0.4086,0.3849,0.5155,v0,bioclip_2_image
48365,/mnt/d/Photos/Z8/180-600mm/2026/2026-03-01/DSC_1801.NEF,23271,3,Blue,reject,neutral,0.9427,0.2889,0.9923,0.3221,0.5532,0.9859,0.0012,0.028,-0.009,0.0486,-0.0074,0.0021,0.0425,-0.0675,a photo with strong subject separation,blurry,0.424,0.4436,0.4413,0.4402,0.4105,0.4252,0.447,0.396,0.4526,0.3928,0.4476,0.4083,0.3827,0.5145,v0,bioclip_2_image
48366,/mnt/d/Photos/Z8/180-600mm/2026/2026-03-01/DSC_1802.NEF,23271,3,Blue,reject,neutral,0.9416,0.2936,0.9919,0.3416,0.5508,0.9844,0.0011,0.0278,-0.0088,0.0481,-0.0066,0.002,0.0414,-0.0678,a photo with strong subject separation,blurry,0.4249,0.444,0.4421,0.4419,0.4115,0.4257,0.4472,0.3971,0.4528,0.394,0.4485,0.4094,0.3843,0.515,v0,bioclip_2_image
48367,/mnt/d/Photos/Z8/180-600mm/2026/2026-03-01/DSC_1803.NEF,23271,4,Blue,pick,picked,0.9423,0.2894,0.9907,0.3394,0.564,0.9852,0.0012,0.0279,-0.009,0.0467,-0.0067,0.0026,0.042,-0.0676,a photo with strong subject separation,blurry,0.425,0.4435,0.4415,0.4425,0.4116,0.426,0.4478,0.397,0.4525,0.3948,0.4491,0.4091,0.3841,0.5154,v0,bioclip_2_image
48368,/mnt/d/Photos/Z8/180-600mm/2026/2026-03-01/DSC_1804.NEF,23271,4,Blue,pick,picked,0.9355,0.2571,0.991,0.3399,0.549,0.9809,0.0011,0.0267,-0.0106,0.047,-0.0066,0.002,0.0394,-0.0678,a photo with strong subject separation,blurry,0.4264,0.4446,0.4437,0.4445,0.4127,0.4263,0.449,0.3997,0.4552,0.3968,0.4512,0.4108,0.3869,0.5169,v0,bioclip_2_image
48369,/mnt/d/Photos/Z8/180-600mm/2026/2026-03-01/DSC_1805.NEF,23272,4,Blue,reject,picked,0.9435,0.3076,0.9942,0.3131,0.5149,0.9886,0.001,0.0281,-0.0081,0.0515,-0.0079,0.0006,0.0446,-0.0694,a photo with strong subject separation,blurry,0.4245,0.4431,0.4437,0.4415,0.41,0.4273,0.4444,0.3964,0.4512,0.3922,0.4494,0.4094,0.3827,0.5137,v0,bioclip_2_image
48370,/mnt/d/Photos/Z8/180-600mm/2026/2026-03-01/DSC_1806.NEF,23272,4,Blue,reject,picked,0.9379,0.3019,0.9923,0.2917,0.5392,0.9843,0.0009,0.0271,-0.0084,0.0486,-0.0089,0.0016,0.0414,-0.0697,a photo with strong subject separation,blurry,0.4236,0.442,0.4425,0.4403,0.4098,0.4259,0.4431,0.3964,0.4504,0.3939,0.4491,0.4082,0.3845,0.5129,v0,bioclip_2_image
48371,/mnt/d/Photos/Z8/180-600mm/2026/2026-03-01/DSC_1807.NEF,23272,4,Blue,reject,picked,0.9372,0.3258,0.9931,0.2861,0.5094,0.9826,0.0012,0.027,-0.0073,0.0496,-0.0091,0.0004,0.0403,-0.0672,a photo with strong subject separation,blurry,0.4241,0.4443,0.4435,0.4402,0.4094,0.4252,0.4462,0.397,0.4516,0.3938,0.4493,0.409,0.3849,0.5134,v0,bioclip_2_image
48372,/mnt/d/Photos/Z8/180-600mm/2026/2026-03-01/DSC_1808.NEF,23272,4,Blue,pick,picked,0.9359,0.284,0.9938,0.2708,0.5645,0.9865,0.0008,0.0268,-0.0092,0.0508,-0.0099,0.0026,0.043,-0.0717,a photo with strong subject separation,blurry,0.4244,0.4438,0.4444,0.4421,0.4114,0.4268,0.4455,0.3976,0.453,0.3936,0.452,0.4088,0.3838,0.5172,v0,bioclip_2_image
48373,/mnt/d/Photos/Z8/180-600mm/2026/2026-03-01/DSC_1809.NEF,23272,4,Blue,reject,picked,0.9407,0.3385,0.9918,0.3292,0.5206,0.9863,0.001,0.0276,-0.0067,0.0479,-0.0071,0.0008,0.0427,-0.0687,a photo with strong subject separation,blurry,0.4266,0.4459,0.4444,0.444,0.4111,0.4287,0.4456,0.399,0.4526,0.3964,0.4511,0.4103,0.386,0.5143,v0,bioclip_2_image
48374,/mnt/d/Photos/Z8/180-600mm/2026/2026-03-01/DSC_1810.NEF,23272,4,Blue,reject,picked,0.9407,0.3021,0.9927,0.3058,0.4867,0.9857,0.0009,0.0276,-0.0084,0.0492,-0.0082,-0.0005,0.0424,-0.0697,a photo with strong subject separation,blurry,0.4254,0.4433,0.443,0.442,0.411,0.4275,0.4442,0.3978,0.4516,0.3939,0.4502,0.4115,0.3851,0.5138,v0,bioclip_2_image
48375,/mnt/d/Photos/Z8/180-600mm/2026/2026-03-01/DSC_1811.NEF,23272,4,Blue,pick,picked,0.9337,0.3187,0.9923,0.299,0.4737,0.9842,0.0009,0.0264,-0.0076,0.0486,-0.0085,-0.0011,0.0413,-0.0699,a photo with strong subject separation,blurry,0.4247,0.4427,0.444,0.4408,0.4102,0.4267,0.4439,0.3982,0.4503,0.3954,0.4493,0.4113,0.3854,0.5138,v0,bioclip_2_image
48376,/mnt/d/Photos/Z8/180-600mm/2026/2026-03-01/DSC_1812.NEF,23272,4,Blue,reject,picked,0.9352,0.3256,0.9928,0.3404,0.4677,0.981,0.0008,0.0267,-0.0073,0.0492,-0.0066,-0.0013,0.0395,-0.0711,a photo with strong subject separation,blurry,0.4283,0.4464,0.4473,0.446,0.4138,0.4285,0.4438,0.4016,0.4537,0.3981,0.4526,0.4151,0.389,0.5149,v0,bioclip_2_image
48377,/mnt/d/Photos/Z8/180-600mm/2026/2026-03-01/DSC_1813.NEF,23272,4,Blue,reject,picked,0.9338,0.3055,0.9919,0.3075,0.5035,0.9845,0.0008,0.0265,-0.0082,0.0481,-0.0081,0.0001,0.0415,-0.0707,a photo with strong subject separation,blurry,0.4259,0.4439,0.4435,0.442,0.4118,0.4277,0.4449,0.3994,0.4521,0.3955,0.4501,0.4116,0.3862,0.5156,v0,bioclip_2_image
48378,/mnt/d/Photos/Z8/180-600mm/2026/2026-03-01/DSC_1814.NEF,23272,4,Blue,reject,picked,0.937,0.255,0.9934,0.3373,0.4951,0.9843,0.0009,0.027,-0.0107,0.0502,-0.0068,-0.0002,0.0414,-0.07,a photo with strong subject separation,blurry,0.426,0.4431,0.4454,0.4416,0.4123,0.4269,0.4496,0.399,0.4538,0.3952,0.4484,0.4125,0.3855,0.5196,v0,bioclip_2_image
48379,/mnt/d/Photos/Z8/180-600mm/2026/2026-03-01/DSC_1815.NEF,23272,4,Blue,reject,picked,0.9386,0.2745,0.9943,0.2996,0.4786,0.9861,0.001,0.0273,-0.0097,0.0516,-0.0085,-0.0009,0.0426,-0.0694,a photo with strong subject separation,blurry,0.4254,0.443,0.4443,0.4411,0.4097,0.4261,0.4464,0.3981,0.4528,0.3927,0.4496,0.4106,0.3835,0.5158,v0,bioclip_2_image
48380,/mnt/d/Photos/Z8/180-600mm/2026/2026-03-01/DSC_1816.NEF,23272,4,Blue,reject,picked,0.9434,0.2787,0.9943,0.3179,0.4432,0.9879,0.0009,0.0281,-0.0095,0.0517,-0.0076,-0.0023,0.044,-0.0696,a photo with strong subject separation,blurry,0.4279,0.4454,0.4463,0.4429,0.4102,0.4286,0.4481,0.3998,0.4549,0.3946,0.4506,0.4125,0.3846,0.5177,v0,bioclip_2_image
48381,/mnt/d/Photos/Z8/180-600mm/2026/2026-03-01/DSC_1817.NEF,23272,4,Blue,reject,picked,0.9478,0.3286,0.9949,0.3199,0.5245,0.9889,0.0009,0.029,-0.0071,0.0527,-0.0075,0.001,0.0449,-0.0697,a photo with strong subject separation,blurry,0.4262,0.4451,0.445,0.4412,0.4105,0.4274,0.4474,0.3972,0.4522,0.3923,0.4488,0.4095,0.3825,0.5171,v0,bioclip_2_image
48382,/mnt/d/Photos/Z8/180-600mm/2026/2026-03-01/DSC_1818.NEF,23272,4,Blue,reject,picked,0.9486,0.2488,0.9937,0.356,0.5,0.9906,0.001,0.0292,-0.0111,0.0507,-0.0059,0.0,0.0465,-0.069,a photo with strong subject separation,blurry,0.4261,0.4426,0.4435,0.4422,0.4102,0.428,0.4482,0.3969,0.4536,0.3928,0.4482,0.4102,0.3814,0.5172,v0,bioclip_2_image
48383,/mnt/d/Photos/Z8/180-600mm/2026/2026-03-01/DSC_1819.NEF,23272,4,Blue,reject,picked,0.9498,0.2712,0.9931,0.3711,0.5059,0.9885,0.001,0.0294,-0.0099,0.0496,-0.0053,0.0002,0.0446,-0.069,a photo with strong subject separation,blurry,0.426,0.4434,0.4426,0.444,0.4097,0.4282,0.4474,0.3966,0.4532,0.3929,0.4493,0.4095,0.3837,0.5165,v0,bioclip_2_image
48384,/mnt/d/Photos/Z8/180-600mm/2026/2026-03-01/DSC_1820.NEF,23272,4,Blue,reject,picked,0.9428,0.2697,0.9929,0.3092,0.5346,0.9884,0.0013,0.028,-0.01,0.0494,-0.008,0.0014,0.0445,-0.0663,a photo with strong subject separation,blurry,0.4217,0.4405,0.4386,0.4372,0.4068,0.4232,0.4475,0.3936,0.4504,0.3892,0.4453,0.4054,0.3787,0.5138,v0,bioclip_2_image
48385,/mnt/d/Photos/Z8/180-600mm/2026/2026-03-01/DSC_1821.NEF,23272,4,Blue,reject,picked,0.937,0.306,0.9921,0.2702,0.5389,0.9848,0.0012,0.027,-0.0082,0.0484,-0.0099,0.0016,0.0417,-0.0671,a photo with strong subject separation,blurry,0.4222,0.4418,0.4392,0.4366,0.4066,0.4224,0.4465,0.3952,0.45,0.3909,0.4465,0.4051,0.3807,0.5136,v0,bioclip_2_image
48386,/mnt/d/Photos/Z8/180-600mm/2026/2026-03-01/DSC_1822.NEF,23272,4,Blue,reject,picked,0.945,0.2758,0.9926,0.3145,0.5377,0.9869,0.0011,0.0284,-0.0097,0.049,-0.0078,0.0015,0.0432,-0.0684,a photo with strong subject separation,blurry,0.4231,0.4415,0.44,0.4398,0.4083,0.4246,0.4446,0.3946,0.4511,0.391,0.4476,0.4067,0.3813,0.513,v0,bioclip_2_image
48387,/mnt/d/Photos/Z8/180-600mm/2026/2026-03-01/DSC_1823.NEF,23272,4,Blue,reject,picked,0.9468,0.2668,0.9938,0.3167,0.5228,0.9896,0.0012,0.0288,-0.0101,0.0508,-0.0077,0.0009,0.0456,-0.0675,a photo with strong subject separation,blurry,0.4259,0.4446,0.443,0.4432,0.4109,0.4278,0.4498,0.3971,0.4547,0.3922,0.4509,0.41,0.3822,0.5173,v0,bioclip_2_image
48388,/mnt/d/Photos/Z8/180-600mm/2026/2026-03-01/DSC_1824.NEF,23272,4,Blue,reject,picked,0.943,0.2799,0.9923,0.337,0.5403,0.9891,0.0013,0.0281,-0.0094,0.0486,-0.0068,0.0016,0.0451,-0.0667,a photo with strong subject separation,blurry,0.4223,0.4407,0.4397,0.4393,0.4091,0.4243,0.4476,0.3942,0.4502,0.3912,0.4461,0.4075,0.3792,0.5144,v0,bioclip_2_image
48389,/mnt/d/Photos/Z8/180-600mm/2026/2026-03-01/DSC_1825.NEF,23272,4,Blue,reject,picked,0.9318,0.2579,0.9916,0.2859,0.5334,0.9831,0.0011,0.0261,-0.0106,0.0477,-0.0092,0.0013,0.0407,-0.0685,a photo with strong subject separation,blurry,0.4218,0.4396,0.4385,0.4381,0.4087,0.4227,0.4432,0.3957,0.4502,0.3908,0.4473,0.4073,0.382,0.5118,v0,bioclip_2_image
48390,/mnt/d/Photos/Z8/180-600mm/2026/2026-03-01/DSC_1826.NEF,23272,4,Blue,reject,picked,0.9386,0.2854,0.9922,0.2885,0.5226,0.987,0.0011,0.0273,-0.0092,0.0485,-0.009,0.0009,0.0433,-0.0681,a photo with strong subject separation,blurry,0.4223,0.4407,0.439,0.4387,0.4085,0.4244,0.4438,0.3951,0.4499,0.3904,0.4477,0.4076,0.3811,0.5119,v0,bioclip_2_image
48391,/mnt/d/Photos/Z8/180-600mm/2026/2026-03-01/DSC_1827.NEF,23272,4,Blue,reject,picked,0.9445,0.2719,0.9929,0.3142,0.517,0.9887,0.0011,0.0283,-0.0098,0.0495,-0.0078,0.0007,0.0447,-0.0679,a photo with strong subject separation,blurry,0.4233,0.4413,0.4416,0.4402,0.4103,0.4252,0.4488,0.3949,0.4511,0.3922,0.448,0.4096,0.3805,0.5168,v0,bioclip_2_image
48392,/mnt/d/Photos/Z8/180-600mm/2026/2026-03-01/DSC_1828.NEF,23272,4,Blue,reject,picked,0.9403,0.2687,0.9912,0.312,0.5333,0.9866,0.001,0.0276,-0.01,0.0472,-0.0079,0.0013,0.043,-0.0688,a photo with strong subject separation,blurry,0.4223,0.4405,0.4387,0.4387,0.4088,0.4242,0.4451,0.3947,0.4505,0.3915,0.4466,0.4074,0.3812,0.5139,v0,bioclip_2_image
48393,/mnt/d/Photos/Z8/180-600mm/2026/2026-03-01/DSC_1829.NEF,23272,4,Blue,pick,picked,0.9514,0.3269,0.9931,0.3607,0.5548,0.9918,0.0013,0.0297,-0.0072,0.0497,-0.0057,0.0022,0.048,-0.0668,a photo with strong subject separation,blurry,0.4248,0.4438,0.4418,0.4405,0.4122,0.4278,0.4529,0.395,0.451,0.3921,0.4462,0.41,0.3798,0.5196,v0,bioclip_2_image
48394,/mnt/d/Photos/Z8/180-600mm/2026/2026-03-01/DSC_1830.NEF,23272,4,Blue,reject,picked,0.951,0.3363,0.9933,0.3478,0.5362,0.992,0.0014,0.0297,-0.0068,0.05,-0.0063,0.0014,0.0483,-0.0658,a photo with strong subject separation,blurry,0.4236,0.4435,0.4409,0.4391,0.4099,0.4261,0.4539,0.394,0.4503,0.3909,0.4454,0.4085,0.3778,0.5197,v0,bioclip_2_image
48395,/mnt/d/Photos/Z8/180-600mm/2026/2026-03-01/DSC_1831.NEF,23272,4,Blue,reject,picked,0.9465,0.2961,0.9922,0.3635,0.555,0.9907,0.0011,0.0287,-0.0087,0.0485,-0.0056,0.0022,0.0467,-0.0683,a photo with strong subject separation,blurry,0.4224,0.4408,0.439,0.4388,0.4121,0.4258,0.4505,0.3936,0.4494,0.3905,0.4444,0.4098,0.3791,0.5188,v0,bioclip_2_image
48396,/mnt/d/Photos/Z8/180-600mm/2026/2026-03-01/DSC_1832.NEF,23272,4,Blue,reject,picked,0.9455,0.3236,0.993,0.334,0.5357,0.989,0.001,0.0285,-0.0074,0.0495,-0.0069,0.0014,0.045,-0.069,a photo with strong subject separation,blurry,0.4245,0.4435,0.4421,0.4403,0.4114,0.4275,0.4458,0.396,0.4509,0.3926,0.4472,0.41,0.3825,0.5148,v0,bioclip_2_image
48397,/mnt/d/Photos/Z8/180-600mm/2026/2026-03-01/DSC_1833.NEF,23272,4,Blue,reject,picked,0.942,0.3148,0.9927,0.3314,0.5133,0.9898,0.001,0.0279,-0.0078,0.0492,-0.007,0.0005,0.0457,-0.0691,a photo with strong subject separation,blurry,0.4251,0.4435,0.4419,0.4406,0.4114,0.4282,0.4454,0.3972,0.4513,0.3927,0.4477,0.4108,0.3825,0.5145,v0,bioclip_2_image
48398,/mnt/d/Photos/Z8/180-600mm/2026/2026-03-01/DSC_1834.NEF,23272,4,Blue,reject,picked,0.9431,0.329,0.9932,0.3412,0.5421,0.9878,0.001,0.0281,-0.0071,0.0498,-0.0066,0.0017,0.0439,-0.0695,a photo with strong subject separation,blurry,0.4248,0.4445,0.4432,0.4409,0.4115,0.4268,0.4455,0.3968,0.4516,0.3935,0.4475,0.4098,0.3829,0.515,v0,bioclip_2_image
48399,/mnt/d/Photos/Z8/180-600mm/2026/2026-03-01/DSC_1835.NEF,23272,4,Blue,reject,picked,0.9474,0.3065,0.9941,0.352,0.5199,0.9905,0.0012,0.0289,-0.0082,0.0513,-0.0061,0.0008,0.0465,-0.0671,a photo with strong subject separation,blurry,0.4254,0.4447,0.4441,0.4425,0.412,0.4294,0.4525,0.3965,0.4528,0.3928,0.4486,0.4112,0.3829,0.5196,v0,bioclip_2_image
48400,/mnt/d/Photos/Z8/180-600mm/2026/2026-03-01/DSC_1836.NEF,23272,4,Blue,reject,picked,0.9404,0.2894,0.9915,0.3549,0.528,0.9872,0.001,0.0276,-0.009,0.0476,-0.006,0.0011,0.0435,-0.0689,a photo with strong subject separation,blurry,0.4235,0.442,0.4407,0.4402,0.4109,0.4259,0.4486,0.3959,0.451,0.3931,0.4461,0.4098,0.3825,0.5175,v0,bioclip_2_image
48401,/mnt/d/Photos/Z8/180-600mm/2026/2026-03-01/DSC_1837.NEF,23272,4,Blue,reject,picked,0.947,0.3351,0.9932,0.3348,0.5339,0.9882,0.0012,0.0288,-0.0069,0.0499,-0.0069,0.0014,0.0443,-0.0674,a photo with strong subject separation,blurry,0.4212,0.4414,0.44,0.4383,0.4086,0.424,0.4479,0.3924,0.4482,0.3902,0.4452,0.4072,0.3797,0.5153,v0,bioclip_2_image
48402,/mnt/d/Photos/Z8/180-600mm/2026/2026-03-01/DSC_1838.NEF,23272,4,Blue,reject,picked,0.9531,0.3583,0.9936,0.3638,0.5439,0.9902,0.0014,0.0301,-0.0058,0.0504,-0.0056,0.0018,0.0461,-0.0659,a photo with strong subject separation,blurry,0.4222,0.4425,0.441,0.44,0.4091,0.4266,0.4532,0.3921,0.4483,0.3906,0.4455,0.4074,0.3805,0.5191,v0,bioclip_2_image
48403,/mnt/d/Photos/Z8/180-600mm/2026/2026-03-01/DSC_1839.NEF,23272,4,Blue,reject,picked,0.9466,0.3311,0.9925,0.3508,0.5116,0.9883,0.0011,0.0288,-0.007,0.0488,-0.0062,0.0005,0.0444,-0.0679,a photo with strong subject separation,blurry,0.4225,0.4419,0.4402,0.4392,0.4095,0.4256,0.4468,0.3937,0.4489,0.3914,0.4454,0.4091,0.3812,0.5147,v0,bioclip_2_image
48404,/mnt/d/Photos/Z8/180-600mm/2026/2026-03-01/DSC_1840.NEF,23272,4,Blue,pick,picked,0.9334,0.2998,0.9943,0.2917,0.5125,0.9762,0.0012,0.0264,-0.0085,0.0516,-0.0089,0.0005,0.0371,-0.0669,a photo with strong subject separation,blurry,0.4253,0.4459,0.4478,0.4429,0.4094,0.4244,0.4533,0.3989,0.4544,0.3962,0.4518,0.4089,0.3872,0.5202,v0,bioclip_2_image
48405,/mnt/d/Photos/Z8/180-600mm/2026/2026-03-01/DSC_1841.NEF,23272,4,Blue,reject,picked,0.9437,0.349,0.9946,0.2785,0.5353,0.9786,0.0012,0.0282,-0.0062,0.0522,-0.0095,0.0014,0.0382,-0.0671,a photo with strong subject separation,blurry,0.4243,0.4452,0.447,0.4395,0.4084,0.424,0.4529,0.3961,0.4514,0.3948,0.449,0.4069,0.3858,0.52,v0,bioclip_2_image
48406,/mnt/d/Photos/Z8/180-600mm/2026/2026-03-01/DSC_1842.NEF,23272,4,Blue,reject,picked,0.9385,0.3529,0.9941,0.2675,0.4459,0.9693,0.0014,0.0273,-0.0061,0.0514,-0.0101,-0.0022,0.0345,-0.0656,high quality,blurry,0.4256,0.4467,0.4479,0.4417,0.4084,0.4222,0.4551,0.3983,0.4528,0.3965,0.4518,0.4105,0.3877,0.5207,v0,bioclip_2_image
48407,/mnt/d/Photos/Z8/180-600mm/2026/2026-03-01/DSC_1843.NEF,23272,4,Blue,reject,picked,0.9432,0.3354,0.9934,0.2857,0.4944,0.9753,0.0013,0.0281,-0.0068,0.0502,-0.0092,-0.0002,0.0368,-0.0666,a photo with strong subject separation,blurry,0.4258,0.4463,0.4459,0.4417,0.4097,0.4246,0.4532,0.3977,0.4531,0.3957,0.4509,0.4099,0.3878,0.5198,v0,bioclip_2_image
48408,/mnt/d/Photos/Z8/180-600mm/2026/2026-03-01/DSC_1844.NEF,23272,4,Blue,reject,picked,0.9314,0.303,0.997,0.182,0.4627,0.9795,0.0013,0.0261,-0.0083,0.0579,-0.015,-0.0015,0.0386,-0.0662,a photo with strong subject separation,blurry,0.4181,0.4403,0.4436,0.4307,0.4006,0.4175,0.4666,0.392,0.4487,0.3857,0.4457,0.4021,0.3788,0.5328,v0,bioclip_2_image
48409,/mnt/d/Photos/Z8/180-600mm/2026/2026-03-01/DSC_1845.NEF,23272,4,Blue,reject,picked,0.9423,0.3326,0.9933,0.3063,0.487,0.979,0.0014,0.0279,-0.007,0.05,-0.0082,-0.0005,0.0384,-0.0655,a photo with strong subject separation,blurry,0.4286,0.4484,0.4472,0.4442,0.4112,0.4276,0.452,0.4007,0.4554,0.3972,0.4524,0.4118,0.3892,0.5176,v0,bioclip_2_image
48410,/mnt/d/Photos/Z8/180-600mm/2026/2026-03-01/DSC_1846.NEF,23272,4,Blue,reject,picked,0.9358,0.2503,0.9927,0.2998,0.484,0.9822,0.0009,0.0268,-0.011,0.0491,-0.0085,-0.0006,0.0401,-0.0697,a photo with strong subject separation,blurry,0.4276,0.4457,0.4471,0.4433,0.4124,0.4291,0.4517,0.4008,0.4567,0.398,0.4518,0.413,0.389,0.5215,v0,bioclip_2_image
48411,/mnt/d/Photos/Z8/180-600mm/2026/2026-03-01/DSC_1847.NEF,23272,4,Blue,reject,picked,0.9415,0.2711,0.9939,0.2863,0.4737,0.9833,0.001,0.0278,-0.0099,0.051,-0.0091,-0.0011,0.0408,-0.0688,a photo with strong subject separation,blurry,0.4275,0.4465,0.4473,0.4441,0.4121,0.4286,0.4525,0.3998,0.4564,0.3963,0.4532,0.4132,0.3879,0.5212,v0,bioclip_2_image
48412,/mnt/d/Photos/Z8/180-600mm/2026/2026-03-01/DSC_1848.NEF,23272,4,Blue,reject,picked,0.9387,0.2923,0.9936,0.3295,0.4862,0.9794,0.0013,0.0273,-0.0088,0.0505,-0.0071,-0.0006,0.0386,-0.0668,a photo with strong subject separation,blurry,0.4265,0.4456,0.4461,0.4434,0.4117,0.427,0.4509,0.3992,0.4545,0.3956,0.4505,0.4122,0.3884,0.5177,v0,bioclip_2_image
48413,/mnt/d/Photos/Z8/180-600mm/2026/2026-03-01/DSC_1849.NEF,23273,3,Blue,reject,neutral,0.9475,0.3115,0.9922,0.345,0.5246,0.9817,0.0014,0.0289,-0.0079,0.0485,-0.0064,0.001,0.0398,-0.0658,a photo with strong subject separation,blurry,0.4286,0.4491,0.4456,0.4455,0.4145,0.4307,0.4589,0.3996,0.457,0.3971,0.4519,0.4135,0.3909,0.5247,v0,bioclip_2_image
48414,/mnt/d/Photos/Z8/180-600mm/2026/2026-03-01/DSC_1850.NEF,23273,4,Blue,reject,picked,0.9431,0.2852,0.991,0.3593,0.5612,0.9815,0.0014,0.0281,-0.0092,0.047,-0.0058,0.0025,0.0397,-0.0654,a photo with strong subject separation,blurry,0.4261,0.4461,0.4425,0.4434,0.4131,0.4273,0.453,0.398,0.4553,0.3954,0.4492,0.4106,0.3876,0.5185,v0,bioclip_2_image
48415,/mnt/d/Photos/Z8/180-600mm/2026/2026-03-01/DSC_1851.NEF,23273,4,Blue,pick,picked,0.9516,0.3367,0.993,0.3279,0.5779,0.9844,0.0014,0.0298,-0.0068,0.0495,-0.0072,0.0031,0.0415,-0.0655,a photo with strong subject separation,blurry,0.4257,0.4471,0.4425,0.4426,0.4122,0.4277,0.4545,0.3959,0.4539,0.393,0.4497,0.409,0.3862,0.52,v0,bioclip_2_image
48416,/mnt/d/Photos/Z8/180-600mm/2026/2026-03-01/DSC_1852.NEF,23273,4,Blue,reject,picked,0.9476,0.3463,0.9926,0.3265,0.5209,0.986,0.0013,0.029,-0.0064,0.049,-0.0072,0.0008,0.0425,-0.0664,a photo with strong subject separation,blurry,0.4245,0.4451,0.4406,0.4418,0.4104,0.4265,0.4491,0.3955,0.4514,0.3915,0.449,0.4096,0.384,0.5155,v0,bioclip_2_image
48417,/mnt/d/Photos/Z8/180-600mm/2026/2026-03-01/DSC_1853.NEF,23273,4,Blue,pick,picked,0.9485,0.3429,0.9921,0.3259,0.5291,0.9863,0.0013,0.0291,-0.0065,0.0484,-0.0073,0.0012,0.0427,-0.0665,a photo with strong subject separation,blurry,0.4242,0.4451,0.4398,0.4407,0.4105,0.4261,0.4475,0.3951,0.4516,0.3914,0.4479,0.4093,0.3834,0.5141,v0,bioclip_2_image
48418,/mnt/d/Photos/Z8/180-600mm/2026/2026-03-01/DSC_1854.NEF,23273,3,Blue,reject,neutral,0.9473,0.3259,0.9923,0.3571,0.5594,0.9858,0.0013,0.0289,-0.0073,0.0486,-0.0059,0.0024,0.0424,-0.0663,a photo with strong subject separation,blurry,0.425,0.4455,0.4407,0.4423,0.4116,0.4262,0.45,0.3961,0.4528,0.3921,0.4481,0.4092,0.3838,0.5163,v0,bioclip_2_image
48419,/mnt/d/Photos/Z8/180-600mm/2026/2026-03-01/DSC_1855.NEF,23273,4,Blue,reject,picked,0.9414,0.3466,0.9899,0.311,0.5434,0.9834,0.0013,0.0278,-0.0063,0.0459,-0.008,0.0017,0.0408,-0.0665,a photo with strong subject separation,blurry,0.424,0.4448,0.4392,0.44,0.4105,0.4248,0.4474,0.3963,0.4511,0.3933,0.448,0.4088,0.384,0.5138,v0,bioclip_2_image
48420,/mnt/d/Photos/Z8/180-600mm/2026/2026-03-01/DSC_1856.NEF,23273,3,Blue,reject,neutral,0.9482,0.3746,0.9921,0.3071,0.5432,0.9887,0.0017,0.0291,-0.0051,0.0483,-0.0081,0.0017,0.0447,-0.0638,a photo with strong subject separation,blurry,0.4217,0.4442,0.4388,0.4374,0.4099,0.4254,0.4559,0.3927,0.4494,0.3905,0.4455,0.4081,0.3807,0.5197,v0,bioclip_2_image
48421,/mnt/d/Photos/Z8/180-600mm/2026/2026-03-01/DSC_1857.NEF,23273,3,Blue,reject,neutral,0.9325,0.316,0.9896,0.3197,0.512,0.967,0.001,0.0263,-0.0077,0.0456,-0.0076,0.0005,0.0338,-0.0689,a photo with strong subject separation,blurry,0.4275,0.4472,0.4455,0.4444,0.4146,0.4271,0.4501,0.4012,0.4549,0.3999,0.452,0.4142,0.3933,0.5191,v0,bioclip_2_image
48422,/mnt/d/Photos/Z8/180-600mm/2026/2026-03-01/DSC_1858.NEF,23273,4,Blue,pick,picked,0.9402,0.2951,0.992,0.3277,0.491,0.9835,0.001,0.0276,-0.0087,0.0482,-0.0072,-0.0004,0.0409,-0.0692,a photo with strong subject separation,blurry,0.4282,0.4488,0.4471,0.4461,0.4146,0.4313,0.4506,0.4007,0.4575,0.3989,0.4533,0.415,0.3904,0.5198,v0,bioclip_2_image
48423,/mnt/d/Photos/Z8/180-600mm/2026/2026-03-01/DSC_1859.NEF,23273,4,Blue,reject,picked,0.9471,0.3685,0.9911,0.3274,0.5141,0.9809,0.0012,0.0289,-0.0054,0.0472,-0.0072,0.0006,0.0394,-0.0669,a photo with strong subject separation,blurry,0.4276,0.4484,0.4451,0.4439,0.4143,0.4305,0.452,0.3987,0.4538,0.398,0.4511,0.4137,0.3911,0.5189,v0,bioclip_2_image
48424,/mnt/d/Photos/Z8/180-600mm/2026/2026-03-01/DSC_1860.NEF,23273,4,Blue,reject,picked,0.9452,0.3062,0.9921,0.3358,0.5028,0.9862,0.0011,0.0285,-0.0082,0.0483,-0.0068,0.0001,0.0427,-0.0679,a photo with strong subject separation,blurry,0.4254,0.4456,0.443,0.444,0.4115,0.4281,0.4471,0.3969,0.4538,0.3947,0.4508,0.4114,0.3854,0.515,v0,bioclip_2_image
48425,/mnt/d/Photos/Z8/180-600mm/2026/2026-03-01/DSC_1861.NEF,23272,4,Blue,reject,picked,0.9323,0.2894,0.9929,0.3726,0.4836,0.9819,0.001,0.0262,-0.009,0.0494,-0.0052,-0.0007,0.0399,-0.0694,high quality,blurry,0.4245,0.4433,0.4433,0.4438,0.4103,0.4257,0.4438,0.3982,0.4523,0.3939,0.449,0.4109,0.3858,0.5132,v0,bioclip_2_image
48426,/mnt/d/Photos/Z8/180-600mm/2026/2026-03-01/DSC_1862.NEF,23272,4,Blue,reject,picked,0.9306,0.2957,0.9939,0.3522,0.4601,0.9832,0.0012,0.026,-0.0087,0.0509,-0.0061,-0.0016,0.0407,-0.0674,a photo with strong subject separation,blurry,0.427,0.447,0.446,0.4455,0.4111,0.4274,0.4467,0.401,0.4557,0.3951,0.4516,0.4127,0.3867,0.5141,v0,bioclip_2_image
48427,/mnt/d/Photos/Z8/180-600mm/2026/2026-03-01/DSC_1863.NEF,23272,4,Blue,reject,picked,0.9328,0.2877,0.9942,0.35,0.4797,0.9861,0.0011,0.0263,-0.0091,0.0514,-0.0062,-0.0008,0.0426,-0.0677,a photo with strong subject separation,blurry,0.4249,0.4453,0.4442,0.4446,0.4102,0.4269,0.4474,0.3986,0.4543,0.3928,0.4508,0.411,0.3843,0.5152,v0,bioclip_2_image
48428,/mnt/d/Photos/Z8/180-600mm/2026/2026-03-01/DSC_1864.NEF,23272,4,Blue,reject,picked,0.9422,0.287,0.9932,0.3692,0.4916,0.9841,0.0011,0.0279,-0.0091,0.0498,-0.0054,-0.0003,0.0413,-0.0682,a photo with strong subject separation,blurry,0.4248,0.4429,0.4424,0.4436,0.4111,0.4262,0.4469,0.3969,0.452,0.3926,0.4489,0.4114,0.3849,0.5151,v0,bioclip_2_image
48429,/mnt/d/Photos/Z8/180-600mm/2026/2026-03-01/DSC_1865.NEF,23272,4,Blue,reject,picked,0.923,0.255,0.9926,0.3226,0.4668,0.9799,0.0009,0.0248,-0.0107,0.049,-0.0074,-0.0013,0.0389,-0.0697,a photo with strong subject separation,blurry,0.4253,0.4438,0.4429,0.4441,0.4108,0.4255,0.4436,0.4005,0.4545,0.394,0.4515,0.4121,0.3866,0.5133,v0,bioclip_2_image
48430,/mnt/d/Photos/Z8/180-600mm/2026/2026-03-01/DSC_1866.NEF,23272,4,Blue,pick,picked,0.9344,0.3155,0.9942,0.2568,0.4262,0.9828,0.0015,0.0266,-0.0077,0.0514,-0.0106,-0.003,0.0405,-0.065,a photo with strong subject separation,blurry,0.4206,0.4414,0.4409,0.4328,0.4024,0.4214,0.4545,0.3941,0.4492,0.3894,0.4434,0.4054,0.3809,0.5196,v0,bioclip_2_image
48431,/mnt/d/Photos/Z8/180-600mm/2026/2026-03-01/DSC_1867.NEF,23272,4,Blue,reject,picked,0.9497,0.3523,0.9968,0.3005,0.4753,0.9847,0.0016,0.0294,-0.0061,0.0573,-0.0084,-0.001,0.0416,-0.0642,a photo with strong subject separation,blurry,0.4301,0.4515,0.4508,0.4468,0.4105,0.4299,0.4597,0.4008,0.4576,0.3935,0.4553,0.4115,0.3883,0.524,v0,bioclip_2_image
48432,/mnt/d/Photos/Z8/180-600mm/2026/2026-03-01/DSC_1868.NEF,23272,4,Blue,reject,picked,0.9429,0.2721,0.9965,0.2933,0.4521,0.9866,0.0014,0.028,-0.0098,0.0565,-0.0088,-0.0019,0.043,-0.0657,a photo with strong subject separation,blurry,0.4254,0.4456,0.4467,0.4398,0.4076,0.4269,0.4576,0.3974,0.4554,0.3901,0.4486,0.4095,0.384,0.5233,v0,bioclip_2_image
48433,/mnt/d/Photos/Z8/180-600mm/2026/2026-03-01/DSC_1869.NEF,23272,4,Blue,reject,picked,0.9336,0.353,0.9927,0.3359,0.4814,0.979,0.0012,0.0264,-0.0061,0.0491,-0.0068,-0.0007,0.0384,-0.0673,high quality,blurry,0.4257,0.4469,0.4426,0.4421,0.4102,0.4252,0.4505,0.3993,0.4529,0.3935,0.4489,0.4109,0.3868,0.5178,v0,bioclip_2_image
48434,/mnt/d/Photos/Z8/180-600mm/2026/2026-03-01/DSC_1870.NEF,23272,4,Blue,pick,picked,0.9471,0.2942,0.9935,0.3548,0.4398,0.9856,0.0012,0.0288,-0.0088,0.0502,-0.006,-0.0024,0.0423,-0.0673,a photo with strong subject separation,blurry,0.4251,0.4426,0.4433,0.4427,0.4097,0.4271,0.4493,0.3963,0.4514,0.3931,0.4487,0.4121,0.3848,0.5166,v0,bioclip_2_image
48435,/mnt/d/Photos/Z8/180-600mm/2026/2026-03-01/DSC_1871.NEF,23272,4,Blue,reject,picked,0.9489,0.3034,0.9944,0.364,0.4618,0.9879,0.0012,0.0292,-0.0083,0.0517,-0.0056,-0.0015,0.0441,-0.0674,a photo with strong subject separation,blurry,0.4259,0.4441,0.4441,0.4428,0.4112,0.4284,0.4496,0.3966,0.4524,0.3924,0.4484,0.4127,0.3843,0.517,v0,bioclip_2_image
48436,/mnt/d/Photos/Z8/180-600mm/2026/2026-03-01/DSC_1872.NEF,23272,3,Blue,neutral,neutral,0.9432,0.3249,0.9957,0.3558,0.4582,0.982,0.0013,0.0281,-0.0073,0.0545,-0.0059,-0.0017,0.04,-0.0664,high quality,blurry,0.4288,0.4495,0.4495,0.4484,0.4115,0.4279,0.4549,0.4008,0.4568,0.3949,0.4543,0.4132,0.3879,0.5214,v0,bioclip_2_image
48437,/mnt/d/Photos/Z8/180-600mm/2026/2026-03-01/DSC_1873.NEF,23272,4,Blue,reject,picked,0.9549,0.3724,0.9945,0.3565,0.5754,0.9811,0.0013,0.0305,-0.0052,0.0521,-0.0059,0.003,0.0395,-0.0667,a photo with strong subject separation,blurry,0.4247,0.4448,0.4443,0.4411,0.4114,0.425,0.448,0.3941,0.45,0.3922,0.447,0.4084,0.3856,0.5147,v0,bioclip_2_image
48438,/mnt/d/Photos/Z8/180-600mm/2026/2026-03-01/DSC_1874.NEF,23272,4,Blue,reject,picked,0.9516,0.3704,0.9947,0.3457,0.5227,0.981,0.0012,0.0298,-0.0053,0.0524,-0.0064,0.0009,0.0395,-0.0672,a photo with strong subject separation,blurry,0.4258,0.4468,0.4444,0.4411,0.4099,0.4251,0.4479,0.396,0.4521,0.392,0.4475,0.409,0.3857,0.5151,v0,bioclip_2_image
48439,/mnt/d/Photos/Z8/180-600mm/2026/2026-03-01/DSC_1875.NEF,23272,4,Blue,reject,picked,0.9411,0.3388,0.9951,0.216,0.4339,0.9816,0.0011,0.0277,-0.0067,0.0531,-0.0129,-0.0027,0.0398,-0.0678,high quality,blurry,0.4261,0.447,0.4468,0.4374,0.4084,0.4259,0.4502,0.3984,0.4537,0.3937,0.4503,0.4111,0.3861,0.5181,v0,bioclip_2_image
48440,/mnt/d/Photos/Z8/180-600mm/2026/2026-03-01/DSC_1876.NEF,23272,4,Blue,reject,picked,0.9451,0.2971,0.9928,0.3437,0.5357,0.9791,0.0012,0.0285,-0.0086,0.0493,-0.0065,0.0014,0.0385,-0.0674,a photo with strong subject separation,blurry,0.4252,0.4446,0.4436,0.4421,0.4113,0.4256,0.4458,0.3968,0.4532,0.3943,0.4486,0.4099,0.3872,0.5132,v0,bioclip_2_image
48441,/mnt/d/Photos/Z8/180-600mm/2026/2026-03-01/DSC_1877.NEF,23272,4,Blue,reject,picked,0.9506,0.3328,0.9943,0.3599,0.5518,0.9849,0.0014,0.0296,-0.007,0.0517,-0.0058,0.0021,0.0418,-0.0655,a photo with strong subject separation,blurry,0.4263,0.4465,0.445,0.4438,0.4108,0.4272,0.4527,0.3968,0.4534,0.3934,0.4496,0.4088,0.3854,0.5181,v0,bioclip_2_image
48442,/mnt/d/Photos/Z8/180-600mm/2026/2026-03-01/DSC_1878.NEF,23272,4,Blue,reject,picked,0.9362,0.2785,0.994,0.353,0.4646,0.9828,0.0011,0.0269,-0.0095,0.0512,-0.0061,-0.0014,0.0405,-0.0685,a photo with strong subject separation,blurry,0.4243,0.4439,0.4446,0.4421,0.4086,0.4248,0.4467,0.3974,0.4534,0.3934,0.4482,0.41,0.3843,0.5152,v0,bioclip_2_image
48443,/mnt/d/Photos/Z8/180-600mm/2026/2026-03-01/DSC_1879.NEF,23272,4,Blue,reject,picked,0.9373,0.3274,0.9948,0.3584,0.4754,0.9805,0.0012,0.0271,-0.0072,0.0526,-0.0058,-0.001,0.0392,-0.0676,high quality,blurry,0.4279,0.4481,0.4483,0.4451,0.4115,0.4276,0.4518,0.4008,0.4553,0.3958,0.451,0.4125,0.3884,0.5194,v0,bioclip_2_image
48444,/mnt/d/Photos/Z8/180-600mm/2026/2026-03-01/DSC_1880.NEF,23272,4,Blue,reject,picked,0.9341,0.2812,0.9962,0.3179,0.3872,0.9822,0.001,0.0265,-0.0094,0.0556,-0.0076,-0.0046,0.0401,-0.0695,high quality,blurry,0.4274,0.4472,0.4489,0.4443,0.4081,0.4267,0.452,0.4009,0.4566,0.3932,0.4519,0.4126,0.3866,0.5215,v0,bioclip_2_image
48445,/mnt/d/Photos/Z8/180-600mm/2026/2026-03-01/DSC_1881.NEF,23272,4,Blue,reject,picked,0.9334,0.2733,0.9963,0.3264,0.3646,0.9838,0.001,0.0264,-0.0098,0.0561,-0.0072,-0.0056,0.0411,-0.0695,high quality,blurry,0.4261,0.4462,0.4481,0.4429,0.4074,0.4268,0.4522,0.3997,0.456,0.392,0.4501,0.413,0.3857,0.5217,v0,bioclip_2_image
48446,/mnt/d/Photos/Z8/180-600mm/2026/2026-03-01/DSC_1882.NEF,23272,4,Blue,reject,picked,0.9426,0.2637,0.9969,0.3173,0.4289,0.982,0.0011,0.028,-0.0103,0.0577,-0.0077,-0.0029,0.04,-0.0681,a photo with strong subject separation,blurry,0.4249,0.4447,0.4482,0.4414,0.4066,0.4245,0.454,0.3969,0.455,0.3904,0.4491,0.4095,0.3845,0.5221,v0,bioclip_2_image
48447,/mnt/d/Photos/Z8/180-600mm/2026/2026-03-01/DSC_1883.NEF,23272,4,Blue,reject,picked,0.9363,0.2739,0.9952,0.331,0.4427,0.9795,0.0009,0.0269,-0.0098,0.0533,-0.007,-0.0023,0.0387,-0.0701,high quality,blurry,0.4268,0.4454,0.4482,0.4443,0.4106,0.4264,0.4488,0.4,0.4552,0.395,0.4513,0.4129,0.3878,0.5189,v0,bioclip_2_image
48448,/mnt/d/Photos/Z8/180-600mm/2026/2026-03-01/DSC_1884.NEF,23272,4,Blue,reject,picked,0.9405,0.3235,0.9951,0.349,0.4121,0.9788,0.0012,0.0276,-0.0074,0.0532,-0.0062,-0.0036,0.0383,-0.0674,a photo with strong subject separation,blurry,0.4293,0.448,0.4489,0.4478,0.412,0.4291,0.4487,0.4017,0.4554,0.3957,0.454,0.4156,0.3908,0.5161,v0,bioclip_2_image
48449,/mnt/d/Photos/Z8/180-600mm/2026/2026-03-01/DSC_1885.NEF,23274,4,Blue,pick,picked,0.909,0.3515,0.9962,0.301,0.5027,0.9476,0.0017,0.023,-0.0061,0.0558,-0.0084,0.0001,0.029,-0.064,high quality,blurry,0.4165,0.4483,0.4489,0.4389,0.4022,0.417,0.4602,0.3935,0.4544,0.3931,0.4473,0.4021,0.388,0.5243,v0,bioclip_2_image
48450,/mnt/d/Photos/Z8/180-600mm/2026/2026-03-01/DSC_1886.NEF,,4,Blue,pick,picked,0.8949,0.3762,0.9968,0.395,0.6203,0.9274,0.0022,0.0214,-0.0051,0.0575,-0.0043,0.0049,0.0255,-0.0613,a photo with strong subject separation,blurry,0.4027,0.4371,0.4399,0.428,0.3962,0.3982,0.4543,0.3813,0.4421,0.3823,0.4323,0.3913,0.3727,0.5156,v0,bioclip_2_image
135252,/mnt/d/Photos/Z8/180-600mm/2026/2026-03-01/DSC_1887.NEF,,4,Blue,pick,picked,0.9184,0.2743,0.9971,0.2103,0.4671,0.9606,0.0011,0.0242,-0.0097,0.0585,-0.0132,-0.0013,0.0319,-0.0679,a photo with strong subject separation,blurry,0.4186,0.4468,0.4516,0.4326,0.4,0.4177,0.478,0.3944,0.4565,0.3931,0.4458,0.4013,0.3858,0.5459,v0,bioclip_2_image
48452,/mnt/d/Photos/Z8/180-600mm/2026/2026-03-01/DSC_1888.NEF,23274,4,Blue,reject,picked,0.9071,0.1621,0.996,0.1632,0.4513,0.9589,0.0007,0.0228,-0.0164,0.0552,-0.0163,-0.002,0.0315,-0.0728,natural colors,blurry,0.4256,0.4467,0.4546,0.4338,0.4063,0.4213,0.4874,0.4029,0.4631,0.3995,0.4502,0.4083,0.3898,0.5601,v0,bioclip_2_image
48453,/mnt/d/Photos/Z8/180-600mm/2026/2026-03-01/DSC_1889.NEF,23274,4,Blue,pick,picked,0.9115,0.3794,0.9944,0.3285,0.4718,0.9562,0.0015,0.0233,-0.0049,0.0518,-0.0071,-0.0011,0.0308,-0.0651,a photo with strong subject separation,blurry,0.4252,0.4563,0.4541,0.448,0.4075,0.4233,0.4577,0.4019,0.4612,0.4023,0.4552,0.4086,0.3925,0.5228,v0,bioclip_2_image
48454,/mnt/d/Photos/Z8/180-600mm/2026/2026-03-01/DSC_1890.NEF,23274,4,Blue,reject,picked,0.9153,0.2799,0.9959,0.3155,0.506,0.9652,0.0015,0.0238,-0.0095,0.055,-0.0077,0.0002,0.0332,-0.0647,high quality,blurry,0.4277,0.4561,0.4541,0.4485,0.4059,0.4247,0.4848,0.4038,0.4656,0.3991,0.4562,0.4056,0.3915,0.5495,v0,bioclip_2_image
48455,/mnt/d/Photos/Z8/180-600mm/2026/2026-03-01/DSC_1891.NEF,23274,4,Blue,reject,picked,0.8652,0.1835,0.9978,0.2029,0.3854,0.9331,0.0008,0.0186,-0.0149,0.061,-0.0137,-0.0047,0.0263,-0.0712,a photo with strong subject separation,blurry,0.4209,0.4473,0.4551,0.4408,0.4027,0.416,0.4706,0.4023,0.4622,0.3941,0.4545,0.4074,0.3896,0.5417,v0,bioclip_2_image
48456,/mnt/d/Photos/Z8/180-600mm/2026/2026-03-01/DSC_1892.NEF,23274,4,Blue,pick,picked,0.8785,0.4,0.9949,0.3381,0.39,0.9107,0.0017,0.0198,-0.0041,0.0527,-0.0067,-0.0045,0.0232,-0.0637,a photo with strong subject separation,blurry,0.4297,0.4623,0.4605,0.4532,0.4142,0.4257,0.4608,0.4099,0.4663,0.4077,0.4599,0.4186,0.4025,0.5245,v0,bioclip_2_image
48457,/mnt/d/Photos/Z8/180-600mm/2026/2026-03-01/DSC_1893.NEF,23274,4,Blue,reject,picked,0.8831,0.4314,0.9963,0.3395,0.4479,0.9185,0.0015,0.0202,-0.0028,0.0561,-0.0067,-0.0021,0.0242,-0.0652,a photo with strong subject separation,blurry,0.426,0.4601,0.4585,0.4511,0.4139,0.4218,0.4538,0.4058,0.4629,0.4024,0.4578,0.416,0.3976,0.5189,v0,bioclip_2_image
48458,/mnt/d/Photos/Z8/180-600mm/2026/2026-03-01/DSC_1894.NEF,23274,4,Blue,reject,picked,0.8856,0.3018,0.9969,0.3216,0.4033,0.914,0.0009,0.0205,-0.0084,0.0578,-0.0075,-0.0039,0.0236,-0.07,a photo with strong subject separation,blurry,0.422,0.4506,0.4521,0.4459,0.4034,0.415,0.4602,0.4016,0.459,0.3943,0.4534,0.4073,0.3913,0.5302,v0,bioclip_2_image
48459,/mnt/d/Photos/Z8/180-600mm/2026/2026-03-01/DSC_1895.NEF,23274,4,Blue,reject,picked,0.8845,0.3084,0.9966,0.2934,0.4484,0.9471,0.0013,0.0204,-0.0081,0.0569,-0.0088,-0.0021,0.0289,-0.0665,a photo with strong subject separation,blurry,0.4193,0.4481,0.4517,0.4409,0.4003,0.416,0.4683,0.3989,0.4562,0.3948,0.4496,0.4024,0.3871,0.5348,v0,bioclip_2_image
48460,/mnt/d/Photos/Z8/180-600mm/2026/2026-03-01/DSC_1896.NEF,23274,4,Blue,reject,picked,0.8787,0.2303,0.9974,0.3077,0.4289,0.9481,0.0012,0.0198,-0.0121,0.0596,-0.0081,-0.0029,0.029,-0.0673,high quality,blurry,0.4182,0.4452,0.4502,0.4413,0.4006,0.4145,0.4722,0.3984,0.4573,0.3906,0.4494,0.4034,0.3855,0.5395,v0,bioclip_2_image
48461,/mnt/d/Photos/Z8/180-600mm/2026/2026-03-01/DSC_1897.NEF,23274,4,Blue,reject,picked,0.9156,0.4583,0.9958,0.3429,0.6358,0.9621,0.0014,0.0238,-0.0017,0.0547,-0.0065,0.0056,0.0323,-0.0657,high quality,blurry,0.415,0.4486,0.4461,0.4398,0.4007,0.4134,0.4589,0.3912,0.4503,0.3915,0.4463,0.3951,0.381,0.5247,v0,bioclip_2_image
48462,/mnt/d/Photos/Z8/180-600mm/2026/2026-03-01/DSC_1898.NEF,23274,4,Blue,reject,picked,0.908,0.3934,0.993,0.2977,0.6168,0.9447,0.0014,0.0229,-0.0043,0.0496,-0.0086,0.0048,0.0284,-0.0658,high quality,blurry,0.43,0.4601,0.4583,0.4511,0.4112,0.4249,0.4664,0.4071,0.4644,0.4087,0.4597,0.4064,0.3965,0.5323,v0,bioclip_2_image
48463,/mnt/d/Photos/Z8/180-600mm/2026/2026-03-01/DSC_1899.NEF,23274,4,Blue,reject,picked,0.8822,0.2159,0.9961,0.1617,0.5578,0.9269,0.0009,0.0201,-0.0129,0.0553,-0.0165,0.0023,0.0254,-0.0698,high quality,blurry,0.4193,0.4471,0.4472,0.4298,0.4011,0.4127,0.4818,0.3991,0.46,0.3919,0.4462,0.3988,0.3873,0.5516,v0,bioclip_2_image
48464,/mnt/d/Photos/Z8/180-600mm/2026/2026-03-01/DSC_1900.NEF,23274,4,Blue,reject,picked,0.8987,0.3174,0.9934,0.2055,0.5486,0.9596,0.0011,0.0218,-0.0077,0.0502,-0.0135,0.002,0.0317,-0.0682,a photo with strong subject separation,blurry,0.4247,0.4541,0.4514,0.4388,0.4079,0.4237,0.475,0.4029,0.4617,0.4013,0.4524,0.406,0.392,0.5431,v0,bioclip_2_image
48465,/mnt/d/Photos/Z8/180-600mm/2026/2026-03-01/DSC_1901.NEF,23274,4,Blue,reject,picked,0.882,0.2269,0.9957,0.1713,0.6091,0.9749,0.0011,0.0201,-0.0123,0.0544,-0.0158,0.0044,0.0366,-0.0686,a photo with strong subject separation,blurry,0.4214,0.4466,0.455,0.4309,0.4129,0.424,0.4743,0.4013,0.4589,0.4006,0.4466,0.4084,0.3873,0.5429,v0,bioclip_2_image
48466,/mnt/d/Photos/Z8/180-600mm/2026/2026-03-01/DSC_1902.NEF,23274,4,Blue,reject,picked,0.9111,0.2621,0.9968,0.1943,0.6317,0.9787,0.0008,0.0233,-0.0104,0.0573,-0.0142,0.0054,0.0383,-0.0711,a photo with strong subject separation,blurry,0.4264,0.4547,0.4582,0.4367,0.4083,0.4262,0.4865,0.4031,0.4651,0.4009,0.4509,0.4029,0.388,0.5576,v0,bioclip_2_image
48467,/mnt/d/Photos/Z8/180-600mm/2026/2026-03-01/DSC_1903.NEF,23274,4,Blue,reject,picked,0.8708,0.3478,0.997,0.3613,0.5911,0.9566,0.0008,0.0191,-0.0063,0.0582,-0.0057,0.0037,0.0309,-0.0714,a photo with strong subject separation,blurry,0.414,0.4458,0.4498,0.4326,0.4068,0.412,0.4554,0.3949,0.4521,0.3917,0.4383,0.4031,0.3811,0.5268,v0,bioclip_2_image
48468,/mnt/d/Photos/Z8/180-600mm/2026/2026-03-01/DSC_1904.NEF,23274,4,Blue,reject,picked,0.902,0.3693,0.9961,0.0999,0.5569,0.9663,0.0007,0.0222,-0.0054,0.0554,-0.022,0.0023,0.0335,-0.0732,a photo with strong subject separation,blurry,0.404,0.4365,0.4358,0.4158,0.3848,0.4045,0.4719,0.3818,0.4419,0.3804,0.4378,0.3825,0.3709,0.5451,v0,bioclip_2_image
48469,/mnt/d/Photos/Z8/180-600mm/2026/2026-03-01/DSC_1905.NEF,23274,4,Blue,reject,picked,0.9154,0.1475,0.9982,0.3098,0.6718,0.9911,0.0015,0.0238,-0.0175,0.0631,-0.008,0.0072,0.0471,-0.0652,high quality,blurry,0.4166,0.4375,0.4464,0.4234,0.4022,0.419,0.4854,0.3928,0.455,0.3833,0.4314,0.395,0.3719,0.5507,v0,bioclip_2_image
48470,/mnt/d/Photos/Z8/180-600mm/2026/2026-03-01/DSC_1906.NEF,23274,4,Blue,reject,picked,0.9322,0.4673,0.998,0.3601,0.7336,0.9891,0.0011,0.0262,-0.0013,0.0622,-0.0057,0.0101,0.0451,-0.0685,high quality,blurry,0.4075,0.4417,0.4414,0.4204,0.3952,0.4069,0.4686,0.3813,0.4431,0.3793,0.4262,0.3851,0.3618,0.537,v0,bioclip_2_image
48471,/mnt/d/Photos/Z8/180-600mm/2026/2026-03-01/DSC_1907.NEF,23274,4,Blue,pick,picked,0.8745,0.4265,0.9935,0.2793,0.6107,0.9532,0.0008,0.0194,-0.003,0.0503,-0.0095,0.0045,0.0301,-0.0719,a photo with strong subject separation,blurry,0.4207,0.4545,0.4508,0.4414,0.4077,0.4195,0.4561,0.4013,0.4575,0.4005,0.4509,0.4032,0.3894,0.528,v0,bioclip_2_image
48472,/mnt/d/Photos/Z8/180-600mm/2026/2026-03-01/DSC_1908.NEF,23275,4,Blue,neutral,picked,0.9225,0.4843,0.9912,0.1878,0.6045,0.9729,0.0012,0.0248,-0.0006,0.0473,-0.0146,0.0042,0.0358,-0.0669,a photo with strong subject separation,blurry,0.4075,0.4395,0.4347,0.4206,0.3891,0.4098,0.4618,0.3827,0.4402,0.3875,0.4352,0.3849,0.374,0.5287,v0,bioclip_2_image
48473,/mnt/d/Photos/Z8/180-600mm/2026/2026-03-01/DSC_1909.NEF,23274,4,Blue,pick,picked,0.9034,0.5107,0.9928,0.2655,0.6206,0.9547,0.0015,0.0224,0.0004,0.0493,-0.0102,0.0049,0.0305,-0.065,a photo with strong subject separation,blurry,0.413,0.4468,0.4372,0.434,0.3955,0.4092,0.4591,0.3906,0.4464,0.3879,0.4441,0.3906,0.3787,0.5241,v0,bioclip_2_image
48474,/mnt/d/Photos/Z8/180-600mm/2026/2026-03-01/DSC_1910.NEF,23274,4,Blue,pick,picked,0.9388,0.4112,0.9876,0.2503,0.6595,0.9723,0.0017,0.0273,-0.0036,0.0438,-0.011,0.0066,0.0356,-0.064,a photo with strong subject separation,blurry,0.4157,0.4423,0.4338,0.4213,0.3958,0.4143,0.4708,0.3885,0.4458,0.39,0.4323,0.3892,0.3787,0.5349,v0,bioclip_2_image
48475,/mnt/d/Photos/Z8/180-600mm/2026/2026-03-01/DSC_1911.NEF,23274,4,Blue,reject,picked,0.9061,0.2661,0.9907,0.3133,0.5994,0.9515,0.0015,0.0227,-0.0101,0.0467,-0.0078,0.004,0.0298,-0.0651,high quality,blurry,0.4255,0.4503,0.4457,0.4394,0.4051,0.4207,0.4881,0.4028,0.4604,0.3991,0.4473,0.4011,0.3909,0.5531,v0,bioclip_2_image
48476,/mnt/d/Photos/Z8/180-600mm/2026/2026-03-01/DSC_1913.NEF,23275,4,Blue,reject,picked,0.911,0.547,0.9977,0.307,0.7023,0.8765,0.0012,0.0233,0.0019,0.0609,-0.0081,0.0086,0.0196,-0.0675,high quality,blurry,0.4169,0.449,0.447,0.4355,0.3972,0.4029,0.462,0.3936,0.4472,0.3861,0.4436,0.3886,0.3833,0.5294,v0,bioclip_2_image
48477,/mnt/d/Photos/Z8/180-600mm/2026/2026-03-01/DSC_1914.NEF,23275,4,Blue,reject,picked,0.8699,0.3973,0.9969,0.29,0.5629,0.8761,0.001,0.019,-0.0042,0.0579,-0.009,0.0025,0.0196,-0.0692,a photo with strong subject separation,blurry,0.4188,0.4493,0.4492,0.44,0.3979,0.4081,0.448,0.3998,0.4535,0.3913,0.4489,0.3953,0.3885,0.5173,v0,bioclip_2_image
48478,/mnt/d/Photos/Z8/180-600mm/2026/2026-03-01/DSC_1915.NEF,23275,4,Blue,reject,picked,0.8234,0.3221,0.9978,0.411,0.6152,0.8588,0.0009,0.0154,-0.0074,0.0613,-0.0036,0.0047,0.0181,-0.07,a photo with strong subject separation,blurry,0.4126,0.4448,0.4481,0.4409,0.4021,0.4032,0.4598,0.3972,0.4523,0.3869,0.4445,0.3974,0.3851,0.5297,v0,bioclip_2_image
48479,/mnt/d/Photos/Z8/180-600mm/2026/2026-03-01/DSC_1916.NEF,23275,4,Blue,reject,picked,0.8806,0.4407,0.996,0.3884,0.6215,0.873,0.0014,0.02,-0.0024,0.0552,-0.0045,0.005,0.0193,-0.066,high quality,blurry,0.4201,0.4535,0.448,0.4437,0.4055,0.4082,0.4649,0.4002,0.4559,0.3928,0.4483,0.4006,0.389,0.5309,v0,bioclip_2_image
48480,/mnt/d/Photos/Z8/180-600mm/2026/2026-03-01/DSC_1917.NEF,23275,4,Blue,reject,picked,0.8596,0.18,0.9974,0.2059,0.4381,0.8986,0.0005,0.0181,-0.0152,0.0595,-0.0135,-0.0025,0.0218,-0.0767,a photo with strong subject separation,blurry,0.4217,0.447,0.4562,0.4428,0.4041,0.415,0.4583,0.4035,0.4622,0.3967,0.4563,0.4066,0.3932,0.535,v0,bioclip_2_image
48481,/mnt/d/Photos/Z8/180-600mm/2026/2026-03-01/DSC_1918.NEF,23275,4,Blue,reject,picked,0.8635,0.1771,0.9967,0.214,0.5247,0.9036,0.0006,0.0184,-0.0154,0.057,-0.013,0.001,0.0224,-0.0749,high quality,blurry,0.415,0.4414,0.4468,0.4363,0.3948,0.409,0.4562,0.3965,0.4567,0.3898,0.4493,0.3939,0.3866,0.5311,v0,bioclip_2_image
48482,/mnt/d/Photos/Z8/180-600mm/2026/2026-03-01/DSC_1919.NEF,23275,4,Blue,pick,picked,0.8154,0.2143,0.9971,0.2355,0.3665,0.8951,0.0005,0.0149,-0.013,0.0585,-0.0118,-0.0055,0.0214,-0.0764,a photo with strong subject separation,blurry,0.4132,0.4432,0.4468,0.4378,0.3971,0.4088,0.4524,0.3984,0.4562,0.3882,0.4496,0.4026,0.3874,0.5288,v0,bioclip_2_image
48483,/mnt/d/Photos/Z8/180-600mm/2026/2026-03-01/DSC_1920.NEF,23276,4,Blue,pick,picked,0.8218,0.3346,0.9971,0.3433,0.3299,0.8745,0.0011,0.0153,-0.0069,0.0584,-0.0065,-0.0071,0.0194,-0.0679,a photo with strong subject separation,blurry,0.4128,0.445,0.4422,0.4439,0.3984,0.403,0.4681,0.3975,0.4519,0.3837,0.4504,0.4055,0.3836,0.5359,v0,bioclip_2_image
48484,/mnt/d/Photos/Z8/180-600mm/2026/2026-03-01/DSC_1921.NEF,23276,4,Blue,pick,picked,0.8274,0.3188,0.9969,0.3684,0.3019,0.8784,0.0013,0.0157,-0.0076,0.0578,-0.0054,-0.0084,0.0198,-0.0668,a photo with strong subject separation,blurry,0.4166,0.4491,0.4465,0.4459,0.4021,0.4083,0.4648,0.4009,0.4567,0.3888,0.4513,0.4105,0.3886,0.5316,v0,bioclip_2_image
48485,/mnt/d/Photos/Z8/180-600mm/2026/2026-03-01/DSC_1922.NEF,23275,4,Blue,pick,picked,0.8154,0.2943,0.9958,0.4406,0.3699,0.8412,0.0011,0.0149,-0.0087,0.0546,-0.0024,-0.0053,0.0167,-0.0683,a photo with strong subject separation,blurry,0.4156,0.4478,0.4468,0.4457,0.3995,0.4078,0.4559,0.4008,0.4566,0.3923,0.4481,0.4048,0.3911,0.5242,v0,bioclip_2_image
48486,/mnt/d/Photos/Z8/180-600mm/2026/2026-03-01/DSC_1923.NEF,23275,4,Blue,reject,picked,0.7842,0.1614,0.9975,0.1683,0.5317,0.8521,0.0004,0.0129,-0.0165,0.0598,-0.016,0.0013,0.0175,-0.0771,a photo with strong subject separation,blurry,0.4109,0.4373,0.4413,0.4314,0.3945,0.3989,0.454,0.398,0.4537,0.3815,0.4473,0.3933,0.3814,0.5311,v0,bioclip_2_image
48487,/mnt/d/Photos/Z8/180-600mm/2026/2026-03-01/DSC_1924.NEF,23275,4,Blue,reject,picked,0.8145,0.1944,0.9978,0.1609,0.5375,0.8621,0.0003,0.0148,-0.0142,0.0611,-0.0165,0.0015,0.0183,-0.0799,a photo with strong subject separation,blurry,0.4081,0.4333,0.4389,0.429,0.3915,0.3991,0.4545,0.3933,0.4475,0.3778,0.4455,0.39,0.3808,0.5344,v0,bioclip_2_image
48488,/mnt/d/Photos/Z8/180-600mm/2026/2026-03-01/DSC_1925.NEF,23275,4,Blue,reject,picked,0.8556,0.2276,0.9984,0.1782,0.6106,0.8672,0.0006,0.0178,-0.0122,0.0641,-0.0153,0.0045,0.0188,-0.0748,a photo with strong subject separation,blurry,0.4102,0.4373,0.4437,0.4287,0.3928,0.4001,0.4643,0.3924,0.4495,0.3797,0.444,0.3883,0.3813,0.5391,v0,bioclip_2_image
48489,/mnt/d/Photos/Z8/180-600mm/2026/2026-03-01/DSC_1926.NEF,23275,4,Blue,reject,picked,0.8782,0.2662,0.9977,0.1892,0.5244,0.8634,0.0008,0.0198,-0.0101,0.0609,-0.0145,0.001,0.0184,-0.0717,a photo with strong subject separation,blurry,0.4109,0.4375,0.4356,0.4311,0.3914,0.4003,0.4636,0.3912,0.4477,0.3748,0.4456,0.3904,0.3818,0.5353,v0,bioclip_2_image
48490,/mnt/d/Photos/Z8/180-600mm/2026/2026-03-01/DSC_1927.NEF,23275,4,Blue,reject,picked,0.8993,0.2241,0.9982,0.3404,0.5542,0.9026,0.0015,0.0219,-0.0124,0.0631,-0.0066,0.0022,0.0223,-0.0651,a photo with strong subject separation,blurry,0.414,0.4414,0.4428,0.4398,0.3967,0.4058,0.477,0.3921,0.4539,0.3797,0.4465,0.3945,0.3835,0.5421,v0,bioclip_2_image
48491,/mnt/d/Photos/Z8/180-600mm/2026/2026-03-01/DSC_1928.NEF,23275,4,Blue,reject,picked,0.8459,0.2224,0.9967,0.3259,0.6765,0.8422,0.0009,0.017,-0.0125,0.0571,-0.0073,0.0074,0.0167,-0.0704,high quality,blurry,0.4092,0.438,0.4389,0.4352,0.3978,0.3963,0.475,0.3922,0.4505,0.3818,0.4425,0.3904,0.3795,0.5454,v0,bioclip_2_image
48492,/mnt/d/Photos/Z8/180-600mm/2026/2026-03-01/DSC_1929.NEF,23275,4,Blue,reject,picked,0.8326,0.2261,0.9976,0.2943,0.6439,0.8382,0.0007,0.016,-0.0123,0.0604,-0.0087,0.0059,0.0164,-0.0731,high quality,blurry,0.4042,0.4333,0.4369,0.4309,0.3927,0.3924,0.4644,0.3882,0.4456,0.3765,0.4396,0.3868,0.376,0.5375,v0,bioclip_2_image
48493,/mnt/d/Photos/Z8/180-600mm/2026/2026-03-01/DSC_1930.NEF,23275,4,Blue,reject,picked,0.8498,0.356,0.9954,0.42,0.5469,0.8672,0.001,0.0173,-0.0059,0.0538,-0.0032,0.0019,0.0188,-0.0686,high quality,blurry,0.4195,0.4511,0.4481,0.4493,0.4032,0.4081,0.4595,0.4021,0.457,0.3943,0.4525,0.4013,0.3894,0.5281,v0,bioclip_2_image
48494,/mnt/d/Photos/Z8/180-600mm/2026/2026-03-01/DSC_1931.NEF,23276,4,Blue,reject,picked,0.8623,0.2953,0.998,0.2181,0.3692,0.8489,0.0005,0.0183,-0.0087,0.0619,-0.0128,-0.0054,0.0173,-0.0754,a photo with strong subject separation,blurry,0.4128,0.4476,0.4376,0.4394,0.3961,0.4012,0.4664,0.3945,0.4563,0.3757,0.4522,0.4015,0.3839,0.5418,v0,bioclip_2_image
48495,/mnt/d/Photos/Z8/180-600mm/2026/2026-03-01/DSC_1932.NEF,23276,4,Blue,pick,picked,0.8338,0.382,0.996,0.3616,0.3962,0.91,0.0008,0.0161,-0.0048,0.0551,-0.0057,-0.0042,0.0231,-0.0714,a photo with strong subject separation,blurry,0.4175,0.4507,0.4479,0.4446,0.4025,0.4106,0.4485,0.4013,0.4555,0.3928,0.4503,0.4067,0.3875,0.5199,v0,bioclip_2_image
48496,/mnt/d/Photos/Z8/180-600mm/2026/2026-03-01/DSC_1933.NEF,23276,4,Blue,pick,picked,0.8823,0.4761,0.9942,0.2254,0.3936,0.892,0.0009,0.0201,-0.001,0.0514,-0.0123,-0.0043,0.0211,-0.0697,a photo with strong subject separation,blurry,0.4245,0.4552,0.4531,0.4445,0.4053,0.4187,0.4563,0.4043,0.4562,0.4016,0.4569,0.4096,0.3975,0.526,v0,bioclip_2_image
48497,/mnt/d/Photos/Z8/180-600mm/2026/2026-03-01/DSC_1934.NEF,23275,4,Blue,reject,picked,0.8837,0.5362,0.9945,0.1962,0.6454,0.8204,0.0005,0.0203,0.0015,0.0519,-0.0141,0.006,0.0152,-0.076,high quality,blurry,0.4191,0.4539,0.4459,0.4429,0.4037,0.4072,0.4592,0.3989,0.4525,0.394,0.457,0.3977,0.392,0.5352,v0,bioclip_2_image
48498,/mnt/d/Photos/Z8/180-600mm/2026/2026-03-01/DSC_1935.NEF,23275,4,Blue,pick,picked,0.8787,0.6317,0.9924,0.5637,0.5622,0.8924,0.0013,0.0198,0.0054,0.0487,0.0026,0.0025,0.0212,-0.0666,high quality,blurry,0.4224,0.4566,0.4487,0.4479,0.4053,0.4117,0.4588,0.4026,0.4512,0.4,0.4453,0.4028,0.3906,0.5254,v0,bioclip_2_image
48499,/mnt/d/Photos/Z8/180-600mm/2026/2026-03-01/DSC_1936.NEF,23275,4,Blue,reject,picked,0.8715,0.4901,0.9948,0.3443,0.4516,0.9024,0.0011,0.0191,-0.0004,0.0525,-0.0064,-0.0019,0.0222,-0.0679,a photo with strong subject separation,blurry,0.4268,0.4605,0.4554,0.4517,0.4109,0.4203,0.4558,0.4076,0.4609,0.4029,0.4581,0.4128,0.3981,0.5236,v0,bioclip_2_image
48500,/mnt/d/Photos/Z8/180-600mm/2026/2026-03-01/DSC_1937.NEF,23275,4,Blue,reject,picked,0.9007,0.5229,0.9964,0.1864,0.4269,0.8863,0.0006,0.0221,0.0009,0.0563,-0.0147,-0.0029,0.0205,-0.0743,a photo with strong subject separation,blurry,0.4161,0.4491,0.4486,0.4355,0.3984,0.409,0.4576,0.3941,0.4482,0.3924,0.4502,0.4013,0.3885,0.5319,v0,bioclip_2_image
48501,/mnt/d/Photos/Z8/180-600mm/2026/2026-03-01/DSC_1938.NEF,23275,4,Blue,reject,picked,0.9079,0.6605,0.9905,0.3187,0.7411,0.8352,0.0008,0.0229,0.0067,0.0465,-0.0076,0.0105,0.0162,-0.0713,high quality,blurry,0.4018,0.4376,0.4257,0.425,0.3893,0.3873,0.4667,0.3789,0.431,0.3792,0.4326,0.3788,0.3711,0.538,v0,bioclip_2_image
48502,/mnt/d/Photos/Z8/180-600mm/2026/2026-03-01/DSC_1939.NEF,23275,4,Blue,pick,picked,0.8897,0.6777,0.9966,0.2901,0.5788,0.8312,0.0011,0.0209,0.0074,0.0569,-0.009,0.0032,0.0159,-0.0681,high quality,blurry,0.4116,0.4484,0.447,0.4347,0.3972,0.4002,0.4624,0.3907,0.441,0.3901,0.4436,0.394,0.3842,0.5305,v0,bioclip_2_image
48503,/mnt/d/Photos/Z8/180-600mm/2026/2026-03-01/DSC_1940.NEF,23275,4,Blue,reject,picked,0.8774,0.6058,0.995,0.2561,0.4469,0.8558,0.0008,0.0197,0.0043,0.053,-0.0107,-0.0021,0.0178,-0.071,a photo with strong subject separation,blurry,0.4193,0.4532,0.4497,0.4414,0.4024,0.4104,0.4512,0.3996,0.449,0.3966,0.452,0.4046,0.3926,0.5222,v0,bioclip_2_image
48504,/mnt/d/Photos/Z8/180-600mm/2026/2026-03-01/DSC_1941.NEF,23275,4,Blue,reject,picked,0.9573,0.8018,0.9966,0.4016,0.636,0.8663,0.0012,0.0311,0.014,0.0569,-0.004,0.0056,0.0187,-0.0675,high quality,blurry,0.3999,0.4354,0.4231,0.4174,0.3873,0.3881,0.4857,0.3688,0.4214,0.3662,0.4213,0.3817,0.3694,0.5532,v0,bioclip_2_image
48505,/mnt/d/Photos/Z8/180-600mm/2026/2026-03-01/DSC_1942.NEF,23276,4,Blue,reject,picked,0.8359,0.5746,0.9944,0.3373,0.5131,0.8444,0.001,0.0163,0.003,0.0518,-0.0068,0.0005,0.0169,-0.0688,high quality,blurry,0.4074,0.4448,0.4351,0.4329,0.3918,0.3975,0.4607,0.3911,0.4418,0.3833,0.4396,0.3913,0.3806,0.5295,v0,bioclip_2_image
48506,/mnt/d/Photos/Z8/180-600mm/2026/2026-03-01/DSC_1943.NEF,23276,4,Blue,reject,picked,0.8114,0.5004,0.9948,0.2956,0.5514,0.7644,0.0005,0.0146,0.0,0.0526,-0.0087,0.0021,0.0118,-0.076,high quality,blurry,0.4081,0.4416,0.4397,0.4362,0.394,0.3949,0.4633,0.3935,0.4415,0.3871,0.4449,0.3919,0.3831,0.5394,v0,bioclip_2_image
48507,/mnt/d/Photos/Z8/180-600mm/2026/2026-03-01/DSC_1944.NEF,23276,4,Blue,pick,picked,0.8549,0.2064,0.9941,0.2212,0.7553,0.8557,0.0005,0.0177,-0.0135,0.0513,-0.0126,0.0113,0.0178,-0.0758,a photo with strong subject separation,blurry,0.4074,0.4343,0.429,0.4261,0.3992,0.3953,0.471,0.3897,0.4477,0.3777,0.4386,0.3879,0.3775,0.5469,v0,bioclip_2_image
48508,/mnt/d/Photos/Z8/180-600mm/2026/2026-03-01/DSC_1945.NEF,23276,4,Blue,pick,picked,0.9049,0.3112,0.9976,0.2437,0.5426,0.8325,0.0006,0.0225,-0.0079,0.0603,-0.0113,0.0017,0.016,-0.0743,high quality,blurry,0.4156,0.4425,0.4439,0.4352,0.3973,0.4014,0.4663,0.393,0.4504,0.3836,0.4465,0.3956,0.3854,0.5406,v0,bioclip_2_image
48509,/mnt/d/Photos/Z8/180-600mm/2026/2026-03-01/DSC_1946.NEF,23275,4,Blue,neutral,picked,0.9145,0.3989,0.9975,0.1071,0.6956,0.9346,0.0007,0.0237,-0.0041,0.0597,-0.0212,0.0083,0.0266,-0.0726,a photo with strong subject separation,blurry,0.4093,0.4408,0.4345,0.4164,0.394,0.4016,0.4714,0.3856,0.4449,0.3748,0.4376,0.3857,0.375,0.5441,v0,bioclip_2_image
48510,/mnt/d/Photos/Z8/180-600mm/2026/2026-03-01/DSC_1947.NEF,23275,4,Blue,pick,picked,0.8315,0.3151,0.9977,0.3303,0.7066,0.8885,0.0006,0.016,-0.0078,0.0607,-0.0071,0.0088,0.0208,-0.0745,high quality,blurry,0.4161,0.4435,0.445,0.4443,0.4009,0.4043,0.4726,0.4001,0.4513,0.3843,0.4513,0.3921,0.3835,0.5471,v0,bioclip_2_image
48511,/mnt/d/Photos/Z8/180-600mm/2026/2026-03-01/DSC_1948.NEF,23275,4,Blue,reject,picked,0.8388,0.2511,0.9971,0.2355,0.4218,0.8828,0.0006,0.0165,-0.0109,0.0583,-0.0118,-0.0032,0.0202,-0.0741,a photo with strong subject separation,blurry,0.4196,0.4476,0.4451,0.4479,0.4033,0.4087,0.4672,0.4031,0.4585,0.3868,0.4597,0.4064,0.3886,0.5413,v0,bioclip_2_image
48512,/mnt/d/Photos/Z8/180-600mm/2026/2026-03-01/DSC_1949.NEF,23275,4,Blue,reject,picked,0.8524,0.3006,0.9979,0.2511,0.6419,0.9129,0.0009,0.0175,-0.0084,0.0617,-0.0109,0.0058,0.0235,-0.0704,a photo with strong subject separation,blurry,0.4122,0.4415,0.4455,0.4411,0.3979,0.4032,0.4707,0.3947,0.4499,0.3838,0.4521,0.3921,0.3797,0.5411,v0,bioclip_2_image
48513,/mnt/d/Photos/Z8/180-600mm/2026/2026-03-01/DSC_1950.NEF,23276,4,Blue,pick,picked,0.8585,0.397,0.9949,0.361,0.5466,0.8893,0.0012,0.018,-0.0042,0.0528,-0.0057,0.0019,0.0208,-0.0671,high quality,blurry,0.414,0.4472,0.4418,0.4447,0.3995,0.4047,0.4581,0.396,0.4514,0.389,0.4504,0.3977,0.3839,0.5252,v0,bioclip_2_image
48514,/mnt/d/Photos/Z8/180-600mm/2026/2026-03-01/DSC_1951.NEF,23275,4,Blue,pick,picked,0.8727,0.4691,0.9963,0.3053,0.4928,0.904,0.0009,0.0193,-0.0012,0.0558,-0.0082,-0.0003,0.0224,-0.0701,a photo with strong subject separation,blurry,0.4165,0.4496,0.4491,0.4413,0.4033,0.4094,0.4566,0.3972,0.4508,0.3933,0.4496,0.4036,0.387,0.5267,v0,bioclip_2_image
48515,/mnt/d/Photos/Z8/180-600mm/2026/2026-03-01/DSC_1952.NEF,23275,4,Blue,reject,picked,0.8995,0.4798,0.9944,0.3837,0.4035,0.8848,0.0011,0.0219,-0.0008,0.0519,-0.0047,-0.0039,0.0204,-0.0684,high quality,blurry,0.4238,0.4568,0.4483,0.4543,0.4051,0.417,0.4573,0.4019,0.4576,0.3965,0.459,0.409,0.3966,0.5257,v0,bioclip_2_image
48516,/mnt/d/Photos/Z8/180-600mm/2026/2026-03-01/DSC_1953.NEF,23275,4,Blue,reject,picked,0.8979,0.4687,0.9927,0.3895,0.4176,0.9227,0.0013,0.0217,-0.0013,0.0491,-0.0045,-0.0033,0.0248,-0.0668,a photo with strong subject separation,blurry,0.4279,0.4594,0.4493,0.4563,0.4085,0.4236,0.463,0.4062,0.4607,0.4002,0.4608,0.4118,0.3988,0.5298,v0,bioclip_2_image
48517,/mnt/d/Photos/Z8/180-600mm/2026/2026-03-01/DSC_1954.NEF,23275,4,Blue,reject,picked,0.9047,0.5163,0.9942,0.3423,0.4577,0.9244,0.0011,0.0225,0.0007,0.0515,-0.0065,-0.0017,0.025,-0.0682,high quality,blurry,0.4307,0.4617,0.4568,0.4553,0.4125,0.4241,0.4613,0.4082,0.461,0.4053,0.4618,0.4142,0.399,0.5295,v0,bioclip_2_image
48518,/mnt/d/Photos/Z8/180-600mm/2026/2026-03-01/DSC_1955.NEF,23275,4,Blue,reject,picked,0.9296,0.5451,0.9947,0.4133,0.5292,0.9514,0.0016,0.0258,0.0018,0.0524,-0.0035,0.0012,0.0297,-0.0646,high quality,blurry,0.4315,0.4644,0.4544,0.4559,0.412,0.426,0.464,0.4057,0.4626,0.402,0.4594,0.4109,0.3963,0.5286,v0,bioclip_2_image
48519,/mnt/d/Photos/Z8/180-600mm/2026/2026-03-01/DSC_1956.NEF,23275,4,Blue,reject,picked,0.8091,0.4431,0.9966,0.3684,0.3795,0.8669,0.0005,0.0144,-0.0023,0.0569,-0.0054,-0.0049,0.0187,-0.0752,high quality,blurry,0.4109,0.4435,0.4413,0.4426,0.3945,0.4034,0.4539,0.3965,0.4457,0.3845,0.448,0.3994,0.3847,0.529,v0,bioclip_2_image
48520,/mnt/d/Photos/Z8/180-600mm/2026/2026-03-01/DSC_1957.NEF,23275,4,Blue,reject,picked,0.829,0.4169,0.9972,0.2725,0.5051,0.8676,0.0009,0.0158,-0.0034,0.0587,-0.0098,0.0002,0.0188,-0.07,high quality,blurry,0.415,0.4474,0.4455,0.4449,0.4,0.406,0.4712,0.3992,0.4508,0.3868,0.4547,0.3998,0.3872,0.5412,v0,bioclip_2_image
48521,/mnt/d/Photos/Z8/180-600mm/2026/2026-03-01/DSC_1958.NEF,23276,4,Blue,pick,picked,0.8114,0.4535,0.9976,0.3824,0.3399,0.8414,0.0006,0.0146,-0.0019,0.0601,-0.0048,-0.0066,0.0167,-0.0748,high quality,blurry,0.4084,0.441,0.4448,0.4346,0.3925,0.3982,0.4522,0.3938,0.4429,0.3847,0.4394,0.3992,0.3816,0.527,v0,bioclip_2_image
48522,/mnt/d/Photos/Z8/180-600mm/2026/2026-03-01/DSC_1959.NEF,23276,4,Blue,pick,picked,0.8876,0.6241,0.9958,0.2211,0.5048,0.9207,0.0009,0.0207,0.0051,0.0547,-0.0126,0.0002,0.0245,-0.0704,high quality,blurry,0.4198,0.4622,0.4481,0.4469,0.4049,0.4156,0.4665,0.3991,0.4571,0.3934,0.4595,0.4047,0.3911,0.5369,v0,bioclip_2_image
48523,/mnt/d/Photos/Z8/180-600mm/2026/2026-03-01/DSC_1960.NEF,23275,4,Blue,reject,picked,0.8956,0.5716,0.9926,0.2766,0.4814,0.9051,0.0018,0.0215,0.0029,0.049,-0.0096,-0.0007,0.0226,-0.0634,a photo with strong subject separation,blurry,0.4315,0.466,0.4585,0.4527,0.4139,0.4275,0.4682,0.41,0.4631,0.4095,0.4623,0.4146,0.4049,0.5317,v0,bioclip_2_image
48524,/mnt/d/Photos/Z8/180-600mm/2026/2026-03-01/DSC_1961.NEF,23275,4,Blue,reject,picked,0.8978,0.5783,0.9931,0.199,0.3493,0.8979,0.0006,0.0217,0.0032,0.0497,-0.0139,-0.0062,0.0217,-0.0743,high quality,blurry,0.4242,0.4565,0.4475,0.4437,0.4012,0.4208,0.4753,0.4025,0.4533,0.3978,0.4577,0.4074,0.3991,0.5496,v0,bioclip_2_image
48525,/mnt/d/Photos/Z8/180-600mm/2026/2026-03-01/DSC_1962.NEF,23275,4,Blue,reject,picked,0.9005,0.5073,0.9949,0.2968,0.5385,0.9355,0.0008,0.022,0.0003,0.0527,-0.0086,0.0015,0.0267,-0.0717,high quality,blurry,0.422,0.4517,0.45,0.442,0.404,0.4179,0.4847,0.4,0.4514,0.3973,0.4506,0.4024,0.3912,0.5564,v0,bioclip_2_image
48526,/mnt/d/Photos/Z8/180-600mm/2026/2026-03-01/DSC_1963.NEF,23275,4,Blue,reject,picked,0.8919,0.5983,0.9933,0.2067,0.5282,0.9025,0.0007,0.0211,0.004,0.0499,-0.0135,0.0011,0.0223,-0.072,high quality,blurry,0.4127,0.4483,0.4434,0.4398,0.398,0.4094,0.4734,0.3916,0.4443,0.3935,0.4532,0.3969,0.3872,0.5454,v0,bioclip_2_image
48527,/mnt/d/Photos/Z8/180-600mm/2026/2026-03-01/DSC_1964.NEF,23276,4,Blue,pick,picked,0.8686,0.5226,0.9941,0.2686,0.4181,0.9144,0.0009,0.0189,0.0009,0.0513,-0.01,-0.0033,0.0237,-0.0703,a photo with strong subject separation,blurry,0.4209,0.4549,0.4514,0.4482,0.4055,0.4189,0.4578,0.402,0.454,0.4001,0.4582,0.4088,0.3952,0.528,v0,bioclip_2_image
48528,/mnt/d/Photos/Z8/180-600mm/2026/2026-03-01/DSC_1965.NEF,23275,4,Blue,reject,picked,0.9212,0.4594,0.9948,0.1383,0.606,0.9264,0.0006,0.0246,-0.0016,0.0525,-0.0183,0.0043,0.0253,-0.0739,high quality,blurry,0.4201,0.4488,0.4402,0.4345,0.3981,0.4135,0.485,0.3955,0.4504,0.3877,0.4528,0.3938,0.3882,0.5589,v0,bioclip_2_image
48529,/mnt/d/Photos/Z8/180-600mm/2026/2026-03-01/DSC_1966.NEF,23275,4,Blue,reject,picked,0.9004,0.3272,0.9977,0.1339,0.5765,0.9295,0.0006,0.022,-0.0072,0.0608,-0.0187,0.0031,0.0258,-0.0745,high quality,blurry,0.4107,0.4421,0.4394,0.4274,0.388,0.4052,0.4815,0.3887,0.4494,0.3785,0.446,0.385,0.3794,0.556,v0,bioclip_2_image
48530,/mnt/d/Photos/Z8/180-600mm/2026/2026-03-01/DSC_1967.NEF,23275,4,Blue,reject,picked,0.894,0.4292,0.9973,0.2509,0.3918,0.9435,0.0008,0.0213,-0.0029,0.059,-0.0109,-0.0044,0.0282,-0.0709,high quality,blurry,0.4197,0.4531,0.4482,0.4444,0.3973,0.415,0.4713,0.3983,0.4559,0.3892,0.4553,0.4017,0.3868,0.5422,v0,bioclip_2_image
48531,/mnt/d/Photos/Z8/180-600mm/2026/2026-03-01/DSC_1968.NEF,23275,4,Blue,reject,picked,0.8276,0.3643,0.9958,0.1206,0.4575,0.8455,0.0007,0.0157,-0.0056,0.0548,-0.0199,-0.0017,0.017,-0.0723,a photo with strong subject separation,blurry,0.4139,0.4466,0.4477,0.4341,0.3951,0.409,0.4715,0.3982,0.4521,0.3929,0.454,0.3968,0.392,0.5437,v0,bioclip_2_image
48532,/mnt/d/Photos/Z8/180-600mm/2026/2026-03-01/DSC_1969.NEF,23275,4,Blue,neutral,picked,0.874,0.3034,0.9967,0.0821,0.5435,0.8961,0.0007,0.0194,-0.0083,0.0572,-0.0241,0.0017,0.0216,-0.0727,a photo with strong subject separation,blurry,0.4141,0.4478,0.4416,0.4339,0.3934,0.4053,0.4831,0.3947,0.4561,0.3843,0.4581,0.3917,0.3837,0.5558,v0,bioclip_2_image
48533,/mnt/d/Photos/Z8/180-600mm/2026/2026-03-01/DSC_1970.NEF,23276,4,Blue,neutral,picked,0.8579,0.4337,0.9962,0.3775,0.4964,0.8845,0.0015,0.018,-0.0027,0.0558,-0.005,-0.0001,0.0204,-0.0647,high quality,blurry,0.4221,0.4564,0.4555,0.4516,0.4093,0.4138,0.4623,0.4041,0.4591,0.3997,0.4566,0.4094,0.3934,0.5271,v0,bioclip_2_image
48534,/mnt/d/Photos/Z8/180-600mm/2026/2026-03-01/DSC_1971.NEF,23277,4,Blue,reject,picked,0.9148,0.2982,0.9988,0.1451,0.5774,0.9805,0.001,0.0237,-0.0086,0.0673,-0.0177,0.0031,0.0392,-0.0695,a photo with strong subject separation,blurry,0.4025,0.4315,0.4348,0.4139,0.3913,0.4017,0.4547,0.3787,0.4401,0.3675,0.4316,0.3882,0.3625,0.5242,v0,bioclip_2_image
48535,/mnt/d/Photos/Z8/180-600mm/2026/2026-03-01/DSC_1972.NEF,23277,4,Blue,pick,picked,0.9166,0.4806,0.9963,0.3424,0.451,0.9489,0.0013,0.024,-0.0008,0.056,-0.0065,-0.002,0.0292,-0.0668,a photo with strong subject separation,blurry,0.4245,0.4572,0.4519,0.4448,0.4073,0.4203,0.4541,0.4005,0.4579,0.3959,0.4513,0.4093,0.3911,0.5209,v0,bioclip_2_image
48536,/mnt/d/Photos/Z8/180-600mm/2026/2026-03-01/DSC_1973.NEF,23277,4,Blue,pick,picked,0.9274,0.5342,0.9979,0.2301,0.4983,0.9642,0.0009,0.0255,0.0014,0.0616,-0.0121,-0.0001,0.0329,-0.0697,a photo with strong subject separation,blurry,0.4148,0.4493,0.4456,0.4337,0.3996,0.4103,0.4568,0.3893,0.4479,0.384,0.4458,0.3997,0.3774,0.5265,v0,bioclip_2_image
48537,/mnt/d/Photos/Z8/180-600mm/2026/2026-03-01/DSC_1974.NEF,23277,4,Blue,reject,picked,0.9445,0.3256,0.9993,0.2678,0.6248,0.9825,0.0007,0.0283,-0.0073,0.0724,-0.0101,0.0051,0.0403,-0.072,a photo with strong subject separation,blurry,0.4165,0.4429,0.4441,0.4276,0.3988,0.4128,0.4769,0.3882,0.4502,0.3717,0.4377,0.3937,0.3725,0.5489,v0,bioclip_2_image
48538,/mnt/d/Photos/Z8/180-600mm/2026/2026-03-01/DSC_1975.NEF,23277,4,Blue,pick,picked,0.9373,0.5053,0.9984,0.2497,0.504,0.973,0.0008,0.027,0.0002,0.0641,-0.011,0.0002,0.0359,-0.0712,high quality,blurry,0.4231,0.4544,0.4541,0.438,0.4076,0.4192,0.4631,0.3961,0.4542,0.39,0.449,0.4074,0.3833,0.5343,v0,bioclip_2_image
48539,/mnt/d/Photos/Z8/180-600mm/2026/2026-03-01/DSC_1976.NEF,23277,4,Blue,pick,picked,0.9195,0.4858,0.9971,0.3607,0.4524,0.9565,0.0008,0.0244,-0.0006,0.0584,-0.0057,-0.0019,0.0309,-0.0711,a photo with strong subject separation,blurry,0.4241,0.4538,0.4513,0.4433,0.4075,0.42,0.4514,0.3997,0.4544,0.3929,0.449,0.4094,0.3891,0.5225,v0,bioclip_2_image
48540,/mnt/d/Photos/Z8/180-600mm/2026/2026-03-01/DSC_1977.NEF,23277,4,Blue,reject,picked,0.8863,0.5069,0.9947,0.3212,0.3268,0.9318,0.0006,0.0205,0.0003,0.0523,-0.0075,-0.0072,0.0261,-0.0739,high quality,blurry,0.424,0.4532,0.4506,0.4448,0.405,0.4193,0.4564,0.4035,0.4529,0.3982,0.4523,0.4122,0.3932,0.5304,v0,bioclip_2_image
48541,/mnt/d/Photos/Z8/180-600mm/2026/2026-03-01/DSC_1978.NEF,23277,4,Blue,reject,picked,0.9118,0.3327,0.998,0.2292,0.5214,0.9806,0.0007,0.0234,-0.007,0.0622,-0.0121,0.0009,0.0392,-0.0721,high quality,blurry,0.4121,0.4434,0.4452,0.4299,0.398,0.4134,0.4597,0.3887,0.4504,0.383,0.442,0.3972,0.3742,0.5318,v0,bioclip_2_image
48542,/mnt/d/Photos/Z8/180-600mm/2026/2026-03-01/DSC_1979.NEF,23277,4,Blue,pick,picked,0.9165,0.4402,0.9975,0.2363,0.4472,0.9679,0.0008,0.024,-0.0024,0.0599,-0.0117,-0.0021,0.0341,-0.0715,a photo with strong subject separation,blurry,0.4168,0.446,0.4455,0.4288,0.4016,0.4155,0.4596,0.3929,0.4484,0.3856,0.4406,0.4037,0.3815,0.5311,v0,bioclip_2_image
48543,/mnt/d/Photos/Z8/180-600mm/2026/2026-03-01/DSC_1980.NEF,23277,4,Blue,reject,picked,0.8862,0.3802,0.9939,0.2911,0.4351,0.9177,0.0008,0.0205,-0.0049,0.051,-0.0089,-0.0026,0.0241,-0.0708,a photo with strong subject separation,blurry,0.4253,0.452,0.451,0.4431,0.4081,0.4203,0.4486,0.4048,0.4569,0.4,0.452,0.4107,0.3962,0.5194,v0,bioclip_2_image
48544,/mnt/d/Photos/Z8/180-600mm/2026/2026-03-01/DSC_1981.NEF,23278,3,Blue,reject,neutral,0.8621,0.4379,0.9942,0.3407,0.5718,0.9692,0.0014,0.0183,-0.0025,0.0514,-0.0066,0.0029,0.0345,-0.0654,high quality,blurry,0.4217,0.4545,0.4502,0.4453,0.4122,0.4226,0.4482,0.4034,0.457,0.3987,0.4519,0.4093,0.3881,0.5136,v0,bioclip_2_image
48545,/mnt/d/Photos/Z8/180-600mm/2026/2026-03-01/DSC_1982.NEF,23278,3,Blue,reject,neutral,0.8828,0.3964,0.9948,0.3301,0.5528,0.9704,0.0012,0.0202,-0.0042,0.0526,-0.0071,0.0021,0.0349,-0.0675,high quality,blurry,0.4263,0.4538,0.4542,0.4437,0.4141,0.4259,0.441,0.4061,0.458,0.4017,0.4508,0.412,0.391,0.5086,v0,bioclip_2_image
48546,/mnt/d/Photos/Z8/180-600mm/2026/2026-03-01/DSC_1983.NEF,23278,3,Blue,reject,neutral,0.8693,0.3773,0.996,0.2451,0.549,0.9696,0.0013,0.019,-0.005,0.0553,-0.0112,0.002,0.0346,-0.0664,high quality,blurry,0.4158,0.4474,0.4489,0.4348,0.406,0.4178,0.4462,0.3968,0.4524,0.3937,0.446,0.404,0.3832,0.5125,v0,bioclip_2_image
48547,/mnt/d/Photos/Z8/180-600mm/2026/2026-03-01/DSC_1984.NEF,23278,3,Blue,reject,neutral,0.8678,0.3856,0.9942,0.3375,0.5502,0.9721,0.0015,0.0188,-0.0047,0.0514,-0.0067,0.002,0.0355,-0.0651,a photo with strong subject separation,blurry,0.4187,0.4487,0.4471,0.4392,0.409,0.4208,0.4443,0.3998,0.4534,0.3957,0.446,0.407,0.3853,0.5093,v0,bioclip_2_image
48548,/mnt/d/Photos/Z8/180-600mm/2026/2026-03-01/DSC_1985.NEF,23278,4,Blue,pick,picked,0.8623,0.3622,0.9934,0.3453,0.5433,0.9666,0.0014,0.0183,-0.0057,0.0502,-0.0064,0.0017,0.0336,-0.0658,high quality,blurry,0.4197,0.4472,0.4476,0.4392,0.4092,0.4212,0.4408,0.4013,0.4528,0.3974,0.4456,0.4075,0.3875,0.5066,v0,bioclip_2_image
48549,/mnt/d/Photos/Z8/180-600mm/2026/2026-03-01/DSC_1986.NEF,23278,3,Blue,reject,neutral,0.8846,0.4462,0.994,0.2882,0.5642,0.9719,0.002,0.0204,-0.0022,0.0511,-0.009,0.0026,0.0355,-0.0622,a photo with strong subject separation,blurry,0.4184,0.45,0.4468,0.4377,0.4087,0.421,0.4431,0.3981,0.4522,0.3956,0.4467,0.4061,0.3855,0.5053,v0,bioclip_2_image
48550,/mnt/d/Photos/Z8/180-600mm/2026/2026-03-01/DSC_1987.NEF,23278,3,Blue,reject,neutral,0.8697,0.4831,0.9942,0.2441,0.5586,0.9722,0.0018,0.019,-0.0007,0.0515,-0.0113,0.0024,0.0356,-0.0629,high quality,blurry,0.416,0.4499,0.4456,0.4356,0.4074,0.4188,0.4431,0.397,0.4505,0.3941,0.4469,0.405,0.3833,0.5061,v0,bioclip_2_image
48551,/mnt/d/Photos/Z8/180-600mm/2026/2026-03-01/DSC_1988.NEF,23278,3,Blue,reject,neutral,0.877,0.4239,0.9947,0.2925,0.5613,0.9732,0.0019,0.0196,-0.0031,0.0524,-0.0088,0.0025,0.0359,-0.0628,high quality,blurry,0.419,0.4494,0.4481,0.4383,0.4095,0.4217,0.443,0.3993,0.4525,0.3958,0.4472,0.407,0.3857,0.5058,v0,bioclip_2_image
48552,/mnt/d/Photos/Z8/180-600mm/2026/2026-03-01/DSC_1989.NEF,23278,4,Blue,pick,picked,0.8596,0.4037,0.9945,0.2748,0.524,0.9635,0.0012,0.0181,-0.0039,0.0519,-0.0097,0.001,0.0327,-0.0674,high quality,blurry,0.4218,0.4502,0.4515,0.4398,0.4131,0.4228,0.446,0.4037,0.4541,0.3996,0.4495,0.4121,0.3901,0.5134,v0,bioclip_2_image
48553,/mnt/d/Photos/Z8/180-600mm/2026/2026-03-01/DSC_1990.NEF,23278,4,Blue,pick,picked,0.8753,0.3753,0.9961,0.302,0.5384,0.9709,0.0013,0.0195,-0.0051,0.0553,-0.0084,0.0015,0.0351,-0.0661,high quality,blurry,0.4214,0.449,0.4517,0.4398,0.4125,0.424,0.4462,0.4019,0.4541,0.3964,0.4482,0.411,0.389,0.5123,v0,bioclip_2_image
48554,/mnt/d/Photos/Z8/180-600mm/2026/2026-03-01/DSC_1991.NEF,23278,3,Blue,reject,neutral,0.8657,0.3645,0.9957,0.3227,0.5225,0.9678,0.0011,0.0186,-0.0056,0.0544,-0.0074,0.0009,0.034,-0.0677,high quality,blurry,0.4234,0.4502,0.4523,0.4423,0.4138,0.4247,0.4453,0.4047,0.4557,0.398,0.4497,0.4129,0.3907,0.513,v0,bioclip_2_image
48555,/mnt/d/Photos/Z8/180-600mm/2026/2026-03-01/DSC_1992.NEF,23279,4,Blue,reject,picked,0.8718,0.3727,0.9955,0.4069,0.5788,0.978,0.0022,0.0192,-0.0052,0.054,-0.0038,0.0032,0.0379,-0.0614,high quality,blurry,0.4247,0.4526,0.4536,0.4446,0.4146,0.4246,0.4515,0.4055,0.4578,0.3996,0.4484,0.4114,0.3867,0.5129,v0,bioclip_2_image
48556,/mnt/d/Photos/Z8/180-600mm/2026/2026-03-01/DSC_1993.NEF,23279,4,Blue,pick,picked,0.8597,0.3324,0.9952,0.348,0.5566,0.9748,0.002,0.0181,-0.007,0.0534,-0.0063,0.0023,0.0365,-0.0619,high quality,blurry,0.4173,0.4455,0.4473,0.4376,0.4071,0.4179,0.4468,0.3992,0.4524,0.3938,0.4439,0.4049,0.3813,0.5088,v0,bioclip_2_image
48557,/mnt/d/Photos/Z8/180-600mm/2026/2026-03-01/DSC_1994.NEF,23279,4,Blue,pick,picked,0.8683,0.3718,0.996,0.3405,0.5102,0.9692,0.0018,0.0189,-0.0052,0.0552,-0.0066,0.0004,0.0345,-0.063,high quality,blurry,0.4199,0.4481,0.4494,0.4394,0.4093,0.4198,0.4443,0.401,0.4533,0.3942,0.446,0.4089,0.3854,0.5073,v0,bioclip_2_image
48558,/mnt/d/Photos/Z8/180-600mm/2026/2026-03-01/DSC_1995.NEF,23279,3,Blue,reject,neutral,0.8656,0.3372,0.9966,0.3618,0.4999,0.9698,0.0017,0.0186,-0.0068,0.0569,-0.0057,-0.0,0.0347,-0.064,high quality,blurry,0.4222,0.4514,0.4527,0.4429,0.4121,0.4241,0.4522,0.4036,0.4581,0.3958,0.4485,0.4121,0.3894,0.5162,v0,bioclip_2_image
48559,/mnt/d/Photos/Z8/180-600mm/2026/2026-03-01/DSC_1996.NEF,23279,3,Blue,reject,neutral,0.8978,0.474,0.997,0.3128,0.5993,0.9818,0.0017,0.0217,-0.001,0.058,-0.0079,0.004,0.0399,-0.064,high quality,blurry,0.4181,0.4505,0.4508,0.4382,0.4111,0.421,0.4494,0.3963,0.4516,0.3928,0.4461,0.407,0.3811,0.5133,v0,bioclip_2_image
48560,/mnt/d/Photos/Z8/180-600mm/2026/2026-03-01/DSC_1997.NEF,23279,4,Blue,pick,picked,0.8888,0.437,0.9954,0.3628,0.5681,0.9758,0.0019,0.0208,-0.0025,0.0538,-0.0056,0.0027,0.037,-0.0628,high quality,blurry,0.4194,0.4478,0.449,0.4382,0.4107,0.4212,0.4442,0.3986,0.4504,0.3952,0.4438,0.408,0.3842,0.507,v0,bioclip_2_image
48561,/mnt/d/Photos/Z8/180-600mm/2026/2026-03-01/DSC_1998.NEF,23279,3,Blue,pick,neutral,0.8634,0.4719,0.9974,0.176,0.4164,0.9665,0.0009,0.0184,-0.0011,0.0596,-0.0154,-0.0034,0.0336,-0.0698,high quality,blurry,0.4171,0.4509,0.4532,0.4342,0.4061,0.4174,0.4494,0.3987,0.452,0.3937,0.4497,0.4094,0.3838,0.5192,v0,bioclip_2_image
48562,/mnt/d/Photos/Z8/180-600mm/2026/2026-03-01/DSC_1999.NEF,23279,4,Blue,pick,picked,0.8312,0.3152,0.9982,0.1628,0.3692,0.9756,0.0007,0.0159,-0.0078,0.0632,-0.0164,-0.0054,0.0369,-0.0722,high quality,blurry,0.4159,0.4527,0.4539,0.4356,0.4045,0.417,0.457,0.4,0.4604,0.3907,0.4519,0.4098,0.3801,0.5292,v0,bioclip_2_image
48563,/mnt/d/Photos/Z8/180-600mm/2026/2026-03-01/DSC_2000.NEF,23279,3,Blue,reject,neutral,0.8602,0.3245,0.9965,0.2585,0.4121,0.9667,0.0012,0.0182,-0.0073,0.0566,-0.0105,-0.0036,0.0337,-0.0676,high quality,blurry,0.419,0.4506,0.4499,0.4376,0.4047,0.4193,0.4548,0.4008,0.4579,0.3933,0.4481,0.4082,0.3856,0.5224,v0,bioclip_2_image
48564,/mnt/d/Photos/Z8/180-600mm/2026/2026-03-01/DSC_2001.NEF,23279,4,Blue,reject,picked,0.8829,0.5049,0.9957,0.2441,0.5577,0.9812,0.0019,0.0202,0.0002,0.0544,-0.0113,0.0023,0.0396,-0.0628,high quality,blurry,0.4204,0.4549,0.4513,0.4402,0.4099,0.4219,0.4517,0.4002,0.4547,0.3969,0.4515,0.4076,0.3823,0.5145,v0,bioclip_2_image
48565,/mnt/d/Photos/Z8/180-600mm/2026/2026-03-01/DSC_2002.NEF,23279,4,Blue,pick,picked,0.872,0.4229,0.9942,0.3137,0.5556,0.9799,0.0022,0.0192,-0.0031,0.0515,-0.0078,0.0022,0.0389,-0.0614,high quality,blurry,0.4222,0.4542,0.4499,0.4426,0.4104,0.4228,0.4539,0.403,0.4573,0.3984,0.4505,0.4081,0.384,0.5153,v0,bioclip_2_image
48566,/mnt/d/Photos/Z8/180-600mm/2026/2026-03-01/DSC_2003.NEF,23279,4,Blue,pick,picked,0.8708,0.4726,0.9965,0.2076,0.4952,0.9694,0.0016,0.0191,-0.0011,0.0565,-0.0134,-0.0002,0.0346,-0.0644,high quality,blurry,0.4152,0.4497,0.4493,0.4327,0.4069,0.417,0.4457,0.3962,0.4508,0.3928,0.4461,0.4071,0.3825,0.5101,v0,bioclip_2_image
48567,/mnt/d/Photos/Z8/180-600mm/2026/2026-03-01/DSC_2004.NEF,23279,4,Blue,reject,picked,0.8648,0.4479,0.9957,0.2131,0.464,0.9674,0.0011,0.0186,-0.0021,0.0543,-0.0131,-0.0014,0.0339,-0.0678,high quality,blurry,0.4158,0.4509,0.4465,0.4351,0.4049,0.4167,0.4476,0.3973,0.453,0.3922,0.4482,0.4064,0.3828,0.5154,v0,bioclip_2_image
48568,/mnt/d/Photos/Z8/180-600mm/2026/2026-03-01/DSC_2005.NEF,23279,4,Blue,reject,picked,0.8774,0.48,0.996,0.2555,0.522,0.9724,0.001,0.0197,-0.0008,0.0552,-0.0107,0.0009,0.0356,-0.0686,high quality,blurry,0.4206,0.4535,0.4509,0.4377,0.4105,0.4207,0.446,0.401,0.4543,0.3957,0.4484,0.4096,0.3851,0.5147,v0,bioclip_2_image
48569,/mnt/d/Photos/Z8/180-600mm/2026/2026-03-01/DSC_2006.NEF,23280,4,Blue,reject,picked,0.8458,0.2035,0.998,0.3153,0.385,0.9683,0.0009,0.017,-0.0136,0.062,-0.0078,-0.0047,0.0342,-0.0703,high quality,blurry,0.4186,0.4479,0.4505,0.4449,0.404,0.4178,0.4584,0.4016,0.4615,0.3885,0.4527,0.4087,0.3836,0.5287,v0,bioclip_2_image
48570,/mnt/d/Photos/Z8/180-600mm/2026/2026-03-01/DSC_2007.NEF,23280,4,Blue,reject,picked,0.8851,0.4004,0.9952,0.3941,0.5497,0.9751,0.0015,0.0204,-0.004,0.0533,-0.0043,0.002,0.0367,-0.0649,high quality,blurry,0.4209,0.4521,0.4491,0.4441,0.4129,0.4212,0.448,0.4005,0.4561,0.3958,0.4484,0.4109,0.3845,0.5129,v0,bioclip_2_image
48571,/mnt/d/Photos/Z8/180-600mm/2026/2026-03-01/DSC_2008.NEF,23280,4,Blue,reject,picked,0.8953,0.3804,0.9966,0.4399,0.5937,0.9816,0.0014,0.0215,-0.0049,0.0568,-0.0024,0.0038,0.0398,-0.0657,high quality,blurry,0.4207,0.4511,0.4489,0.4437,0.4121,0.4223,0.4465,0.3992,0.456,0.3921,0.4461,0.4083,0.3826,0.5122,v0,bioclip_2_image
48572,/mnt/d/Photos/Z8/180-600mm/2026/2026-03-01/DSC_2009.NEF,23280,4,Blue,reject,picked,0.9058,0.3467,0.9974,0.3329,0.4627,0.9799,0.0014,0.0226,-0.0063,0.0595,-0.007,-0.0015,0.0389,-0.0658,a photo with strong subject separation,blurry,0.4134,0.4478,0.4424,0.4391,0.4055,0.4166,0.4647,0.3907,0.4541,0.3829,0.4461,0.407,0.3777,0.5305,v0,bioclip_2_image
48573,/mnt/d/Photos/Z8/180-600mm/2026/2026-03-01/DSC_2010.NEF,23280,4,Blue,pick,picked,0.9189,0.3905,0.9969,0.3375,0.5137,0.9734,0.0013,0.0243,-0.0045,0.0579,-0.0067,0.0005,0.036,-0.0663,a photo with strong subject separation,blurry,0.4165,0.4503,0.446,0.441,0.4078,0.4181,0.4592,0.3922,0.4547,0.3881,0.4478,0.4072,0.3822,0.5254,v0,bioclip_2_image
48574,/mnt/d/Photos/Z8/180-600mm/2026/2026-03-01/DSC_2011.NEF,23280,4,Blue,reject,picked,0.8996,0.2535,0.9973,0.3362,0.461,0.9758,0.0011,0.0219,-0.0108,0.0592,-0.0068,-0.0016,0.037,-0.0683,high quality,blurry,0.4165,0.4479,0.4468,0.4432,0.4056,0.4194,0.4652,0.3946,0.4587,0.3876,0.45,0.4071,0.3824,0.5334,v0,bioclip_2_image
48575,/mnt/d/Photos/Z8/180-600mm/2026/2026-03-01/DSC_2012.NEF,23280,4,Blue,reject,picked,0.9186,0.3691,0.9973,0.3752,0.556,0.9768,0.0011,0.0242,-0.0054,0.0591,-0.0051,0.0023,0.0374,-0.0682,high quality,blurry,0.4214,0.4526,0.4496,0.4449,0.4135,0.4225,0.4537,0.3972,0.458,0.3905,0.45,0.4112,0.3851,0.522,v0,bioclip_2_image
48576,/mnt/d/Photos/Z8/180-600mm/2026/2026-03-01/DSC_2013.NEF,23280,4,Blue,pick,picked,0.8835,0.3891,0.9964,0.4689,0.5468,0.9683,0.0015,0.0203,-0.0045,0.0562,-0.0012,0.0019,0.0342,-0.065,high quality,blurry,0.4209,0.4514,0.4496,0.445,0.4139,0.4203,0.4511,0.4007,0.4559,0.3933,0.4463,0.412,0.3862,0.516,v0,bioclip_2_image
48577,/mnt/d/Photos/Z8/180-600mm/2026/2026-03-01/DSC_2014.NEF,23280,4,Blue,pick,picked,0.9112,0.3202,0.9973,0.443,0.5206,0.9776,0.0014,0.0233,-0.0075,0.0591,-0.0023,0.0008,0.0378,-0.0658,high quality,blurry,0.4207,0.4536,0.4509,0.4462,0.4122,0.4234,0.4589,0.3974,0.4612,0.3919,0.4485,0.4114,0.3857,0.5247,v0,bioclip_2_image
48578,/mnt/d/Photos/Z8/180-600mm/2026/2026-03-01/DSC_2015.NEF,23280,3,Green,reject,neutral,0.8843,0.4237,0.9956,0.3709,0.5959,0.9729,0.0018,0.0203,-0.0031,0.0542,-0.0053,0.0039,0.0358,-0.0632,high quality,blurry,0.4268,0.4565,0.4556,0.4455,0.4193,0.424,0.4472,0.4064,0.4595,0.4014,0.4508,0.4154,0.3882,0.5104,v0,bioclip_2_image
48579,/mnt/d/Photos/Z8/180-600mm/2026/2026-03-01/DSC_2016.NEF,23280,4,Blue,pick,picked,0.8963,0.4746,0.9946,0.3044,0.5488,0.9711,0.0012,0.0216,-0.001,0.0522,-0.0083,0.002,0.0351,-0.067,high quality,blurry,0.4247,0.453,0.4518,0.4422,0.415,0.4234,0.4444,0.4032,0.454,0.3997,0.4504,0.4131,0.3883,0.5114,v0,bioclip_2_image
48580,/mnt/d/Photos/Z8/180-600mm/2026/2026-03-01/DSC_2017.NEF,23280,4,Blue,pick,picked,0.8943,0.4935,0.995,0.2843,0.5725,0.9704,0.0013,0.0214,-0.0003,0.0529,-0.0092,0.0029,0.0349,-0.0664,high quality,blurry,0.4217,0.4526,0.4497,0.4393,0.4129,0.4204,0.4436,0.4003,0.4529,0.3967,0.4485,0.41,0.3856,0.51,v0,bioclip_2_image
48581,/mnt/d/Photos/Z8/180-600mm/2026/2026-03-01/DSC_2018.NEF,23280,4,Blue,pick,picked,0.8972,0.4166,0.9954,0.3854,0.5862,0.979,0.0016,0.0217,-0.0034,0.0538,-0.0047,0.0035,0.0384,-0.0646,high quality,blurry,0.4235,0.4524,0.4513,0.4426,0.4156,0.4242,0.4439,0.4019,0.4557,0.3974,0.4473,0.4121,0.3858,0.5085,v0,bioclip_2_image
48582,/mnt/d/Photos/Z8/180-600mm/2026/2026-03-01/DSC_2019.NEF,23280,4,Blue,pick,picked,0.8829,0.4089,0.9948,0.3808,0.5495,0.9758,0.0017,0.0202,-0.0037,0.0526,-0.0049,0.002,0.037,-0.0638,high quality,blurry,0.4218,0.4506,0.4493,0.441,0.4141,0.4223,0.4413,0.4016,0.4543,0.3968,0.4459,0.4121,0.3854,0.5051,v0,bioclip_2_image
48583,/mnt/d/Photos/Z8/180-600mm/2026/2026-03-01/DSC_2020.NEF,23280,4,Blue,pick,picked,0.894,0.4487,0.995,0.3439,0.5244,0.9734,0.0012,0.0213,-0.0021,0.053,-0.0065,0.001,0.036,-0.0669,high quality,blurry,0.422,0.4512,0.4486,0.4403,0.4126,0.4222,0.4415,0.4007,0.4533,0.3957,0.4467,0.4117,0.3862,0.5084,v0,bioclip_2_image
48584,/mnt/d/Photos/Z8/180-600mm/2026/2026-03-01/DSC_2021.NEF,23280,4,Blue,reject,picked,0.904,0.4592,0.9949,0.3471,0.5997,0.9759,0.0015,0.0224,-0.0016,0.0527,-0.0063,0.004,0.037,-0.0649,high quality,blurry,0.4239,0.4525,0.4507,0.4417,0.4162,0.4241,0.442,0.4015,0.4541,0.398,0.448,0.4122,0.3871,0.5069,v0,bioclip_2_image
48585,/mnt/d/Photos/Z8/180-600mm/2026/2026-03-01/DSC_2022.NEF,23280,4,Blue,reject,picked,0.91,0.433,0.9945,0.3611,0.6121,0.981,0.0013,0.0231,-0.0027,0.052,-0.0057,0.0046,0.0395,-0.0661,high quality,blurry,0.4236,0.4529,0.4498,0.4429,0.4155,0.4244,0.4475,0.4005,0.4556,0.3978,0.4487,0.4109,0.385,0.5137,v0,bioclip_2_image
48586,/mnt/d/Photos/Z8/180-600mm/2026/2026-03-01/DSC_2023.NEF,23280,4,Blue,reject,picked,0.913,0.458,0.9947,0.2961,0.6243,0.98,0.0015,0.0235,-0.0017,0.0524,-0.0087,0.0051,0.0389,-0.0651,high quality,blurry,0.4234,0.4543,0.4498,0.442,0.4153,0.424,0.4506,0.3999,0.456,0.3974,0.4507,0.4102,0.3851,0.5157,v0,bioclip_2_image
48587,/mnt/d/Photos/Z8/180-600mm/2026/2026-03-01/DSC_2024.NEF,23280,4,Blue,reject,picked,0.9083,0.4353,0.9944,0.3208,0.6314,0.9812,0.0013,0.0229,-0.0026,0.0519,-0.0075,0.0054,0.0396,-0.0665,high quality,blurry,0.4249,0.4534,0.4501,0.4428,0.4163,0.4253,0.4451,0.402,0.456,0.3982,0.4503,0.4109,0.3857,0.5115,v0,bioclip_2_image
48588,/mnt/d/Photos/Z8/180-600mm/2026/2026-03-01/DSC_2025.NEF,23280,4,Blue,reject,picked,0.9263,0.3831,0.9978,0.2981,0.6575,0.9817,0.001,0.0253,-0.0048,0.0613,-0.0086,0.0065,0.0398,-0.0694,high quality,blurry,0.4234,0.4566,0.4549,0.4395,0.4182,0.4253,0.4501,0.3981,0.4614,0.3936,0.448,0.4117,0.3855,0.5195,v0,bioclip_2_image
48589,/mnt/d/Photos/Z8/180-600mm/2026/2026-03-01/DSC_2026.NEF,23280,3,Blue,reject,neutral,0.9107,0.4294,0.9972,0.3167,0.5764,0.9705,0.0012,0.0232,-0.0028,0.0587,-0.0077,0.0031,0.0349,-0.0674,high quality,blurry,0.4242,0.4548,0.4543,0.4415,0.4156,0.425,0.4458,0.401,0.4576,0.3956,0.4492,0.4125,0.3901,0.5132,v0,bioclip_2_image
48590,/mnt/d/Photos/Z8/180-600mm/2026/2026-03-01/DSC_2027.NEF,23280,4,Blue,pick,picked,0.848,0.2287,0.9962,0.2228,0.5104,0.97,0.001,0.0172,-0.0122,0.0558,-0.0125,0.0004,0.0348,-0.0694,high quality,blurry,0.4331,0.465,0.4603,0.4579,0.4205,0.4319,0.4771,0.4159,0.4772,0.4045,0.4704,0.4201,0.3971,0.5466,v0,bioclip_2_image
48591,/mnt/d/Photos/Z8/180-600mm/2026/2026-03-01/DSC_2028.NEF,23280,4,Blue,reject,picked,0.8968,0.2919,0.9957,0.3894,0.5409,0.9812,0.0012,0.0216,-0.0089,0.0544,-0.0045,0.0016,0.0396,-0.0676,high quality,blurry,0.4263,0.4574,0.4511,0.4491,0.4164,0.4302,0.4636,0.4046,0.4663,0.3968,0.4536,0.4147,0.3906,0.5311,v0,bioclip_2_image
48592,/mnt/d/Photos/Z8/180-600mm/2026/2026-03-01/DSC_2029.NEF,23280,4,Blue,reject,picked,0.879,0.3017,0.9961,0.3336,0.4815,0.9717,0.0014,0.0198,-0.0084,0.0554,-0.0069,-0.0007,0.0354,-0.0659,high quality,blurry,0.4259,0.4565,0.4521,0.4476,0.4139,0.4276,0.466,0.406,0.4649,0.3967,0.4546,0.4146,0.3923,0.532,v0,bioclip_2_image
48593,/mnt/d/Photos/Z8/180-600mm/2026/2026-03-01/DSC_2030.NEF,23280,4,Blue,pick,picked,0.8592,0.232,0.9959,0.2772,0.5446,0.9696,0.0012,0.0181,-0.012,0.055,-0.0096,0.0018,0.0346,-0.0676,high quality,blurry,0.4258,0.4566,0.4521,0.4465,0.4145,0.4275,0.4636,0.4077,0.4686,0.3971,0.4561,0.4127,0.3928,0.5312,v0,bioclip_2_image
48594,/mnt/d/Photos/Z8/180-600mm/2026/2026-03-01/DSC_2031.NEF,23280,4,Blue,pick,picked,0.8652,0.3944,0.9943,0.3609,0.5448,0.9595,0.0013,0.0186,-0.0043,0.0515,-0.0057,0.0018,0.0317,-0.0664,high quality,blurry,0.4259,0.4579,0.4476,0.452,0.4133,0.4239,0.4645,0.4073,0.4622,0.3961,0.4578,0.4115,0.3922,0.5309,v0,bioclip_2_image
48595,/mnt/d/Photos/Z8/180-600mm/2026/2026-03-01/DSC_2032.NEF,23281,4,Blue,reject,picked,0.9093,0.4965,0.9941,0.3486,0.5899,0.9727,0.0015,0.023,-0.0001,0.0513,-0.0063,0.0036,0.0357,-0.065,high quality,blurry,0.4226,0.4517,0.4483,0.4403,0.414,0.4216,0.4439,0.3996,0.4519,0.397,0.4466,0.4104,0.3858,0.509,v0,bioclip_2_image
48596,/mnt/d/Photos/Z8/180-600mm/2026/2026-03-01/DSC_2033.NEF,23281,4,Blue,reject,picked,0.9096,0.5328,0.9937,0.3511,0.5661,0.9704,0.0015,0.0231,0.0013,0.0506,-0.0061,0.0027,0.0349,-0.0649,high quality,blurry,0.4248,0.4537,0.4498,0.4419,0.4154,0.4228,0.4432,0.4017,0.4524,0.3992,0.448,0.4127,0.3879,0.5081,v0,bioclip_2_image
48597,/mnt/d/Photos/Z8/180-600mm/2026/2026-03-01/DSC_2034.NEF,23281,4,Blue,reject,picked,0.9006,0.4022,0.9949,0.3172,0.5838,0.9722,0.0013,0.022,-0.004,0.0527,-0.0077,0.0034,0.0355,-0.0664,high quality,blurry,0.4268,0.4544,0.4523,0.4441,0.4179,0.4252,0.4445,0.4047,0.4583,0.3996,0.4518,0.4145,0.3896,0.5109,v0,bioclip_2_image
48598,/mnt/d/Photos/Z8/180-600mm/2026/2026-03-01/DSC_2035.NEF,23281,4,Blue,reject,picked,0.9072,0.4974,0.9954,0.3651,0.6142,0.9767,0.0015,0.0228,-0.0001,0.0537,-0.0055,0.0046,0.0373,-0.0653,high quality,blurry,0.4226,0.4521,0.4496,0.4411,0.4149,0.422,0.4425,0.3998,0.4522,0.3958,0.4466,0.4103,0.3847,0.5078,v0,bioclip_2_image
48599,/mnt/d/Photos/Z8/180-600mm/2026/2026-03-01/DSC_2036.NEF,23281,4,Blue,pick,picked,0.8858,0.463,0.9944,0.3539,0.5846,0.973,0.0014,0.0205,-0.0015,0.0517,-0.006,0.0034,0.0358,-0.0659,high quality,blurry,0.4214,0.4504,0.4481,0.4401,0.4136,0.4205,0.44,0.4009,0.4519,0.3963,0.4461,0.4102,0.3846,0.5059,v0,bioclip_2_image
48600,/mnt/d/Photos/Z8/180-600mm/2026/2026-03-01/DSC_2037.NEF,23281,4,Blue,reject,picked,0.9042,0.46,0.9951,0.3295,0.5743,0.9748,0.0011,0.0224,-0.0016,0.0531,-0.0071,0.003,0.0366,-0.0685,high quality,blurry,0.4234,0.4519,0.4477,0.4423,0.414,0.4224,0.4405,0.4009,0.4535,0.3946,0.4494,0.411,0.3858,0.5091,v0,bioclip_2_image
48601,/mnt/d/Photos/Z8/180-600mm/2026/2026-03-01/DSC_2038.NEF,23281,4,Blue,reject,picked,0.9028,0.4892,0.9942,0.3339,0.6212,0.9759,0.0016,0.0223,-0.0004,0.0515,-0.0069,0.0049,0.037,-0.0642,high quality,blurry,0.4217,0.4522,0.4469,0.4431,0.414,0.4214,0.4458,0.3994,0.4526,0.3954,0.45,0.4091,0.3844,0.51,v0,bioclip_2_image
48602,/mnt/d/Photos/Z8/180-600mm/2026/2026-03-01/DSC_2039.NEF,23281,4,Blue,reject,picked,0.9036,0.4961,0.9946,0.3554,0.6156,0.9779,0.0016,0.0224,-0.0002,0.0521,-0.006,0.0047,0.0379,-0.0642,high quality,blurry,0.4218,0.4522,0.4463,0.4425,0.4136,0.4216,0.446,0.3994,0.4523,0.3942,0.4484,0.4089,0.3837,0.5101,v0,bioclip_2_image
48603,/mnt/d/Photos/Z8/180-600mm/2026/2026-03-01/DSC_2040.NEF,23281,4,Blue,reject,picked,0.8964,0.4885,0.993,0.3091,0.5669,0.9691,0.0014,0.0216,-0.0005,0.0496,-0.008,0.0027,0.0345,-0.0658,high quality,blurry,0.4244,0.4533,0.4488,0.4412,0.415,0.4225,0.4415,0.4028,0.4538,0.3993,0.4493,0.4123,0.388,0.5073,v0,bioclip_2_image
48604,/mnt/d/Photos/Z8/180-600mm/2026/2026-03-01/DSC_2041.NEF,23281,4,Blue,pick,picked,0.8975,0.4687,0.9934,0.3055,0.5952,0.9714,0.0014,0.0217,-0.0013,0.0502,-0.0082,0.0039,0.0352,-0.066,high quality,blurry,0.4255,0.4542,0.4499,0.4424,0.4158,0.4233,0.4424,0.4038,0.4554,0.3997,0.4506,0.4119,0.388,0.5084,v0,bioclip_2_image
48605,/mnt/d/Photos/Z8/180-600mm/2026/2026-03-01/DSC_2042.NEF,23281,4,Blue,pick,picked,0.9007,0.4701,0.9938,0.3327,0.5701,0.9739,0.0014,0.022,-0.0012,0.0508,-0.007,0.0028,0.0362,-0.0658,high quality,blurry,0.4234,0.4519,0.4473,0.4417,0.413,0.4226,0.442,0.4013,0.4531,0.3965,0.4487,0.4102,0.3864,0.5078,v0,bioclip_2_image
48606,/mnt/d/Photos/Z8/180-600mm/2026/2026-03-01/DSC_2043.NEF,23281,4,Blue,pick,picked,0.9088,0.4019,0.9954,0.3958,0.5872,0.9639,0.0012,0.023,-0.004,0.0537,-0.0042,0.0035,0.0329,-0.0671,high quality,blurry,0.4279,0.4517,0.4523,0.4467,0.419,0.4244,0.4447,0.4049,0.4557,0.3986,0.4509,0.4155,0.3915,0.5118,v0,bioclip_2_image
48607,/mnt/d/Photos/Z8/180-600mm/2026/2026-03-01/DSC_2044.NEF,23281,4,Blue,pick,picked,0.9029,0.3749,0.9955,0.3818,0.5802,0.9684,0.0009,0.0223,-0.0051,0.054,-0.0048,0.0032,0.0342,-0.07,high quality,blurry,0.4227,0.45,0.4474,0.4431,0.4147,0.4221,0.446,0.4004,0.4551,0.3935,0.4479,0.4114,0.3879,0.516,v0,bioclip_2_image
48608,/mnt/d/Photos/Z8/180-600mm/2026/2026-03-01/DSC_2045.NEF,23281,4,Blue,pick,picked,0.9209,0.4777,0.9957,0.3825,0.5731,0.9776,0.0012,0.0246,-0.0009,0.0544,-0.0048,0.0029,0.0377,-0.067,high quality,blurry,0.4216,0.4519,0.4479,0.4394,0.4112,0.4227,0.4458,0.397,0.4528,0.3935,0.4441,0.4083,0.3849,0.5128,v0,bioclip_2_image
48609,/mnt/d/Photos/Z8/180-600mm/2026/2026-03-01/DSC_2046.NEF,23281,4,Blue,pick,picked,0.9047,0.4484,0.9952,0.3928,0.6015,0.9742,0.0011,0.0225,-0.0021,0.0533,-0.0044,0.0041,0.0363,-0.068,high quality,blurry,0.4235,0.4519,0.4495,0.4421,0.4149,0.4237,0.4426,0.401,0.454,0.3962,0.4465,0.4108,0.3873,0.5106,v0,bioclip_2_image
48610,/mnt/d/Photos/Z8/180-600mm/2026/2026-03-01/DSC_2047.NEF,23281,4,Blue,pick,picked,0.9147,0.4758,0.9954,0.3531,0.6077,0.9743,0.0012,0.0237,-0.001,0.0539,-0.0061,0.0044,0.0363,-0.0673,high quality,blurry,0.4242,0.4535,0.45,0.4411,0.4158,0.424,0.4456,0.4004,0.4545,0.3962,0.4472,0.4114,0.3877,0.5129,v0,bioclip_2_image
48611,/mnt/d/Photos/Z8/180-600mm/2026/2026-03-01/DSC_2048.NEF,23281,4,Blue,reject,picked,0.9211,0.4625,0.9959,0.3686,0.5392,0.9671,0.0011,0.0246,-0.0015,0.0549,-0.0054,0.0016,0.0338,-0.0685,high quality,blurry,0.424,0.4519,0.448,0.4413,0.4134,0.4222,0.4518,0.3994,0.4534,0.3932,0.4466,0.4118,0.3884,0.5204,v0,bioclip_2_image
48612,/mnt/d/Photos/Z8/180-600mm/2026/2026-03-01/DSC_2049.NEF,23281,4,Blue,reject,picked,0.9216,0.5149,0.9962,0.4251,0.5276,0.9665,0.001,0.0246,0.0006,0.0556,-0.003,0.0011,0.0336,-0.0693,high quality,blurry,0.4243,0.4539,0.4488,0.4429,0.4146,0.4223,0.4492,0.3996,0.4533,0.3932,0.4459,0.4135,0.3886,0.5186,v0,bioclip_2_image
48613,/mnt/d/Photos/Z8/180-600mm/2026/2026-03-01/DSC_2050.NEF,23281,4,Blue,reject,picked,0.9298,0.5208,0.9967,0.4691,0.5344,0.971,0.001,0.0258,0.0008,0.0571,-0.0012,0.0014,0.0351,-0.0696,high quality,blurry,0.4197,0.4504,0.4441,0.4387,0.411,0.4174,0.4468,0.3939,0.4496,0.387,0.44,0.4096,0.3823,0.5164,v0,bioclip_2_image
48614,/mnt/d/Photos/Z8/180-600mm/2026/2026-03-01/DSC_2051.NEF,23281,4,Blue,pick,picked,0.9208,0.4674,0.9946,0.3943,0.5453,0.967,0.001,0.0245,-0.0013,0.0521,-0.0043,0.0018,0.0338,-0.0687,high quality,blurry,0.4254,0.4542,0.4494,0.4436,0.4151,0.4241,0.4484,0.4009,0.4555,0.3972,0.4479,0.4133,0.3903,0.5171,v0,bioclip_2_image
48615,/mnt/d/Photos/Z8/180-600mm/2026/2026-03-01/DSC_2052.NEF,23281,3,Blue,reject,neutral,0.923,0.387,0.9967,0.4553,0.515,0.9693,0.0008,0.0248,-0.0046,0.0571,-0.0018,0.0006,0.0345,-0.0713,high quality,blurry,0.4185,0.447,0.4432,0.4373,0.4112,0.4173,0.4491,0.3937,0.4516,0.3861,0.439,0.4106,0.3828,0.5204,v0,bioclip_2_image
48616,/mnt/d/Photos/Z8/180-600mm/2026/2026-03-01/DSC_2053.NEF,23281,4,Blue,pick,picked,0.9264,0.5054,0.9964,0.3864,0.5722,0.9626,0.0014,0.0253,0.0002,0.0562,-0.0046,0.0029,0.0325,-0.0656,high quality,blurry,0.4235,0.4532,0.4489,0.4412,0.4151,0.4212,0.4539,0.3982,0.453,0.3927,0.4459,0.4122,0.3887,0.5195,v0,bioclip_2_image
48617,/mnt/d/Photos/Z8/180-600mm/2026/2026-03-01/DSC_2054.NEF,23281,4,Blue,pick,picked,0.923,0.5112,0.9963,0.411,0.5839,0.9564,0.0014,0.0248,0.0004,0.0561,-0.0036,0.0034,0.0309,-0.0658,high quality,blurry,0.4236,0.4538,0.449,0.4415,0.4166,0.4201,0.4559,0.3988,0.4533,0.3929,0.4451,0.4132,0.3893,0.5218,v0,bioclip_2_image
48618,/mnt/d/Photos/Z8/180-600mm/2026/2026-03-01/DSC_2055.NEF,23282,3,Blue,reject,neutral,0.8694,0.482,0.9968,0.2249,0.1148,0.8747,0.0007,0.019,-0.0007,0.0574,-0.0124,-0.0204,0.0194,-0.073,high quality,blurry,0.4164,0.4487,0.4461,0.4372,0.3954,0.4082,0.4696,0.3975,0.4495,0.3888,0.4496,0.4159,0.3888,0.5426,v0,bioclip_2_image
48619,/mnt/d/Photos/Z8/180-600mm/2026/2026-03-01/DSC_2056.NEF,23282,3,Blue,pick,neutral,0.8495,0.4338,0.9972,0.228,0.1322,0.8955,0.0005,0.0173,-0.0027,0.0586,-0.0122,-0.0188,0.0215,-0.0759,a photo with strong subject separation,blurry,0.4196,0.4496,0.4486,0.4401,0.3979,0.4122,0.4734,0.4023,0.4522,0.39,0.4523,0.4167,0.3908,0.5493,v0,bioclip_2_image
48620,/mnt/d/Photos/Z8/180-600mm/2026/2026-03-01/DSC_2057.NEF,23283,3,Blue,pick,neutral,0.8605,0.4207,0.9949,0.2683,0.2114,0.9224,0.0006,0.0182,-0.0032,0.0528,-0.01,-0.0132,0.0248,-0.0744,a photo with strong subject separation,blurry,0.4164,0.4454,0.4471,0.4369,0.398,0.4115,0.4479,0.3982,0.4486,0.3943,0.4469,0.4111,0.3867,0.5223,v0,bioclip_2_image
48621,/mnt/d/Photos/Z8/180-600mm/2026/2026-03-01/DSC_2058.NEF,23282,3,Blue,reject,neutral,0.8816,0.4596,0.9967,0.2243,0.1571,0.9441,0.0004,0.0201,-0.0016,0.0571,-0.0124,-0.0168,0.0283,-0.0785,high quality,blurry,0.4163,0.4487,0.4465,0.4384,0.3952,0.4126,0.4592,0.3963,0.4503,0.3895,0.4508,0.412,0.3843,0.5377,v0,bioclip_2_image
48622,/mnt/d/Photos/Z8/180-600mm/2026/2026-03-01/DSC_2059.NEF,23282,3,Blue,reject,neutral,0.8698,0.5017,0.9973,0.1716,0.1388,0.8678,0.0007,0.019,0.0001,0.059,-0.0157,-0.0182,0.0188,-0.0728,high quality,blurry,0.4048,0.4363,0.434,0.4216,0.3868,0.3961,0.4679,0.3858,0.4363,0.375,0.4374,0.405,0.3773,0.5407,v0,bioclip_2_image
48623,/mnt/d/Photos/Z8/180-600mm/2026/2026-03-01/DSC_2060.NEF,23282,3,Blue,reject,neutral,0.8721,0.4865,0.9963,0.2742,0.1455,0.9237,0.001,0.0192,-0.0005,0.0558,-0.0097,-0.0177,0.0249,-0.0693,a photo with strong subject separation,blurry,0.4177,0.451,0.4439,0.4398,0.4005,0.4138,0.4742,0.3985,0.4516,0.388,0.4495,0.4182,0.3889,0.5435,v0,bioclip_2_image
48624,/mnt/d/Photos/Z8/180-600mm/2026/2026-03-01/DSC_2061.NEF,23282,3,Blue,reject,neutral,0.9279,0.68,0.9977,0.2704,0.1777,0.9255,0.0007,0.0256,0.0075,0.0606,-0.0099,-0.0153,0.0252,-0.0721,high quality,blurry,0.4029,0.4365,0.4316,0.4206,0.3786,0.3943,0.4619,0.3774,0.4289,0.3709,0.4305,0.3939,0.3691,0.5339,v0,bioclip_2_image
48625,/mnt/d/Photos/Z8/180-600mm/2026/2026-03-01/DSC_2062.NEF,23282,3,Blue,reject,neutral,0.8854,0.3813,0.9953,0.4012,0.2924,0.9038,0.0009,0.0204,-0.0048,0.0535,-0.004,-0.0088,0.0224,-0.0701,a photo with strong subject separation,blurry,0.4294,0.458,0.457,0.4537,0.4123,0.4244,0.4532,0.409,0.4628,0.4035,0.4577,0.4211,0.402,0.5234,v0,bioclip_2_image
48626,/mnt/d/Photos/Z8/180-600mm/2026/2026-03-01/DSC_2063.NEF,23282,4,Blue,pick,picked,0.9083,0.4007,0.9981,0.3248,0.2125,0.9393,0.0009,0.0229,-0.004,0.0626,-0.0073,-0.0131,0.0274,-0.0703,a photo with strong subject separation,blurry,0.4227,0.4505,0.452,0.4417,0.4021,0.4175,0.4633,0.3997,0.4545,0.3894,0.449,0.4152,0.3901,0.5336,v0,bioclip_2_image
48627,/mnt/d/Photos/Z8/180-600mm/2026/2026-03-01/DSC_2064.NEF,23282,3,Blue,reject,neutral,0.9063,0.4618,0.9974,0.4343,0.2314,0.9163,0.0011,0.0227,-0.0015,0.0595,-0.0026,-0.012,0.0239,-0.0682,a photo with strong subject separation,blurry,0.4239,0.4546,0.4524,0.4458,0.4048,0.418,0.4528,0.4012,0.4561,0.3929,0.4484,0.4168,0.3941,0.521,v0,bioclip_2_image
48628,/mnt/d/Photos/Z8/180-600mm/2026/2026-03-01/DSC_2065.NEF,23283,3,Blue,pick,neutral,0.8739,0.221,0.9968,0.1474,0.1672,0.9558,0.0003,0.0194,-0.0126,0.0575,-0.0175,-0.0161,0.0307,-0.0827,a photo with strong subject separation,blurry,0.4182,0.4408,0.4498,0.4331,0.3997,0.4194,0.461,0.3989,0.4534,0.3923,0.4507,0.4157,0.3887,0.5437,v0,bioclip_2_image
48629,/mnt/d/Photos/Z8/180-600mm/2026/2026-03-01/DSC_2066.NEF,23282,3,Blue,reject,neutral,0.9053,0.3517,0.999,0.3349,0.2229,0.9282,0.0008,0.0226,-0.0061,0.0688,-0.0069,-0.0125,0.0256,-0.0708,a photo with strong subject separation,blurry,0.4168,0.4463,0.4494,0.4398,0.3993,0.4107,0.4657,0.3943,0.4524,0.3806,0.4467,0.4118,0.3851,0.5365,v0,bioclip_2_image
48630,/mnt/d/Photos/Z8/180-600mm/2026/2026-03-01/DSC_2067.NEF,23282,3,Blue,reject,neutral,0.9062,0.2682,0.9989,0.3123,0.2293,0.933,0.001,0.0227,-0.01,0.0684,-0.0079,-0.0121,0.0263,-0.0689,a photo with strong subject separation,blurry,0.4209,0.4482,0.4529,0.4424,0.4043,0.4165,0.4686,0.3982,0.4582,0.3845,0.4503,0.4164,0.3902,0.5375,v0,bioclip_2_image
48631,/mnt/d/Photos/Z8/180-600mm/2026/2026-03-01/DSC_2068.NEF,23282,3,Blue,reject,neutral,0.8922,0.4025,0.9967,0.2595,0.2848,0.9276,0.0007,0.0211,-0.004,0.057,-0.0105,-0.0092,0.0255,-0.0725,high quality,blurry,0.4201,0.4504,0.4497,0.4437,0.4018,0.4153,0.459,0.399,0.4543,0.3927,0.4541,0.411,0.3898,0.5315,v0,bioclip_2_image
48632,/mnt/d/Photos/Z8/180-600mm/2026/2026-03-01/DSC_2069.NEF,23282,3,Blue,reject,neutral,0.9172,0.4293,0.9984,0.3017,0.1908,0.9164,0.0009,0.0241,-0.0028,0.0644,-0.0084,-0.0144,0.0239,-0.0705,a photo with strong subject separation,blurry,0.4235,0.4524,0.4554,0.4425,0.4031,0.4185,0.4627,0.3994,0.4552,0.391,0.4508,0.4175,0.3945,0.5332,v0,bioclip_2_image
48633,/mnt/d/Photos/Z8/180-600mm/2026/2026-03-01/DSC_2070.NEF,23282,3,Blue,reject,neutral,0.9062,0.3716,0.9986,0.1888,0.2264,0.885,0.0005,0.0227,-0.0053,0.0656,-0.0146,-0.0123,0.0204,-0.076,high quality,blurry,0.4227,0.4499,0.4537,0.4418,0.4025,0.4158,0.4671,0.4,0.4551,0.3881,0.4564,0.4148,0.3954,0.5431,v0,bioclip_2_image
48634,/mnt/d/Photos/Z8/180-600mm/2026/2026-03-01/DSC_2071.NEF,23282,3,Blue,reject,neutral,0.8839,0.3538,0.9986,0.2062,0.2204,0.9082,0.0005,0.0203,-0.006,0.066,-0.0135,-0.0126,0.0229,-0.0769,high quality,blurry,0.4228,0.4492,0.4568,0.4421,0.4041,0.416,0.4764,0.4025,0.4552,0.3909,0.4556,0.4167,0.3931,0.5533,v0,bioclip_2_image
48635,/mnt/d/Photos/Z8/180-600mm/2026/2026-03-01/DSC_2072.NEF,23282,3,Blue,reject,neutral,0.8725,0.2952,0.9985,0.387,0.3239,0.9115,0.001,0.0192,-0.0087,0.0648,-0.0046,-0.0074,0.0233,-0.0686,high quality,blurry,0.424,0.4555,0.4571,0.4515,0.4094,0.4137,0.4621,0.4047,0.4642,0.3923,0.4561,0.4167,0.3903,0.5307,v0,bioclip_2_image
48636,/mnt/d/Photos/Z8/180-600mm/2026/2026-03-01/DSC_2073.NEF,23282,3,Blue,reject,neutral,0.8895,0.266,0.9983,0.3421,0.3639,0.9426,0.0012,0.0209,-0.0101,0.0635,-0.0065,-0.0056,0.028,-0.0673,a photo with strong subject separation,blurry,0.4202,0.4479,0.4539,0.4439,0.4062,0.4171,0.4572,0.3993,0.458,0.3903,0.4504,0.4118,0.3891,0.5245,v0,bioclip_2_image
48637,/mnt/d/Photos/Z8/180-600mm/2026/2026-03-01/DSC_2074.NEF,23282,3,Blue,reject,neutral,0.843,0.2864,0.9982,0.406,0.301,0.856,0.0012,0.0168,-0.0091,0.063,-0.0038,-0.0084,0.0178,-0.0673,a photo with strong subject separation,blurry,0.4175,0.4456,0.4527,0.4434,0.4079,0.4101,0.4604,0.4007,0.4547,0.3897,0.4472,0.4163,0.3923,0.5278,v0,bioclip_2_image
48638,/mnt/d/Photos/Z8/180-600mm/2026/2026-03-01/DSC_2075.NEF,23282,3,Blue,reject,neutral,0.8991,0.1551,0.9996,0.3848,0.4352,0.9023,0.0006,0.0219,-0.0169,0.0777,-0.0047,-0.0026,0.0222,-0.0739,high quality,blurry,0.4195,0.4429,0.4578,0.4423,0.4078,0.403,0.4842,0.3976,0.4598,0.3801,0.447,0.4104,0.3807,0.5582,v0,bioclip_2_image
48639,/mnt/d/Photos/Z8/180-600mm/2026/2026-03-01/DSC_2076.NEF,23282,3,Blue,reject,neutral,0.908,0.2532,0.9994,0.2384,0.3975,0.9022,0.0005,0.0229,-0.0108,0.0739,-0.0116,-0.0042,0.0222,-0.0754,high quality,blurry,0.4244,0.4486,0.461,0.442,0.4083,0.4103,0.4832,0.4015,0.4594,0.3871,0.4536,0.4124,0.388,0.5586,v0,bioclip_2_image
48640,/mnt/d/Photos/Z8/180-600mm/2026/2026-03-01/DSC_2077.NEF,23282,3,Blue,reject,neutral,0.9103,0.1824,0.9993,0.2091,0.3818,0.8763,0.0003,0.0232,-0.015,0.0723,-0.0133,-0.0048,0.0196,-0.0805,high quality,blurry,0.4236,0.4455,0.4593,0.4372,0.4084,0.4073,0.483,0.4004,0.4605,0.3869,0.4505,0.4133,0.3877,0.5635,v0,bioclip_2_image
48641,/mnt/d/Photos/Z8/180-600mm/2026/2026-03-01/DSC_2078.NEF,23282,3,Blue,reject,neutral,0.8696,0.3503,0.9992,0.3767,0.3468,0.8861,0.0006,0.019,-0.0062,0.0709,-0.005,-0.0063,0.0205,-0.0739,high quality,blurry,0.4178,0.4471,0.4566,0.4387,0.4041,0.4083,0.4663,0.3988,0.4533,0.3857,0.4437,0.4104,0.3878,0.5401,v0,bioclip_2_image
48642,/mnt/d/Photos/Z8/180-600mm/2026/2026-03-01/DSC_2079.NEF,23282,3,Blue,reject,neutral,0.8491,0.4021,0.9978,0.3281,0.3004,0.8474,0.0009,0.0173,-0.004,0.061,-0.0072,-0.0085,0.0171,-0.0702,high quality,blurry,0.4167,0.4472,0.449,0.4401,0.4005,0.4073,0.4611,0.3994,0.4511,0.388,0.4473,0.409,0.3902,0.5313,v0,bioclip_2_image
48643,/mnt/d/Photos/Z8/180-600mm/2026/2026-03-01/DSC_2080.NEF,23282,3,Blue,reject,neutral,0.8566,0.3936,0.9986,0.2801,0.1744,0.8473,0.001,0.0179,-0.0043,0.0657,-0.0094,-0.0155,0.0171,-0.0695,high quality,blurry,0.4132,0.4457,0.445,0.4338,0.3965,0.4046,0.4632,0.3953,0.4501,0.3793,0.4432,0.4121,0.3875,0.5327,v0,bioclip_2_image
48644,/mnt/d/Photos/Z8/180-600mm/2026/2026-03-01/DSC_2081.NEF,23282,3,Blue,reject,neutral,0.8319,0.2059,0.9994,0.1995,0.3804,0.8765,0.0004,0.016,-0.0135,0.0735,-0.0139,-0.0049,0.0196,-0.0788,high quality,blurry,0.4206,0.448,0.4605,0.4415,0.4069,0.4108,0.4676,0.4046,0.4615,0.387,0.4554,0.4117,0.3912,0.5463,v0,bioclip_2_image
48645,/mnt/d/Photos/Z8/180-600mm/2026/2026-03-01/DSC_2082.NEF,23282,3,Blue,reject,neutral,0.8522,0.2823,0.999,0.2869,0.2408,0.847,0.0008,0.0175,-0.0093,0.0693,-0.0091,-0.0115,0.0171,-0.0708,high quality,blurry,0.4221,0.45,0.4564,0.4419,0.4025,0.4117,0.4665,0.4046,0.4594,0.387,0.451,0.414,0.3946,0.5373,v0,bioclip_2_image
48646,/mnt/d/Photos/Z8/180-600mm/2026/2026-03-01/DSC_2083.NEF,23282,3,Blue,reject,neutral,0.8834,0.3726,0.9988,0.377,0.2606,0.8604,0.0009,0.0202,-0.0052,0.067,-0.005,-0.0104,0.0182,-0.0706,high quality,blurry,0.4204,0.4484,0.4553,0.4427,0.4033,0.4107,0.4592,0.4001,0.4536,0.3883,0.4478,0.4137,0.3926,0.5299,v0,bioclip_2_image
48647,/mnt/d/Photos/Z8/180-600mm/2026/2026-03-01/DSC_2084.NEF,23282,3,Blue,reject,neutral,0.8559,0.3582,0.9989,0.3052,0.3739,0.8378,0.0006,0.0178,-0.0058,0.0685,-0.0082,-0.0052,0.0164,-0.0748,high quality,blurry,0.4145,0.4406,0.4493,0.4362,0.3972,0.4023,0.4703,0.3967,0.4464,0.3808,0.4444,0.4024,0.3859,0.5451,v0,bioclip_2_image
48648,/mnt/d/Photos/Z8/180-600mm/2026/2026-03-01/DSC_2085.NEF,23284,3,Blue,pick,neutral,0.8784,0.3999,0.9979,0.3804,0.38,0.93,0.0013,0.0198,-0.0041,0.0616,-0.0049,-0.0049,0.0259,-0.0665,high quality,blurry,0.4243,0.4556,0.459,0.4485,0.4122,0.4198,0.4596,0.4045,0.4597,0.3974,0.4534,0.4171,0.394,0.526,v0,bioclip_2_image
48649,/mnt/d/Photos/Z8/180-600mm/2026/2026-03-01/DSC_2086.NEF,23284,3,Blue,pick,neutral,0.8848,0.3934,0.9973,0.3691,0.4238,0.8955,0.0016,0.0204,-0.0043,0.0592,-0.0054,-0.0031,0.0215,-0.0643,a photo with strong subject separation,blurry,0.4233,0.4531,0.4542,0.4483,0.4106,0.4162,0.458,0.4029,0.4574,0.395,0.4537,0.4137,0.3947,0.5223,v0,bioclip_2_image
48650,/mnt/d/Photos/Z8/180-600mm/2026/2026-03-01/DSC_2087.NEF,23284,3,Blue,pick,neutral,0.9029,0.204,0.999,0.1898,0.3082,0.8138,0.0004,0.0223,-0.0136,0.0689,-0.0145,-0.0081,0.0148,-0.0783,high quality,blurry,0.4238,0.4462,0.4576,0.4487,0.402,0.4124,0.4669,0.4015,0.4598,0.3887,0.4633,0.4101,0.3977,0.5451,v0,bioclip_2_image
48651,/mnt/d/Photos/Z8/180-600mm/2026/2026-03-01/DSC_2088.NEF,23284,3,Blue,reject,neutral,0.8838,0.1535,0.9991,0.1565,0.3126,0.8692,0.0004,0.0203,-0.0171,0.07,-0.0168,-0.0079,0.0189,-0.0795,high quality,blurry,0.4214,0.4444,0.4597,0.4471,0.4037,0.4136,0.4647,0.4011,0.4615,0.3897,0.4639,0.4116,0.3946,0.5442,v0,bioclip_2_image
48652,/mnt/d/Photos/Z8/180-600mm/2026/2026-03-01/DSC_2089.NEF,23284,3,Blue,reject,neutral,0.8623,0.2115,0.9982,0.1196,0.3367,0.8878,0.0007,0.0183,-0.0132,0.0634,-0.02,-0.0068,0.0207,-0.0727,high quality,blurry,0.4191,0.4431,0.452,0.4412,0.4031,0.4128,0.4714,0.4007,0.4563,0.3887,0.4612,0.4099,0.3921,0.5441,v0,bioclip_2_image
48653,/mnt/d/Photos/Z8/180-600mm/2026/2026-03-01/DSC_2090.NEF,23284,3,Blue,reject,neutral,0.8888,0.0872,0.9994,0.1905,0.4184,0.9388,0.0003,0.0208,-0.0235,0.0734,-0.0145,-0.0033,0.0273,-0.0821,high quality,blurry,0.4123,0.435,0.4571,0.4362,0.397,0.4087,0.4632,0.3915,0.4584,0.3836,0.4507,0.4003,0.3814,0.5453,v0,bioclip_2_image
48654,/mnt/d/Photos/Z8/180-600mm/2026/2026-03-01/DSC_2091.NEF,23284,3,Blue,reject,neutral,0.8748,0.0951,0.9992,0.1304,0.4731,0.915,0.0003,0.0194,-0.0225,0.0707,-0.019,-0.0011,0.0238,-0.0815,high quality,blurry,0.4125,0.4327,0.4539,0.4365,0.3964,0.4067,0.4738,0.393,0.4552,0.3832,0.4555,0.3975,0.3829,0.5553,v0,bioclip_2_image
48655,/mnt/d/Photos/Z8/180-600mm/2026/2026-03-01/DSC_2092.NEF,23282,3,Blue,reject,neutral,0.8342,0.1956,0.9987,0.082,0.3561,0.8616,0.0004,0.0162,-0.0141,0.0666,-0.0242,-0.0059,0.0183,-0.0781,high quality,blurry,0.4284,0.4518,0.4606,0.4462,0.4146,0.4159,0.4829,0.4122,0.4659,0.3941,0.4703,0.4205,0.3977,0.561,v0,bioclip_2_image
48656,/mnt/d/Photos/Z8/180-600mm/2026/2026-03-01/DSC_2093.NEF,23282,3,Blue,reject,neutral,0.8739,0.1222,0.9993,0.1284,0.3128,0.9116,0.0004,0.0194,-0.0197,0.0721,-0.0191,-0.0079,0.0233,-0.0782,high quality,blurry,0.4226,0.4423,0.4587,0.4443,0.4097,0.4118,0.479,0.4033,0.462,0.3866,0.4634,0.4176,0.3885,0.5572,v0,bioclip_2_image
48657,/mnt/d/Photos/Z8/180-600mm/2026/2026-03-01/DSC_2094.NEF,23284,3,Blue,reject,neutral,0.8792,0.3655,0.9977,0.3811,0.3458,0.8956,0.0011,0.0198,-0.0055,0.0609,-0.0049,-0.0064,0.0215,-0.0678,a photo with strong subject separation,blurry,0.4236,0.4552,0.4536,0.4492,0.4099,0.4181,0.4584,0.4038,0.4607,0.3927,0.454,0.4163,0.3966,0.5262,v0,bioclip_2_image
48658,/mnt/d/Photos/Z8/180-600mm/2026/2026-03-01/DSC_2095.NEF,23282,4,Blue,pick,picked,0.8891,0.0614,0.9997,0.1401,0.2652,0.9478,0.0003,0.0208,-0.0273,0.0816,-0.0181,-0.0102,0.029,-0.0798,high quality,blurry,0.4146,0.4351,0.4546,0.4365,0.3993,0.4067,0.4777,0.3938,0.4624,0.3729,0.4547,0.4095,0.3777,0.5575,v0,bioclip_2_image
48659,/mnt/d/Photos/Z8/180-600mm/2026/2026-03-01/DSC_2096.NEF,23282,3,Blue,reject,neutral,0.8768,0.2326,0.9991,0.1406,0.2764,0.8703,0.0003,0.0196,-0.0119,0.0707,-0.0181,-0.0096,0.019,-0.0816,high quality,blurry,0.4235,0.4494,0.4573,0.4411,0.4064,0.4108,0.4703,0.4038,0.4614,0.3866,0.4592,0.416,0.3918,0.5519,v0,bioclip_2_image
48660,/mnt/d/Photos/Z8/180-600mm/2026/2026-03-01/DSC_2097.NEF,23282,3,Blue,reject,neutral,0.8615,0.1366,0.9986,0.1588,0.3198,0.8357,0.0003,0.0183,-0.0184,0.066,-0.0167,-0.0075,0.0163,-0.0809,high quality,blurry,0.4286,0.4456,0.4595,0.4479,0.4094,0.4111,0.4802,0.4103,0.4641,0.3935,0.4646,0.4169,0.3949,0.5611,v0,bioclip_2_image
48661,/mnt/d/Photos/Z8/180-600mm/2026/2026-03-01/DSC_2098.NEF,23282,3,Blue,reject,neutral,0.866,0.2368,0.9985,0.1758,0.3181,0.8641,0.0007,0.0187,-0.0117,0.0651,-0.0155,-0.0076,0.0185,-0.0727,high quality,blurry,0.4254,0.4507,0.4572,0.443,0.4109,0.4109,0.481,0.4067,0.4624,0.392,0.4585,0.4186,0.3924,0.5537,v0,bioclip_2_image
48662,/mnt/d/Photos/Z8/180-600mm/2026/2026-03-01/DSC_2099.NEF,23282,3,Blue,reject,neutral,0.8633,0.4388,0.9962,0.2241,0.2125,0.7833,0.001,0.0184,-0.0025,0.0558,-0.0124,-0.0131,0.0129,-0.0693,high quality,blurry,0.427,0.4575,0.456,0.4452,0.4069,0.4136,0.4702,0.4085,0.46,0.4003,0.4576,0.42,0.4007,0.5396,v0,bioclip_2_image
48663,/mnt/d/Photos/Z8/180-600mm/2026/2026-03-01/DSC_2100.NEF,23282,3,Blue,reject,neutral,0.8826,0.3928,0.9966,0.1435,0.5062,0.8869,0.0011,0.0202,-0.0044,0.0568,-0.0179,0.0002,0.0206,-0.0677,high quality,blurry,0.4303,0.4615,0.4593,0.4482,0.4124,0.4233,0.4787,0.4101,0.4659,0.4025,0.4661,0.4121,0.4027,0.5464,v0,bioclip_2_image
48664,/mnt/d/Photos/Z8/180-600mm/2026/2026-03-01/DSC_2101.NEF,23282,3,Blue,reject,neutral,0.8861,0.4521,0.998,0.1498,0.3924,0.8635,0.0012,0.0205,-0.0019,0.0622,-0.0174,-0.0044,0.0184,-0.0672,high quality,blurry,0.4272,0.4589,0.4581,0.4437,0.4082,0.4171,0.484,0.4066,0.4608,0.396,0.4611,0.4126,0.3987,0.5512,v0,bioclip_2_image
48665,/mnt/d/Photos/Z8/180-600mm/2026/2026-03-01/DSC_2102.NEF,23282,3,Blue,reject,neutral,0.8405,0.2942,0.9979,0.1636,0.5153,0.9108,0.0009,0.0166,-0.0088,0.0617,-0.0163,0.0006,0.0232,-0.0704,high quality,blurry,0.4284,0.4602,0.462,0.4463,0.4157,0.4217,0.4863,0.4118,0.4689,0.4003,0.4626,0.4151,0.3984,0.5567,v0,bioclip_2_image
48666,/mnt/d/Photos/Z8/180-600mm/2026/2026-03-01/DSC_2103.NEF,23282,3,Blue,reject,neutral,0.8261,0.3374,0.9984,0.2613,0.4194,0.8693,0.0007,0.0156,-0.0068,0.0644,-0.0104,-0.0033,0.0189,-0.072,high quality,blurry,0.4177,0.4464,0.4532,0.4393,0.4074,0.4082,0.461,0.4021,0.4532,0.3888,0.4497,0.4107,0.3893,0.5329,v0,bioclip_2_image
48667,/mnt/d/Photos/Z8/180-600mm/2026/2026-03-01/DSC_2104.NEF,23282,3,Blue,neutral,neutral,0.8955,0.5202,0.9967,0.328,0.3053,0.8808,0.0013,0.0215,0.0008,0.0572,-0.0072,-0.0082,0.02,-0.0668,high quality,blurry,0.4189,0.4487,0.4472,0.4368,0.3988,0.4097,0.4599,0.3974,0.4479,0.39,0.4439,0.407,0.3897,0.5267,v0,bioclip_2_image
48668,/mnt/d/Photos/Z8/180-600mm/2026/2026-03-01/DSC_2105.NEF,23282,3,Blue,reject,neutral,0.8733,0.3151,0.9976,0.0941,0.5097,0.9137,0.0013,0.0193,-0.0078,0.0601,-0.0226,0.0004,0.0236,-0.0668,high quality,blurry,0.4092,0.4383,0.4463,0.4201,0.3991,0.4065,0.4817,0.3899,0.446,0.3861,0.4428,0.3987,0.3829,0.5486,v0,bioclip_2_image
48669,/mnt/d/Photos/Z8/180-600mm/2026/2026-03-01/DSC_2106.NEF,23282,3,Blue,reject,neutral,0.8434,0.1395,0.9988,0.1937,0.4767,0.892,0.0004,0.0168,-0.0182,0.067,-0.0143,-0.0009,0.0211,-0.0775,high quality,blurry,0.4262,0.4525,0.4637,0.4503,0.4142,0.4139,0.4831,0.4094,0.4707,0.3968,0.4646,0.4152,0.3928,0.5606,v0,bioclip_2_image
48670,/mnt/d/Photos/Z8/180-600mm/2026/2026-03-01/DSC_2107.NEF,23282,3,Blue,neutral,neutral,0.7881,0.0528,0.9953,0.264,0.3832,0.9666,0.0004,0.0131,-0.0289,0.0535,-0.0103,-0.0048,0.0337,-0.0789,high quality,blurry,0.4332,0.4497,0.4548,0.4563,0.4242,0.427,0.5021,0.42,0.4786,0.4013,0.4666,0.4289,0.3933,0.581,v0,bioclip_2_image
48671,/mnt/d/Photos/Z8/180-600mm/2026/2026-03-01/DSC_2108.NEF,23282,3,Blue,neutral,neutral,0.9099,0.2186,0.9955,0.0919,0.4866,0.91,0.0002,0.0231,-0.0127,0.0541,-0.0229,-0.0005,0.0231,-0.0859,natural colors,blurry,0.4295,0.455,0.4588,0.4439,0.4174,0.4098,0.4687,0.4064,0.4678,0.4048,0.4668,0.4179,0.3867,0.5546,v0,bioclip_2_image
48672,/mnt/d/Photos/Z8/180-600mm/2026/2026-03-01/DSC_2109.NEF,23285,4,Blue,reject,picked,0.8969,0.4587,0.9988,0.1391,0.4019,0.9211,0.0003,0.0216,-0.0017,0.0669,-0.0182,-0.004,0.0246,-0.0808,high quality,blurry,0.3981,0.4301,0.4334,0.4132,0.3812,0.3933,0.4618,0.3764,0.4318,0.3666,0.4314,0.3852,0.3688,0.5426,v0,bioclip_2_image
48673,/mnt/d/Photos/Z8/180-600mm/2026/2026-03-01/DSC_2110.NEF,23285,4,Blue,reject,picked,0.9255,0.4334,0.9992,0.3371,0.3922,0.9505,0.0004,0.0252,-0.0027,0.0714,-0.0068,-0.0044,0.0295,-0.0785,high quality,blurry,0.4081,0.4341,0.439,0.4244,0.3925,0.4023,0.463,0.3829,0.4368,0.3677,0.4311,0.3968,0.3728,0.5415,v0,bioclip_2_image
48674,/mnt/d/Photos/Z8/180-600mm/2026/2026-03-01/DSC_2111.NEF,23285,4,Blue,reject,picked,0.9198,0.4343,0.9991,0.3285,0.3725,0.9459,0.0005,0.0244,-0.0026,0.0706,-0.0071,-0.0052,0.0286,-0.0755,a photo with strong subject separation,blurry,0.4044,0.432,0.4355,0.4259,0.3895,0.4008,0.4604,0.38,0.4346,0.3649,0.4331,0.3947,0.3722,0.5359,v0,bioclip_2_image
48675,/mnt/d/Photos/Z8/180-600mm/2026/2026-03-01/DSC_2112.NEF,23285,4,Blue,pick,picked,0.8933,0.5451,0.998,0.2086,0.3962,0.9031,0.0005,0.0212,0.0018,0.0623,-0.0133,-0.0042,0.0223,-0.0753,high quality,blurry,0.4109,0.4398,0.4481,0.4324,0.3933,0.4064,0.4597,0.3896,0.438,0.3858,0.4457,0.3975,0.3841,0.535,v0,bioclip_2_image
48676,/mnt/d/Photos/Z8/180-600mm/2026/2026-03-01/DSC_2113.NEF,23285,4,Blue,neutral,picked,0.9104,0.5378,0.9959,0.3359,0.413,0.9126,0.0008,0.0232,0.0015,0.055,-0.0068,-0.0035,0.0235,-0.0712,a photo with strong subject separation,blurry,0.4252,0.4538,0.4507,0.4467,0.4068,0.4188,0.4475,0.402,0.4523,0.3957,0.4535,0.4104,0.3954,0.5187,v0,bioclip_2_image
48677,/mnt/d/Photos/Z8/180-600mm/2026/2026-03-01/DSC_2114.NEF,23285,4,Blue,reject,picked,0.9458,0.1372,0.9971,0.2769,0.3145,0.9891,0.0008,0.0286,-0.0184,0.0585,-0.0096,-0.0078,0.0451,-0.0714,a photo with strong subject separation,blurry,0.3962,0.411,0.4132,0.3998,0.3797,0.4002,0.4657,0.3676,0.4294,0.3547,0.4094,0.3875,0.3551,0.5371,v0,bioclip_2_image
48678,/mnt/d/Photos/Z8/180-600mm/2026/2026-03-01/DSC_2115.NEF,23285,4,Blue,pick,picked,0.9493,0.219,0.997,0.2326,0.3006,0.9871,0.0006,0.0293,-0.0127,0.058,-0.0119,-0.0084,0.0434,-0.0741,high quality,blurry,0.3951,0.4145,0.4154,0.3962,0.3787,0.3982,0.4651,0.3658,0.4272,0.3574,0.4082,0.3872,0.3548,0.5392,v0,bioclip_2_image
48679,/mnt/d/Photos/Z8/180-600mm/2026/2026-03-01/DSC_2116.NEF,23285,3,Blue,reject,neutral,0.9313,0.1524,0.9989,0.2796,0.3182,0.9763,0.0006,0.0261,-0.0172,0.0682,-0.0095,-0.0076,0.0372,-0.0744,high quality,blurry,0.4059,0.4281,0.4327,0.4175,0.3874,0.4076,0.4732,0.3798,0.4452,0.3645,0.427,0.395,0.3704,0.5476,v0,bioclip_2_image
48680,/mnt/d/Photos/Z8/180-600mm/2026/2026-03-01/DSC_2117.NEF,23285,4,Blue,pick,picked,0.8731,0.3545,0.9986,0.2153,0.5499,0.9494,0.0005,0.0193,-0.006,0.0656,-0.0129,0.002,0.0293,-0.0761,high quality,blurry,0.4052,0.439,0.4417,0.4231,0.396,0.4069,0.4779,0.3859,0.445,0.3761,0.4361,0.394,0.3775,0.554,v0,bioclip_2_image
48681,/mnt/d/Photos/Z8/180-600mm/2026/2026-03-01/DSC_2118.NEF,23285,3,Blue,reject,neutral,0.8958,0.3974,0.9977,0.341,0.3562,0.9393,0.0007,0.0215,-0.0042,0.0605,-0.0066,-0.0059,0.0274,-0.0732,high quality,blurry,0.4231,0.4495,0.4527,0.4425,0.4054,0.4173,0.4548,0.4016,0.4537,0.3922,0.4491,0.4113,0.3899,0.528,v0,bioclip_2_image
48682,/mnt/d/Photos/Z8/180-600mm/2026/2026-03-01/DSC_2119.NEF,23285,3,Blue,reject,neutral,0.8916,0.4098,0.9973,0.4315,0.3363,0.9444,0.0008,0.0211,-0.0036,0.0592,-0.0028,-0.0068,0.0283,-0.0719,high quality,blurry,0.425,0.4531,0.4554,0.4455,0.4083,0.4208,0.462,0.404,0.4567,0.3962,0.4482,0.4151,0.3925,0.5338,v0,bioclip_2_image
48683,/mnt/d/Photos/Z8/180-600mm/2026/2026-03-01/DSC_2120.NEF,23285,3,Blue,reject,neutral,0.8648,0.1618,0.9984,0.2639,0.2599,0.9604,0.0007,0.0186,-0.0164,0.0646,-0.0103,-0.0105,0.0319,-0.0726,a photo with strong subject separation,blurry,0.4197,0.4459,0.4524,0.4399,0.4024,0.4186,0.4681,0.4012,0.4624,0.3877,0.4502,0.4128,0.3867,0.5407,v0,bioclip_2_image
48684,/mnt/d/Photos/Z8/180-600mm/2026/2026-03-01/DSC_2121.NEF,23285,3,Blue,pick,neutral,0.8791,0.1042,0.9982,0.1319,0.4762,0.9591,0.0007,0.0198,-0.0215,0.0631,-0.0188,-0.001,0.0315,-0.073,high quality,blurry,0.4261,0.4503,0.4591,0.4352,0.4114,0.4217,0.49,0.4062,0.4718,0.396,0.4541,0.4123,0.3902,0.563,v0,bioclip_2_image
48685,/mnt/d/Photos/Z8/180-600mm/2026/2026-03-01/DSC_2122.NEF,23285,3,Blue,pick,neutral,0.8829,0.1969,0.9986,0.1475,0.4044,0.946,0.0008,0.0202,-0.0141,0.0656,-0.0175,-0.0039,0.0286,-0.0718,a photo with strong subject separation,blurry,0.4154,0.4439,0.4494,0.4288,0.4008,0.4136,0.4814,0.3952,0.458,0.3837,0.4464,0.4047,0.385,0.5532,v0,bioclip_2_image
48686,/mnt/d/Photos/Z8/180-600mm/2026/2026-03-01/DSC_2123.NEF,23285,3,Blue,reject,neutral,0.8949,0.2374,0.9966,0.1173,0.3921,0.9442,0.0005,0.0214,-0.0117,0.0569,-0.0202,-0.0044,0.0283,-0.077,a photo with strong subject separation,blurry,0.4181,0.4421,0.4491,0.4264,0.403,0.4164,0.4792,0.3967,0.4537,0.3921,0.4466,0.4074,0.3882,0.5562,v0,bioclip_2_image
48687,/mnt/d/Photos/Z8/180-600mm/2026/2026-03-01/DSC_2124.NEF,,1,Red,reject,rejected,0.8896,0.0157,0.9881,0.1629,0.8564,0.8125,0.0009,0.0209,-0.0414,0.0442,-0.0164,0.0179,0.0147,-0.0697,a photo with strong subject separation,blurry,0.4671,0.4838,0.4924,0.4893,0.4591,0.4493,0.4597,0.4463,0.5252,0.4481,0.5057,0.4412,0.4346,0.5294,v0,bioclip_2_image
48688,/mnt/d/Photos/Z8/180-600mm/2026/2026-03-01/DSC_2125.NEF,23286,3,Green,reject,neutral,0.8446,0.4548,0.9962,0.3625,0.6499,0.9332,0.0008,0.0169,-0.0018,0.0558,-0.0056,0.0062,0.0264,-0.0719,high quality,blurry,0.4254,0.4569,0.4512,0.4489,0.4125,0.4197,0.4433,0.4085,0.4588,0.3954,0.4545,0.4063,0.3934,0.5152,v0,bioclip_2_image
48689,/mnt/d/Photos/Z8/180-600mm/2026/2026-03-01/DSC_2126.NEF,23286,3,Green,reject,neutral,0.8758,0.5379,0.9959,0.4623,0.5935,0.9584,0.0009,0.0195,0.0015,0.055,-0.0015,0.0038,0.0314,-0.07,high quality,blurry,0.4226,0.4533,0.449,0.4477,0.4077,0.4177,0.4416,0.4031,0.4518,0.394,0.4492,0.4039,0.3863,0.5116,v0,bioclip_2_image
48690,/mnt/d/Photos/Z8/180-600mm/2026/2026-03-01/DSC_2127.NEF,23286,3,Green,neutral,neutral,0.8495,0.3761,0.9964,0.4052,0.6518,0.9604,0.0012,0.0173,-0.0051,0.0562,-0.0038,0.0063,0.0319,-0.067,high quality,blurry,0.422,0.4501,0.4493,0.4486,0.4101,0.4177,0.4438,0.4047,0.4551,0.3931,0.4524,0.4038,0.3858,0.5108,v0,bioclip_2_image
48691,/mnt/d/Photos/Z8/180-600mm/2026/2026-03-01/DSC_2128.NEF,23286,3,Green,reject,neutral,0.8493,0.4374,0.9974,0.3096,0.5888,0.9699,0.0009,0.0173,-0.0025,0.0595,-0.008,0.0036,0.0347,-0.0706,high quality,blurry,0.4241,0.4548,0.4529,0.4448,0.4137,0.4215,0.4479,0.4068,0.4573,0.3933,0.4528,0.4102,0.3867,0.5185,v0,bioclip_2_image
48692,/mnt/d/Photos/Z8/180-600mm/2026/2026-03-01/DSC_2129.NEF,23286,3,Green,reject,neutral,0.8519,0.3735,0.9965,0.4372,0.6297,0.9672,0.001,0.0175,-0.0052,0.0566,-0.0025,0.0053,0.0339,-0.0691,a photo with strong subject separation,blurry,0.4226,0.4506,0.4523,0.4486,0.4139,0.4221,0.4405,0.4051,0.4558,0.3958,0.4511,0.4086,0.3883,0.5096,v0,bioclip_2_image
48693,/mnt/d/Photos/Z8/180-600mm/2026/2026-03-01/DSC_2130.NEF,23286,3,Green,reject,neutral,0.8431,0.4624,0.9978,0.3647,0.5485,0.9584,0.0007,0.0168,-0.0015,0.0611,-0.0055,0.0019,0.0314,-0.0728,high quality,blurry,0.4244,0.4558,0.452,0.4484,0.4119,0.4201,0.4456,0.4075,0.4574,0.3909,0.4539,0.41,0.3887,0.5184,v0,bioclip_2_image
48694,/mnt/d/Photos/Z8/180-600mm/2026/2026-03-01/DSC_2131.NEF,23286,4,Blue,reject,picked,0.866,0.5293,0.9963,0.3675,0.6621,0.9581,0.0008,0.0187,0.0012,0.056,-0.0054,0.0067,0.0313,-0.0709,high quality,blurry,0.4234,0.4557,0.4508,0.4446,0.4111,0.4193,0.4416,0.4047,0.4546,0.3948,0.45,0.4044,0.388,0.5126,v0,bioclip_2_image
48695,/mnt/d/Photos/Z8/180-600mm/2026/2026-03-01/DSC_2132.NEF,23286,4,Blue,pick,picked,0.8418,0.439,0.9962,0.3522,0.6274,0.9591,0.001,0.0167,-0.0025,0.0558,-0.0061,0.0052,0.0316,-0.0693,high quality,blurry,0.4169,0.4475,0.4481,0.442,0.4082,0.4148,0.4395,0.4002,0.45,0.3923,0.4481,0.403,0.3833,0.5088,v0,bioclip_2_image
48696,/mnt/d/Photos/Z8/180-600mm/2026/2026-03-01/DSC_2133.NEF,23286,4,Blue,pick,picked,0.8742,0.4466,0.9955,0.32,0.6334,0.9746,0.0011,0.0194,-0.0021,0.0539,-0.0075,0.0055,0.0365,-0.0683,high quality,blurry,0.4181,0.4469,0.446,0.4388,0.4088,0.4176,0.4403,0.3987,0.4491,0.3922,0.4463,0.4034,0.3811,0.5085,v0,bioclip_2_image
48697,/mnt/d/Photos/Z8/180-600mm/2026/2026-03-01/DSC_2134.NEF,23286,4,Blue,reject,picked,0.8654,0.3651,0.9965,0.3936,0.5739,0.9679,0.0008,0.0186,-0.0055,0.0564,-0.0043,0.003,0.0341,-0.0709,high quality,blurry,0.4249,0.4503,0.4531,0.4474,0.4137,0.4225,0.4394,0.4063,0.4558,0.3967,0.4517,0.4107,0.3884,0.5103,v0,bioclip_2_image
48698,/mnt/d/Photos/Z8/180-600mm/2026/2026-03-01/DSC_2135.NEF,23286,4,Blue,pick,picked,0.8605,0.3379,0.9967,0.436,0.5702,0.9677,0.0008,0.0182,-0.0067,0.0571,-0.0026,0.0028,0.034,-0.0708,high quality,blurry,0.4212,0.448,0.4515,0.4457,0.4114,0.4184,0.4418,0.403,0.4547,0.3943,0.4482,0.4086,0.3844,0.5126,v0,bioclip_2_image
48699,/mnt/d/Photos/Z8/180-600mm/2026/2026-03-01/DSC_2136.NEF,23286,4,Blue,reject,picked,0.8495,0.3438,0.9966,0.4146,0.5915,0.9761,0.0011,0.0173,-0.0065,0.0568,-0.0034,0.0037,0.0371,-0.0684,high quality,blurry,0.4195,0.4486,0.4495,0.4473,0.4095,0.4201,0.4436,0.4022,0.455,0.3928,0.4508,0.4058,0.383,0.512,v0,bioclip_2_image
48700,/mnt/d/Photos/Z8/180-600mm/2026/2026-03-01/DSC_2137.NEF,23286,4,Blue,reject,picked,0.8753,0.4486,0.995,0.3789,0.5547,0.9711,0.0013,0.0195,-0.0021,0.0529,-0.0049,0.0022,0.0351,-0.0664,high quality,blurry,0.42,0.447,0.448,0.4431,0.4096,0.4184,0.4455,0.4005,0.449,0.3951,0.4481,0.4074,0.3833,0.5119,v0,bioclip_2_image
48701,/mnt/d/Photos/Z8/180-600mm/2026/2026-03-01/DSC_2138.NEF,23286,4,Blue,pick,picked,0.878,0.4446,0.9965,0.3742,0.5625,0.9679,0.0012,0.0197,-0.0022,0.0565,-0.0051,0.0025,0.0341,-0.0672,high quality,blurry,0.4211,0.449,0.4498,0.4417,0.4113,0.4182,0.4432,0.4013,0.4513,0.3934,0.4469,0.4088,0.3841,0.5104,v0,bioclip_2_image
48702,/mnt/d/Photos/Z8/180-600mm/2026/2026-03-01/DSC_2139.NEF,23286,4,Blue,pick,picked,0.8802,0.5048,0.996,0.3877,0.5367,0.9645,0.0019,0.0199,0.0002,0.0552,-0.0046,0.0015,0.033,-0.0629,high quality,blurry,0.4183,0.4487,0.4499,0.4422,0.4082,0.4177,0.4475,0.3983,0.4485,0.3946,0.4468,0.4067,0.3847,0.5103,v0,bioclip_2_image
48703,/mnt/d/Photos/Z8/180-600mm/2026/2026-03-01/DSC_2140.NEF,23286,4,Blue,pick,picked,0.8724,0.3927,0.9961,0.4034,0.5905,0.9671,0.0012,0.0192,-0.0044,0.0555,-0.0039,0.0037,0.0338,-0.0669,high quality,blurry,0.42,0.4467,0.45,0.4421,0.4126,0.4186,0.4423,0.4007,0.4511,0.3945,0.446,0.409,0.3848,0.5091,v0,bioclip_2_image
48704,/mnt/d/Photos/Z8/180-600mm/2026/2026-03-01/DSC_2141.NEF,23287,3,Green,reject,neutral,0.861,0.5347,0.9974,0.5039,0.6811,0.9759,0.0015,0.0182,0.0014,0.0595,0.0002,0.0076,0.037,-0.0647,high quality,blurry,0.4135,0.4444,0.4457,0.4376,0.4071,0.4139,0.4495,0.3953,0.443,0.3863,0.4375,0.3995,0.3769,0.5142,v0,bioclip_2_image
48705,/mnt/d/Photos/Z8/180-600mm/2026/2026-03-01/DSC_2142.NEF,23287,3,Green,pick,neutral,0.8681,0.6514,0.997,0.4941,0.6796,0.9558,0.0009,0.0188,0.0062,0.0581,-0.0002,0.0075,0.0307,-0.07,high quality,blurry,0.412,0.4452,0.4418,0.4347,0.404,0.4079,0.4471,0.3931,0.4389,0.3837,0.435,0.3964,0.3772,0.5172,v0,bioclip_2_image
48706,/mnt/d/Photos/Z8/180-600mm/2026/2026-03-01/DSC_2143.NEF,23287,3,Green,pick,neutral,0.857,0.3992,0.9955,0.3798,0.561,0.9627,0.0014,0.0179,-0.0041,0.0541,-0.0049,0.0025,0.0325,-0.0656,high quality,blurry,0.4235,0.449,0.4526,0.4439,0.415,0.4213,0.4436,0.4056,0.4531,0.3985,0.4488,0.4125,0.3888,0.5092,v0,bioclip_2_image
48707,/mnt/d/Photos/Z8/180-600mm/2026/2026-03-01/DSC_2144.NEF,23287,3,Green,reject,neutral,0.8628,0.4127,0.9955,0.4011,0.5935,0.9638,0.0015,0.0184,-0.0035,0.0539,-0.004,0.0038,0.0328,-0.0648,high quality,blurry,0.4226,0.4484,0.4513,0.4434,0.414,0.4205,0.4444,0.4042,0.4519,0.3974,0.4474,0.4102,0.3877,0.5092,v0,bioclip_2_image
48708,/mnt/d/Photos/Z8/180-600mm/2026/2026-03-01/DSC_2145.NEF,23287,3,Green,reject,neutral,0.8848,0.4092,0.9962,0.3876,0.5543,0.9617,0.0013,0.0204,-0.0037,0.0558,-0.0046,0.0022,0.0322,-0.0667,high quality,blurry,0.4247,0.4502,0.4538,0.4466,0.4129,0.4223,0.4454,0.4044,0.4539,0.3981,0.4511,0.4107,0.3901,0.512,v0,bioclip_2_image
48709,/mnt/d/Photos/Z8/180-600mm/2026/2026-03-01/DSC_2146.NEF,23287,3,Green,reject,neutral,0.8933,0.4686,0.9965,0.3993,0.6652,0.9599,0.0015,0.0212,-0.0013,0.0564,-0.0041,0.0069,0.0318,-0.0651,high quality,blurry,0.4198,0.4474,0.4474,0.4417,0.4083,0.4169,0.4501,0.3986,0.4486,0.391,0.4458,0.4014,0.3851,0.5152,v0,bioclip_2_image
48710,/mnt/d/Photos/Z8/180-600mm/2026/2026-03-01/DSC_2147.NEF,23287,3,Green,reject,neutral,0.8658,0.5044,0.996,0.3564,0.5924,0.9567,0.0009,0.0186,0.0002,0.0552,-0.0059,0.0037,0.0309,-0.0699,high quality,blurry,0.4217,0.4487,0.4498,0.4421,0.4105,0.4181,0.4417,0.4031,0.4485,0.3946,0.448,0.4068,0.3871,0.5116,v0,bioclip_2_image
48711,/mnt/d/Photos/Z8/180-600mm/2026/2026-03-01/DSC_2148.NEF,23287,3,Green,reject,neutral,0.8899,0.4919,0.9954,0.4075,0.601,0.9761,0.0013,0.0209,-0.0003,0.0537,-0.0037,0.0041,0.0371,-0.0667,high quality,blurry,0.4208,0.4475,0.4493,0.4431,0.4106,0.4189,0.4416,0.3999,0.4478,0.3956,0.4469,0.4065,0.3818,0.5083,v0,bioclip_2_image
48712,/mnt/d/Photos/Z8/180-600mm/2026/2026-03-01/DSC_2149.NEF,23287,3,Green,reject,neutral,0.8802,0.5063,0.9957,0.3891,0.5834,0.9733,0.0014,0.0199,0.0003,0.0544,-0.0045,0.0034,0.036,-0.0659,high quality,blurry,0.4195,0.4464,0.449,0.4407,0.4082,0.4175,0.4433,0.3996,0.4461,0.3947,0.4452,0.4048,0.3815,0.5092,v0,bioclip_2_image
48713,/mnt/d/Photos/Z8/180-600mm/2026/2026-03-01/DSC_2150.NEF,23287,3,Green,reject,neutral,0.8752,0.4786,0.996,0.3921,0.6149,0.9709,0.0014,0.0195,-0.0009,0.0551,-0.0044,0.0047,0.0351,-0.0656,high quality,blurry,0.4209,0.4481,0.4505,0.4429,0.4101,0.4183,0.4445,0.4014,0.4489,0.3953,0.4473,0.4054,0.3833,0.5101,v0,bioclip_2_image
48714,/mnt/d/Photos/Z8/180-600mm/2026/2026-03-01/DSC_2151.NEF,23287,3,Green,reject,neutral,0.8947,0.4854,0.9945,0.3756,0.6418,0.9779,0.0014,0.0214,-0.0006,0.0519,-0.0051,0.0058,0.0379,-0.0655,high quality,blurry,0.4216,0.4482,0.449,0.441,0.4133,0.4211,0.4441,0.4002,0.4487,0.3971,0.4461,0.4075,0.3833,0.5096,v0,bioclip_2_image
48715,/mnt/d/Photos/Z8/180-600mm/2026/2026-03-01/DSC_2152.NEF,23287,3,Green,reject,neutral,0.8835,0.4599,0.995,0.3535,0.6005,0.9753,0.0013,0.0203,-0.0016,0.0529,-0.006,0.0041,0.0367,-0.0661,high quality,blurry,0.4202,0.4464,0.4486,0.4399,0.4115,0.4199,0.4395,0.4,0.448,0.3957,0.4459,0.4074,0.3832,0.5056,v0,bioclip_2_image
48716,/mnt/d/Photos/Z8/180-600mm/2026/2026-03-01/DSC_2153.NEF,23287,3,Green,reject,neutral,0.8746,0.4415,0.9948,0.3891,0.5521,0.9741,0.0013,0.0194,-0.0023,0.0525,-0.0045,0.0021,0.0363,-0.0664,high quality,blurry,0.4197,0.4473,0.4486,0.4416,0.4123,0.4206,0.4431,0.4003,0.4497,0.396,0.4461,0.4102,0.3843,0.5094,v0,bioclip_2_image
48717,/mnt/d/Photos/Z8/180-600mm/2026/2026-03-01/DSC_2154.NEF,23287,3,Green,reject,neutral,0.8656,0.4005,0.9958,0.3649,0.5488,0.9647,0.0013,0.0186,-0.004,0.0546,-0.0055,0.002,0.0331,-0.0661,high quality,blurry,0.4165,0.444,0.4483,0.4381,0.4081,0.4157,0.4435,0.3979,0.448,0.3936,0.4437,0.4062,0.3826,0.5096,v0,bioclip_2_image
48718,/mnt/d/Photos/Z8/180-600mm/2026/2026-03-01/DSC_2155.NEF,23287,3,Green,reject,neutral,0.8874,0.4059,0.9951,0.3923,0.5476,0.9753,0.0013,0.0206,-0.0038,0.0531,-0.0044,0.0019,0.0367,-0.0668,high quality,blurry,0.4227,0.4489,0.4511,0.4429,0.4127,0.4236,0.4422,0.4021,0.4528,0.398,0.4473,0.4108,0.3869,0.509,v0,bioclip_2_image
48719,/mnt/d/Photos/Z8/180-600mm/2026/2026-03-01/DSC_2156.NEF,23287,3,Green,reject,neutral,0.8334,0.3871,0.9958,0.385,0.5062,0.963,0.0013,0.0161,-0.0046,0.0547,-0.0047,0.0002,0.0326,-0.0664,high quality,blurry,0.4181,0.4437,0.4497,0.4407,0.4111,0.4169,0.4472,0.402,0.4483,0.395,0.4454,0.4109,0.3844,0.5136,v0,bioclip_2_image
48720,/mnt/d/Photos/Z8/180-600mm/2026/2026-03-01/DSC_2157.NEF,23287,3,Green,reject,neutral,0.8485,0.4547,0.9957,0.3556,0.5356,0.9653,0.0015,0.0172,-0.0018,0.0545,-0.0059,0.0014,0.0333,-0.0652,high quality,blurry,0.4187,0.4447,0.4508,0.4412,0.4095,0.4182,0.4456,0.4015,0.4465,0.3963,0.4472,0.4081,0.3849,0.5108,v0,bioclip_2_image
48721,/mnt/d/Photos/Z8/180-600mm/2026/2026-03-01/DSC_2158.NEF,23287,3,Blue,reject,neutral,0.8556,0.502,0.9946,0.4124,0.5792,0.9668,0.0017,0.0178,0.0001,0.0522,-0.0035,0.0032,0.0337,-0.0639,high quality,blurry,0.4221,0.4488,0.4517,0.4439,0.4126,0.4203,0.4432,0.4043,0.4487,0.3995,0.4475,0.4094,0.3866,0.5071,v0,bioclip_2_image
48722,/mnt/d/Photos/Z8/180-600mm/2026/2026-03-01/DSC_2159.NEF,23287,3,Green,reject,neutral,0.8958,0.4742,0.9967,0.4675,0.6668,0.969,0.002,0.0215,-0.001,0.057,-0.0013,0.0069,0.0344,-0.0621,high quality,blurry,0.4208,0.4471,0.4502,0.4401,0.412,0.4174,0.4466,0.3993,0.4481,0.3933,0.4414,0.4051,0.383,0.5087,v0,bioclip_2_image
48723,/mnt/d/Photos/Z8/180-600mm/2026/2026-03-01/DSC_2160.NEF,23287,3,Blue,reject,neutral,0.8859,0.4113,0.9965,0.4577,0.6122,0.9806,0.0015,0.0205,-0.0036,0.0565,-0.0017,0.0046,0.0392,-0.0653,high quality,blurry,0.4187,0.4442,0.4479,0.4412,0.4111,0.4184,0.4418,0.3982,0.4477,0.3914,0.4429,0.4065,0.3792,0.507,v0,bioclip_2_image
48724,/mnt/d/Photos/Z8/180-600mm/2026/2026-03-01/DSC_2161.NEF,23287,3,Blue,reject,neutral,0.9015,0.4635,0.9974,0.4633,0.5759,0.9711,0.0018,0.0221,-0.0015,0.0593,-0.0015,0.0031,0.0351,-0.063,high quality,blurry,0.4206,0.4489,0.4512,0.4423,0.409,0.4191,0.4521,0.3985,0.4504,0.3919,0.4437,0.406,0.3839,0.5151,v0,bioclip_2_image
48725,/mnt/d/Photos/Z8/180-600mm/2026/2026-03-01/DSC_2162.NEF,23287,3,Blue,reject,neutral,0.8734,0.544,0.9945,0.3586,0.6336,0.9721,0.0013,0.0193,0.0018,0.0519,-0.0058,0.0055,0.0355,-0.0667,high quality,blurry,0.4164,0.4464,0.4449,0.4375,0.4077,0.4163,0.4439,0.3971,0.4446,0.393,0.4433,0.4022,0.3808,0.5106,v0,bioclip_2_image
48726,/mnt/d/Photos/Z8/180-600mm/2026/2026-03-01/DSC_2163.NEF,23287,3,Blue,reject,neutral,0.8626,0.4667,0.9954,0.3871,0.6262,0.9714,0.0013,0.0184,-0.0013,0.0537,-0.0046,0.0052,0.0353,-0.0665,high quality,blurry,0.4146,0.4425,0.4441,0.4382,0.4079,0.4137,0.4432,0.3962,0.4438,0.3904,0.4428,0.4027,0.3784,0.5097,v0,bioclip_2_image
48727,/mnt/d/Photos/Z8/180-600mm/2026/2026-03-01/DSC_2164.NEF,23287,3,Blue,pick,neutral,0.8683,0.504,0.9945,0.4169,0.5986,0.9666,0.0011,0.0189,0.0002,0.052,-0.0034,0.004,0.0337,-0.0681,high quality,blurry,0.4156,0.4461,0.4443,0.4401,0.4065,0.4135,0.4468,0.3968,0.446,0.3923,0.4434,0.4025,0.3798,0.5149,v0,bioclip_2_image
48728,/mnt/d/Photos/Z8/180-600mm/2026/2026-03-01/DSC_2165.NEF,23287,4,Blue,reject,picked,0.8975,0.4639,0.9964,0.4122,0.6306,0.9742,0.0016,0.0217,-0.0014,0.0563,-0.0035,0.0053,0.0363,-0.0646,high quality,blurry,0.4246,0.4524,0.4535,0.4459,0.4141,0.4213,0.4475,0.4029,0.4539,0.3972,0.4495,0.4088,0.385,0.5121,v0,bioclip_2_image
48729,/mnt/d/Photos/Z8/180-600mm/2026/2026-03-01/DSC_2166.NEF,23287,4,Blue,pick,picked,0.889,0.4208,0.9961,0.3421,0.6472,0.9755,0.0016,0.0208,-0.0032,0.0555,-0.0065,0.0061,0.0368,-0.0645,high quality,blurry,0.4205,0.4469,0.4496,0.4383,0.4129,0.4184,0.4464,0.3997,0.4501,0.3941,0.4448,0.4068,0.3816,0.5108,v0,bioclip_2_image
48730,/mnt/d/Photos/Z8/180-600mm/2026/2026-03-01/DSC_2167.NEF,23287,4,Blue,pick,picked,0.8824,0.4004,0.9965,0.3803,0.6095,0.9759,0.0015,0.0202,-0.004,0.0565,-0.0049,0.0045,0.037,-0.065,high quality,blurry,0.4217,0.4481,0.4512,0.4409,0.4126,0.4198,0.4466,0.4016,0.4522,0.3947,0.4458,0.4082,0.3828,0.5115,v0,bioclip_2_image
48731,/mnt/d/Photos/Z8/180-600mm/2026/2026-03-01/DSC_2168.NEF,23287,4,Blue,pick,picked,0.8884,0.5138,0.9956,0.3969,0.5605,0.9708,0.0014,0.0207,0.0006,0.0542,-0.0042,0.0024,0.035,-0.0656,high quality,blurry,0.4199,0.4491,0.4487,0.4415,0.4093,0.4166,0.4472,0.3992,0.4485,0.3945,0.4457,0.4069,0.3816,0.5128,v0,bioclip_2_image
48732,/mnt/d/Photos/Z8/180-600mm/2026/2026-03-01/DSC_2169.NEF,23287,4,Blue,pick,picked,0.8544,0.5391,0.9946,0.3408,0.5892,0.9594,0.0011,0.0177,0.0016,0.0521,-0.0066,0.0036,0.0316,-0.0686,high quality,blurry,0.42,0.4488,0.4492,0.4416,0.4122,0.4157,0.4446,0.4023,0.4472,0.3971,0.4482,0.4086,0.384,0.5132,v0,bioclip_2_image
48733,/mnt/d/Photos/Z8/180-600mm/2026/2026-03-01/DSC_2170.NEF,23287,4,Blue,pick,picked,0.8799,0.5057,0.9959,0.4097,0.6744,0.9688,0.0016,0.0199,0.0002,0.0548,-0.0037,0.0073,0.0344,-0.0644,high quality,blurry,0.4247,0.4522,0.4536,0.4474,0.4169,0.4204,0.4472,0.4048,0.452,0.3987,0.451,0.4096,0.386,0.5116,v0,bioclip_2_image
48734,/mnt/d/Photos/Z8/180-600mm/2026/2026-03-01/DSC_2171.NEF,23287,3,Blue,pick,neutral,0.872,0.4966,0.9971,0.4343,0.6575,0.9779,0.0015,0.0192,-0.0001,0.0583,-0.0026,0.0065,0.0379,-0.0653,high quality,blurry,0.4189,0.4477,0.4502,0.4424,0.4124,0.4186,0.4506,0.3997,0.4479,0.3919,0.4451,0.4059,0.3807,0.5159,v0,bioclip_2_image
48735,/mnt/d/Photos/Z8/180-600mm/2026/2026-03-01/DSC_2172.NEF,23287,3,Green,reject,neutral,0.8707,0.5547,0.9959,0.3756,0.6364,0.9723,0.0018,0.0191,0.0022,0.0548,-0.0051,0.0056,0.0356,-0.0634,high quality,blurry,0.4204,0.4492,0.45,0.4431,0.4134,0.4183,0.45,0.4013,0.447,0.3952,0.4482,0.4078,0.3827,0.5134,v0,bioclip_2_image
48736,/mnt/d/Photos/Z8/180-600mm/2026/2026-03-01/DSC_2173.NEF,23287,3,Green,reject,neutral,0.8809,0.5166,0.9965,0.4297,0.676,0.9786,0.0019,0.02,0.0007,0.0566,-0.0028,0.0074,0.0382,-0.0628,high quality,blurry,0.4196,0.4478,0.4492,0.4412,0.4127,0.4193,0.4524,0.3996,0.4471,0.3926,0.4441,0.4053,0.381,0.5153,v0,bioclip_2_image
48737,/mnt/d/Photos/Z8/180-600mm/2026/2026-03-01/DSC_2174.NEF,23287,3,Green,reject,neutral,0.8741,0.4848,0.9965,0.4175,0.6467,0.9747,0.0018,0.0194,-0.0006,0.0565,-0.0033,0.006,0.0365,-0.0631,high quality,blurry,0.4211,0.4479,0.4511,0.4433,0.4143,0.4206,0.4472,0.4018,0.4485,0.3947,0.4467,0.4083,0.3841,0.5103,v0,bioclip_2_image
48738,/mnt/d/Photos/Z8/180-600mm/2026/2026-03-01/DSC_2176.NEF,23287,4,Blue,reject,picked,0.8839,0.5105,0.9956,0.3977,0.6019,0.9678,0.0018,0.0203,0.0004,0.0542,-0.0042,0.0041,0.034,-0.0633,high quality,blurry,0.4199,0.4463,0.4478,0.44,0.4106,0.4168,0.4428,0.3996,0.4459,0.3935,0.4442,0.4064,0.3828,0.5062,v0,bioclip_2_image
48739,/mnt/d/Photos/Z8/180-600mm/2026/2026-03-01/DSC_2177.NEF,23287,3,Blue,reject,neutral,0.887,0.5003,0.996,0.3815,0.6237,0.9742,0.0014,0.0206,0.0,0.0551,-0.0048,0.0051,0.0363,-0.0656,high quality,blurry,0.4212,0.4469,0.4492,0.4407,0.4121,0.4188,0.4406,0.4006,0.4469,0.3941,0.4455,0.407,0.3824,0.5062,v0,bioclip_2_image
48740,/mnt/d/Photos/Z8/180-600mm/2026/2026-03-01/DSC_2178.NEF,23287,3,Blue,reject,neutral,0.8684,0.4188,0.9962,0.3667,0.5893,0.9681,0.0012,0.0189,-0.0033,0.0557,-0.0055,0.0036,0.0341,-0.0671,high quality,blurry,0.4254,0.451,0.4546,0.443,0.4156,0.4234,0.4426,0.4065,0.4543,0.3989,0.4485,0.4119,0.3893,0.5096,v0,bioclip_2_image
48741,/mnt/d/Photos/Z8/180-600mm/2026/2026-03-01/DSC_2179.NEF,23288,3,Green,reject,neutral,0.8895,0.4345,0.9957,0.3766,0.5402,0.9668,0.0014,0.0209,-0.0026,0.0545,-0.005,0.0016,0.0337,-0.0659,high quality,blurry,0.4237,0.4503,0.4527,0.4422,0.4141,0.4231,0.443,0.4028,0.453,0.3982,0.4472,0.4125,0.3894,0.5089,v0,bioclip_2_image
48742,/mnt/d/Photos/Z8/180-600mm/2026/2026-03-01/DSC_2180.NEF,23287,4,Blue,pick,picked,0.8743,0.4751,0.9956,0.3899,0.6133,0.9727,0.0014,0.0194,-0.001,0.0543,-0.0045,0.0046,0.0357,-0.0655,high quality,blurry,0.4211,0.4469,0.4494,0.4418,0.4113,0.4202,0.4456,0.4017,0.4478,0.3951,0.4462,0.4066,0.3845,0.5111,v0,bioclip_2_image
48743,/mnt/d/Photos/Z8/180-600mm/2026/2026-03-01/DSC_2181.NEF,23287,4,Blue,pick,picked,0.8707,0.4661,0.9947,0.3735,0.606,0.9792,0.0014,0.0191,-0.0014,0.0524,-0.0052,0.0043,0.0385,-0.0655,high quality,blurry,0.4199,0.4442,0.4477,0.4389,0.4119,0.4201,0.4442,0.4009,0.4456,0.3953,0.4441,0.4076,0.3816,0.5098,v0,bioclip_2_image
48744,/mnt/d/Photos/Z8/180-600mm/2026/2026-03-01/DSC_2182.NEF,23287,4,Blue,pick,picked,0.8729,0.4979,0.9968,0.3999,0.6162,0.9733,0.0019,0.0193,-0.0001,0.0574,-0.0041,0.0047,0.036,-0.0627,high quality,blurry,0.4165,0.4441,0.4472,0.439,0.4094,0.4168,0.4509,0.3972,0.4442,0.3898,0.443,0.4047,0.3808,0.5136,v0,bioclip_2_image
48745,/mnt/d/Photos/Z8/180-600mm/2026/2026-03-01/DSC_2183.NEF,23287,3,Blue,reject,neutral,0.8946,0.4821,0.9957,0.3772,0.6412,0.9842,0.0012,0.0214,-0.0007,0.0544,-0.005,0.0058,0.0413,-0.0673,high quality,blurry,0.4211,0.448,0.448,0.4409,0.4105,0.4233,0.447,0.3997,0.4487,0.3936,0.4459,0.4047,0.382,0.5143,v0,bioclip_2_image
48746,/mnt/d/Photos/Z8/180-600mm/2026/2026-03-01/DSC_2184.NEF,23287,3,Blue,reject,neutral,0.8856,0.4789,0.9942,0.3593,0.597,0.9699,0.0014,0.0205,-0.0008,0.0514,-0.0058,0.0039,0.0347,-0.0657,high quality,blurry,0.4248,0.451,0.4512,0.4452,0.4151,0.4236,0.4423,0.4044,0.4518,0.3998,0.451,0.4111,0.3889,0.508,v0,bioclip_2_image
48747,/mnt/d/Photos/Z8/180-600mm/2026/2026-03-01/DSC_2185.NEF,23288,3,Green,reject,neutral,0.8924,0.4166,0.996,0.3978,0.5677,0.9744,0.0018,0.0212,-0.0034,0.0551,-0.0041,0.0027,0.0364,-0.0633,high quality,blurry,0.424,0.4499,0.4515,0.4418,0.4142,0.4231,0.4462,0.4029,0.4533,0.3964,0.4459,0.4115,0.3867,0.5095,v0,bioclip_2_image
48748,/mnt/d/Photos/Z8/180-600mm/2026/2026-03-01/DSC_2186.NEF,23288,3,Green,reject,neutral,0.8891,0.4468,0.9958,0.3596,0.5766,0.9748,0.0019,0.0208,-0.0021,0.0547,-0.0058,0.0031,0.0366,-0.0625,high quality,blurry,0.4229,0.4497,0.4515,0.4404,0.4121,0.4226,0.4465,0.4021,0.4519,0.3968,0.4462,0.409,0.386,0.509,v0,bioclip_2_image
48749,/mnt/d/Photos/Z8/180-600mm/2026/2026-03-01/DSC_2187.NEF,23288,3,Green,reject,neutral,0.881,0.4692,0.9961,0.3228,0.5697,0.971,0.0014,0.02,-0.0012,0.0555,-0.0074,0.0028,0.0351,-0.0656,high quality,blurry,0.4215,0.4491,0.4517,0.4388,0.4116,0.4209,0.4437,0.4015,0.4504,0.3962,0.4462,0.4088,0.3858,0.5094,v0,bioclip_2_image
48750,/mnt/d/Photos/Z8/180-600mm/2026/2026-03-01/DSC_2188.NEF,23288,3,Green,reject,neutral,0.8937,0.424,0.9973,0.3533,0.564,0.9761,0.0015,0.0213,-0.0031,0.059,-0.006,0.0026,0.0371,-0.065,high quality,blurry,0.4221,0.4497,0.4525,0.44,0.4105,0.4217,0.4444,0.4008,0.4528,0.3935,0.4461,0.4079,0.3846,0.5094,v0,bioclip_2_image
48751,/mnt/d/Photos/Z8/180-600mm/2026/2026-03-01/DSC_2189.NEF,23288,3,Green,reject,neutral,0.8864,0.4088,0.9964,0.3285,0.5618,0.9732,0.0014,0.0205,-0.0037,0.0562,-0.0071,0.0025,0.0359,-0.0658,high quality,blurry,0.421,0.4479,0.4507,0.4396,0.4104,0.4207,0.4417,0.4005,0.4516,0.3946,0.4467,0.4079,0.3847,0.5075,v0,bioclip_2_image
48752,/mnt/d/Photos/Z8/180-600mm/2026/2026-03-01/DSC_2190.NEF,23288,3,Blue,reject,neutral,0.8775,0.4089,0.9959,0.3766,0.5643,0.9696,0.0017,0.0197,-0.0037,0.055,-0.005,0.0026,0.0346,-0.0635,high quality,blurry,0.4175,0.4442,0.4471,0.4381,0.4101,0.4155,0.4452,0.3978,0.4479,0.3922,0.4432,0.4075,0.3809,0.5087,v0,bioclip_2_image
48753,/mnt/d/Photos/Z8/180-600mm/2026/2026-03-01/DSC_2191.NEF,23288,4,Blue,pick,picked,0.8744,0.5235,0.9945,0.3355,0.6007,0.9663,0.0019,0.0194,0.0009,0.0519,-0.0068,0.0041,0.0336,-0.0628,high quality,blurry,0.4185,0.4471,0.4472,0.4393,0.4105,0.4167,0.4426,0.3991,0.4461,0.3953,0.4462,0.4064,0.3832,0.5054,v0,bioclip_2_image
48754,/mnt/d/Photos/Z8/180-600mm/2026/2026-03-01/DSC_2192.NEF,23288,3,Green,reject,neutral,0.8832,0.4959,0.9944,0.3842,0.5836,0.9709,0.0023,0.0202,-0.0002,0.0517,-0.0047,0.0034,0.0351,-0.0608,high quality,blurry,0.4193,0.4472,0.4467,0.4417,0.4095,0.4179,0.4464,0.399,0.4473,0.395,0.4464,0.4061,0.3828,0.5071,v0,bioclip_2_image
48755,/mnt/d/Photos/Z8/180-600mm/2026/2026-03-01/DSC_2193.NEF,23288,3,Green,reject,neutral,0.8706,0.4551,0.9943,0.3501,0.5525,0.9673,0.0018,0.0191,-0.0018,0.0516,-0.0062,0.0021,0.0339,-0.0632,high quality,blurry,0.4206,0.447,0.4479,0.441,0.4125,0.4187,0.444,0.4015,0.4488,0.3963,0.4471,0.4104,0.3848,0.5072,v0,bioclip_2_image
48756,/mnt/d/Photos/Z8/180-600mm/2026/2026-03-01/DSC_2194.NEF,23288,3,Green,reject,neutral,0.8807,0.4559,0.9956,0.4314,0.6504,0.9681,0.0024,0.02,-0.0018,0.0542,-0.0028,0.0062,0.0341,-0.0605,high quality,blurry,0.4223,0.4503,0.4513,0.4449,0.4156,0.4204,0.4486,0.4023,0.4521,0.3971,0.4476,0.4094,0.3863,0.5091,v0,bioclip_2_image
48757,/mnt/d/Photos/Z8/180-600mm/2026/2026-03-01/DSC_2195.NEF,23288,3,Green,reject,neutral,0.8798,0.445,0.9955,0.4259,0.6361,0.9681,0.0023,0.0199,-0.0022,0.0541,-0.003,0.0056,0.0341,-0.0607,high quality,blurry,0.4217,0.4493,0.4507,0.4439,0.4147,0.4199,0.4482,0.4018,0.4515,0.3966,0.4469,0.4091,0.3858,0.5089,v0,bioclip_2_image
48758,/mnt/d/Photos/Z8/180-600mm/2026/2026-03-01/DSC_2196.NEF,23288,4,Green,reject,picked,0.8696,0.381,0.9953,0.407,0.5481,0.9687,0.002,0.019,-0.0049,0.0535,-0.0038,0.0019,0.0343,-0.0621,high quality,blurry,0.4228,0.448,0.4512,0.4445,0.4146,0.4214,0.444,0.4038,0.4529,0.3977,0.4483,0.4127,0.3871,0.506,v0,bioclip_2_image
48759,/mnt/d/Photos/Z8/180-600mm/2026/2026-03-01/DSC_2197.NEF,23288,4,Green,pick,picked,0.8739,0.3916,0.9949,0.4008,0.578,0.9707,0.0015,0.0194,-0.0044,0.0528,-0.004,0.0031,0.035,-0.065,high quality,blurry,0.423,0.4489,0.4515,0.4443,0.4152,0.4215,0.4407,0.4037,0.4533,0.3987,0.4483,0.4121,0.3865,0.5058,v0,bioclip_2_image
48760,/mnt/d/Photos/Z8/180-600mm/2026/2026-03-01/DSC_2198.NEF,23288,3,Green,reject,neutral,0.8968,0.4464,0.9959,0.3293,0.6111,0.97,0.002,0.0216,-0.0022,0.055,-0.0071,0.0045,0.0348,-0.0623,high quality,blurry,0.4241,0.45,0.4525,0.4428,0.4133,0.4216,0.4469,0.4025,0.4522,0.3974,0.4499,0.4087,0.3868,0.5092,v0,bioclip_2_image
48761,/mnt/d/Photos/Z8/180-600mm/2026/2026-03-01/DSC_2199.NEF,23288,3,Green,reject,neutral,0.8848,0.4405,0.9955,0.346,0.6452,0.9681,0.0024,0.0204,-0.0024,0.054,-0.0064,0.006,0.0341,-0.0602,high quality,blurry,0.4248,0.451,0.4534,0.4436,0.4155,0.4226,0.446,0.4044,0.4534,0.3994,0.4499,0.4095,0.3884,0.5061,v0,bioclip_2_image
48762,/mnt/d/Photos/Z8/180-600mm/2026/2026-03-01/DSC_2200.NEF,23288,3,Green,reject,neutral,0.8868,0.44,0.9952,0.3482,0.6399,0.9685,0.0028,0.0206,-0.0024,0.0533,-0.0063,0.0057,0.0342,-0.0589,high quality,blurry,0.424,0.4508,0.4515,0.4431,0.4149,0.4224,0.4475,0.4034,0.4532,0.3982,0.4493,0.4091,0.3882,0.5065,v0,bioclip_2_image
48763,/mnt/d/Photos/Z8/180-600mm/2026/2026-03-01/DSC_2201.NEF,23288,3,Green,reject,neutral,0.8825,0.4098,0.9953,0.4027,0.5885,0.971,0.002,0.0202,-0.0036,0.0536,-0.0039,0.0036,0.0351,-0.062,high quality,blurry,0.423,0.449,0.451,0.4429,0.4138,0.421,0.4424,0.4028,0.4526,0.3974,0.4468,0.4103,0.3859,0.5044,v0,bioclip_2_image
48764,/mnt/d/Photos/Z8/180-600mm/2026/2026-03-01/DSC_2202.NEF,23288,4,Green,pick,picked,0.8761,0.3705,0.9954,0.4343,0.5886,0.973,0.0015,0.0196,-0.0053,0.0539,-0.0026,0.0036,0.0358,-0.065,high quality,blurry,0.4228,0.4483,0.4513,0.4449,0.4149,0.4217,0.4402,0.4032,0.4537,0.3975,0.4475,0.4113,0.3859,0.5052,v0,bioclip_2_image
48765,/mnt/d/Photos/Z8/180-600mm/2026/2026-03-01/DSC_2203.NEF,23289,3,Green,reject,neutral,0.8941,0.4394,0.9957,0.4027,0.5917,0.9764,0.0015,0.0213,-0.0024,0.0545,-0.0039,0.0037,0.0372,-0.0647,high quality,blurry,0.4211,0.4475,0.4492,0.4427,0.4118,0.4209,0.442,0.3997,0.4499,0.3947,0.4467,0.4081,0.3836,0.5067,v0,bioclip_2_image
48766,/mnt/d/Photos/Z8/180-600mm/2026/2026-03-01/DSC_2204.NEF,23289,3,Green,reject,neutral,0.8675,0.5057,0.9966,0.3209,0.6064,0.9705,0.0016,0.0188,0.0002,0.0569,-0.0075,0.0043,0.0349,-0.0643,high quality,blurry,0.4142,0.4423,0.4458,0.4333,0.4069,0.4142,0.4461,0.3954,0.442,0.3889,0.4408,0.4026,0.3793,0.5104,v0,bioclip_2_image
48767,/mnt/d/Photos/Z8/180-600mm/2026/2026-03-01/DSC_2205.NEF,23289,3,Green,reject,neutral,0.8805,0.4605,0.996,0.3247,0.6102,0.9717,0.0014,0.02,-0.0016,0.0551,-0.0073,0.0045,0.0354,-0.0654,high quality,blurry,0.4195,0.4456,0.4489,0.4386,0.4105,0.4193,0.4457,0.3995,0.4472,0.3937,0.446,0.406,0.384,0.5111,v0,bioclip_2_image
48768,/mnt/d/Photos/Z8/180-600mm/2026/2026-03-01/DSC_2206.NEF,23289,3,Green,pick,neutral,0.877,0.4947,0.9956,0.3404,0.5516,0.9603,0.0013,0.0196,-0.0002,0.0542,-0.0066,0.0021,0.0319,-0.0666,high quality,blurry,0.4175,0.4467,0.4468,0.4391,0.4076,0.4156,0.4437,0.3979,0.4469,0.3926,0.4457,0.4056,0.3837,0.5103,v0,bioclip_2_image
48769,/mnt/d/Photos/Z8/180-600mm/2026/2026-03-01/DSC_2207.NEF,23289,3,Green,pick,neutral,0.8721,0.4447,0.9959,0.3501,0.5307,0.965,0.0014,0.0192,-0.0022,0.055,-0.0062,0.0012,0.0332,-0.0657,high quality,blurry,0.4169,0.4466,0.4484,0.4398,0.4089,0.416,0.4416,0.3977,0.4488,0.3934,0.446,0.4077,0.3828,0.5073,v0,bioclip_2_image
48770,/mnt/d/Photos/Z8/180-600mm/2026/2026-03-01/DSC_2208.NEF,23289,3,Green,pick,neutral,0.8773,0.457,0.9961,0.3429,0.5212,0.9677,0.0013,0.0197,-0.0017,0.0555,-0.0065,0.0008,0.034,-0.0662,high quality,blurry,0.416,0.4468,0.4481,0.439,0.4076,0.4166,0.4432,0.3963,0.4486,0.3925,0.4455,0.4068,0.3826,0.5094,v0,bioclip_2_image
48771,/mnt/d/Photos/Z8/180-600mm/2026/2026-03-01/DSC_2209.NEF,23289,3,Green,reject,neutral,0.8754,0.4834,0.995,0.3766,0.5896,0.9641,0.0016,0.0195,-0.0007,0.0529,-0.005,0.0036,0.0329,-0.0641,high quality,blurry,0.4188,0.4466,0.4481,0.4407,0.412,0.4169,0.4408,0.3993,0.4473,0.3952,0.4457,0.4084,0.384,0.5049,v0,bioclip_2_image
48772,/mnt/d/Photos/Z8/180-600mm/2026/2026-03-01/DSC_2210.NEF,23289,3,Green,pick,neutral,0.8781,0.4036,0.9949,0.3705,0.6209,0.9743,0.0014,0.0197,-0.0039,0.0527,-0.0053,0.0049,0.0363,-0.0659,high quality,blurry,0.419,0.4451,0.4475,0.4408,0.4127,0.4183,0.4387,0.3992,0.449,0.3947,0.4461,0.4077,0.382,0.5046,v0,bioclip_2_image
48773,/mnt/d/Photos/Z8/180-600mm/2026/2026-03-01/DSC_2211.NEF,23289,4,Green,pick,picked,0.8788,0.3899,0.9953,0.3938,0.5914,0.9724,0.0014,0.0198,-0.0045,0.0535,-0.0043,0.0037,0.0356,-0.0656,high quality,blurry,0.4193,0.445,0.4476,0.4427,0.4117,0.4188,0.4402,0.3995,0.4495,0.3941,0.447,0.408,0.3832,0.5059,v0,bioclip_2_image
48774,/mnt/d/Photos/Z8/180-600mm/2026/2026-03-01/DSC_2212.NEF,23289,3,Green,pick,neutral,0.884,0.4704,0.9947,0.3616,0.581,0.9688,0.0016,0.0203,-0.0012,0.0524,-0.0057,0.0033,0.0344,-0.0643,high quality,blurry,0.4201,0.4463,0.4477,0.4415,0.4107,0.4183,0.441,0.3997,0.4475,0.3953,0.4472,0.4075,0.384,0.5053,v0,bioclip_2_image
48775,/mnt/d/Photos/Z8/180-600mm/2026/2026-03-01/DSC_2213.NEF,23290,4,Blue,reject,picked,0.8928,0.4937,0.9959,0.4307,0.5743,0.959,0.0018,0.0212,-0.0003,0.0549,-0.0028,0.003,0.0315,-0.0631,high quality,blurry,0.4229,0.452,0.4514,0.4463,0.4131,0.4213,0.4476,0.4017,0.4522,0.3965,0.4491,0.4101,0.3898,0.5107,v0,bioclip_2_image
48776,/mnt/d/Photos/Z8/180-600mm/2026/2026-03-01/DSC_2214.NEF,23290,4,Blue,reject,picked,0.8948,0.5031,0.9954,0.408,0.6287,0.9684,0.0017,0.0214,0.0001,0.0538,-0.0037,0.0053,0.0342,-0.0636,high quality,blurry,0.4236,0.4516,0.4511,0.4457,0.4154,0.4226,0.4458,0.4022,0.4515,0.3974,0.4494,0.4101,0.3884,0.5094,v0,bioclip_2_image
48777,/mnt/d/Photos/Z8/180-600mm/2026/2026-03-01/DSC_2215.NEF,23290,4,Blue,reject,picked,0.8781,0.4756,0.994,0.3793,0.5496,0.9666,0.0015,0.0197,-0.001,0.051,-0.0049,0.002,0.0337,-0.0649,high quality,blurry,0.4203,0.4494,0.4479,0.4435,0.4105,0.4197,0.4434,0.4006,0.4504,0.3968,0.4484,0.4085,0.386,0.5083,v0,bioclip_2_image
48778,/mnt/d/Photos/Z8/180-600mm/2026/2026-03-01/DSC_2216.NEF,23290,4,Blue,pick,picked,0.8868,0.5551,0.9951,0.4105,0.5601,0.9608,0.0014,0.0206,0.0022,0.0531,-0.0036,0.0024,0.032,-0.0657,high quality,blurry,0.4189,0.45,0.4468,0.4422,0.41,0.4176,0.444,0.3983,0.4478,0.3938,0.4458,0.4076,0.3856,0.5096,v0,bioclip_2_image
48779,/mnt/d/Photos/Z8/180-600mm/2026/2026-03-01/DSC_2217.NEF,23290,4,Blue,reject,picked,0.88,0.4783,0.9947,0.4058,0.5828,0.9622,0.0015,0.0199,-0.0009,0.0523,-0.0038,0.0033,0.0324,-0.0647,high quality,blurry,0.4219,0.4502,0.4492,0.4442,0.4137,0.4196,0.4413,0.402,0.4511,0.3969,0.4481,0.4103,0.3873,0.506,v0,bioclip_2_image
48780,/mnt/d/Photos/Z8/180-600mm/2026/2026-03-01/DSC_2218.NEF,23290,3,Blue,reject,neutral,0.8831,0.5159,0.9952,0.3851,0.6108,0.9652,0.0018,0.0202,0.0006,0.0533,-0.0047,0.0045,0.0332,-0.063,high quality,blurry,0.4196,0.449,0.4484,0.4422,0.4115,0.4177,0.4438,0.3994,0.4483,0.395,0.4468,0.407,0.3845,0.5068,v0,bioclip_2_image
48781,/mnt/d/Photos/Z8/180-600mm/2026/2026-03-01/DSC_2219.NEF,23290,4,Blue,reject,picked,0.8832,0.5531,0.9945,0.4031,0.5904,0.9656,0.0019,0.0202,0.0021,0.052,-0.0039,0.0037,0.0334,-0.0624,high quality,blurry,0.4194,0.4505,0.4472,0.4435,0.4112,0.4181,0.4451,0.3992,0.4483,0.3952,0.4475,0.4076,0.3848,0.5076,v0,bioclip_2_image
48782,/mnt/d/Photos/Z8/180-600mm/2026/2026-03-01/DSC_2220.NEF,23290,4,Blue,pick,picked,0.8921,0.592,0.9949,0.4141,0.5929,0.9666,0.0024,0.0211,0.0037,0.0528,-0.0035,0.0038,0.0336,-0.0604,high quality,blurry,0.4191,0.4529,0.4469,0.4442,0.4109,0.4186,0.4511,0.398,0.4492,0.394,0.4477,0.4071,0.3849,0.5114,v0,bioclip_2_image
48783,/mnt/d/Photos/Z8/180-600mm/2026/2026-03-01/DSC_2221.NEF,23290,4,Blue,reject,picked,0.8887,0.5786,0.9948,0.4083,0.5939,0.9684,0.0022,0.0208,0.0032,0.0525,-0.0037,0.0038,0.0342,-0.0613,high quality,blurry,0.4212,0.4536,0.4492,0.445,0.413,0.42,0.4489,0.4005,0.4504,0.3967,0.4487,0.4092,0.3857,0.5103,v0,bioclip_2_image
48784,/mnt/d/Photos/Z8/180-600mm/2026/2026-03-01/DSC_2222.NEF,23290,4,Blue,reject,picked,0.8937,0.5502,0.9959,0.3917,0.5918,0.966,0.002,0.0213,0.002,0.0549,-0.0044,0.0037,0.0335,-0.0622,high quality,blurry,0.4221,0.4532,0.4505,0.4451,0.4134,0.4207,0.449,0.4008,0.4512,0.3956,0.4495,0.4097,0.3872,0.5112,v0,bioclip_2_image
48785,/mnt/d/Photos/Z8/180-600mm/2026/2026-03-01/DSC_2223.NEF,23290,4,Blue,pick,picked,0.8897,0.5318,0.9952,0.4012,0.597,0.9618,0.0022,0.0209,0.0013,0.0533,-0.004,0.0039,0.0323,-0.0612,high quality,blurry,0.4232,0.4541,0.4509,0.4458,0.4155,0.4217,0.4496,0.4023,0.4528,0.3976,0.4498,0.4116,0.3895,0.5108,v0,bioclip_2_image
48786,/mnt/d/Photos/Z8/180-600mm/2026/2026-03-01/DSC_2224.NEF,23290,3,Green,reject,neutral,0.8986,0.5106,0.9951,0.3632,0.6003,0.9707,0.0017,0.0218,0.0004,0.0531,-0.0056,0.0041,0.035,-0.064,high quality,blurry,0.417,0.4497,0.4462,0.4402,0.4117,0.4186,0.4463,0.3952,0.4493,0.3931,0.4458,0.4077,0.3836,0.5102,v0,bioclip_2_image
48787,/mnt/d/Photos/Z8/180-600mm/2026/2026-03-01/DSC_2225.NEF,23290,3,Green,reject,neutral,0.8928,0.5238,0.9952,0.3771,0.5877,0.9708,0.0016,0.0212,0.001,0.0533,-0.005,0.0035,0.035,-0.0645,high quality,blurry,0.4191,0.4515,0.4484,0.4434,0.4124,0.4196,0.4459,0.398,0.4506,0.3951,0.4484,0.4088,0.3846,0.5105,v0,bioclip_2_image
48788,/mnt/d/Photos/Z8/180-600mm/2026/2026-03-01/DSC_2226.NEF,23290,3,Blue,reject,neutral,0.9028,0.5838,0.9953,0.413,0.6245,0.9666,0.0019,0.0223,0.0034,0.0535,-0.0035,0.0051,0.0336,-0.0626,high quality,blurry,0.4224,0.4537,0.4495,0.4457,0.4143,0.4214,0.4454,0.4002,0.4503,0.396,0.4492,0.4092,0.3877,0.508,v0,bioclip_2_image
48789,/mnt/d/Photos/Z8/180-600mm/2026/2026-03-01/DSC_2227.NEF,23290,3,Blue,reject,neutral,0.9006,0.5612,0.9959,0.3921,0.6241,0.9676,0.0015,0.022,0.0025,0.0549,-0.0044,0.0051,0.034,-0.0653,high quality,blurry,0.4225,0.4533,0.4511,0.4466,0.4131,0.4218,0.442,0.4005,0.4509,0.3962,0.451,0.408,0.3878,0.5074,v0,bioclip_2_image
48790,/mnt/d/Photos/Z8/180-600mm/2026/2026-03-01/DSC_2228.NEF,23290,3,Blue,reject,neutral,0.8987,0.5556,0.9954,0.3459,0.5991,0.9576,0.0013,0.0218,0.0022,0.0537,-0.0064,0.004,0.0312,-0.0663,high quality,blurry,0.4227,0.4526,0.4502,0.4442,0.4145,0.4207,0.4417,0.4009,0.4504,0.3965,0.4506,0.4105,0.3895,0.508,v0,bioclip_2_image
48791,/mnt/d/Photos/Z8/180-600mm/2026/2026-03-01/DSC_2229.NEF,23290,3,Green,reject,neutral,0.884,0.5127,0.9943,0.3448,0.5773,0.9682,0.0017,0.0203,0.0005,0.0516,-0.0064,0.0031,0.0342,-0.0636,high quality,blurry,0.42,0.4499,0.4479,0.4435,0.4116,0.4194,0.441,0.3997,0.4494,0.3963,0.4499,0.4084,0.3853,0.5045,v0,bioclip_2_image
48792,/mnt/d/Photos/Z8/180-600mm/2026/2026-03-01/DSC_2230.NEF,23291,3,Blue,reject,neutral,0.8942,0.5282,0.9941,0.2785,0.6653,0.9734,0.0014,0.0213,0.0011,0.0513,-0.0095,0.0069,0.036,-0.0654,high quality,blurry,0.4202,0.4531,0.4478,0.4425,0.414,0.4192,0.4497,0.3988,0.452,0.3965,0.452,0.4072,0.3832,0.5151,v0,bioclip_2_image
48793,/mnt/d/Photos/Z8/180-600mm/2026/2026-03-01/DSC_2231.NEF,23291,3,Blue,reject,neutral,0.8922,0.527,0.9939,0.2781,0.6528,0.9745,0.0015,0.0211,0.0011,0.051,-0.0095,0.0063,0.0364,-0.0648,high quality,blurry,0.4187,0.4507,0.4465,0.4407,0.413,0.4177,0.4458,0.3975,0.4496,0.3955,0.4503,0.4067,0.3813,0.5106,v0,bioclip_2_image
48794,/mnt/d/Photos/Z8/180-600mm/2026/2026-03-01/DSC_2232.NEF,23291,3,Blue,reject,neutral,0.8959,0.5362,0.9948,0.3035,0.6606,0.9742,0.0017,0.0215,0.0015,0.0525,-0.0083,0.0067,0.0363,-0.0637,high quality,blurry,0.4181,0.4508,0.4464,0.439,0.4138,0.4169,0.4472,0.3966,0.4494,0.3939,0.4473,0.4071,0.3806,0.5109,v0,bioclip_2_image
48795,/mnt/d/Photos/Z8/180-600mm/2026/2026-03-01/DSC_2233.NEF,23291,4,Blue,pick,picked,0.8789,0.5354,0.9936,0.3368,0.5847,0.9717,0.0015,0.0198,0.0014,0.0504,-0.0068,0.0034,0.0354,-0.0649,high quality,blurry,0.4192,0.4525,0.4479,0.4411,0.4129,0.4184,0.4479,0.3993,0.4511,0.3975,0.4479,0.4095,0.3831,0.5128,v0,bioclip_2_image
48796,/mnt/d/Photos/Z8/180-600mm/2026/2026-03-01/DSC_2234.NEF,23291,4,Blue,pick,picked,0.8901,0.5574,0.994,0.3426,0.5884,0.9697,0.0015,0.0209,0.0023,0.0511,-0.0065,0.0036,0.0347,-0.0651,high quality,blurry,0.4225,0.4553,0.4501,0.4448,0.4145,0.4212,0.4505,0.4016,0.453,0.399,0.4514,0.4109,0.3865,0.5157,v0,bioclip_2_image
48797,/mnt/d/Photos/Z8/180-600mm/2026/2026-03-01/DSC_2235.NEF,23291,4,Blue,reject,picked,0.8884,0.5241,0.9949,0.3608,0.5784,0.9734,0.0015,0.0207,0.001,0.0528,-0.0057,0.0032,0.036,-0.0652,high quality,blurry,0.4202,0.4527,0.4494,0.4431,0.4126,0.4195,0.4468,0.3995,0.4517,0.3966,0.4488,0.4094,0.3835,0.512,v0,bioclip_2_image
48798,/mnt/d/Photos/Z8/180-600mm/2026/2026-03-01/DSC_2236.NEF,23291,4,Blue,reject,picked,0.8971,0.5,0.9956,0.3686,0.5696,0.9715,0.0013,0.0217,0.0,0.0543,-0.0054,0.0028,0.0353,-0.0661,high quality,blurry,0.4223,0.4532,0.451,0.4442,0.415,0.4211,0.4484,0.4006,0.4532,0.3967,0.4496,0.4122,0.3858,0.5146,v0,bioclip_2_image
48799,/mnt/d/Photos/Z8/180-600mm/2026/2026-03-01/DSC_2237.NEF,23291,4,Blue,reject,picked,0.9028,0.5241,0.9954,0.3705,0.5829,0.9709,0.0014,0.0223,0.001,0.0537,-0.0053,0.0033,0.0351,-0.0657,high quality,blurry,0.4238,0.4546,0.4514,0.4451,0.4168,0.4226,0.4509,0.4016,0.4537,0.3977,0.4504,0.4135,0.3875,0.5166,v0,bioclip_2_image
48800,/mnt/d/Photos/Z8/180-600mm/2026/2026-03-01/DSC_2238.NEF,23291,3,Blue,reject,neutral,0.8961,0.4925,0.9954,0.3626,0.5665,0.9711,0.0013,0.0215,-0.0003,0.0537,-0.0056,0.0027,0.0351,-0.0668,high quality,blurry,0.4237,0.4538,0.4521,0.4452,0.4164,0.4226,0.4482,0.4021,0.4541,0.3985,0.4508,0.4137,0.3875,0.515,v0,bioclip_2_image
48801,/mnt/d/Photos/Z8/180-600mm/2026/2026-03-01/DSC_2239.NEF,23291,4,Blue,reject,picked,0.8881,0.5241,0.9949,0.3489,0.5822,0.9706,0.0014,0.0207,0.001,0.0528,-0.0062,0.0033,0.035,-0.0658,high quality,blurry,0.4226,0.4543,0.451,0.4446,0.4144,0.4206,0.4492,0.4019,0.4533,0.3982,0.4508,0.411,0.3857,0.515,v0,bioclip_2_image
48802,/mnt/d/Photos/Z8/180-600mm/2026/2026-03-01/DSC_2240.NEF,23291,4,Blue,pick,picked,0.8877,0.5221,0.9953,0.3635,0.5519,0.9708,0.0015,0.0207,0.0009,0.0535,-0.0056,0.0021,0.035,-0.0647,high quality,blurry,0.4205,0.4523,0.4494,0.4423,0.4125,0.4192,0.4484,0.3998,0.4514,0.3959,0.4479,0.4105,0.3841,0.5131,v0,bioclip_2_image
48803,/mnt/d/Photos/Z8/180-600mm/2026/2026-03-01/DSC_2241.NEF,23291,3,Blue,reject,neutral,0.888,0.5299,0.9951,0.3605,0.553,0.9726,0.0015,0.0207,0.0012,0.0531,-0.0057,0.0021,0.0357,-0.0651,high quality,blurry,0.4211,0.453,0.4501,0.4429,0.413,0.4203,0.4488,0.4004,0.4518,0.397,0.4487,0.4109,0.3847,0.5139,v0,bioclip_2_image
48804,/mnt/d/Photos/Z8/180-600mm/2026/2026-03-01/DSC_2242.NEF,23291,4,Blue,pick,picked,0.9093,0.46,0.9955,0.4713,0.6355,0.9783,0.0021,0.023,-0.0016,0.0541,-0.0011,0.0056,0.0381,-0.0618,high quality,blurry,0.427,0.4562,0.4524,0.4489,0.419,0.4254,0.4506,0.4039,0.4578,0.3983,0.45,0.4135,0.3873,0.5124,v0,bioclip_2_image
48805,/mnt/d/Photos/Z8/180-600mm/2026/2026-03-01/DSC_2243.NEF,23291,4,Blue,pick,picked,0.9088,0.484,0.9953,0.4707,0.6278,0.9781,0.002,0.023,-0.0006,0.0535,-0.0012,0.0052,0.038,-0.0619,high quality,blurry,0.4271,0.4566,0.452,0.4484,0.4194,0.4258,0.4515,0.4041,0.4572,0.3986,0.4496,0.4141,0.3878,0.5134,v0,bioclip_2_image
48806,/mnt/d/Photos/Z8/180-600mm/2026/2026-03-01/DSC_2244.NEF,23291,4,Blue,pick,picked,0.9076,0.4476,0.9952,0.4829,0.6358,0.9761,0.0017,0.0228,-0.0021,0.0533,-0.0007,0.0056,0.0371,-0.0636,high quality,blurry,0.4273,0.4553,0.4523,0.4489,0.4192,0.4251,0.4474,0.4044,0.4574,0.3989,0.4496,0.4137,0.388,0.511,v0,bioclip_2_image
48807,/mnt/d/Photos/Z8/180-600mm/2026/2026-03-01/DSC_2245.NEF,23291,4,Blue,reject,picked,0.9073,0.5261,0.9946,0.4869,0.6224,0.9765,0.0017,0.0228,0.001,0.0522,-0.0005,0.005,0.0373,-0.0641,high quality,blurry,0.424,0.4529,0.4492,0.445,0.4164,0.4221,0.4446,0.4012,0.4518,0.397,0.4456,0.4114,0.3848,0.5087,v0,bioclip_2_image
48808,/mnt/d/Photos/Z8/180-600mm/2026/2026-03-01/DSC_2246.NEF,23291,4,Blue,reject,picked,0.9088,0.534,0.9949,0.4093,0.6411,0.9742,0.0021,0.023,0.0014,0.0527,-0.0037,0.0058,0.0363,-0.0617,high quality,blurry,0.4254,0.4546,0.4502,0.4449,0.4157,0.4228,0.4465,0.4024,0.4532,0.3975,0.4486,0.4099,0.3865,0.5082,v0,bioclip_2_image
48809,/mnt/d/Photos/Z8/180-600mm/2026/2026-03-01/DSC_2247.NEF,23291,4,Blue,reject,picked,0.899,0.4989,0.9949,0.4016,0.584,0.9676,0.0017,0.0219,-0.0,0.0527,-0.004,0.0034,0.034,-0.064,high quality,blurry,0.4258,0.4548,0.4515,0.4462,0.4167,0.423,0.4434,0.4039,0.4548,0.3987,0.4501,0.4133,0.389,0.5074,v0,bioclip_2_image
48810,/mnt/d/Photos/Z8/180-600mm/2026/2026-03-01/DSC_2248.NEF,23291,4,Blue,reject,picked,0.8977,0.4857,0.9944,0.405,0.5629,0.9667,0.0019,0.0217,-0.0006,0.0518,-0.0038,0.0025,0.0337,-0.0628,high quality,blurry,0.4261,0.4555,0.4512,0.4464,0.4167,0.4233,0.4456,0.4044,0.4561,0.3994,0.4503,0.4142,0.3896,0.5084,v0,bioclip_2_image
48811,/mnt/d/Photos/Z8/180-600mm/2026/2026-03-01/DSC_2249.NEF,23292,3,Blue,reject,neutral,0.9052,0.5746,0.9951,0.4363,0.5768,0.9736,0.0023,0.0226,0.003,0.0532,-0.0026,0.0031,0.0361,-0.0608,high quality,blurry,0.4196,0.4498,0.4478,0.4417,0.4121,0.4191,0.4449,0.397,0.4468,0.3946,0.4443,0.409,0.383,0.5057,v0,bioclip_2_image
48812,/mnt/d/Photos/Z8/180-600mm/2026/2026-03-01/DSC_2250.NEF,23292,4,Blue,pick,picked,0.9091,0.5686,0.9952,0.4426,0.5781,0.9744,0.0022,0.023,0.0028,0.0533,-0.0023,0.0031,0.0364,-0.061,high quality,blurry,0.4204,0.4502,0.4482,0.4422,0.4125,0.4196,0.4455,0.3974,0.4475,0.3948,0.4445,0.4094,0.3832,0.5064,v0,bioclip_2_image
48813,/mnt/d/Photos/Z8/180-600mm/2026/2026-03-01/DSC_2251.NEF,23292,4,Blue,pick,picked,0.92,0.5986,0.9953,0.4449,0.621,0.976,0.0016,0.0244,0.004,0.0535,-0.0022,0.0049,0.0371,-0.0642,high quality,blurry,0.4224,0.4515,0.4497,0.4437,0.4134,0.4209,0.4422,0.398,0.4475,0.3963,0.4459,0.4084,0.3838,0.5064,v0,bioclip_2_image
48814,/mnt/d/Photos/Z8/180-600mm/2026/2026-03-01/DSC_2252.NEF,23292,3,Green,reject,neutral,0.9165,0.6183,0.9963,0.4609,0.6944,0.9722,0.0035,0.024,0.0048,0.0558,-0.0016,0.0082,0.0356,-0.0566,high quality,blurry,0.4204,0.4536,0.449,0.4431,0.4157,0.4197,0.4533,0.3964,0.4488,0.3932,0.4447,0.4075,0.3841,0.5099,v0,bioclip_2_image
48815,/mnt/d/Photos/Z8/180-600mm/2026/2026-03-01/DSC_2253.NEF,23292,3,Blue,pick,neutral,0.9167,0.5697,0.9959,0.4562,0.6468,0.9711,0.0025,0.024,0.0028,0.0549,-0.0018,0.0061,0.0351,-0.06,high quality,blurry,0.4214,0.453,0.4502,0.4443,0.4153,0.4193,0.4521,0.3974,0.4502,0.3953,0.4461,0.4092,0.3842,0.5121,v0,bioclip_2_image
48816,/mnt/d/Photos/Z8/180-600mm/2026/2026-03-01/DSC_2254.NEF,23292,3,Green,reject,neutral,0.9085,0.5388,0.9963,0.4531,0.6408,0.9762,0.0026,0.023,0.0016,0.0558,-0.0019,0.0058,0.0371,-0.0595,high quality,blurry,0.4188,0.4495,0.4479,0.4415,0.4124,0.4176,0.4485,0.3958,0.4479,0.392,0.4434,0.4066,0.3805,0.508,v0,bioclip_2_image
48817,/mnt/d/Photos/Z8/180-600mm/2026/2026-03-01/DSC_2255.NEF,23292,3,Blue,reject,neutral,0.9221,0.5912,0.9961,0.4588,0.633,0.9758,0.0021,0.0247,0.0037,0.0554,-0.0017,0.0055,0.037,-0.0617,high quality,blurry,0.4216,0.4525,0.45,0.4439,0.4128,0.4197,0.4492,0.3969,0.4488,0.3946,0.4455,0.4074,0.3827,0.5109,v0,bioclip_2_image
48818,/mnt/d/Photos/Z8/180-600mm/2026/2026-03-01/DSC_2256.NEF,23292,3,Blue,reject,neutral,0.9079,0.6208,0.9959,0.4166,0.6499,0.9719,0.0015,0.0229,0.0049,0.0549,-0.0034,0.0062,0.0354,-0.0647,high quality,blurry,0.4184,0.4515,0.4469,0.4408,0.412,0.415,0.4506,0.3956,0.4465,0.392,0.4441,0.4058,0.3796,0.5154,v0,bioclip_2_image
48819,/mnt/d/Photos/Z8/180-600mm/2026/2026-03-01/DSC_2257.NEF,23292,4,Blue,reject,picked,0.8986,0.5753,0.9958,0.4125,0.5802,0.9633,0.0013,0.0218,0.003,0.0547,-0.0035,0.0032,0.0327,-0.0665,high quality,blurry,0.4161,0.4481,0.4458,0.4386,0.4087,0.412,0.4439,0.3943,0.4451,0.3911,0.4421,0.4055,0.3794,0.5104,v0,bioclip_2_image
48820,/mnt/d/Photos/Z8/180-600mm/2026/2026-03-01/DSC_2258.NEF,23292,4,Blue,pick,picked,0.8936,0.5908,0.9958,0.4052,0.6073,0.9648,0.0016,0.0213,0.0037,0.0546,-0.0038,0.0044,0.0331,-0.0642,high quality,blurry,0.4152,0.4479,0.4454,0.4375,0.4089,0.4113,0.4458,0.394,0.4442,0.3908,0.4413,0.4045,0.3782,0.51,v0,bioclip_2_image
48821,/mnt/d/Photos/Z8/180-600mm/2026/2026-03-01/DSC_2259.NEF,23292,4,Blue,pick,picked,0.897,0.6033,0.9956,0.3911,0.6058,0.9673,0.0017,0.0216,0.0042,0.0542,-0.0044,0.0043,0.0339,-0.0637,high quality,blurry,0.4147,0.4479,0.4444,0.4366,0.4088,0.4116,0.4459,0.393,0.4437,0.3901,0.441,0.4045,0.3778,0.5096,v0,bioclip_2_image
48822,/mnt/d/Photos/Z8/180-600mm/2026/2026-03-01/DSC_2260.NEF,23292,4,Blue,pick,picked,0.8965,0.5861,0.9954,0.426,0.5896,0.9633,0.0015,0.0216,0.0035,0.0539,-0.003,0.0036,0.0327,-0.0653,high quality,blurry,0.4165,0.449,0.4456,0.4397,0.4094,0.4124,0.4468,0.3949,0.4455,0.3918,0.4427,0.4057,0.3797,0.512,v0,bioclip_2_image
48823,/mnt/d/Photos/Z8/180-600mm/2026/2026-03-01/DSC_2261.NEF,23292,3,Green,reject,neutral,0.9166,0.6293,0.9978,0.5726,0.7181,0.9702,0.0028,0.024,0.0053,0.0613,0.0029,0.0094,0.0348,-0.0589,high quality,blurry,0.413,0.4509,0.4458,0.4374,0.4137,0.4092,0.4619,0.3891,0.4456,0.3846,0.4344,0.4043,0.3744,0.5207,v0,bioclip_2_image
48824,/mnt/d/Photos/Z8/180-600mm/2026/2026-03-01/DSC_2262.NEF,23293,4,Blue,reject,picked,0.8951,0.4923,0.9949,0.401,0.573,0.9746,0.0018,0.0214,-0.0003,0.0528,-0.004,0.0029,0.0365,-0.0633,high quality,blurry,0.418,0.4466,0.4455,0.4395,0.4107,0.4183,0.442,0.3966,0.4469,0.3928,0.4435,0.4078,0.3818,0.5054,v0,bioclip_2_image
48825,/mnt/d/Photos/Z8/180-600mm/2026/2026-03-01/DSC_2263.NEF,23293,4,Blue,pick,picked,0.8999,0.5333,0.9952,0.3877,0.5745,0.9729,0.0017,0.022,0.0013,0.0534,-0.0046,0.003,0.0358,-0.064,high quality,blurry,0.419,0.4494,0.4474,0.441,0.4113,0.4201,0.4442,0.397,0.4481,0.394,0.4456,0.4083,0.3843,0.5082,v0,bioclip_2_image
48826,/mnt/d/Photos/Z8/180-600mm/2026/2026-03-01/DSC_2264.NEF,23293,4,Blue,reject,picked,0.8997,0.5255,0.9959,0.355,0.5935,0.9727,0.0018,0.0219,0.001,0.0548,-0.006,0.0038,0.0357,-0.0631,high quality,blurry,0.4185,0.4487,0.4476,0.4392,0.4107,0.4192,0.443,0.3965,0.4477,0.3927,0.4452,0.4069,0.3834,0.5061,v0,bioclip_2_image
48827,/mnt/d/Photos/Z8/180-600mm/2026/2026-03-01/DSC_2265.NEF,23293,4,Blue,pick,picked,0.9045,0.5661,0.9956,0.3585,0.5829,0.9732,0.002,0.0225,0.0027,0.0542,-0.0058,0.0033,0.0359,-0.0623,high quality,blurry,0.4185,0.45,0.4473,0.4394,0.411,0.4197,0.4464,0.396,0.4473,0.3932,0.4452,0.4076,0.3838,0.5087,v0,bioclip_2_image
48828,/mnt/d/Photos/Z8/180-600mm/2026/2026-03-01/DSC_2266.NEF,23293,4,Blue,pick,picked,0.8985,0.5195,0.996,0.3658,0.5832,0.9699,0.0019,0.0218,0.0008,0.0552,-0.0055,0.0034,0.0347,-0.0628,high quality,blurry,0.4177,0.4483,0.4469,0.4388,0.4098,0.4185,0.4445,0.3959,0.4475,0.3917,0.4443,0.4064,0.3838,0.5073,v0,bioclip_2_image
48829,/mnt/d/Photos/Z8/180-600mm/2026/2026-03-01/DSC_2267.NEF,23293,4,Blue,reject,picked,0.8862,0.4833,0.9947,0.3747,0.5605,0.9681,0.0022,0.0205,-0.0007,0.0523,-0.0051,0.0024,0.0341,-0.0613,high quality,blurry,0.4208,0.4496,0.4482,0.4417,0.4127,0.4194,0.4446,0.4003,0.4503,0.3959,0.4469,0.4103,0.3853,0.5059,v0,bioclip_2_image
48830,/mnt/d/Photos/Z8/180-600mm/2026/2026-03-01/DSC_2268.NEF,23293,4,Blue,reject,picked,0.9118,0.543,0.9954,0.4037,0.6482,0.9762,0.0018,0.0234,0.0017,0.0537,-0.0039,0.0061,0.0371,-0.0634,high quality,blurry,0.4215,0.4509,0.4486,0.4422,0.4146,0.4211,0.4474,0.3982,0.4491,0.3949,0.4461,0.4085,0.384,0.5107,v0,bioclip_2_image
48831,/mnt/d/Photos/Z8/180-600mm/2026/2026-03-01/DSC_2269.NEF,23293,4,Blue,pick,picked,0.8995,0.4729,0.9954,0.436,0.635,0.9708,0.0017,0.0219,-0.0011,0.0537,-0.0026,0.0055,0.0351,-0.0638,high quality,blurry,0.4193,0.4472,0.4457,0.441,0.4133,0.4171,0.4467,0.3974,0.4483,0.392,0.4436,0.4078,0.382,0.5106,v0,bioclip_2_image
48832,/mnt/d/Photos/Z8/180-600mm/2026/2026-03-01/DSC_2270.NEF,23293,4,Blue,pick,picked,0.8942,0.4484,0.9951,0.4226,0.6279,0.9722,0.0017,0.0213,-0.0021,0.0531,-0.0031,0.0052,0.0355,-0.0637,high quality,blurry,0.419,0.4465,0.4456,0.4408,0.4133,0.4173,0.4471,0.3977,0.4486,0.3925,0.4439,0.408,0.3817,0.5109,v0,bioclip_2_image
48833,/mnt/d/Photos/Z8/180-600mm/2026/2026-03-01/DSC_2271.NEF,23293,4,Blue,pick,picked,0.9059,0.4877,0.9953,0.4568,0.6199,0.9699,0.0018,0.0227,-0.0005,0.0535,-0.0017,0.0049,0.0347,-0.0632,high quality,blurry,0.4186,0.4472,0.4448,0.4408,0.4138,0.4166,0.4487,0.396,0.4477,0.3912,0.4426,0.409,0.3818,0.512,v0,bioclip_2_image
48834,/mnt/d/Photos/Z8/180-600mm/2026/2026-03-01/DSC_2272.NEF,23294,4,Blue,reject,picked,0.8817,0.5739,0.9946,0.3002,0.6111,0.9634,0.002,0.0201,0.003,0.0522,-0.0085,0.0045,0.0327,-0.062,a photo with strong subject separation,blurry,0.415,0.4477,0.4446,0.4355,0.4107,0.4143,0.4509,0.3949,0.4447,0.3924,0.444,0.4061,0.3816,0.5129,v0,bioclip_2_image
48835,/mnt/d/Photos/Z8/180-600mm/2026/2026-03-01/DSC_2273.NEF,23294,4,Blue,reject,picked,0.8803,0.5651,0.9945,0.2937,0.601,0.961,0.0019,0.02,0.0026,0.052,-0.0088,0.0041,0.032,-0.0625,a photo with strong subject separation,blurry,0.4156,0.4478,0.4451,0.4361,0.4106,0.4147,0.4487,0.3957,0.4451,0.3932,0.4448,0.4065,0.3827,0.5112,v0,bioclip_2_image
48836,/mnt/d/Photos/Z8/180-600mm/2026/2026-03-01/DSC_2274.NEF,23294,4,Blue,reject,picked,0.8972,0.5791,0.9936,0.3286,0.583,0.9635,0.0019,0.0217,0.0032,0.0505,-0.0071,0.0034,0.0327,-0.0624,a photo with strong subject separation,blurry,0.4177,0.4491,0.4449,0.4379,0.4111,0.4161,0.4488,0.396,0.4459,0.3944,0.4451,0.4078,0.3834,0.5112,v0,bioclip_2_image
48837,/mnt/d/Photos/Z8/180-600mm/2026/2026-03-01/DSC_2275.NEF,23294,4,Blue,reject,picked,0.8972,0.5402,0.9951,0.3617,0.6173,0.9611,0.0024,0.0217,0.0016,0.0532,-0.0057,0.0048,0.0321,-0.0601,high quality,blurry,0.4177,0.4481,0.4467,0.4377,0.4121,0.416,0.4497,0.396,0.4465,0.3934,0.4434,0.4073,0.384,0.5098,v0,bioclip_2_image
48838,/mnt/d/Photos/Z8/180-600mm/2026/2026-03-01/DSC_2276.NEF,23294,4,Blue,reject,picked,0.8928,0.5485,0.9944,0.35,0.5899,0.962,0.0024,0.0212,0.0019,0.0517,-0.0062,0.0036,0.0323,-0.0605,high quality,blurry,0.4181,0.4497,0.4462,0.4391,0.4119,0.4159,0.4487,0.3969,0.4477,0.3945,0.4453,0.4083,0.3836,0.5092,v0,bioclip_2_image
48839,/mnt/d/Photos/Z8/180-600mm/2026/2026-03-01/DSC_2277.NEF,23294,4,Blue,reject,picked,0.9131,0.53,0.9945,0.3891,0.6254,0.9723,0.0029,0.0235,0.0012,0.0519,-0.0045,0.0051,0.0356,-0.0583,high quality,blurry,0.4202,0.4509,0.447,0.4413,0.4144,0.4202,0.4516,0.3967,0.4497,0.3951,0.4458,0.4092,0.3847,0.51,v0,bioclip_2_image
48840,/mnt/d/Photos/Z8/180-600mm/2026/2026-03-01/DSC_2278.NEF,23294,4,Blue,pick,picked,0.9016,0.5122,0.994,0.3989,0.6125,0.9746,0.0022,0.0222,0.0005,0.051,-0.0041,0.0046,0.0365,-0.0613,high quality,blurry,0.421,0.4509,0.4483,0.4431,0.4148,0.4219,0.4478,0.3988,0.4504,0.3973,0.4472,0.4103,0.3854,0.5091,v0,bioclip_2_image
48841,/mnt/d/Photos/Z8/180-600mm/2026/2026-03-01/DSC_2279.NEF,23294,4,Blue,pick,picked,0.9022,0.5197,0.9943,0.3948,0.6071,0.973,0.0018,0.0222,0.0008,0.0515,-0.0043,0.0044,0.0359,-0.0632,high quality,blurry,0.4211,0.4501,0.4487,0.4428,0.4142,0.4222,0.4466,0.3989,0.4493,0.3971,0.447,0.4099,0.3864,0.5098,v0,bioclip_2_image
48842,/mnt/d/Photos/Z8/180-600mm/2026/2026-03-01/DSC_2280.NEF,23294,4,Blue,reject,picked,0.901,0.4899,0.9944,0.4453,0.598,0.9727,0.0017,0.0221,-0.0004,0.0519,-0.0022,0.004,0.0357,-0.0637,high quality,blurry,0.4211,0.4493,0.4485,0.4434,0.4141,0.4222,0.4451,0.399,0.4497,0.3967,0.4456,0.4102,0.3865,0.5088,v0,bioclip_2_image
48843,/mnt/d/Photos/Z8/180-600mm/2026/2026-03-01/DSC_2281.NEF,23294,4,Blue,reject,picked,0.8996,0.5445,0.9938,0.3949,0.5926,0.9718,0.002,0.0219,0.0018,0.0508,-0.0043,0.0037,0.0354,-0.0623,a photo with strong subject separation,blurry,0.4203,0.451,0.4483,0.4421,0.4139,0.4213,0.4464,0.3984,0.4492,0.3975,0.4464,0.4102,0.3859,0.5087,v0,bioclip_2_image
48844,/mnt/d/Photos/Z8/180-600mm/2026/2026-03-01/DSC_2282.NEF,23294,4,Blue,pick,picked,0.8985,0.5323,0.9951,0.3927,0.6261,0.9654,0.0017,0.0218,0.0013,0.0532,-0.0044,0.0052,0.0333,-0.0638,high quality,blurry,0.4172,0.4481,0.4464,0.4396,0.4133,0.416,0.4449,0.3954,0.4468,0.3932,0.444,0.4081,0.3828,0.5086,v0,bioclip_2_image
48845,/mnt/d/Photos/Z8/180-600mm/2026/2026-03-01/DSC_2283.NEF,23294,4,Blue,reject,picked,0.8851,0.514,0.9945,0.4086,0.6318,0.9618,0.0016,0.0204,0.0006,0.052,-0.0037,0.0054,0.0323,-0.0645,high quality,blurry,0.4189,0.4476,0.446,0.4409,0.4142,0.4161,0.4432,0.3985,0.4471,0.394,0.4446,0.4088,0.3839,0.5077,v0,bioclip_2_image
48846,/mnt/d/Photos/Z8/180-600mm/2026/2026-03-01/DSC_2284.NEF,23294,4,Blue,reject,picked,0.8861,0.514,0.9939,0.4154,0.6476,0.9657,0.0016,0.0205,0.0006,0.0509,-0.0034,0.0061,0.0334,-0.0645,high quality,blurry,0.419,0.4474,0.4451,0.4409,0.4144,0.4166,0.443,0.3984,0.4469,0.3942,0.4443,0.4083,0.3832,0.5076,v0,bioclip_2_image
48847,/mnt/d/Photos/Z8/180-600mm/2026/2026-03-01/DSC_2285.NEF,23294,4,Blue,reject,picked,0.8892,0.5513,0.995,0.4728,0.6153,0.9658,0.0019,0.0208,0.0021,0.0529,-0.0011,0.0047,0.0334,-0.0629,high quality,blurry,0.418,0.449,0.4455,0.4406,0.4132,0.4151,0.4458,0.3972,0.4469,0.3926,0.4417,0.4085,0.3817,0.5087,v0,bioclip_2_image
48848,/mnt/d/Photos/Z8/180-600mm/2026/2026-03-01/DSC_2286.NEF,23294,4,Blue,reject,picked,0.8847,0.5169,0.9936,0.4374,0.6548,0.9631,0.0017,0.0204,0.0007,0.0504,-0.0025,0.0064,0.0326,-0.0638,high quality,blurry,0.4202,0.4484,0.4454,0.4423,0.4159,0.4169,0.444,0.3998,0.4477,0.395,0.4448,0.4095,0.3843,0.5079,v0,bioclip_2_image
48849,/mnt/d/Photos/Z8/180-600mm/2026/2026-03-01/DSC_2287.NEF,23295,4,Blue,reject,picked,0.9042,0.5217,0.9941,0.4992,0.6609,0.9637,0.0022,0.0224,0.0009,0.0513,-0.0,0.0067,0.0328,-0.0614,a photo with strong subject separation,blurry,0.421,0.4495,0.4459,0.4417,0.4157,0.4181,0.444,0.3986,0.4486,0.3945,0.4417,0.409,0.3853,0.5054,v0,bioclip_2_image
48850,/mnt/d/Photos/Z8/180-600mm/2026/2026-03-01/DSC_2288.NEF,23295,5,Blue,reject,picked,0.9073,0.5616,0.9934,0.4924,0.6463,0.9593,0.0019,0.0228,0.0025,0.0502,-0.0003,0.006,0.0316,-0.0626,a photo with strong subject separation,blurry,0.422,0.4514,0.4463,0.4432,0.4156,0.4185,0.4437,0.3992,0.4489,0.3961,0.4435,0.4095,0.3869,0.5063,v0,bioclip_2_image
48851,/mnt/d/Photos/Z8/180-600mm/2026/2026-03-01/DSC_2289.NEF,23295,4,Blue,reject,picked,0.9042,0.5162,0.9942,0.4837,0.6493,0.9641,0.0018,0.0225,0.0006,0.0515,-0.0007,0.0062,0.0329,-0.0631,high quality,blurry,0.4217,0.4494,0.4467,0.442,0.4149,0.4186,0.4428,0.3992,0.4487,0.3951,0.4427,0.4088,0.3857,0.5059,v0,bioclip_2_image
48852,/mnt/d/Photos/Z8/180-600mm/2026/2026-03-01/DSC_2290.NEF,23295,4,Blue,reject,picked,0.9026,0.5143,0.9943,0.4794,0.668,0.9635,0.0019,0.0223,0.0006,0.0517,-0.0008,0.007,0.0327,-0.0627,high quality,blurry,0.4209,0.4494,0.4459,0.442,0.4147,0.4174,0.4431,0.3986,0.4488,0.3942,0.4429,0.4077,0.3847,0.5058,v0,bioclip_2_image
48853,/mnt/d/Photos/Z8/180-600mm/2026/2026-03-01/DSC_2291.NEF,23295,4,Blue,reject,picked,0.9097,0.5858,0.9944,0.517,0.6725,0.9688,0.0021,0.0231,0.0035,0.0517,0.0007,0.0072,0.0344,-0.0618,high quality,blurry,0.419,0.4498,0.444,0.4413,0.4141,0.4169,0.4442,0.3959,0.4463,0.3923,0.4406,0.4069,0.3825,0.5059,v0,bioclip_2_image
48854,/mnt/d/Photos/Z8/180-600mm/2026/2026-03-01/DSC_2292.NEF,23295,4,Blue,reject,picked,0.9065,0.5524,0.9943,0.5135,0.6425,0.9723,0.002,0.0227,0.0021,0.0517,0.0005,0.0059,0.0356,-0.0621,high quality,blurry,0.42,0.4502,0.4454,0.4418,0.4156,0.4187,0.4443,0.3973,0.4481,0.3937,0.4413,0.4097,0.3832,0.5064,v0,bioclip_2_image
48855,/mnt/d/Photos/Z8/180-600mm/2026/2026-03-01/DSC_2293.NEF,23295,4,Blue,reject,picked,0.9076,0.523,0.9952,0.5091,0.6688,0.9729,0.0018,0.0228,0.0009,0.0533,0.0004,0.007,0.0358,-0.0632,high quality,blurry,0.42,0.4486,0.4456,0.4411,0.4155,0.4193,0.4425,0.3971,0.4476,0.3923,0.4408,0.4085,0.3835,0.5057,v0,bioclip_2_image
48856,/mnt/d/Photos/Z8/180-600mm/2026/2026-03-01/DSC_2294.NEF,23295,4,Blue,reject,picked,0.908,0.5358,0.9947,0.514,0.6815,0.9691,0.0019,0.0229,0.0014,0.0523,0.0006,0.0076,0.0345,-0.0625,high quality,blurry,0.4212,0.4507,0.4464,0.4432,0.4161,0.4194,0.444,0.3983,0.4492,0.3941,0.4426,0.4085,0.3849,0.5064,v0,bioclip_2_image
48857,/mnt/d/Photos/Z8/180-600mm/2026/2026-03-01/DSC_2295.NEF,23295,4,Blue,reject,picked,0.9073,0.5523,0.9946,0.5287,0.6654,0.9706,0.002,0.0228,0.0021,0.0522,0.0011,0.0069,0.035,-0.0623,high quality,blurry,0.4213,0.4519,0.447,0.4432,0.4169,0.4199,0.4453,0.3984,0.4498,0.3948,0.442,0.41,0.3849,0.5076,v0,bioclip_2_image
48858,/mnt/d/Photos/Z8/180-600mm/2026/2026-03-01/DSC_2296.NEF,23295,4,Blue,reject,picked,0.9054,0.5518,0.9939,0.5062,0.6556,0.9671,0.0019,0.0226,0.0021,0.051,0.0002,0.0064,0.0338,-0.0629,high quality,blurry,0.4231,0.4529,0.4476,0.4441,0.4183,0.421,0.4439,0.4006,0.4508,0.3967,0.4438,0.4118,0.3872,0.5068,v0,bioclip_2_image
48859,/mnt/d/Photos/Z8/180-600mm/2026/2026-03-01/DSC_2297.NEF,23295,5,Blue,reject,picked,0.9052,0.5497,0.9946,0.4902,0.6481,0.9689,0.0019,0.0226,0.002,0.0522,-0.0004,0.0061,0.0344,-0.0624,high quality,blurry,0.4215,0.4502,0.4465,0.4415,0.4162,0.4192,0.4421,0.399,0.4482,0.3944,0.4419,0.4101,0.3848,0.5045,v0,bioclip_2_image
48860,/mnt/d/Photos/Z8/180-600mm/2026/2026-03-01/DSC_2298.NEF,23295,5,Blue,pick,picked,0.918,0.6006,0.9956,0.5344,0.7025,0.9705,0.0024,0.0242,0.0041,0.0543,0.0014,0.0086,0.035,-0.0605,high quality,blurry,0.421,0.4515,0.4467,0.4422,0.4169,0.4187,0.4454,0.3969,0.4474,0.3924,0.4408,0.4083,0.3837,0.5059,v0,bioclip_2_image
48861,/mnt/d/Photos/Z8/180-600mm/2026/2026-03-01/DSC_2299.NEF,23295,4,Blue,reject,picked,0.9042,0.5525,0.9944,0.478,0.65,0.9674,0.0024,0.0224,0.0021,0.0518,-0.0009,0.0062,0.0339,-0.0603,high quality,blurry,0.4224,0.4514,0.4478,0.4429,0.4167,0.4204,0.4456,0.3999,0.4492,0.396,0.4438,0.4105,0.3865,0.5058,v0,bioclip_2_image
48862,/mnt/d/Photos/Z8/180-600mm/2026/2026-03-01/DSC_2300.NEF,23295,5,Blue,reject,picked,0.9085,0.5612,0.9952,0.5035,0.6908,0.9669,0.0022,0.023,0.0025,0.0533,0.0001,0.008,0.0338,-0.0611,high quality,blurry,0.4213,0.4504,0.4468,0.4426,0.4163,0.4184,0.4441,0.3983,0.4479,0.3935,0.4425,0.4083,0.3847,0.5052,v0,bioclip_2_image
48863,/mnt/d/Photos/Z8/180-600mm/2026/2026-03-01/DSC_2301.NEF,23295,5,Blue,reject,picked,0.9081,0.5736,0.9947,0.4982,0.6834,0.9691,0.0024,0.0229,0.003,0.0523,-0.0001,0.0077,0.0344,-0.0604,high quality,blurry,0.421,0.4509,0.4464,0.4427,0.4163,0.419,0.4451,0.3981,0.448,0.394,0.4428,0.4086,0.3845,0.5055,v0,bioclip_2_image
48864,/mnt/d/Photos/Z8/180-600mm/2026/2026-03-01/DSC_2302.NEF,23295,5,Blue,reject,picked,0.9103,0.5569,0.9953,0.4958,0.6963,0.9686,0.0022,0.0232,0.0023,0.0536,-0.0002,0.0083,0.0343,-0.0611,high quality,blurry,0.4213,0.4506,0.4467,0.4426,0.4162,0.4188,0.4442,0.3981,0.4483,0.3931,0.4428,0.4079,0.3845,0.5052,v0,bioclip_2_image
48865,/mnt/d/Photos/Z8/180-600mm/2026/2026-03-01/DSC_2303.NEF,23295,5,Blue,reject,picked,0.9061,0.5679,0.9947,0.494,0.6598,0.9629,0.0022,0.0227,0.0027,0.0523,-0.0002,0.0066,0.0326,-0.0612,high quality,blurry,0.4236,0.4527,0.4484,0.445,0.4183,0.4204,0.444,0.401,0.4499,0.3961,0.4452,0.4117,0.3878,0.5051,v0,bioclip_2_image
48866,/mnt/d/Photos/Z8/180-600mm/2026/2026-03-01/DSC_2304.NEF,23295,4,Blue,reject,picked,0.9083,0.5715,0.9947,0.5249,0.6812,0.9627,0.0025,0.0229,0.0029,0.0524,0.001,0.0076,0.0325,-0.06,high quality,blurry,0.4231,0.4528,0.4475,0.4445,0.4181,0.4194,0.4457,0.4002,0.4499,0.3951,0.4435,0.4105,0.3869,0.5057,v0,bioclip_2_image
48867,/mnt/d/Photos/Z8/180-600mm/2026/2026-03-01/DSC_2305.NEF,23295,4,Blue,reject,picked,0.9064,0.5923,0.9947,0.4904,0.6594,0.9617,0.0023,0.0227,0.0037,0.0523,-0.0004,0.0066,0.0322,-0.0606,high quality,blurry,0.4214,0.4516,0.4466,0.4416,0.4161,0.4174,0.4442,0.3987,0.4478,0.3943,0.442,0.4095,0.3851,0.5048,v0,bioclip_2_image
48868,/mnt/d/Photos/Z8/180-600mm/2026/2026-03-01/DSC_2306.NEF,23295,4,Blue,reject,picked,0.9059,0.575,0.9946,0.5092,0.6593,0.9628,0.0024,0.0226,0.003,0.0522,0.0004,0.0066,0.0325,-0.0604,high quality,blurry,0.4211,0.4509,0.4462,0.4413,0.4156,0.4174,0.4438,0.3985,0.4479,0.3939,0.441,0.409,0.3848,0.5041,v0,bioclip_2_image
48869,/mnt/d/Photos/Z8/180-600mm/2026/2026-03-01/DSC_2307.NEF,23295,4,Blue,reject,picked,0.9073,0.572,0.9946,0.5166,0.6516,0.9624,0.0022,0.0228,0.0029,0.0522,0.0007,0.0063,0.0324,-0.061,high quality,blurry,0.4214,0.4513,0.4466,0.4423,0.416,0.418,0.4439,0.3986,0.4484,0.3945,0.4416,0.4097,0.3856,0.5049,v0,bioclip_2_image
48870,/mnt/d/Photos/Z8/180-600mm/2026/2026-03-01/DSC_2308.NEF,23295,4,Blue,reject,picked,0.9044,0.5668,0.9941,0.5041,0.6675,0.9624,0.0022,0.0225,0.0027,0.0513,0.0002,0.007,0.0324,-0.061,high quality,blurry,0.4232,0.4525,0.4477,0.4442,0.4176,0.4199,0.4457,0.4007,0.4498,0.3964,0.444,0.4107,0.3875,0.5068,v0,bioclip_2_image
48871,/mnt/d/Photos/Z8/180-600mm/2026/2026-03-01/DSC_2309.NEF,23295,4,Blue,reject,picked,0.9021,0.5398,0.9944,0.4826,0.6415,0.965,0.0021,0.0222,0.0016,0.0519,-0.0007,0.0058,0.0332,-0.0615,high quality,blurry,0.4216,0.4509,0.447,0.4416,0.4161,0.4184,0.443,0.3994,0.4493,0.3951,0.4423,0.4102,0.3853,0.5045,v0,bioclip_2_image
48872,/mnt/d/Photos/Z8/180-600mm/2026/2026-03-01/DSC_2310.NEF,23295,4,Blue,reject,picked,0.9111,0.5625,0.9943,0.4851,0.6753,0.9664,0.0023,0.0233,0.0025,0.0516,-0.0006,0.0073,0.0336,-0.0606,a photo with strong subject separation,blurry,0.4217,0.4519,0.4463,0.4427,0.4156,0.4189,0.4473,0.3984,0.4494,0.3946,0.4433,0.4083,0.3854,0.5079,v0,bioclip_2_image
48873,/mnt/d/Photos/Z8/180-600mm/2026/2026-03-01/DSC_2311.NEF,23295,5,Blue,pick,picked,0.8972,0.5404,0.9944,0.4798,0.6673,0.9635,0.0021,0.0217,0.0016,0.0518,-0.0008,0.007,0.0327,-0.0618,high quality,blurry,0.4204,0.4498,0.4461,0.4425,0.4154,0.4171,0.4445,0.3988,0.4482,0.3943,0.4433,0.4084,0.3844,0.5063,v0,bioclip_2_image
48874,/mnt/d/Photos/Z8/180-600mm/2026/2026-03-01/DSC_2312.NEF,23295,5,Blue,reject,picked,0.8943,0.526,0.9945,0.4735,0.6672,0.9647,0.0022,0.0214,0.001,0.052,-0.0011,0.007,0.0331,-0.0613,high quality,blurry,0.42,0.4494,0.4458,0.4423,0.415,0.4172,0.4448,0.3986,0.4484,0.3938,0.4433,0.4081,0.3841,0.5061,v0,bioclip_2_image
48875,/mnt/d/Photos/Z8/180-600mm/2026/2026-03-01/DSC_2313.NEF,23296,5,Blue,reject,picked,0.8955,0.564,0.9942,0.4313,0.6627,0.9586,0.0023,0.0215,0.0026,0.0515,-0.0028,0.0068,0.0314,-0.0606,high quality,blurry,0.4202,0.4501,0.4457,0.4418,0.4146,0.417,0.4444,0.3987,0.4475,0.3941,0.4445,0.4079,0.3856,0.5049,v0,bioclip_2_image
48876,/mnt/d/Photos/Z8/180-600mm/2026/2026-03-01/DSC_2314.NEF,23296,5,Blue,reject,picked,0.8883,0.5659,0.9924,0.4553,0.6462,0.9579,0.0024,0.0207,0.0027,0.0487,-0.0018,0.006,0.0312,-0.0604,high quality,blurry,0.4167,0.4468,0.4408,0.4391,0.4121,0.4133,0.4455,0.3959,0.4441,0.3921,0.4409,0.4061,0.3821,0.5059,v0,bioclip_2_image
48877,/mnt/d/Photos/Z8/180-600mm/2026/2026-03-01/DSC_2315.NEF,23295,4,Blue,reject,picked,0.9119,0.6016,0.9945,0.4743,0.664,0.9718,0.0023,0.0234,0.0041,0.0519,-0.001,0.0068,0.0354,-0.0609,high quality,blurry,0.4183,0.4483,0.4442,0.4386,0.4128,0.4168,0.4423,0.3949,0.4441,0.3922,0.4396,0.406,0.3813,0.5031,v0,bioclip_2_image
48878,/mnt/d/Photos/Z8/180-600mm/2026/2026-03-01/DSC_2316.NEF,23295,4,Blue,reject,picked,0.9125,0.6056,0.9945,0.5047,0.6659,0.9731,0.002,0.0234,0.0043,0.0519,0.0002,0.0069,0.0359,-0.062,high quality,blurry,0.4199,0.45,0.4454,0.4401,0.4145,0.4184,0.4403,0.3965,0.4457,0.3935,0.4399,0.4076,0.3825,0.5023,v0,bioclip_2_image
48879,/mnt/d/Photos/Z8/180-600mm/2026/2026-03-01/DSC_2317.NEF,23295,4,Blue,reject,picked,0.9032,0.5885,0.9943,0.4921,0.646,0.9677,0.0022,0.0223,0.0036,0.0516,-0.0003,0.006,0.034,-0.061,high quality,blurry,0.4217,0.4512,0.4472,0.4417,0.4165,0.4194,0.4425,0.3993,0.4477,0.3956,0.442,0.4105,0.3854,0.5035,v0,bioclip_2_image
48880,/mnt/d/Photos/Z8/180-600mm/2026/2026-03-01/DSC_2318.NEF,23295,4,Blue,reject,picked,0.9003,0.5762,0.9944,0.5191,0.6536,0.962,0.002,0.022,0.0031,0.0517,0.0008,0.0064,0.0323,-0.062,high quality,blurry,0.4213,0.4516,0.4465,0.4434,0.4166,0.4188,0.4432,0.3993,0.4485,0.3948,0.4427,0.4102,0.3864,0.5052,v0,bioclip_2_image
48881,/mnt/d/Photos/Z8/180-600mm/2026/2026-03-01/DSC_2319.NEF,23295,5,Blue,reject,picked,0.909,0.6122,0.9946,0.4924,0.6795,0.9696,0.0022,0.023,0.0046,0.0522,-0.0003,0.0075,0.0346,-0.0612,high quality,blurry,0.4191,0.4506,0.4447,0.4407,0.4147,0.4175,0.4438,0.3961,0.446,0.3925,0.441,0.4072,0.3829,0.505,v0,bioclip_2_image
48882,/mnt/d/Photos/Z8/180-600mm/2026/2026-03-01/DSC_2320.NEF,23295,5,Blue,reject,picked,0.8998,0.5635,0.9941,0.4974,0.689,0.9655,0.0023,0.0219,0.0026,0.0513,-0.0001,0.008,0.0333,-0.0606,high quality,blurry,0.4205,0.4501,0.4459,0.4424,0.4163,0.4176,0.4456,0.3986,0.4475,0.3946,0.4425,0.4084,0.3843,0.5062,v0,bioclip_2_image
48883,/mnt/d/Photos/Z8/180-600mm/2026/2026-03-01/DSC_2321.NEF,23296,5,Blue,reject,picked,0.8981,0.538,0.9942,0.4866,0.6818,0.9627,0.0022,0.0218,0.0015,0.0515,-0.0005,0.0076,0.0325,-0.0612,high quality,blurry,0.4169,0.4474,0.4414,0.4399,0.4123,0.4137,0.4477,0.3952,0.4459,0.3899,0.4404,0.4047,0.3812,0.5089,v0,bioclip_2_image
48884,/mnt/d/Photos/Z8/180-600mm/2026/2026-03-01/DSC_2322.NEF,23296,5,Blue,reject,picked,0.894,0.565,0.9939,0.4841,0.6746,0.9597,0.0021,0.0213,0.0026,0.0509,-0.0006,0.0073,0.0317,-0.0616,high quality,blurry,0.4178,0.4485,0.4427,0.4403,0.4129,0.4143,0.4448,0.3965,0.4459,0.3918,0.4409,0.4056,0.3826,0.5064,v0,bioclip_2_image
48885,/mnt/d/Photos/Z8/180-600mm/2026/2026-03-01/DSC_2323.NEF,23296,5,Blue,reject,picked,0.8882,0.5236,0.9939,0.5185,0.6606,0.9582,0.002,0.0207,0.0009,0.051,0.0007,0.0067,0.0313,-0.0621,high quality,blurry,0.418,0.4486,0.4436,0.4421,0.4137,0.415,0.4471,0.3973,0.4476,0.3926,0.4414,0.407,0.3837,0.5091,v0,bioclip_2_image
48886,/mnt/d/Photos/Z8/180-600mm/2026/2026-03-01/DSC_2324.NEF,23296,5,Blue,reject,picked,0.8807,0.5606,0.9934,0.4403,0.6702,0.9585,0.0023,0.02,0.0024,0.0501,-0.0024,0.0071,0.0314,-0.0608,high quality,blurry,0.4164,0.4473,0.442,0.4389,0.4125,0.4126,0.4455,0.3964,0.4449,0.3919,0.4413,0.4054,0.3812,0.5062,v0,bioclip_2_image
48887,/mnt/d/Photos/Z8/180-600mm/2026/2026-03-01/DSC_2325.NEF,23296,5,Blue,pick,picked,0.8855,0.5452,0.9944,0.4508,0.6968,0.9603,0.0024,0.0205,0.0018,0.0519,-0.002,0.0083,0.0319,-0.0602,high quality,blurry,0.4155,0.4471,0.4422,0.4387,0.4126,0.4115,0.4472,0.3951,0.4453,0.3903,0.4406,0.4042,0.3797,0.5075,v0,bioclip_2_image
48888,/mnt/d/Photos/Z8/180-600mm/2026/2026-03-01/DSC_2326.NEF,23296,5,Blue,pick,picked,0.8896,0.5041,0.9954,0.5002,0.7316,0.9621,0.0025,0.0209,0.0002,0.0538,0.0,0.01,0.0323,-0.06,high quality,blurry,0.4143,0.445,0.4407,0.4374,0.4127,0.4102,0.4491,0.3934,0.4449,0.3869,0.4374,0.4026,0.3779,0.509,v0,bioclip_2_image
48889,/mnt/d/Photos/Z8/180-600mm/2026/2026-03-01/DSC_2327.NEF,23296,5,Blue,pick,picked,0.8927,0.516,0.9949,0.4849,0.7494,0.9643,0.0023,0.0212,0.0006,0.0528,-0.0006,0.011,0.033,-0.0606,high quality,blurry,0.4148,0.4446,0.4407,0.4373,0.4129,0.4109,0.4457,0.3936,0.444,0.3879,0.4379,0.4019,0.378,0.5064,v0,bioclip_2_image
48890,/mnt/d/Photos/Z8/180-600mm/2026/2026-03-01/DSC_2328.NEF,23296,5,Blue,reject,picked,0.8875,0.5306,0.9945,0.4632,0.6942,0.9606,0.0025,0.0207,0.0012,0.052,-0.0015,0.0082,0.0319,-0.0601,high quality,blurry,0.415,0.4447,0.4415,0.4369,0.4123,0.4107,0.446,0.3943,0.4435,0.3894,0.4383,0.4041,0.3787,0.506,v0,bioclip_2_image
48891,/mnt/d/Photos/Z8/180-600mm/2026/2026-03-01/DSC_2329.NEF,23296,4,Blue,reject,picked,0.8997,0.5341,0.9946,0.4573,0.6981,0.9623,0.0021,0.0219,0.0014,0.0522,-0.0017,0.0084,0.0324,-0.0614,high quality,blurry,0.4155,0.4459,0.4419,0.4376,0.4112,0.4119,0.4447,0.3936,0.4445,0.3897,0.4393,0.4028,0.3795,0.5061,v0,bioclip_2_image
48892,/mnt/d/Photos/Z8/180-600mm/2026/2026-03-01/DSC_2330.NEF,23296,4,Blue,reject,picked,0.9015,0.5222,0.9948,0.4549,0.7115,0.961,0.0021,0.0221,0.0009,0.0525,-0.0018,0.009,0.032,-0.0617,high quality,blurry,0.4169,0.4472,0.4426,0.4387,0.4126,0.4126,0.4451,0.3948,0.4463,0.3901,0.4405,0.4036,0.3806,0.5068,v0,bioclip_2_image
48893,/mnt/d/Photos/Z8/180-600mm/2026/2026-03-01/DSC_2331.NEF,23296,4,Blue,reject,picked,0.8936,0.4991,0.9944,0.4733,0.7111,0.9592,0.0021,0.0213,-0.0,0.0519,-0.0011,0.009,0.0316,-0.0616,high quality,blurry,0.4203,0.4494,0.4456,0.4421,0.416,0.4155,0.4469,0.399,0.4494,0.3938,0.4432,0.407,0.384,0.5085,v0,bioclip_2_image
48894,/mnt/d/Photos/Z8/180-600mm/2026/2026-03-01/DSC_2332.NEF,23296,4,Blue,reject,picked,0.8874,0.5072,0.9947,0.4584,0.6977,0.9557,0.0021,0.0206,0.0003,0.0524,-0.0017,0.0084,0.0307,-0.0617,high quality,blurry,0.4184,0.448,0.4454,0.4409,0.4148,0.4132,0.4455,0.3978,0.4477,0.393,0.4425,0.4064,0.3825,0.5072,v0,bioclip_2_image
48895,/mnt/d/Photos/Z8/180-600mm/2026/2026-03-01/DSC_2333.NEF,23296,4,Blue,reject,picked,0.8964,0.506,0.9943,0.4598,0.687,0.9616,0.0021,0.0216,0.0002,0.0517,-0.0016,0.0079,0.0322,-0.0618,high quality,blurry,0.4211,0.4493,0.446,0.4423,0.4149,0.417,0.4449,0.3995,0.4491,0.3943,0.4439,0.4071,0.3848,0.5068,v0,bioclip_2_image
48896,/mnt/d/Photos/Z8/180-600mm/2026/2026-03-01/DSC_2334.NEF,23296,4,Blue,reject,picked,0.8926,0.4893,0.9946,0.4569,0.6994,0.9629,0.002,0.0212,-0.0004,0.0522,-0.0017,0.0084,0.0326,-0.0621,high quality,blurry,0.4192,0.4474,0.4452,0.4404,0.4144,0.4151,0.4451,0.398,0.4479,0.3929,0.4422,0.406,0.3826,0.5072,v0,bioclip_2_image
48897,/mnt/d/Photos/Z8/180-600mm/2026/2026-03-01/DSC_2335.NEF,23296,4,Blue,reject,picked,0.896,0.516,0.994,0.4661,0.6833,0.9634,0.002,0.0215,0.0006,0.051,-0.0014,0.0077,0.0327,-0.062,high quality,blurry,0.4213,0.4495,0.4459,0.4425,0.4152,0.4173,0.4455,0.3998,0.4489,0.3948,0.4439,0.4075,0.3845,0.5075,v0,bioclip_2_image
48898,/mnt/d/Photos/Z8/180-600mm/2026/2026-03-01/DSC_2336.NEF,23296,4,Blue,reject,picked,0.8878,0.5152,0.9938,0.4343,0.672,0.9626,0.0021,0.0207,0.0006,0.0508,-0.0026,0.0072,0.0325,-0.0614,high quality,blurry,0.4188,0.4482,0.4448,0.4403,0.4141,0.4151,0.4451,0.3981,0.4476,0.394,0.443,0.4069,0.3827,0.5065,v0,bioclip_2_image
48899,/mnt/d/Photos/Z8/180-600mm/2026/2026-03-01/DSC_2337.NEF,23295,4,Blue,reject,picked,0.8997,0.5519,0.9943,0.4456,0.6468,0.9655,0.0022,0.0219,0.0021,0.0515,-0.0022,0.006,0.0333,-0.0612,high quality,blurry,0.4206,0.4496,0.4464,0.4409,0.4145,0.4175,0.4427,0.3987,0.4475,0.3949,0.4431,0.4085,0.3842,0.5039,v0,bioclip_2_image
48900,/mnt/d/Photos/Z8/180-600mm/2026/2026-03-01/DSC_2338.NEF,23295,4,Blue,reject,picked,0.9004,0.5939,0.9946,0.4876,0.651,0.964,0.002,0.022,0.0038,0.0522,-0.0005,0.0062,0.0329,-0.0623,high quality,blurry,0.4196,0.4504,0.4463,0.441,0.4144,0.4172,0.442,0.3975,0.4466,0.3941,0.4415,0.4082,0.3843,0.5042,v0,bioclip_2_image
48901,/mnt/d/Photos/Z8/180-600mm/2026/2026-03-01/DSC_2339.NEF,23295,4,Blue,reject,picked,0.8989,0.5627,0.9947,0.4646,0.6401,0.9622,0.0019,0.0219,0.0025,0.0524,-0.0014,0.0058,0.0324,-0.0625,high quality,blurry,0.4206,0.4497,0.4472,0.441,0.415,0.4174,0.4398,0.3987,0.4472,0.3948,0.4424,0.4093,0.385,0.5023,v0,bioclip_2_image
48902,/mnt/d/Photos/Z8/180-600mm/2026/2026-03-01/DSC_2340.NEF,23295,4,Blue,reject,picked,0.8962,0.5779,0.9945,0.4594,0.6259,0.9625,0.0022,0.0216,0.0031,0.052,-0.0016,0.0051,0.0324,-0.0611,high quality,blurry,0.4203,0.4503,0.4469,0.4411,0.4152,0.4174,0.4421,0.3987,0.4471,0.3949,0.4428,0.4101,0.385,0.5031,v0,bioclip_2_image
48903,/mnt/d/Photos/Z8/180-600mm/2026/2026-03-01/DSC_2341.NEF,23295,4,Blue,reject,picked,0.895,0.5806,0.994,0.4343,0.6341,0.9618,0.0022,0.0214,0.0033,0.0511,-0.0026,0.0055,0.0323,-0.0612,high quality,blurry,0.4208,0.4505,0.4469,0.4413,0.4153,0.4178,0.4429,0.3993,0.4473,0.3958,0.4439,0.4098,0.3855,0.5041,v0,bioclip_2_image
48904,/mnt/d/Photos/Z8/180-600mm/2026/2026-03-01/DSC_2342.NEF,23295,4,Blue,reject,picked,0.891,0.5514,0.9947,0.4615,0.6544,0.9625,0.0023,0.021,0.0021,0.0523,-0.0015,0.0064,0.0325,-0.0608,high quality,blurry,0.4207,0.4502,0.4473,0.4421,0.4159,0.4176,0.4428,0.3997,0.4482,0.395,0.4437,0.4095,0.3852,0.5036,v0,bioclip_2_image
48905,/mnt/d/Photos/Z8/180-600mm/2026/2026-03-01/DSC_2343.NEF,23295,4,Blue,reject,picked,0.8964,0.5929,0.9942,0.4317,0.6707,0.9617,0.0022,0.0216,0.0038,0.0515,-0.0027,0.0071,0.0322,-0.0613,a photo with strong subject separation,blurry,0.4194,0.45,0.4457,0.4403,0.4148,0.4161,0.4435,0.3978,0.4462,0.3942,0.4431,0.4077,0.3838,0.5047,v0,bioclip_2_image
48906,/mnt/d/Photos/Z8/180-600mm/2026/2026-03-01/DSC_2344.NEF,23295,4,Blue,reject,picked,0.8932,0.5489,0.9943,0.4503,0.6446,0.9609,0.0023,0.0212,0.002,0.0516,-0.002,0.006,0.032,-0.0607,high quality,blurry,0.4209,0.4505,0.4468,0.442,0.4155,0.4176,0.4435,0.3996,0.4485,0.3952,0.444,0.4096,0.3856,0.5042,v0,bioclip_2_image
48907,/mnt/d/Photos/Z8/180-600mm/2026/2026-03-01/DSC_2345.NEF,23295,4,Blue,reject,picked,0.8934,0.551,0.9944,0.4517,0.6651,0.9585,0.0023,0.0213,0.002,0.0518,-0.0019,0.0069,0.0314,-0.0606,high quality,blurry,0.4203,0.4495,0.4467,0.4417,0.4142,0.4164,0.4444,0.3991,0.4474,0.3949,0.4436,0.4073,0.385,0.505,v0,bioclip_2_image
48908,/mnt/d/Photos/Z8/180-600mm/2026/2026-03-01/DSC_2346.NEF,23295,4,Blue,reject,picked,0.898,0.5675,0.9949,0.4968,0.6449,0.9627,0.0022,0.0217,0.0027,0.0528,-0.0001,0.006,0.0325,-0.061,high quality,blurry,0.4189,0.4495,0.4459,0.4408,0.4131,0.4164,0.4432,0.3972,0.4468,0.3931,0.441,0.4072,0.3838,0.5042,v0,bioclip_2_image
48909,/mnt/d/Photos/Z8/180-600mm/2026/2026-03-01/DSC_2347.NEF,23295,5,Blue,reject,picked,0.8987,0.6079,0.9943,0.4391,0.664,0.964,0.0022,0.0218,0.0044,0.0515,-0.0024,0.0068,0.0329,-0.0613,high quality,blurry,0.4177,0.4492,0.444,0.4391,0.413,0.4155,0.4435,0.3958,0.4448,0.3925,0.4416,0.4061,0.3826,0.5048,v0,bioclip_2_image
48910,/mnt/d/Photos/Z8/180-600mm/2026/2026-03-01/DSC_2348.NEF,23295,5,Blue,reject,picked,0.9007,0.5965,0.9948,0.4627,0.6834,0.9616,0.0023,0.022,0.0039,0.0524,-0.0015,0.0077,0.0322,-0.0609,high quality,blurry,0.4202,0.4508,0.4465,0.4415,0.4153,0.4169,0.4433,0.3982,0.4469,0.394,0.443,0.4076,0.3847,0.5042,v0,bioclip_2_image
48911,/mnt/d/Photos/Z8/180-600mm/2026/2026-03-01/DSC_2349.NEF,23295,5,Blue,pick,picked,0.8956,0.586,0.9945,0.4781,0.6762,0.9595,0.0022,0.0215,0.0035,0.052,-0.0009,0.0074,0.0317,-0.0611,high quality,blurry,0.4207,0.4512,0.4471,0.4428,0.4159,0.4174,0.4433,0.3992,0.4477,0.395,0.4437,0.4085,0.3857,0.5043,v0,bioclip_2_image
48912,/mnt/d/Photos/Z8/180-600mm/2026/2026-03-01/DSC_2350.NEF,23295,5,Blue,reject,picked,0.8978,0.5949,0.9943,0.4286,0.6701,0.9602,0.0021,0.0217,0.0038,0.0515,-0.0029,0.0071,0.0318,-0.0615,high quality,blurry,0.4195,0.4506,0.446,0.4409,0.4143,0.4161,0.4435,0.3977,0.4467,0.3945,0.4438,0.4072,0.3843,0.505,v0,bioclip_2_image
48913,/mnt/d/Photos/Z8/180-600mm/2026/2026-03-01/DSC_2351.NEF,23295,4,Blue,reject,picked,0.8961,0.6035,0.9942,0.4359,0.66,0.9647,0.0023,0.0215,0.0042,0.0514,-0.0026,0.0066,0.0331,-0.0607,high quality,blurry,0.4181,0.4486,0.4442,0.439,0.4125,0.4148,0.4425,0.3965,0.4444,0.3928,0.4416,0.4058,0.3818,0.5032,v0,bioclip_2_image
48914,/mnt/d/Photos/Z8/180-600mm/2026/2026-03-01/DSC_2352.NEF,23297,4,Blue,pick,picked,0.8941,0.4968,0.9945,0.398,0.6679,0.961,0.0014,0.0213,-0.0001,0.0519,-0.0041,0.007,0.032,-0.0659,high quality,blurry,0.4222,0.4481,0.4487,0.4428,0.4157,0.4183,0.4376,0.4008,0.4482,0.3967,0.4469,0.4088,0.3863,0.5035,v0,bioclip_2_image
48915,/mnt/d/Photos/Z8/180-600mm/2026/2026-03-01/DSC_2353.NEF,23297,4,Blue,pick,picked,0.8904,0.4942,0.9946,0.3976,0.6434,0.957,0.0013,0.0209,-0.0002,0.0521,-0.0042,0.0059,0.031,-0.0663,high quality,blurry,0.4206,0.4479,0.4476,0.442,0.4141,0.417,0.4374,0.3997,0.4481,0.3955,0.4461,0.4082,0.386,0.5038,v0,bioclip_2_image
48916,/mnt/d/Photos/Z8/180-600mm/2026/2026-03-01/DSC_2354.NEF,23297,4,Blue,pick,picked,0.8963,0.5092,0.9951,0.4124,0.6146,0.9599,0.0014,0.0216,0.0004,0.0531,-0.0035,0.0047,0.0317,-0.0658,high quality,blurry,0.4201,0.4475,0.4474,0.4414,0.4136,0.4166,0.4377,0.3986,0.4471,0.3943,0.445,0.4089,0.3848,0.5035,v0,bioclip_2_image
48917,/mnt/d/Photos/Z8/180-600mm/2026/2026-03-01/DSC_2355.NEF,23298,4,Blue,pick,picked,0.8837,0.485,0.9938,0.4122,0.6045,0.952,0.0015,0.0203,-0.0006,0.0507,-0.0035,0.0042,0.0299,-0.0649,high quality,blurry,0.4236,0.451,0.4501,0.4448,0.4169,0.4195,0.4413,0.4033,0.4516,0.3994,0.4484,0.4126,0.3896,0.5062,v0,bioclip_2_image
48918,/mnt/d/Photos/Z8/180-600mm/2026/2026-03-01/DSC_2356.NEF,23298,4,Blue,pick,picked,0.869,0.5009,0.9942,0.3908,0.5693,0.9506,0.0014,0.0189,0.0,0.0514,-0.0044,0.0028,0.0296,-0.0654,high quality,blurry,0.4193,0.4475,0.448,0.4406,0.413,0.416,0.4376,0.4003,0.4474,0.3966,0.4451,0.4102,0.3864,0.5029,v0,bioclip_2_image
48919,/mnt/d/Photos/Z8/180-600mm/2026/2026-03-01/DSC_2357.NEF,23298,4,Blue,pick,picked,0.8865,0.5053,0.9948,0.4042,0.5909,0.9545,0.0015,0.0206,0.0002,0.0525,-0.0039,0.0037,0.0304,-0.0648,high quality,blurry,0.4207,0.4487,0.4487,0.4417,0.4143,0.417,0.4393,0.4001,0.4485,0.3962,0.4456,0.4106,0.3866,0.5041,v0,bioclip_2_image
48920,/mnt/d/Photos/Z8/180-600mm/2026/2026-03-01/DSC_2358.NEF,23298,4,Blue,reject,picked,0.8842,0.5055,0.9941,0.4295,0.5826,0.9501,0.0014,0.0203,0.0002,0.0513,-0.0028,0.0033,0.0295,-0.0654,high quality,blurry,0.4221,0.4501,0.449,0.4436,0.4151,0.418,0.4392,0.4018,0.4498,0.3978,0.4464,0.4118,0.3885,0.5046,v0,bioclip_2_image
48921,/mnt/d/Photos/Z8/180-600mm/2026/2026-03-01/DSC_2359.NEF,23298,4,Blue,reject,picked,0.8908,0.502,0.9945,0.3958,0.6279,0.9521,0.0015,0.021,0.0001,0.052,-0.0042,0.0052,0.0299,-0.065,high quality,blurry,0.4222,0.4504,0.4497,0.443,0.4154,0.4183,0.4393,0.4013,0.4503,0.3977,0.4473,0.4102,0.3884,0.5043,v0,bioclip_2_image
48922,/mnt/d/Photos/Z8/180-600mm/2026/2026-03-01/DSC_2360.NEF,23298,4,Blue,reject,picked,0.8926,0.5095,0.9947,0.3978,0.6361,0.9546,0.0016,0.0212,0.0004,0.0523,-0.0041,0.0056,0.0305,-0.0641,high quality,blurry,0.4218,0.45,0.4487,0.4428,0.4153,0.4178,0.4408,0.4006,0.4496,0.3964,0.447,0.4097,0.3873,0.5049,v0,bioclip_2_image
48923,/mnt/d/Photos/Z8/180-600mm/2026/2026-03-01/DSC_2361.NEF,23298,4,Blue,reject,picked,0.8924,0.4998,0.9949,0.4151,0.6258,0.954,0.0016,0.0212,-0.0,0.0528,-0.0034,0.0051,0.0303,-0.0645,high quality,blurry,0.4215,0.4499,0.449,0.4429,0.4146,0.4177,0.4389,0.4004,0.4499,0.3962,0.4463,0.4095,0.3874,0.5035,v0,bioclip_2_image
48924,/mnt/d/Photos/Z8/180-600mm/2026/2026-03-01/DSC_2362.NEF,23298,4,Blue,reject,picked,0.8869,0.5199,0.9945,0.3821,0.6328,0.948,0.0018,0.0206,0.0008,0.052,-0.0048,0.0054,0.029,-0.0634,high quality,blurry,0.4233,0.4522,0.4503,0.4438,0.4162,0.4184,0.4421,0.4027,0.4514,0.3983,0.4486,0.4108,0.3893,0.5056,v0,bioclip_2_image
48925,/mnt/d/Photos/Z8/180-600mm/2026/2026-03-01/DSC_2363.NEF,23298,4,Blue,reject,picked,0.882,0.4962,0.9945,0.3916,0.6356,0.9516,0.0016,0.0201,-0.0002,0.052,-0.0044,0.0056,0.0298,-0.0641,high quality,blurry,0.4223,0.4507,0.4501,0.4429,0.4159,0.4183,0.4397,0.4022,0.4508,0.3981,0.4473,0.4103,0.3885,0.5038,v0,bioclip_2_image
48926,/mnt/d/Photos/Z8/180-600mm/2026/2026-03-01/DSC_2364.NEF,23298,4,Blue,reject,picked,0.8861,0.5061,0.9947,0.4079,0.6259,0.9538,0.0016,0.0205,0.0002,0.0524,-0.0037,0.0051,0.0303,-0.0646,high quality,blurry,0.4217,0.4502,0.4494,0.4421,0.4153,0.4181,0.4376,0.4012,0.45,0.397,0.4458,0.4101,0.3878,0.5022,v0,bioclip_2_image
48927,/mnt/d/Photos/Z8/180-600mm/2026/2026-03-01/DSC_2365.NEF,23298,4,Blue,reject,picked,0.8895,0.5066,0.9949,0.4047,0.6441,0.9559,0.0015,0.0209,0.0003,0.0527,-0.0039,0.0059,0.0308,-0.065,high quality,blurry,0.4224,0.4505,0.45,0.4422,0.4163,0.4186,0.4382,0.4016,0.4503,0.3973,0.4461,0.4104,0.3878,0.5032,v0,bioclip_2_image
48928,/mnt/d/Photos/Z8/180-600mm/2026/2026-03-01/DSC_2366.NEF,23298,4,Blue,reject,picked,0.8831,0.5165,0.9948,0.3941,0.6154,0.9515,0.0016,0.0202,0.0007,0.0525,-0.0043,0.0047,0.0298,-0.0642,high quality,blurry,0.4202,0.45,0.4482,0.4407,0.4143,0.4162,0.4391,0.4,0.4493,0.3956,0.445,0.4096,0.3864,0.5032,v0,bioclip_2_image
48929,/mnt/d/Photos/Z8/180-600mm/2026/2026-03-01/DSC_2367.NEF,23298,4,Blue,reject,picked,0.8862,0.4816,0.9952,0.4164,0.6191,0.9586,0.0014,0.0205,-0.0007,0.0534,-0.0034,0.0049,0.0314,-0.0656,high quality,blurry,0.4211,0.4492,0.4493,0.4417,0.4147,0.4179,0.4372,0.4005,0.45,0.3959,0.4451,0.4098,0.3865,0.5029,v0,bioclip_2_image
48930,/mnt/d/Photos/Z8/180-600mm/2026/2026-03-01/DSC_2368.NEF,23298,4,Blue,reject,picked,0.8864,0.4718,0.9951,0.395,0.6223,0.9572,0.0013,0.0205,-0.0011,0.0532,-0.0043,0.005,0.0311,-0.0664,high quality,blurry,0.4222,0.4499,0.4501,0.4427,0.4158,0.4191,0.4377,0.4016,0.4511,0.3968,0.4469,0.4108,0.388,0.5041,v0,bioclip_2_image
48931,/mnt/d/Photos/Z8/180-600mm/2026/2026-03-01/DSC_2369.NEF,23298,4,Blue,reject,picked,0.8874,0.5186,0.9951,0.4265,0.6251,0.9544,0.0013,0.0206,0.0007,0.0531,-0.003,0.0051,0.0304,-0.0662,high quality,blurry,0.4213,0.4508,0.4489,0.4425,0.4154,0.4178,0.4381,0.4006,0.45,0.3958,0.4455,0.4103,0.3874,0.5043,v0,bioclip_2_image
48932,/mnt/d/Photos/Z8/180-600mm/2026/2026-03-01/DSC_2370.NEF,23299,4,Blue,reject,picked,0.9239,0.5976,0.9957,0.4073,0.6426,0.9696,0.0017,0.025,0.004,0.0545,-0.0037,0.0059,0.0346,-0.0638,high quality,a photo with no clear subject,0.421,0.4498,0.4479,0.4367,0.4135,0.4184,0.4419,0.396,0.4458,0.3934,0.4404,0.4076,0.3838,0.5058,v0,bioclip_2_image
48933,/mnt/d/Photos/Z8/180-600mm/2026/2026-03-01/DSC_2371.NEF,23299,4,Blue,reject,picked,0.9178,0.5588,0.9954,0.4603,0.606,0.9688,0.0015,0.0241,0.0024,0.0537,-0.0016,0.0043,0.0344,-0.0651,high quality,blurry,0.42,0.4484,0.4466,0.4375,0.4121,0.4179,0.4397,0.3958,0.446,0.3929,0.4391,0.4078,0.3836,0.5048,v0,bioclip_2_image
48934,/mnt/d/Photos/Z8/180-600mm/2026/2026-03-01/DSC_2372.NEF,23299,4,Blue,reject,picked,0.9192,0.5731,0.9957,0.4229,0.6373,0.9675,0.0015,0.0243,0.0029,0.0545,-0.0031,0.0056,0.0339,-0.0648,high quality,blurry,0.4216,0.4514,0.449,0.4391,0.4148,0.4191,0.4421,0.3973,0.4485,0.3945,0.4422,0.4091,0.3851,0.5069,v0,bioclip_2_image
48935,/mnt/d/Photos/Z8/180-600mm/2026/2026-03-01/DSC_2373.NEF,23299,4,Blue,reject,picked,0.9275,0.5959,0.996,0.4154,0.6608,0.9708,0.0016,0.0255,0.0039,0.0551,-0.0034,0.0067,0.035,-0.0644,high quality,blurry,0.4203,0.4496,0.447,0.4369,0.4129,0.4177,0.4418,0.3948,0.4457,0.3919,0.4403,0.4063,0.3827,0.5062,v0,bioclip_2_image
48936,/mnt/d/Photos/Z8/180-600mm/2026/2026-03-01/DSC_2374.NEF,23299,4,Blue,pick,picked,0.9152,0.5377,0.9953,0.3895,0.6802,0.9696,0.0014,0.0238,0.0015,0.0535,-0.0045,0.0075,0.0346,-0.0654,high quality,blurry,0.4217,0.4497,0.4485,0.4391,0.4148,0.4187,0.4411,0.3979,0.4482,0.3951,0.4436,0.4072,0.3841,0.5065,v0,bioclip_2_image
48937,/mnt/d/Photos/Z8/180-600mm/2026/2026-03-01/DSC_2375.NEF,23299,4,Blue,pick,picked,0.918,0.6006,0.9951,0.4097,0.6605,0.9729,0.0018,0.0242,0.0041,0.0531,-0.0037,0.0067,0.0358,-0.063,high quality,blurry,0.4178,0.4475,0.4443,0.4354,0.4113,0.4158,0.4412,0.3937,0.4434,0.3912,0.4391,0.4046,0.3799,0.5041,v0,bioclip_2_image
48938,/mnt/d/Photos/Z8/180-600mm/2026/2026-03-01/DSC_2376.NEF,23299,4,Blue,reject,picked,0.9098,0.5976,0.9948,0.4229,0.6382,0.9663,0.0016,0.0231,0.004,0.0526,-0.0031,0.0057,0.0335,-0.0644,high quality,blurry,0.4184,0.4479,0.4453,0.4368,0.4118,0.415,0.4386,0.3953,0.444,0.3927,0.4399,0.4061,0.3815,0.503,v0,bioclip_2_image
48939,/mnt/d/Photos/Z8/180-600mm/2026/2026-03-01/DSC_2377.NEF,23299,3,Green,reject,neutral,0.8993,0.5962,0.9932,0.3937,0.6029,0.956,0.0013,0.0219,0.0039,0.0498,-0.0043,0.0042,0.0308,-0.0661,high quality,blurry,0.4216,0.4496,0.4474,0.4395,0.4145,0.4177,0.4402,0.3997,0.4457,0.3976,0.4438,0.4103,0.3869,0.5064,v0,bioclip_2_image
48940,/mnt/d/Photos/Z8/180-600mm/2026/2026-03-01/DSC_2378.NEF,23299,4,Green,pick,picked,0.8947,0.5745,0.9938,0.3798,0.562,0.9621,0.0015,0.0214,0.003,0.0508,-0.0049,0.0025,0.0323,-0.0653,high quality,blurry,0.4199,0.4488,0.4472,0.4377,0.4123,0.4171,0.4404,0.3986,0.4458,0.3965,0.4426,0.4098,0.3848,0.5057,v0,bioclip_2_image
48941,/mnt/d/Photos/Z8/180-600mm/2026/2026-03-01/DSC_2379.NEF,23299,3,Green,pick,neutral,0.8975,0.5792,0.9938,0.4229,0.5761,0.9608,0.0015,0.0217,0.0032,0.0507,-0.0031,0.0031,0.032,-0.0652,high quality,blurry,0.4209,0.4497,0.448,0.4396,0.4129,0.4179,0.4409,0.3992,0.4465,0.3973,0.4427,0.4099,0.386,0.5061,v0,bioclip_2_image
48942,/mnt/d/Photos/Z8/180-600mm/2026/2026-03-01/DSC_2380.NEF,23299,3,Green,pick,neutral,0.9073,0.5578,0.9945,0.4034,0.6081,0.9629,0.0014,0.0228,0.0023,0.0519,-0.0039,0.0044,0.0326,-0.0658,high quality,blurry,0.4231,0.451,0.4496,0.4409,0.4154,0.42,0.4421,0.4003,0.4487,0.3977,0.4449,0.411,0.3875,0.508,v0,bioclip_2_image
48943,/mnt/d/Photos/Z8/180-600mm/2026/2026-03-01/DSC_2381.NEF,23299,4,Blue,reject,picked,0.9,0.5699,0.9938,0.4431,0.5957,0.963,0.0014,0.022,0.0028,0.0508,-0.0023,0.0039,0.0326,-0.0657,high quality,blurry,0.4194,0.4485,0.4454,0.4386,0.4126,0.4163,0.4385,0.3974,0.4457,0.3946,0.4408,0.4088,0.3837,0.5042,v0,bioclip_2_image
48944,/mnt/d/Photos/Z8/180-600mm/2026/2026-03-01/DSC_2382.NEF,23299,4,Blue,reject,picked,0.895,0.5513,0.9938,0.413,0.6112,0.9622,0.0016,0.0214,0.0021,0.0507,-0.0035,0.0045,0.0324,-0.0641,high quality,blurry,0.4184,0.448,0.4455,0.4378,0.4124,0.4154,0.4415,0.3969,0.446,0.3948,0.4413,0.4078,0.3831,0.5056,v0,bioclip_2_image
48945,/mnt/d/Photos/Z8/180-600mm/2026/2026-03-01/DSC_2383.NEF,23299,4,Blue,reject,picked,0.8972,0.5763,0.9942,0.4271,0.6204,0.9621,0.0016,0.0217,0.0031,0.0515,-0.0029,0.0049,0.0323,-0.0644,high quality,blurry,0.4192,0.4475,0.4457,0.4374,0.4123,0.4152,0.439,0.3975,0.4445,0.3942,0.4404,0.4074,0.3828,0.5033,v0,bioclip_2_image
48946,/mnt/d/Photos/Z8/180-600mm/2026/2026-03-01/DSC_2384.NEF,23299,4,Blue,reject,picked,0.9082,0.5673,0.9948,0.4412,0.6617,0.9665,0.0015,0.0229,0.0027,0.0524,-0.0024,0.0067,0.0336,-0.0649,high quality,blurry,0.4202,0.4481,0.4461,0.4395,0.4137,0.4161,0.4416,0.3973,0.4454,0.3937,0.4419,0.407,0.3825,0.5066,v0,bioclip_2_image
48947,/mnt/d/Photos/Z8/180-600mm/2026/2026-03-01/DSC_2385.NEF,23299,4,Blue,reject,picked,0.9096,0.5713,0.9949,0.4194,0.6762,0.9672,0.0016,0.0231,0.0029,0.0527,-0.0033,0.0074,0.0339,-0.0643,high quality,blurry,0.4206,0.4486,0.447,0.4395,0.414,0.4167,0.4421,0.3975,0.4458,0.3943,0.4428,0.4066,0.3828,0.5064,v0,bioclip_2_image
48948,/mnt/d/Photos/Z8/180-600mm/2026/2026-03-01/DSC_2386.NEF,23299,4,Blue,pick,picked,0.9071,0.603,0.9946,0.4092,0.6475,0.9702,0.0016,0.0228,0.0042,0.0521,-0.0037,0.0061,0.0348,-0.0645,high quality,blurry,0.4182,0.4474,0.4452,0.437,0.4119,0.4154,0.4408,0.3954,0.4432,0.3932,0.4406,0.4058,0.3806,0.5052,v0,bioclip_2_image
48949,/mnt/d/Photos/Z8/180-600mm/2026/2026-03-01/DSC_2387.NEF,,4,Blue,neutral,picked,0.928,0.6567,0.9958,0.4503,0.658,0.9607,0.0013,0.0256,0.0065,0.0546,-0.002,0.0065,0.032,-0.0663,high quality,blurry,0.4211,0.449,0.4464,0.4441,0.4108,0.4165,0.4484,0.3955,0.4425,0.3918,0.4461,0.4042,0.3845,0.5147,v0,bioclip_2_image
48950,/mnt/d/Photos/Z8/180-600mm/2026/2026-03-01/DSC_2388.NEF,,3,Blue,neutral,neutral,0.9227,0.6125,0.994,0.4813,0.6639,0.9528,0.001,0.0248,0.0046,0.0511,-0.0007,0.0068,0.0301,-0.0692,high quality,blurry,0.4283,0.4551,0.4515,0.4505,0.418,0.4207,0.4434,0.4035,0.4505,0.4004,0.4512,0.4112,0.3907,0.5125,v0,bioclip_2_image
48951,/mnt/d/Photos/Z8/180-600mm/2026/2026-03-01/DSC_2389.NEF,23300,4,Blue,reject,picked,0.922,0.638,0.995,0.4828,0.6535,0.9713,0.0015,0.0247,0.0057,0.0529,-0.0007,0.0063,0.0352,-0.0651,high quality,blurry,0.4173,0.4493,0.4435,0.437,0.4104,0.4146,0.4385,0.3926,0.4437,0.3906,0.4377,0.404,0.3794,0.5036,v0,bioclip_2_image
48952,/mnt/d/Photos/Z8/180-600mm/2026/2026-03-01/DSC_2390.NEF,23300,4,Blue,pick,picked,0.9042,0.6053,0.9945,0.4546,0.6117,0.9673,0.0015,0.0224,0.0043,0.052,-0.0018,0.0045,0.0339,-0.0651,high quality,blurry,0.4186,0.4495,0.4449,0.4378,0.4128,0.416,0.4359,0.3962,0.4453,0.3929,0.4396,0.4083,0.3821,0.501,v0,bioclip_2_image
48953,/mnt/d/Photos/Z8/180-600mm/2026/2026-03-01/DSC_2391.NEF,23300,4,Blue,pick,picked,0.9092,0.6448,0.994,0.4693,0.6751,0.9681,0.0015,0.023,0.006,0.0511,-0.0012,0.0073,0.0341,-0.0652,high quality,blurry,0.4191,0.4506,0.4446,0.4386,0.4132,0.4167,0.4381,0.3961,0.4446,0.3935,0.4398,0.4059,0.3826,0.5033,v0,bioclip_2_image
48954,/mnt/d/Photos/Z8/180-600mm/2026/2026-03-01/DSC_2392.NEF,23300,4,Blue,pick,picked,0.9069,0.6022,0.9947,0.4449,0.6472,0.9642,0.0014,0.0228,0.0041,0.0524,-0.0022,0.0061,0.0329,-0.0656,high quality,blurry,0.42,0.4508,0.4468,0.4392,0.4135,0.4172,0.4367,0.3972,0.4467,0.3944,0.4414,0.4074,0.3843,0.5024,v0,bioclip_2_image
48955,/mnt/d/Photos/Z8/180-600mm/2026/2026-03-01/DSC_2393.NEF,23300,4,Blue,reject,picked,0.9015,0.5895,0.9949,0.424,0.6583,0.9654,0.0014,0.0221,0.0036,0.0527,-0.0031,0.0066,0.0333,-0.0656,high quality,blurry,0.418,0.4497,0.4456,0.4382,0.4122,0.4153,0.4379,0.3958,0.4461,0.3929,0.4413,0.4056,0.382,0.5035,v0,bioclip_2_image
48956,/mnt/d/Photos/Z8/180-600mm/2026/2026-03-01/DSC_2394.NEF,23300,4,Blue,reject,picked,0.9052,0.5765,0.9949,0.4493,0.6578,0.9679,0.0015,0.0226,0.0031,0.0527,-0.002,0.0065,0.0341,-0.0651,high quality,blurry,0.421,0.4516,0.4472,0.4401,0.4146,0.4181,0.4384,0.3984,0.4485,0.3945,0.4421,0.4081,0.384,0.5035,v0,bioclip_2_image
48957,/mnt/d/Photos/Z8/180-600mm/2026/2026-03-01/DSC_2395.NEF,23300,4,Blue,reject,picked,0.9043,0.5891,0.9949,0.4495,0.6505,0.9682,0.0015,0.0225,0.0036,0.0527,-0.002,0.0062,0.0342,-0.0652,high quality,blurry,0.4206,0.4519,0.4477,0.44,0.4145,0.418,0.4378,0.3981,0.4483,0.395,0.442,0.4082,0.3839,0.5031,v0,bioclip_2_image
48958,/mnt/d/Photos/Z8/180-600mm/2026/2026-03-01/DSC_2396.NEF,23300,4,Blue,reject,picked,0.8971,0.5639,0.9945,0.4325,0.627,0.9653,0.0014,0.0217,0.0026,0.052,-0.0027,0.0052,0.0333,-0.0655,high quality,blurry,0.42,0.4507,0.4469,0.4391,0.4143,0.4176,0.4387,0.3983,0.4482,0.3948,0.4418,0.4092,0.3843,0.5042,v0,bioclip_2_image
48959,/mnt/d/Photos/Z8/180-600mm/2026/2026-03-01/DSC_2397.NEF,23300,3,Blue,reject,neutral,0.8984,0.5828,0.9943,0.4503,0.6442,0.9653,0.0013,0.0218,0.0033,0.0516,-0.002,0.0059,0.0332,-0.0663,high quality,blurry,0.4195,0.4506,0.4461,0.439,0.414,0.4174,0.437,0.3977,0.4473,0.3945,0.441,0.4081,0.3842,0.5032,v0,bioclip_2_image
48960,/mnt/d/Photos/Z8/180-600mm/2026/2026-03-01/DSC_2398.NEF,23300,4,Blue,reject,picked,0.8981,0.5861,0.9941,0.4467,0.6386,0.9671,0.0013,0.0218,0.0035,0.0513,-0.0021,0.0057,0.0338,-0.0663,high quality,blurry,0.4189,0.45,0.445,0.4381,0.4134,0.417,0.4359,0.3971,0.4465,0.3938,0.4402,0.4077,0.3832,0.5022,v0,bioclip_2_image
48961,/mnt/d/Photos/Z8/180-600mm/2026/2026-03-01/DSC_2399.NEF,23300,3,Green,reject,neutral,0.8991,0.5588,0.9945,0.4449,0.6322,0.9683,0.0013,0.0219,0.0024,0.052,-0.0022,0.0054,0.0342,-0.0665,high quality,blurry,0.4212,0.4507,0.4485,0.4399,0.415,0.4192,0.436,0.3993,0.4484,0.3965,0.4421,0.4096,0.385,0.5025,v0,bioclip_2_image
48962,/mnt/d/Photos/Z8/180-600mm/2026/2026-03-01/DSC_2400.NEF,23301,4,Blue,neutral,picked,0.8685,0.3749,0.994,0.2714,0.5187,0.9509,0.0013,0.0189,-0.0051,0.051,-0.0099,0.0007,0.0296,-0.0668,a photo with strong subject separation,blurry,0.4032,0.4335,0.424,0.4257,0.3968,0.4061,0.4494,0.3844,0.4386,0.3729,0.4356,0.3961,0.3765,0.5163,v0,bioclip_2_image
48963,/mnt/d/Photos/Z8/180-600mm/2026/2026-03-01/DSC_2401.NEF,23301,3,Green,pick,neutral,0.9172,0.2353,0.9937,0.2317,0.659,0.9412,0.0009,0.024,-0.0118,0.0507,-0.012,0.0066,0.0277,-0.0696,a photo with strong subject separation,blurry,0.4166,0.4392,0.4348,0.4281,0.4053,0.4144,0.4767,0.3926,0.451,0.3841,0.4401,0.3987,0.3867,0.5463,v0,bioclip_2_image
48964,/mnt/d/Photos/Z8/180-600mm/2026/2026-03-01/DSC_2402.NEF,23301,3,Blue,pick,neutral,0.933,0.0735,0.9959,0.1091,0.4995,0.9218,0.0004,0.0263,-0.0253,0.0549,-0.021,-0.0,0.0247,-0.0786,a photo with strong subject separation,blurry,0.4244,0.4326,0.4422,0.4325,0.4061,0.421,0.4675,0.398,0.458,0.3873,0.4535,0.4061,0.3963,0.5461,v0,bioclip_2_image
48965,/mnt/d/Photos/Z8/180-600mm/2026/2026-03-01/DSC_2403.NEF,23301,4,Blue,neutral,picked,0.8805,0.0809,0.9969,0.2102,0.3689,0.9128,0.0011,0.02,-0.0243,0.0576,-0.0132,-0.0054,0.0235,-0.0678,a photo with strong subject separation,blurry,0.4268,0.4428,0.444,0.4411,0.4107,0.4189,0.4838,0.4068,0.4671,0.3864,0.4544,0.4161,0.3954,0.5516,v0,bioclip_2_image
48966,/mnt/d/Photos/Z8/180-600mm/2026/2026-03-01/DSC_2404.NEF,23302,3,Green,pick,neutral,0.7623,0.072,0.9994,0.1207,0.4821,0.8749,0.0003,0.0117,-0.0256,0.0742,-0.0199,-0.0007,0.0195,-0.0814,high quality,noisy,0.4123,0.4321,0.4486,0.4311,0.3989,0.4045,0.4715,0.4007,0.4577,0.3744,0.451,0.3996,0.385,0.5529,v0,bioclip_2_image
48967,/mnt/d/Photos/Z8/180-600mm/2026/2026-03-01/DSC_2405.NEF,23302,3,Green,pick,neutral,0.8698,0.1232,0.9997,0.2517,0.6048,0.9175,0.0008,0.019,-0.0196,0.0819,-0.0109,0.0043,0.0241,-0.0714,high quality,blurry,0.4196,0.4461,0.4541,0.4456,0.4057,0.4118,0.4899,0.4006,0.4657,0.3722,0.4565,0.4014,0.3877,0.5614,v0,bioclip_2_image
48968,/mnt/d/Photos/Z8/180-600mm/2026/2026-03-01/DSC_2406.NEF,23302,3,Green,pick,neutral,0.8868,0.1247,0.9991,0.1942,0.414,0.936,0.0004,0.0206,-0.0195,0.0702,-0.0142,-0.0035,0.0268,-0.0796,high quality,blurry,0.4209,0.4442,0.4451,0.4456,0.3983,0.4122,0.4743,0.4004,0.4636,0.3748,0.4598,0.4017,0.3853,0.5539,v0,bioclip_2_image
48969,/mnt/d/Photos/Z8/180-600mm/2026/2026-03-01/DSC_2407.NEF,,3,Blue,neutral,neutral,0.8654,0.1133,0.9994,0.2982,0.3292,0.9634,0.0008,0.0186,-0.0206,0.0736,-0.0086,-0.0071,0.0327,-0.0716,a photo with strong subject separation,blurry,0.4294,0.4489,0.457,0.4492,0.4128,0.4278,0.4823,0.4108,0.4694,0.3833,0.4577,0.4199,0.3951,0.5539,v0,bioclip_2_image
48970,/mnt/d/Photos/Z8/180-600mm/2026/2026-03-01/DSC_2408.NEF,23302,3,Green,neutral,neutral,0.9148,0.1628,0.9989,0.5488,0.6456,0.9845,0.0003,0.0237,-0.0164,0.0679,0.002,0.006,0.0415,-0.0816,a photo with a clear subject,blurry,0.432,0.4596,0.4648,0.4553,0.418,0.4198,0.4619,0.4083,0.4759,0.3969,0.4533,0.412,0.3783,0.5435,v0,bioclip_2_image
48971,/mnt/d/Photos/Z8/180-600mm/2026/2026-03-01/DSC_2409.NEF,23303,3,Blue,reject,neutral,0.9233,0.5814,0.995,0.1821,0.5863,0.9716,0.0016,0.0249,0.0033,0.0528,-0.015,0.0035,0.0353,-0.0643,a photo with strong subject separation,blurry,0.3984,0.4329,0.4177,0.4177,0.3909,0.3974,0.4438,0.3735,0.4296,0.3649,0.4327,0.3874,0.3621,0.5081,v0,bioclip_2_image
48972,/mnt/d/Photos/Z8/180-600mm/2026/2026-03-01/DSC_2410.NEF,23303,4,Blue,reject,picked,0.9323,0.5199,0.9943,0.1517,0.3508,0.9661,0.0034,0.0262,0.0008,0.0517,-0.0172,-0.0062,0.0335,-0.0569,high quality,blurry,0.4115,0.4409,0.4258,0.4282,0.3912,0.4076,0.4625,0.3852,0.4401,0.3741,0.4454,0.3973,0.3741,0.5194,v0,bioclip_2_image
48973,/mnt/d/Photos/Z8/180-600mm/2026/2026-03-01/DSC_2411.NEF,23303,4,Blue,reject,picked,0.9288,0.6935,0.9921,0.1323,0.5403,0.9638,0.003,0.0257,0.0082,0.0483,-0.0188,0.0016,0.0328,-0.058,a photo with strong subject separation,blurry,0.3934,0.4291,0.4054,0.408,0.3875,0.3913,0.4574,0.3678,0.421,0.357,0.4268,0.3859,0.3585,0.5154,v0,bioclip_2_image
48974,/mnt/d/Photos/Z8/180-600mm/2026/2026-03-01/DSC_2412.NEF,23303,3,Blue,reject,neutral,0.9392,0.7668,0.9939,0.1491,0.5548,0.9788,0.0032,0.0274,0.0119,0.051,-0.0174,0.0022,0.0383,-0.0576,a photo with strong subject separation,blurry,0.3979,0.435,0.409,0.412,0.3894,0.3959,0.4593,0.3705,0.4231,0.358,0.4294,0.3872,0.3576,0.5168,v0,bioclip_2_image
48975,/mnt/d/Photos/Z8/180-600mm/2026/2026-03-01/DSC_2413.NEF,23303,3,Blue,reject,neutral,0.9369,0.8359,0.9969,0.1807,0.5131,0.9782,0.0034,0.027,0.0163,0.0576,-0.0151,0.0005,0.0381,-0.0569,a photo with strong subject separation,blurry,0.3868,0.4292,0.4025,0.3999,0.3847,0.3865,0.4518,0.3598,0.413,0.3449,0.415,0.3841,0.3485,0.5086,v0,bioclip_2_image
48976,/mnt/d/Photos/Z8/180-600mm/2026/2026-03-01/DSC_2414.NEF,23303,4,Blue,pick,picked,0.9303,0.6786,0.995,0.179,0.5507,0.9342,0.0037,0.0259,0.0075,0.0529,-0.0152,0.002,0.0265,-0.0559,a photo with strong subject separation,blurry,0.4079,0.444,0.4223,0.4237,0.3996,0.4022,0.4654,0.3819,0.4366,0.3694,0.4389,0.3976,0.3757,0.5213,v0,bioclip_2_image
48977,/mnt/d/Photos/Z8/180-600mm/2026/2026-03-01/DSC_2415.NEF,23303,4,Blue,pick,picked,0.9176,0.6569,0.9958,0.1389,0.4717,0.9351,0.0029,0.0241,0.0065,0.0547,-0.0182,-0.0011,0.0267,-0.0586,a photo with strong subject separation,blurry,0.4053,0.4405,0.4234,0.4187,0.3963,0.4003,0.4586,0.3812,0.434,0.3687,0.4369,0.3974,0.3736,0.5172,v0,bioclip_2_image
48978,/mnt/d/Photos/Z8/180-600mm/2026/2026-03-01/DSC_2416.NEF,23303,3,Blue,reject,neutral,0.9298,0.7063,0.9894,0.2089,0.4694,0.96,0.0027,0.0258,0.0088,0.0453,-0.0133,-0.0012,0.0318,-0.0592,a photo with strong subject separation,blurry,0.4103,0.4444,0.4187,0.424,0.3967,0.4032,0.4636,0.3845,0.4356,0.3734,0.4373,0.3979,0.3715,0.5228,v0,bioclip_2_image
48979,/mnt/d/Photos/Z8/180-600mm/2026/2026-03-01/DSC_2417.NEF,23303,3,Blue,reject,neutral,0.9298,0.6135,0.9959,0.178,0.4533,0.9336,0.0032,0.0258,0.0046,0.0549,-0.0153,-0.0019,0.0264,-0.0573,high quality,blurry,0.4107,0.4459,0.4237,0.431,0.3966,0.4027,0.4639,0.3848,0.4412,0.3688,0.4463,0.3985,0.3763,0.5211,v0,bioclip_2_image
48980,/mnt/d/Photos/Z8/180-600mm/2026/2026-03-01/DSC_2418.NEF,23303,3,Blue,reject,neutral,0.8974,0.6062,0.9934,0.1304,0.4895,0.9518,0.0031,0.0217,0.0043,0.0501,-0.019,-0.0004,0.0298,-0.0576,a photo with strong subject separation,blurry,0.3976,0.4351,0.4142,0.4166,0.3893,0.3937,0.4512,0.3759,0.4308,0.364,0.4356,0.3897,0.3639,0.5088,v0,bioclip_2_image
48981,/mnt/d/Photos/Z8/180-600mm/2026/2026-03-01/DSC_2419.NEF,23303,3,Blue,reject,neutral,0.8976,0.573,0.9922,0.2024,0.5615,0.9658,0.0025,0.0217,0.0029,0.0485,-0.0137,0.0025,0.0334,-0.0601,a photo with strong subject separation,blurry,0.3909,0.4251,0.4047,0.4043,0.386,0.3909,0.4418,0.3692,0.4222,0.3562,0.418,0.3835,0.3575,0.5019,v0,bioclip_2_image
48982,/mnt/d/Photos/Z8/180-600mm/2026/2026-03-01/DSC_2420.NEF,23303,4,Blue,pick,picked,0.9104,0.4818,0.9909,0.1372,0.5587,0.9645,0.0028,0.0232,-0.0007,0.0469,-0.0184,0.0024,0.033,-0.0586,a photo with strong subject separation,blurry,0.3978,0.43,0.414,0.4119,0.3909,0.3976,0.4473,0.3746,0.4307,0.3671,0.4303,0.3885,0.3646,0.5059,v0,bioclip_2_image
48983,/mnt/d/Photos/Z8/180-600mm/2026/2026-03-01/DSC_2421.NEF,23303,3,Blue,reject,neutral,0.8772,0.4674,0.9912,0.1619,0.4004,0.9536,0.0016,0.0197,-0.0013,0.0472,-0.0164,-0.004,0.0302,-0.0646,high quality,blurry,0.4038,0.4318,0.4203,0.4178,0.3909,0.4018,0.4389,0.3841,0.4331,0.373,0.4343,0.3949,0.3715,0.5035,v0,bioclip_2_image
48984,/mnt/d/Photos/Z8/180-600mm/2026/2026-03-01/DSC_2422.NEF,23303,3,Blue,reject,neutral,0.9171,0.55,0.9929,0.2176,0.4044,0.9636,0.0027,0.024,0.002,0.0494,-0.0128,-0.0039,0.0328,-0.0593,high quality,blurry,0.3967,0.4294,0.4107,0.4107,0.3845,0.3961,0.4463,0.3727,0.4274,0.3613,0.4235,0.3884,0.3633,0.5056,v0,bioclip_2_image
48985,/mnt/d/Photos/Z8/180-600mm/2026/2026-03-01/DSC_2423.NEF,23303,3,Blue,pick,neutral,0.943,0.5344,0.9976,0.1881,0.453,0.9464,0.0029,0.0281,0.0014,0.0603,-0.0146,-0.0019,0.0287,-0.0584,high quality,blurry,0.3943,0.4256,0.4167,0.4111,0.3811,0.3884,0.4499,0.3662,0.4243,0.3564,0.4257,0.383,0.3597,0.5083,v0,bioclip_2_image
48986,/mnt/d/Photos/Z8/180-600mm/2026/2026-03-01/DSC_2424.NEF,23303,3,Blue,pick,neutral,0.9402,0.3265,0.9983,0.116,0.4065,0.9331,0.0015,0.0276,-0.0072,0.0635,-0.0203,-0.0038,0.0263,-0.0651,high quality,blurry,0.414,0.4385,0.4321,0.4274,0.3931,0.4066,0.4805,0.3864,0.4457,0.3685,0.4477,0.3968,0.3802,0.5456,v0,bioclip_2_image
48987,/mnt/d/Photos/Z8/180-600mm/2026/2026-03-01/DSC_2425.NEF,23303,3,Blue,pick,neutral,0.9517,0.1918,0.9979,0.1121,0.4235,0.9017,0.001,0.0298,-0.0144,0.0617,-0.0207,-0.0031,0.0222,-0.0694,a photo with strong subject separation,blurry,0.4292,0.4461,0.4462,0.4398,0.4113,0.4187,0.4651,0.3994,0.4604,0.3845,0.4605,0.4144,0.3966,0.5344,v0,bioclip_2_image
48988,/mnt/d/Photos/Z8/180-600mm/2026/2026-03-01/DSC_2426.NEF,23304,3,Blue,pick,neutral,0.8945,0.3422,0.9978,0.4935,0.749,0.9681,0.0015,0.0214,-0.0065,0.0611,-0.0003,0.0109,0.0341,-0.0653,high quality,blurry,0.4252,0.4492,0.4524,0.4496,0.4189,0.4227,0.4442,0.4038,0.4558,0.3913,0.4499,0.408,0.3886,0.5095,v0,bioclip_2_image
48989,/mnt/d/Photos/Z8/180-600mm/2026/2026-03-01/DSC_2427.NEF,23304,3,Green,pick,neutral,0.855,0.4336,0.9975,0.4213,0.6951,0.9042,0.0017,0.0177,-0.0027,0.0598,-0.0032,0.0082,0.0225,-0.0636,high quality,blurry,0.4176,0.4469,0.4493,0.4415,0.4112,0.4112,0.4515,0.3999,0.4496,0.3895,0.4447,0.4029,0.3888,0.515,v0,bioclip_2_image
48990,/mnt/d/Photos/Z8/180-600mm/2026/2026-03-01/DSC_2428.NEF,23304,3,Green,reject,neutral,0.8846,0.4438,0.9976,0.4889,0.7521,0.9297,0.002,0.0204,-0.0023,0.0602,-0.0004,0.0111,0.0258,-0.062,high quality,blurry,0.4212,0.4488,0.4505,0.4436,0.4152,0.4153,0.4572,0.4009,0.4511,0.3903,0.4441,0.4041,0.3895,0.5192,v0,bioclip_2_image
48991,/mnt/d/Photos/Z8/180-600mm/2026/2026-03-01/DSC_2429.NEF,23304,3,Green,reject,neutral,0.8921,0.5164,0.9986,0.4486,0.7176,0.9254,0.0025,0.0211,0.0007,0.0657,-0.0021,0.0093,0.0252,-0.0597,high quality,blurry,0.4288,0.4574,0.4575,0.4485,0.4214,0.4206,0.4692,0.4077,0.4567,0.3918,0.4506,0.412,0.3954,0.5289,v0,bioclip_2_image
48992,/mnt/d/Photos/Z8/180-600mm/2026/2026-03-01/DSC_2430.NEF,23304,3,Green,reject,neutral,0.8912,0.4155,0.998,0.4193,0.7448,0.9553,0.0016,0.021,-0.0034,0.0621,-0.0033,0.0107,0.0306,-0.0641,high quality,blurry,0.429,0.4561,0.4563,0.4502,0.4207,0.4232,0.4546,0.4079,0.4595,0.3942,0.4535,0.41,0.3925,0.5188,v0,bioclip_2_image
48993,/mnt/d/Photos/Z8/180-600mm/2026/2026-03-01/DSC_2431.NEF,23304,3,Green,reject,neutral,0.8851,0.3637,0.9987,0.5478,0.7728,0.9409,0.0022,0.0204,-0.0056,0.0667,0.0019,0.0122,0.0277,-0.0612,high quality,blurry,0.4198,0.4488,0.4498,0.4485,0.4157,0.4157,0.4667,0.3993,0.4544,0.3831,0.4466,0.4034,0.388,0.5279,v0,bioclip_2_image
48994,/mnt/d/Photos/Z8/180-600mm/2026/2026-03-01/DSC_2432.NEF,23304,3,Green,pick,neutral,0.8955,0.3918,0.9984,0.5691,0.7999,0.9491,0.0025,0.0215,-0.0044,0.0642,0.0028,0.0139,0.0293,-0.06,high quality,blurry,0.4255,0.4541,0.4536,0.4526,0.4184,0.4192,0.4631,0.404,0.4585,0.3893,0.4498,0.4045,0.3899,0.5232,v0,bioclip_2_image
48995,/mnt/d/Photos/Z8/180-600mm/2026/2026-03-01/DSC_2433.NEF,23304,3,Green,reject,neutral,0.8747,0.3917,0.9979,0.5641,0.8122,0.932,0.0027,0.0194,-0.0044,0.0617,0.0026,0.0146,0.0262,-0.0592,high quality,blurry,0.4242,0.4525,0.4524,0.4512,0.4183,0.4179,0.4671,0.4048,0.4569,0.3907,0.4486,0.4036,0.3917,0.5263,v0,bioclip_2_image
48996,/mnt/d/Photos/Z8/180-600mm/2026/2026-03-01/DSC_2434.NEF,23304,3,Green,reject,neutral,0.8815,0.3703,0.9988,0.5729,0.7646,0.9402,0.0022,0.0201,-0.0053,0.067,0.0029,0.0118,0.0276,-0.0612,high quality,blurry,0.4182,0.4468,0.4479,0.4453,0.4158,0.4132,0.4681,0.3981,0.4521,0.3808,0.4423,0.404,0.3856,0.5293,v0,bioclip_2_image
48997,/mnt/d/Photos/Z8/180-600mm/2026/2026-03-01/DSC_2435.NEF,23304,3,Green,reject,neutral,0.8812,0.3702,0.9969,0.4668,0.6876,0.9548,0.0018,0.02,-0.0053,0.0576,-0.0013,0.0079,0.0305,-0.0632,high quality,blurry,0.4243,0.4485,0.4526,0.4484,0.417,0.4208,0.4447,0.4042,0.4538,0.395,0.4498,0.4091,0.3903,0.5079,v0,bioclip_2_image
48998,/mnt/d/Photos/Z8/180-600mm/2026/2026-03-01/DSC_2436.NEF,23304,3,Green,reject,neutral,0.8808,0.3263,0.9976,0.431,0.7361,0.9475,0.0012,0.02,-0.0072,0.0604,-0.0028,0.0103,0.0289,-0.0676,high quality,blurry,0.42,0.4456,0.4512,0.4441,0.4123,0.415,0.4442,0.4,0.4529,0.3908,0.4469,0.4021,0.386,0.5118,v0,bioclip_2_image
48999,/mnt/d/Photos/Z8/180-600mm/2026/2026-03-01/DSC_2437.NEF,23304,3,Green,reject,neutral,0.8666,0.4308,0.9968,0.4881,0.6919,0.9391,0.0017,0.0187,-0.0028,0.0573,-0.0005,0.0081,0.0274,-0.064,high quality,blurry,0.4227,0.4505,0.4529,0.4487,0.4146,0.4182,0.4508,0.404,0.4533,0.3956,0.4492,0.4065,0.3909,0.5148,v0,bioclip_2_image
49000,/mnt/d/Photos/Z8/180-600mm/2026/2026-03-01/DSC_2438.NEF,23304,3,Green,reject,neutral,0.8566,0.3908,0.9972,0.4969,0.6993,0.9062,0.0013,0.0179,-0.0044,0.0589,-0.0001,0.0084,0.0227,-0.0663,high quality,blurry,0.4226,0.4512,0.4543,0.4494,0.4145,0.4162,0.4519,0.4047,0.4556,0.3954,0.4495,0.4061,0.3935,0.5182,v0,bioclip_2_image
49001,/mnt/d/Photos/Z8/180-600mm/2026/2026-03-01/DSC_2439.NEF,23305,3,Blue,pick,neutral,0.9019,0.398,0.9977,0.4418,0.7192,0.965,0.002,0.0222,-0.0041,0.0605,-0.0023,0.0094,0.0332,-0.0622,high quality,blurry,0.425,0.4493,0.4524,0.4474,0.4162,0.4206,0.4479,0.4028,0.4535,0.3918,0.4497,0.4068,0.3874,0.5102,v0,bioclip_2_image
49002,/mnt/d/Photos/Z8/180-600mm/2026/2026-03-01/DSC_2440.NEF,23305,3,Blue,pick,neutral,0.8856,0.424,0.9966,0.4492,0.6541,0.9673,0.0019,0.0205,-0.0031,0.0569,-0.002,0.0064,0.0339,-0.0626,high quality,blurry,0.4206,0.4477,0.4481,0.4425,0.4131,0.4179,0.4412,0.4001,0.4507,0.3912,0.4446,0.4067,0.384,0.5038,v0,bioclip_2_image
49003,/mnt/d/Photos/Z8/180-600mm/2026/2026-03-01/DSC_2441.NEF,23305,3,Green,reject,neutral,0.91,0.4187,0.9975,0.4681,0.7188,0.9654,0.002,0.0231,-0.0033,0.0597,-0.0013,0.0094,0.0333,-0.0622,high quality,blurry,0.4264,0.4499,0.4542,0.4491,0.4165,0.4233,0.4433,0.4032,0.4531,0.3945,0.4504,0.4071,0.39,0.5055,v0,bioclip_2_image
49004,/mnt/d/Photos/Z8/180-600mm/2026/2026-03-01/DSC_2442.NEF,23305,3,Green,reject,neutral,0.8989,0.43,0.9968,0.464,0.6872,0.9564,0.0015,0.0218,-0.0028,0.0574,-0.0014,0.0079,0.0309,-0.065,high quality,blurry,0.4255,0.4495,0.4532,0.4478,0.4164,0.4215,0.4416,0.4036,0.4523,0.3958,0.4492,0.4085,0.3906,0.5066,v0,bioclip_2_image
49005,/mnt/d/Photos/Z8/180-600mm/2026/2026-03-01/DSC_2443.NEF,23305,3,Blue,reject,neutral,0.8904,0.4126,0.997,0.4311,0.6745,0.9536,0.0016,0.0209,-0.0035,0.058,-0.0028,0.0073,0.0302,-0.0644,high quality,blurry,0.4248,0.4496,0.4528,0.4462,0.4167,0.4208,0.4408,0.4038,0.4531,0.3948,0.449,0.4094,0.3906,0.5052,v0,bioclip_2_image
49006,/mnt/d/Photos/Z8/180-600mm/2026/2026-03-01/DSC_2444.NEF,23305,3,Blue,reject,neutral,0.8937,0.4349,0.9966,0.3969,0.6486,0.9588,0.0018,0.0213,-0.0026,0.0567,-0.0042,0.0061,0.0315,-0.0634,high quality,blurry,0.4266,0.4529,0.4534,0.4464,0.4177,0.4225,0.4426,0.4054,0.4555,0.3967,0.4505,0.4116,0.391,0.506,v0,bioclip_2_image
49007,/mnt/d/Photos/Z8/180-600mm/2026/2026-03-01/DSC_2445.NEF,23305,3,Green,reject,neutral,0.8984,0.4256,0.9968,0.4242,0.633,0.9586,0.0019,0.0218,-0.003,0.0573,-0.0031,0.0054,0.0314,-0.0626,high quality,blurry,0.4265,0.4526,0.4526,0.4468,0.4171,0.4226,0.445,0.4047,0.4556,0.3952,0.4498,0.4116,0.3912,0.5077,v0,bioclip_2_image
49008,/mnt/d/Photos/Z8/180-600mm/2026/2026-03-01/DSC_2446.NEF,23305,3,Blue,reject,neutral,0.9024,0.4197,0.9968,0.4065,0.6594,0.9618,0.002,0.0222,-0.0032,0.0573,-0.0038,0.0066,0.0322,-0.0619,high quality,blurry,0.4275,0.4522,0.4535,0.4482,0.4179,0.4245,0.4475,0.4052,0.4555,0.3961,0.4519,0.4113,0.3923,0.5094,v0,bioclip_2_image
49009,/mnt/d/Photos/Z8/180-600mm/2026/2026-03-01/DSC_2447.NEF,23305,3,Blue,pick,neutral,0.8945,0.4255,0.9964,0.4288,0.6108,0.9591,0.0019,0.0214,-0.003,0.0562,-0.0029,0.0045,0.0315,-0.0627,high quality,blurry,0.4261,0.4519,0.4522,0.4461,0.4164,0.4229,0.4452,0.4048,0.4549,0.396,0.449,0.4119,0.3914,0.5079,v0,bioclip_2_image
49010,/mnt/d/Photos/Z8/180-600mm/2026/2026-03-01/DSC_2448.NEF,23306,3,Green,reject,neutral,0.7682,0.2957,0.9984,0.1432,0.2194,0.8886,0.001,0.012,-0.0087,0.0646,-0.0179,-0.0127,0.0208,-0.069,high quality,blurry,0.4133,0.4404,0.4366,0.4318,0.3928,0.407,0.463,0.4014,0.4491,0.372,0.4497,0.4055,0.3862,0.532,v0,bioclip_2_image
49011,/mnt/d/Photos/Z8/180-600mm/2026/2026-03-01/DSC_2449.NEF,23306,3,Blue,reject,neutral,0.8644,0.4715,0.9929,0.1613,0.4965,0.9547,0.001,0.0185,-0.0011,0.0494,-0.0165,-0.0001,0.0305,-0.0686,a photo with strong subject separation,blurry,0.3986,0.4279,0.4154,0.4114,0.3938,0.3981,0.4495,0.3801,0.429,0.366,0.4279,0.3939,0.3677,0.5181,v0,bioclip_2_image
49012,/mnt/d/Photos/Z8/180-600mm/2026/2026-03-01/DSC_2450.NEF,23306,3,Blue,pick,neutral,0.8681,0.3732,0.995,0.2346,0.5803,0.9564,0.0017,0.0188,-0.0052,0.0529,-0.0118,0.0032,0.0309,-0.064,a photo with strong subject separation,blurry,0.4003,0.4299,0.4189,0.4114,0.4011,0.4001,0.4626,0.3814,0.4351,0.366,0.4232,0.3979,0.3693,0.5267,v0,bioclip_2_image
49013,/mnt/d/Photos/Z8/180-600mm/2026/2026-03-01/DSC_2451.NEF,23306,3,Blue,reject,neutral,0.8501,0.3867,0.995,0.1745,0.5033,0.9498,0.0016,0.0174,-0.0046,0.0529,-0.0155,0.0001,0.0294,-0.0642,a photo with strong subject separation,blurry,0.3969,0.4247,0.4144,0.41,0.3936,0.3964,0.4482,0.3795,0.4293,0.3615,0.4255,0.3935,0.367,0.5124,v0,bioclip_2_image
49014,/mnt/d/Photos/Z8/180-600mm/2026/2026-03-01/DSC_2452.NEF,23306,3,Blue,reject,neutral,0.8752,0.4531,0.9945,0.2099,0.5207,0.9484,0.0016,0.0195,-0.0019,0.052,-0.0133,0.0008,0.0291,-0.0644,a photo with strong subject separation,blurry,0.3941,0.4239,0.4106,0.4069,0.3922,0.3936,0.4533,0.3746,0.4258,0.3586,0.4201,0.3914,0.3645,0.5176,v0,bioclip_2_image
49015,/mnt/d/Photos/Z8/180-600mm/2026/2026-03-01/DSC_2453.NEF,23306,3,Blue,pick,neutral,0.8662,0.3861,0.9946,0.1936,0.4421,0.9646,0.0012,0.0187,-0.0046,0.0522,-0.0143,-0.0023,0.0331,-0.0671,a photo with strong subject separation,blurry,0.4016,0.4294,0.4197,0.4165,0.3991,0.4045,0.4584,0.3829,0.434,0.3674,0.4307,0.4014,0.3714,0.5255,v0,bioclip_2_image
49016,/mnt/d/Photos/Z8/180-600mm/2026/2026-03-01/DSC_2454.NEF,23306,3,Blue,pick,neutral,0.862,0.4036,0.9942,0.193,0.4963,0.9535,0.0014,0.0183,-0.0039,0.0514,-0.0143,-0.0001,0.0302,-0.066,a photo with strong subject separation,blurry,0.4029,0.4316,0.4204,0.4164,0.4009,0.4034,0.4557,0.3846,0.4355,0.369,0.4307,0.401,0.3732,0.5216,v0,bioclip_2_image
49017,/mnt/d/Photos/Z8/180-600mm/2026/2026-03-01/DSC_2455.NEF,23306,3,Blue,reject,neutral,0.8476,0.3657,0.9918,0.1803,0.447,0.9491,0.0017,0.0172,-0.0055,0.0479,-0.0151,-0.0021,0.0293,-0.064,a photo with strong subject separation,blurry,0.4077,0.4349,0.4259,0.4197,0.4047,0.4091,0.4596,0.3905,0.4405,0.378,0.4349,0.4068,0.3799,0.5236,v0,bioclip_2_image
49018,/mnt/d/Photos/Z8/180-600mm/2026/2026-03-01/DSC_2456.NEF,23306,3,Blue,reject,neutral,0.8546,0.4191,0.9932,0.188,0.545,0.959,0.0011,0.0177,-0.0033,0.0499,-0.0146,0.0018,0.0315,-0.0682,a photo with strong subject separation,blurry,0.4041,0.4321,0.4219,0.4162,0.3996,0.4051,0.4561,0.3864,0.4354,0.372,0.4308,0.3978,0.3736,0.5243,v0,bioclip_2_image
49019,/mnt/d/Photos/Z8/180-600mm/2026/2026-03-01/DSC_2457.NEF,23307,3,Green,reject,neutral,0.915,0.2743,0.992,0.5122,0.6355,0.9698,0.0022,0.0238,-0.0097,0.0482,0.0005,0.0056,0.0347,-0.0611,a photo with strong subject separation,blurry,0.4222,0.442,0.4396,0.4362,0.4082,0.4163,0.457,0.3985,0.4518,0.3914,0.4357,0.4026,0.3816,0.5181,v0,bioclip_2_image
49020,/mnt/d/Photos/Z8/180-600mm/2026/2026-03-01/DSC_2458.NEF,23307,3,Green,reject,neutral,0.9178,0.3039,0.9928,0.506,0.6533,0.9706,0.0021,0.0241,-0.0083,0.0493,0.0002,0.0063,0.035,-0.0616,a photo with strong subject separation,blurry,0.4186,0.4386,0.4368,0.4331,0.4043,0.4119,0.4549,0.3944,0.4469,0.3875,0.4328,0.3979,0.3769,0.5165,v0,bioclip_2_image
49021,/mnt/d/Photos/Z8/180-600mm/2026/2026-03-01/DSC_2459.NEF,23307,3,Green,reject,neutral,0.9155,0.3772,0.993,0.4388,0.591,0.9569,0.0021,0.0238,-0.005,0.0496,-0.0025,0.0037,0.031,-0.0616,a photo with strong subject separation,blurry,0.4119,0.4321,0.4308,0.4252,0.3962,0.4023,0.4502,0.388,0.4371,0.3812,0.4276,0.3925,0.3713,0.5118,v0,bioclip_2_image
49022,/mnt/d/Photos/Z8/180-600mm/2026/2026-03-01/DSC_2460.NEF,23307,3,Blue,pick,neutral,0.9116,0.2935,0.9927,0.4748,0.607,0.9664,0.002,0.0233,-0.0088,0.0491,-0.001,0.0043,0.0336,-0.0621,a photo with strong subject separation,blurry,0.4188,0.4377,0.4379,0.4327,0.4054,0.4121,0.4548,0.3955,0.4464,0.3887,0.4337,0.401,0.3785,0.5168,v0,bioclip_2_image
49023,/mnt/d/Photos/Z8/180-600mm/2026/2026-03-01/DSC_2461.NEF,23307,3,Green,pick,neutral,0.8998,0.2937,0.9936,0.4646,0.6304,0.9626,0.002,0.0219,-0.0088,0.0505,-0.0014,0.0053,0.0325,-0.0623,a photo with strong subject separation,blurry,0.4141,0.4343,0.4337,0.4279,0.4017,0.4067,0.4534,0.3921,0.4431,0.3832,0.4293,0.3963,0.3742,0.5157,v0,bioclip_2_image
49024,/mnt/d/Photos/Z8/180-600mm/2026/2026-03-01/DSC_2462.NEF,23307,3,Green,reject,neutral,0.9246,0.4103,0.9934,0.3092,0.5693,0.956,0.0021,0.0251,-0.0036,0.0501,-0.008,0.0028,0.0308,-0.0619,a photo with strong subject separation,blurry,0.4091,0.4308,0.4278,0.4179,0.3936,0.3989,0.4514,0.384,0.4345,0.3777,0.426,0.3908,0.3682,0.5132,v0,bioclip_2_image
49025,/mnt/d/Photos/Z8/180-600mm/2026/2026-03-01/DSC_2463.NEF,23307,3,Blue,pick,neutral,0.9073,0.3385,0.9938,0.3858,0.5712,0.9627,0.0021,0.0228,-0.0067,0.0507,-0.0046,0.0029,0.0325,-0.0617,a photo with strong subject separation,blurry,0.4081,0.4293,0.4279,0.4216,0.3939,0.3993,0.4511,0.3852,0.436,0.3772,0.4262,0.391,0.3668,0.5128,v0,bioclip_2_image
49026,/mnt/d/Photos/Z8/180-600mm/2026/2026-03-01/DSC_2464.NEF,23307,3,Green,reject,neutral,0.9378,0.5272,0.9964,0.2644,0.4518,0.9706,0.0014,0.0271,0.0011,0.0562,-0.0102,-0.0019,0.035,-0.066,a photo with strong subject separation,blurry,0.3925,0.4205,0.4155,0.4015,0.3727,0.3842,0.4442,0.3653,0.4194,0.3593,0.4118,0.3747,0.3492,0.5101,v0,bioclip_2_image
49027,/mnt/d/Photos/Z8/180-600mm/2026/2026-03-01/DSC_2465.NEF,23308,3,Blue,pick,neutral,0.9085,0.1672,0.9969,0.3207,0.6361,0.9885,0.0012,0.023,-0.0161,0.0576,-0.0075,0.0056,0.0445,-0.067,a photo with strong subject separation,blurry,0.4,0.4188,0.4264,0.4172,0.3888,0.3973,0.446,0.3771,0.4349,0.3688,0.4247,0.3832,0.3528,0.513,v0,bioclip_2_image
49028,/mnt/d/Photos/Z8/180-600mm/2026/2026-03-01/DSC_2466.NEF,23308,3,Green,pick,neutral,0.897,0.2024,0.9944,0.3808,0.5766,0.9783,0.0012,0.0216,-0.0137,0.0518,-0.0049,0.0031,0.0381,-0.0674,a photo with strong subject separation,blurry,0.407,0.4265,0.4309,0.4238,0.3948,0.4027,0.4465,0.3853,0.4402,0.379,0.4287,0.3917,0.3646,0.5139,v0,bioclip_2_image
49029,/mnt/d/Photos/Z8/180-600mm/2026/2026-03-01/DSC_2467.NEF,23308,3,Green,neutral,neutral,0.9086,0.3059,0.9929,0.3737,0.536,0.9757,0.0016,0.023,-0.0082,0.0494,-0.0052,0.0014,0.0369,-0.0645,a photo with strong subject separation,blurry,0.4152,0.4381,0.4363,0.4292,0.402,0.4129,0.4548,0.3923,0.4463,0.3869,0.4344,0.4005,0.376,0.5192,v0,bioclip_2_image
49030,/mnt/d/Photos/Z8/180-600mm/2026/2026-03-01/DSC_2468.NEF,23309,4,Blue,reject,picked,0.9035,0.2209,0.9949,0.4833,0.5845,0.9756,0.0011,0.0224,-0.0126,0.0527,-0.0007,0.0034,0.0369,-0.0684,a photo with strong subject separation,blurry,0.4184,0.4377,0.4408,0.4337,0.4068,0.4141,0.4552,0.3961,0.4503,0.3881,0.4343,0.4034,0.3773,0.5236,v0,bioclip_2_image
49031,/mnt/d/Photos/Z8/180-600mm/2026/2026-03-01/DSC_2469.NEF,23309,3,Blue,reject,neutral,0.9091,0.2555,0.994,0.5001,0.6114,0.9729,0.0016,0.023,-0.0107,0.0511,0.0,0.0045,0.0358,-0.0645,a photo with strong subject separation,blurry,0.4172,0.4369,0.4383,0.4324,0.4058,0.413,0.4559,0.3942,0.4476,0.3872,0.4324,0.4012,0.3772,0.5204,v0,bioclip_2_image
49032,/mnt/d/Photos/Z8/180-600mm/2026/2026-03-01/DSC_2470.NEF,23309,4,Blue,reject,picked,0.9093,0.2396,0.9939,0.5228,0.5993,0.9739,0.0015,0.0231,-0.0115,0.051,0.0009,0.004,0.0362,-0.0652,a photo with strong subject separation,blurry,0.4227,0.4413,0.4431,0.4379,0.4102,0.4179,0.4579,0.3996,0.4528,0.3921,0.4369,0.4062,0.3817,0.523,v0,bioclip_2_image
49033,/mnt/d/Photos/Z8/180-600mm/2026/2026-03-01/DSC_2471.NEF,23309,3,Blue,reject,neutral,0.9041,0.245,0.9942,0.5016,0.6276,0.9736,0.0016,0.0224,-0.0113,0.0514,0.0001,0.0052,0.0361,-0.0644,a photo with strong subject separation,blurry,0.4194,0.4397,0.4405,0.4334,0.4082,0.4147,0.4582,0.397,0.451,0.3891,0.4334,0.403,0.3786,0.5226,v0,bioclip_2_image
49034,/mnt/d/Photos/Z8/180-600mm/2026/2026-03-01/DSC_2472.NEF,23309,3,Blue,reject,neutral,0.903,0.2325,0.9942,0.4936,0.618,0.9706,0.0017,0.0223,-0.0119,0.0514,-0.0003,0.0048,0.035,-0.0638,a photo with strong subject separation,blurry,0.4197,0.4396,0.441,0.4341,0.4076,0.4144,0.457,0.3974,0.4516,0.3896,0.4344,0.4028,0.3794,0.5208,v0,bioclip_2_image
49035,/mnt/d/Photos/Z8/180-600mm/2026/2026-03-01/DSC_2473.NEF,23309,3,Blue,reject,neutral,0.9175,0.2732,0.9947,0.4756,0.5464,0.9826,0.0009,0.0241,-0.0098,0.0523,-0.001,0.0019,0.0404,-0.07,a photo with strong subject separation,blurry,0.4128,0.4331,0.4347,0.4267,0.4016,0.4109,0.4513,0.3887,0.4429,0.3824,0.4276,0.3997,0.3705,0.5212,v0,bioclip_2_image
49036,/mnt/d/Photos/Z8/180-600mm/2026/2026-03-01/DSC_2474.NEF,23309,4,Blue,pick,picked,0.91,0.2798,0.9953,0.4401,0.5498,0.9827,0.0012,0.0231,-0.0095,0.0535,-0.0024,0.002,0.0404,-0.0669,a photo with strong subject separation,blurry,0.4152,0.437,0.4406,0.4289,0.4041,0.4137,0.4562,0.3921,0.4465,0.3871,0.4313,0.4021,0.3733,0.5231,v0,bioclip_2_image
49037,/mnt/d/Photos/Z8/180-600mm/2026/2026-03-01/DSC_2475.NEF,23309,4,Blue,pick,picked,0.9135,0.304,0.996,0.4409,0.573,0.983,0.0014,0.0236,-0.0083,0.0551,-0.0024,0.0029,0.0405,-0.0659,a photo with strong subject separation,blurry,0.4138,0.4363,0.4387,0.4275,0.4038,0.4125,0.4568,0.3903,0.4446,0.3836,0.4299,0.4009,0.372,0.5227,v0,bioclip_2_image
49038,/mnt/d/Photos/Z8/180-600mm/2026/2026-03-01/DSC_2476.NEF,23309,4,Blue,pick,picked,0.9167,0.2832,0.9958,0.4141,0.5868,0.9807,0.0012,0.024,-0.0093,0.0546,-0.0035,0.0035,0.0393,-0.0675,a photo with strong subject separation,blurry,0.4092,0.4305,0.4342,0.4239,0.3981,0.4067,0.4548,0.3852,0.4397,0.3797,0.4274,0.3946,0.3674,0.5223,v0,bioclip_2_image
49039,/mnt/d/Photos/Z8/180-600mm/2026/2026-03-01/DSC_2477.NEF,23309,4,Blue,reject,picked,0.9019,0.2992,0.995,0.4057,0.5395,0.9754,0.0011,0.0222,-0.0085,0.0529,-0.0038,0.0016,0.0368,-0.0684,a photo with strong subject separation,blurry,0.4136,0.4357,0.439,0.4278,0.402,0.4105,0.4505,0.3914,0.4442,0.3861,0.4316,0.4004,0.3737,0.5189,v0,bioclip_2_image
49040,/mnt/d/Photos/Z8/180-600mm/2026/2026-03-01/DSC_2478.NEF,23309,3,Blue,reject,neutral,0.8997,0.2803,0.9947,0.3846,0.5914,0.9809,0.0011,0.0219,-0.0094,0.0524,-0.0047,0.0037,0.0394,-0.0683,a photo with strong subject separation,blurry,0.4123,0.4334,0.4366,0.425,0.4016,0.4095,0.4543,0.3903,0.4428,0.3842,0.4297,0.3979,0.3701,0.5227,v0,bioclip_2_image
49041,/mnt/d/Photos/Z8/180-600mm/2026/2026-03-01/DSC_2479.NEF,23309,4,Blue,reject,picked,0.908,0.2422,0.9931,0.5161,0.6102,0.9725,0.002,0.0229,-0.0114,0.0497,0.0006,0.0045,0.0356,-0.0623,a photo with strong subject separation,blurry,0.4244,0.4428,0.4439,0.4392,0.4109,0.42,0.4577,0.4015,0.4542,0.3942,0.4385,0.4065,0.3843,0.52,v0,bioclip_2_image
49042,/mnt/d/Photos/Z8/180-600mm/2026/2026-03-01/DSC_2480.NEF,23309,3,Blue,reject,neutral,0.9166,0.2537,0.9935,0.5054,0.5939,0.9759,0.002,0.024,-0.0108,0.0503,0.0002,0.0038,0.037,-0.0621,a photo with strong subject separation,blurry,0.4244,0.4434,0.4453,0.4386,0.4113,0.4207,0.4616,0.4005,0.4542,0.395,0.4384,0.4075,0.3837,0.5237,v0,bioclip_2_image
49043,/mnt/d/Photos/Z8/180-600mm/2026/2026-03-01/DSC_2481.NEF,23309,3,Blue,reject,neutral,0.9123,0.3023,0.9941,0.3956,0.5316,0.9791,0.0013,0.0234,-0.0084,0.0512,-0.0042,0.0013,0.0385,-0.0662,a photo with strong subject separation,blurry,0.4192,0.4398,0.4414,0.4304,0.405,0.4158,0.4542,0.3957,0.4481,0.3901,0.4347,0.4037,0.3774,0.5205,v0,bioclip_2_image
49044,/mnt/d/Photos/Z8/180-600mm/2026/2026-03-01/DSC_2482.NEF,23309,3,Blue,reject,neutral,0.9137,0.339,0.9942,0.3361,0.5225,0.9814,0.0013,0.0236,-0.0067,0.0515,-0.0068,0.0009,0.0397,-0.0667,a photo with strong subject separation,blurry,0.4135,0.4355,0.437,0.4235,0.4004,0.4114,0.4513,0.3899,0.4421,0.3856,0.4303,0.3995,0.3717,0.518,v0,bioclip_2_image
49045,/mnt/d/Photos/Z8/180-600mm/2026/2026-03-01/DSC_2483.NEF,23309,3,Blue,reject,neutral,0.8986,0.3,0.994,0.4124,0.5327,0.9715,0.0013,0.0218,-0.0085,0.051,-0.0035,0.0013,0.0353,-0.0665,a photo with strong subject separation,blurry,0.4157,0.4371,0.437,0.4279,0.403,0.4104,0.452,0.3939,0.4456,0.3859,0.4315,0.4016,0.3751,0.5185,v0,bioclip_2_image
49046,/mnt/d/Photos/Z8/180-600mm/2026/2026-03-01/DSC_2484.NEF,23309,3,Blue,reject,neutral,0.9019,0.226,0.9942,0.5179,0.6459,0.9785,0.0015,0.0222,-0.0123,0.0515,0.0007,0.006,0.0382,-0.0649,a photo with strong subject separation,blurry,0.4207,0.4394,0.4416,0.4356,0.4093,0.4172,0.4579,0.3985,0.4517,0.3901,0.4349,0.4033,0.379,0.5227,v0,bioclip_2_image
49047,/mnt/d/Photos/Z8/180-600mm/2026/2026-03-01/DSC_2485.NEF,23309,3,Blue,reject,neutral,0.9045,0.2345,0.9936,0.4861,0.6581,0.98,0.0017,0.0225,-0.0118,0.0505,-0.0006,0.0065,0.0389,-0.0639,a photo with strong subject separation,blurry,0.4177,0.4364,0.4384,0.4313,0.4063,0.4144,0.4534,0.3952,0.4483,0.3879,0.4319,0.3998,0.3755,0.5173,v0,bioclip_2_image
49048,/mnt/d/Photos/Z8/180-600mm/2026/2026-03-01/DSC_2486.NEF,23309,4,Blue,reject,picked,0.9071,0.2664,0.9933,0.5395,0.6572,0.9783,0.002,0.0228,-0.0101,0.05,0.0016,0.0065,0.0381,-0.0621,a photo with strong subject separation,blurry,0.4201,0.4393,0.4391,0.4349,0.4085,0.4162,0.4565,0.3973,0.4494,0.3891,0.4334,0.402,0.3781,0.5186,v0,bioclip_2_image
49049,/mnt/d/Photos/Z8/180-600mm/2026/2026-03-01/DSC_2487.NEF,23309,4,Blue,reject,picked,0.9004,0.2365,0.9929,0.5263,0.6272,0.9755,0.0019,0.022,-0.0117,0.0494,0.0011,0.0052,0.0368,-0.0626,a photo with strong subject separation,blurry,0.4204,0.4394,0.4398,0.4348,0.4078,0.4165,0.4548,0.3984,0.4511,0.3904,0.4338,0.4025,0.3797,0.5175,v0,bioclip_2_image
49050,/mnt/d/Photos/Z8/180-600mm/2026/2026-03-01/DSC_2488.NEF,23309,3,Blue,reject,neutral,0.8932,0.2453,0.9938,0.4486,0.6501,0.9715,0.0016,0.0212,-0.0112,0.0507,-0.0021,0.0062,0.0353,-0.0646,a photo with strong subject separation,blurry,0.4198,0.4399,0.4427,0.4353,0.4095,0.4155,0.455,0.3986,0.4511,0.392,0.4373,0.4033,0.3802,0.5196,v0,bioclip_2_image
49051,/mnt/d/Photos/Z8/180-600mm/2026/2026-03-01/DSC_2489.NEF,23309,3,Blue,reject,neutral,0.8938,0.2326,0.9944,0.4492,0.5914,0.9758,0.0013,0.0213,-0.0119,0.0519,-0.002,0.0037,0.037,-0.0662,a photo with strong subject separation,blurry,0.4157,0.436,0.4383,0.43,0.4042,0.4124,0.4544,0.3944,0.4479,0.3864,0.432,0.4005,0.3754,0.5206,v0,bioclip_2_image
49052,/mnt/d/Photos/Z8/180-600mm/2026/2026-03-01/DSC_2490.NEF,23309,4,Blue,reject,picked,0.8971,0.2349,0.9943,0.4545,0.6539,0.9764,0.0015,0.0217,-0.0118,0.0515,-0.0018,0.0064,0.0372,-0.0648,a photo with strong subject separation,blurry,0.418,0.4384,0.4394,0.4327,0.407,0.4141,0.457,0.3964,0.4502,0.3879,0.4345,0.4007,0.3768,0.5219,v0,bioclip_2_image
49053,/mnt/d/Photos/Z8/180-600mm/2026/2026-03-01/DSC_2491.NEF,23309,4,Blue,pick,picked,0.893,0.2221,0.9929,0.4654,0.6121,0.9727,0.0014,0.0212,-0.0125,0.0494,-0.0014,0.0046,0.0358,-0.066,a photo with strong subject separation,blurry,0.4192,0.4377,0.4404,0.4332,0.4074,0.4151,0.4506,0.3979,0.4502,0.391,0.4345,0.4028,0.3794,0.5166,v0,bioclip_2_image
49054,/mnt/d/Photos/Z8/180-600mm/2026/2026-03-01/DSC_2492.NEF,23309,4,Blue,reject,picked,0.906,0.2259,0.9933,0.4954,0.6351,0.9768,0.0017,0.0227,-0.0123,0.05,-0.0002,0.0055,0.0374,-0.0638,a photo with strong subject separation,blurry,0.4222,0.4408,0.442,0.4358,0.4103,0.4187,0.4563,0.3995,0.4531,0.392,0.436,0.4048,0.3813,0.5201,v0,bioclip_2_image
49055,/mnt/d/Photos/Z8/180-600mm/2026/2026-03-01/DSC_2493.NEF,23309,3,Blue,reject,neutral,0.9123,0.2637,0.9941,0.52,0.6499,0.9773,0.0018,0.0234,-0.0103,0.0512,0.0008,0.0062,0.0376,-0.0631,a photo with strong subject separation,blurry,0.4217,0.4406,0.4426,0.4359,0.4095,0.4182,0.4547,0.3983,0.4508,0.3914,0.4351,0.4033,0.3806,0.5179,v0,bioclip_2_image
49056,/mnt/d/Photos/Z8/180-600mm/2026/2026-03-01/DSC_2494.NEF,23309,4,Blue,reject,picked,0.9032,0.2611,0.9935,0.4903,0.6546,0.9754,0.0017,0.0223,-0.0104,0.0503,-0.0004,0.0064,0.0368,-0.064,a photo with strong subject separation,blurry,0.4198,0.4385,0.4404,0.4334,0.4085,0.4154,0.4537,0.3975,0.4489,0.3901,0.4338,0.4021,0.3786,0.5177,v0,bioclip_2_image
49057,/mnt/d/Photos/Z8/180-600mm/2026/2026-03-01/DSC_2495.NEF,23309,3,Blue,reject,neutral,0.9097,0.2775,0.9927,0.4969,0.643,0.9733,0.0018,0.0231,-0.0096,0.0491,-0.0001,0.0059,0.0359,-0.0631,a photo with strong subject separation,blurry,0.4236,0.4434,0.4426,0.4364,0.4108,0.4185,0.4551,0.4005,0.4529,0.3935,0.4366,0.4049,0.3826,0.5181,v0,bioclip_2_image
49058,/mnt/d/Photos/Z8/180-600mm/2026/2026-03-01/DSC_2496.NEF,23309,3,Blue,reject,neutral,0.9194,0.2852,0.994,0.5056,0.6565,0.9799,0.0021,0.0243,-0.0092,0.0511,0.0002,0.0065,0.0388,-0.0614,a photo with strong subject separation,blurry,0.4211,0.4414,0.441,0.4334,0.4093,0.417,0.4586,0.3968,0.4506,0.39,0.4331,0.4028,0.3781,0.52,v0,bioclip_2_image
49059,/mnt/d/Photos/Z8/180-600mm/2026/2026-03-01/DSC_2497.NEF,23309,3,Blue,reject,neutral,0.912,0.2652,0.9936,0.5332,0.6545,0.9774,0.0021,0.0234,-0.0102,0.0505,0.0013,0.0064,0.0377,-0.0618,a photo with strong subject separation,blurry,0.4228,0.4421,0.4424,0.4363,0.4107,0.4184,0.4586,0.3994,0.4523,0.392,0.435,0.4043,0.3808,0.5204,v0,bioclip_2_image
49060,/mnt/d/Photos/Z8/180-600mm/2026/2026-03-01/DSC_2498.NEF,23309,4,Blue,reject,picked,0.9099,0.2752,0.9932,0.4939,0.6421,0.9778,0.0019,0.0231,-0.0097,0.0499,-0.0002,0.0058,0.0379,-0.0627,a photo with strong subject separation,blurry,0.4211,0.4405,0.4408,0.4336,0.4086,0.4169,0.4542,0.398,0.4502,0.391,0.4338,0.4028,0.379,0.5168,v0,bioclip_2_image
49061,/mnt/d/Photos/Z8/180-600mm/2026/2026-03-01/DSC_2499.NEF,23309,4,Blue,reject,picked,0.9086,0.2704,0.9955,0.4334,0.6427,0.981,0.0015,0.023,-0.0099,0.0539,-0.0027,0.0059,0.0394,-0.0653,a photo with strong subject separation,blurry,0.4112,0.4311,0.4329,0.4237,0.4006,0.4072,0.4533,0.3882,0.441,0.379,0.4264,0.3947,0.3678,0.5185,v0,bioclip_2_image
49062,/mnt/d/Photos/Z8/180-600mm/2026/2026-03-01/DSC_2500.NEF,23309,4,Blue,reject,picked,0.8938,0.2689,0.9955,0.3942,0.6426,0.9778,0.0012,0.0213,-0.01,0.0539,-0.0043,0.0059,0.0379,-0.0671,a photo with strong subject separation,blurry,0.4067,0.4282,0.4302,0.4181,0.3973,0.4029,0.4527,0.3854,0.4382,0.3763,0.4224,0.3915,0.365,0.5198,v0,bioclip_2_image
49063,/mnt/d/Photos/Z8/180-600mm/2026/2026-03-01/DSC_2501.NEF,23309,4,Blue,reject,picked,0.8991,0.2453,0.995,0.4478,0.6385,0.978,0.0011,0.0219,-0.0112,0.053,-0.0021,0.0057,0.0379,-0.0682,a photo with strong subject separation,blurry,0.4111,0.4314,0.4346,0.4238,0.4017,0.408,0.4547,0.3892,0.4427,0.3815,0.4259,0.396,0.3701,0.5229,v0,bioclip_2_image
49064,/mnt/d/Photos/Z8/180-600mm/2026/2026-03-01/DSC_2502.NEF,23309,4,Blue,reject,picked,0.9052,0.2403,0.9955,0.4393,0.6169,0.9811,0.0012,0.0226,-0.0115,0.0539,-0.0024,0.0048,0.0395,-0.0675,a photo with strong subject separation,blurry,0.4115,0.4312,0.4342,0.4233,0.4002,0.4085,0.4524,0.3889,0.4427,0.3803,0.4258,0.3955,0.369,0.5199,v0,bioclip_2_image
49065,/mnt/d/Photos/Z8/180-600mm/2026/2026-03-01/DSC_2503.NEF,23309,4,Blue,pick,picked,0.9023,0.2541,0.9944,0.4401,0.5982,0.9778,0.0012,0.0222,-0.0108,0.0518,-0.0024,0.004,0.0379,-0.0674,a photo with strong subject separation,blurry,0.4126,0.433,0.4343,0.4249,0.4006,0.4094,0.4516,0.3904,0.4438,0.3825,0.4273,0.3966,0.3715,0.519,v0,bioclip_2_image
49066,/mnt/d/Photos/Z8/180-600mm/2026/2026-03-01/DSC_2504.NEF,23309,4,Blue,pick,picked,0.9102,0.2411,0.9936,0.4945,0.6834,0.9804,0.0019,0.0232,-0.0115,0.0504,-0.0002,0.0077,0.0391,-0.0624,a photo with strong subject separation,blurry,0.4168,0.4352,0.4377,0.4312,0.4061,0.4139,0.4543,0.3936,0.4466,0.3873,0.4314,0.3984,0.3747,0.5167,v0,bioclip_2_image
49067,/mnt/d/Photos/Z8/180-600mm/2026/2026-03-01/DSC_2505.NEF,23309,4,Blue,reject,picked,0.9075,0.2885,0.9943,0.4287,0.5988,0.9785,0.0014,0.0228,-0.009,0.0516,-0.0029,0.004,0.0382,-0.0661,a photo with strong subject separation,blurry,0.409,0.4306,0.4311,0.421,0.3967,0.4057,0.45,0.3862,0.4396,0.3795,0.4239,0.3927,0.3675,0.5161,v0,bioclip_2_image
49068,/mnt/d/Photos/Z8/180-600mm/2026/2026-03-01/DSC_2506.NEF,23309,3,Blue,reject,neutral,0.903,0.2567,0.9946,0.4409,0.6062,0.9806,0.0013,0.0223,-0.0106,0.0521,-0.0024,0.0043,0.0393,-0.0664,a photo with strong subject separation,blurry,0.4115,0.4325,0.4347,0.4248,0.4,0.4094,0.4517,0.3892,0.4431,0.3826,0.4272,0.3957,0.3702,0.5181,v0,bioclip_2_image
49069,/mnt/d/Photos/Z8/180-600mm/2026/2026-03-01/DSC_2507.NEF,23309,3,Blue,reject,neutral,0.9013,0.2833,0.9946,0.4214,0.6259,0.9785,0.0015,0.0221,-0.0093,0.0521,-0.0032,0.0051,0.0382,-0.0651,a photo with strong subject separation,blurry,0.4136,0.4354,0.4369,0.4264,0.4022,0.4102,0.454,0.3915,0.4447,0.3847,0.4295,0.3971,0.372,0.5191,v0,bioclip_2_image
49070,/mnt/d/Photos/Z8/180-600mm/2026/2026-03-01/DSC_2508.NEF,23310,4,Blue,pick,picked,0.8952,0.3063,0.9937,0.5062,0.6238,0.9654,0.002,0.0215,-0.0082,0.0505,0.0002,0.0051,0.0333,-0.0622,a photo with strong subject separation,blurry,0.419,0.4399,0.4403,0.4347,0.4091,0.414,0.4589,0.3975,0.4481,0.3898,0.4345,0.4041,0.3807,0.5211,v0,bioclip_2_image
49071,/mnt/d/Photos/Z8/180-600mm/2026/2026-03-01/DSC_2509.NEF,23310,3,Blue,pick,neutral,0.8992,0.3031,0.9927,0.5336,0.5814,0.9722,0.002,0.0219,-0.0083,0.0492,0.0013,0.0033,0.0355,-0.0621,a photo with strong subject separation,blurry,0.4197,0.4399,0.4395,0.4351,0.4081,0.4155,0.4574,0.3979,0.4482,0.3903,0.4338,0.4048,0.3799,0.5195,v0,bioclip_2_image
49072,/mnt/d/Photos/Z8/180-600mm/2026/2026-03-01/DSC_2510.NEF,23310,3,Blue,reject,neutral,0.9103,0.288,0.9933,0.4626,0.6133,0.9762,0.0017,0.0232,-0.0091,0.05,-0.0015,0.0046,0.0372,-0.0636,a photo with strong subject separation,blurry,0.4201,0.4409,0.4404,0.435,0.408,0.4168,0.4591,0.3969,0.4499,0.3904,0.4365,0.4034,0.3797,0.5226,v0,bioclip_2_image
49073,/mnt/d/Photos/Z8/180-600mm/2026/2026-03-01/DSC_2511.NEF,23310,3,Blue,reject,neutral,0.9171,0.3074,0.993,0.428,0.6194,0.977,0.0017,0.024,-0.0081,0.0495,-0.0029,0.0049,0.0375,-0.0638,a photo with strong subject separation,blurry,0.4168,0.4381,0.4369,0.4305,0.4034,0.4125,0.4541,0.3928,0.4462,0.3873,0.4334,0.3985,0.375,0.5178,v0,bioclip_2_image
49074,/mnt/d/Photos/Z8/180-600mm/2026/2026-03-01/DSC_2512.NEF,23310,3,Blue,reject,neutral,0.9167,0.3092,0.9932,0.4389,0.6339,0.9775,0.0019,0.024,-0.008,0.0498,-0.0025,0.0055,0.0377,-0.0627,a photo with strong subject separation,blurry,0.4166,0.4381,0.4365,0.4307,0.4029,0.4122,0.4547,0.3926,0.4461,0.3867,0.4332,0.3974,0.3744,0.5174,v0,bioclip_2_image
49075,/mnt/d/Photos/Z8/180-600mm/2026/2026-03-01/DSC_2513.NEF,23310,3,Blue,reject,neutral,0.9154,0.3214,0.9944,0.3963,0.5929,0.9776,0.0017,0.0238,-0.0075,0.0518,-0.0042,0.0038,0.0378,-0.064,a photo with strong subject separation,blurry,0.4152,0.4375,0.4364,0.4271,0.4011,0.411,0.4538,0.3914,0.445,0.3846,0.4313,0.3974,0.3732,0.5178,v0,bioclip_2_image
49076,/mnt/d/Photos/Z8/180-600mm/2026/2026-03-01/DSC_2514.NEF,23310,3,Blue,pick,neutral,0.8987,0.2645,0.994,0.4415,0.6521,0.9766,0.0013,0.0218,-0.0102,0.0511,-0.0023,0.0063,0.0373,-0.0663,a photo with strong subject separation,blurry,0.4178,0.4383,0.4405,0.4311,0.4073,0.4143,0.4579,0.3959,0.4485,0.3895,0.4335,0.401,0.377,0.5242,v0,bioclip_2_image
49077,/mnt/d/Photos/Z8/180-600mm/2026/2026-03-01/DSC_2515.NEF,23310,3,Blue,reject,neutral,0.903,0.2963,0.9938,0.4198,0.654,0.9768,0.0013,0.0223,-0.0087,0.0507,-0.0032,0.0064,0.0374,-0.0666,a photo with strong subject separation,blurry,0.4136,0.4358,0.4358,0.4259,0.4019,0.4099,0.4551,0.3913,0.4444,0.385,0.4291,0.3955,0.3725,0.5217,v0,bioclip_2_image
49078,/mnt/d/Photos/Z8/180-600mm/2026/2026-03-01/DSC_2516.NEF,23311,3,Green,reject,neutral,0.8856,0.2333,0.9897,0.4599,0.6336,0.9682,0.0017,0.0205,-0.0119,0.0457,-0.0016,0.0055,0.0342,-0.0638,a photo with strong subject separation,blurry,0.4201,0.4395,0.4396,0.4353,0.408,0.4156,0.4535,0.3997,0.4514,0.3939,0.4369,0.4025,0.3815,0.5173,v0,bioclip_2_image
49079,/mnt/d/Photos/Z8/180-600mm/2026/2026-03-01/DSC_2517.NEF,23311,3,Green,reject,neutral,0.8892,0.2463,0.9901,0.4858,0.6307,0.9689,0.0016,0.0208,-0.0112,0.046,-0.0006,0.0054,0.0344,-0.0643,a photo with strong subject separation,blurry,0.4198,0.4392,0.4394,0.4352,0.4076,0.4152,0.4538,0.399,0.4503,0.3933,0.4357,0.4022,0.3808,0.5181,v0,bioclip_2_image
49080,/mnt/d/Photos/Z8/180-600mm/2026/2026-03-01/DSC_2518.NEF,23311,3,Green,pick,neutral,0.885,0.2511,0.9897,0.4651,0.6428,0.9668,0.0016,0.0204,-0.0109,0.0456,-0.0014,0.0059,0.0337,-0.0646,a photo with strong subject separation,blurry,0.4207,0.44,0.4403,0.4363,0.4091,0.4159,0.4527,0.4003,0.4509,0.3947,0.4377,0.4032,0.3822,0.5173,v0,bioclip_2_image
49081,/mnt/d/Photos/Z8/180-600mm/2026/2026-03-01/DSC_2519.NEF,23311,3,Green,reject,neutral,0.8825,0.1709,0.9928,0.3648,0.6431,0.97,0.0011,0.0202,-0.0158,0.0493,-0.0055,0.0059,0.0348,-0.0682,a photo with strong subject separation,blurry,0.4125,0.4307,0.4349,0.4278,0.4038,0.4077,0.4506,0.3924,0.4465,0.3857,0.4333,0.3979,0.3729,0.5189,v0,bioclip_2_image
49082,/mnt/d/Photos/Z8/180-600mm/2026/2026-03-01/DSC_2520.NEF,23311,3,Green,pick,neutral,0.9024,0.1955,0.993,0.4257,0.654,0.9768,0.0014,0.0222,-0.0141,0.0496,-0.003,0.0064,0.0374,-0.066,a photo with strong subject separation,blurry,0.4191,0.4368,0.4408,0.433,0.4082,0.4156,0.4563,0.3969,0.4509,0.3912,0.436,0.4019,0.3782,0.5223,v0,bioclip_2_image
49083,/mnt/d/Photos/Z8/180-600mm/2026/2026-03-01/DSC_2521.NEF,23311,3,Green,pick,neutral,0.9079,0.2023,0.9924,0.4149,0.6944,0.977,0.001,0.0229,-0.0137,0.0487,-0.0034,0.0082,0.0375,-0.0693,a photo with strong subject separation,blurry,0.4147,0.432,0.4356,0.4291,0.4041,0.4102,0.4529,0.3918,0.4457,0.3869,0.4326,0.3959,0.3728,0.5222,v0,bioclip_2_image
49084,/mnt/d/Photos/Z8/180-600mm/2026/2026-03-01/DSC_2522.NEF,23312,4,Blue,reject,picked,0.9206,0.5927,0.9957,0.4909,0.6506,0.9656,0.0022,0.0245,0.0038,0.0544,-0.0004,0.0062,0.0333,-0.0614,high quality,blurry,0.4256,0.4553,0.452,0.4445,0.4183,0.4227,0.4446,0.4011,0.4516,0.3975,0.4448,0.4121,0.3894,0.5059,v0,bioclip_2_image
49085,/mnt/d/Photos/Z8/180-600mm/2026/2026-03-01/DSC_2523.NEF,23312,4,Blue,pick,picked,0.9245,0.6041,0.9963,0.4887,0.699,0.9716,0.0023,0.025,0.0042,0.0558,-0.0005,0.0084,0.0353,-0.0609,high quality,blurry,0.4223,0.452,0.4489,0.4406,0.4155,0.4192,0.4433,0.3973,0.4478,0.3931,0.4411,0.4071,0.3839,0.5042,v0,bioclip_2_image
49086,/mnt/d/Photos/Z8/180-600mm/2026/2026-03-01/DSC_2524.NEF,23312,4,Blue,reject,picked,0.9203,0.5829,0.9963,0.4858,0.658,0.9714,0.002,0.0245,0.0033,0.056,-0.0006,0.0065,0.0352,-0.0623,high quality,blurry,0.4234,0.4521,0.45,0.4413,0.4164,0.4211,0.442,0.3989,0.4488,0.3941,0.4418,0.4099,0.3858,0.5043,v0,bioclip_2_image
49087,/mnt/d/Photos/Z8/180-600mm/2026/2026-03-01/DSC_2525.NEF,23312,4,Blue,pick,picked,0.913,0.5646,0.9964,0.5007,0.6316,0.9715,0.0019,0.0235,0.0026,0.0562,0.0,0.0054,0.0353,-0.0625,high quality,blurry,0.4226,0.4512,0.45,0.4409,0.4157,0.4205,0.4412,0.399,0.4486,0.3938,0.4408,0.4103,0.3853,0.5037,v0,bioclip_2_image
49088,/mnt/d/Photos/Z8/180-600mm/2026/2026-03-01/DSC_2526.NEF,23312,4,Blue,pick,picked,0.9167,0.5666,0.9963,0.4878,0.6524,0.9689,0.002,0.024,0.0027,0.0561,-0.0005,0.0063,0.0344,-0.0621,high quality,blurry,0.4241,0.4529,0.4511,0.4416,0.4167,0.4212,0.443,0.4001,0.4503,0.3951,0.4421,0.4104,0.3868,0.5052,v0,bioclip_2_image
49089,/mnt/d/Photos/Z8/180-600mm/2026/2026-03-01/DSC_2527.NEF,23313,3,Blue,pick,neutral,0.9008,0.5825,0.9951,0.4001,0.5598,0.9602,0.0019,0.0221,0.0033,0.0531,-0.0041,0.0024,0.0318,-0.0629,high quality,blurry,0.4187,0.4511,0.4487,0.4389,0.4115,0.4173,0.445,0.3967,0.4478,0.3956,0.443,0.4091,0.3855,0.5079,v0,bioclip_2_image
49090,/mnt/d/Photos/Z8/180-600mm/2026/2026-03-01/DSC_2528.NEF,23313,3,Green,pick,neutral,0.925,0.5825,0.9968,0.4264,0.6091,0.9614,0.0023,0.0251,0.0033,0.0575,-0.003,0.0044,0.0322,-0.0609,high quality,blurry,0.4222,0.4523,0.4515,0.4423,0.4143,0.4203,0.4515,0.397,0.449,0.3941,0.4452,0.4099,0.3881,0.5125,v0,bioclip_2_image
49091,/mnt/d/Photos/Z8/180-600mm/2026/2026-03-01/DSC_2529.NEF,23314,4,Blue,pick,picked,0.9306,0.5634,0.997,0.4776,0.7142,0.9791,0.0025,0.026,0.0026,0.0582,-0.0009,0.0092,0.0384,-0.06,high quality,blurry,0.4188,0.4484,0.4487,0.4366,0.412,0.4179,0.4435,0.3929,0.4459,0.3904,0.4375,0.4029,0.3795,0.5035,v0,bioclip_2_image
49092,/mnt/d/Photos/Z8/180-600mm/2026/2026-03-01/DSC_2530.NEF,23314,4,Blue,pick,picked,0.9262,0.5469,0.9968,0.5407,0.6867,0.9795,0.0025,0.0253,0.0019,0.0575,0.0016,0.0078,0.0386,-0.06,high quality,blurry,0.4206,0.4481,0.4485,0.4382,0.4131,0.4193,0.4452,0.3953,0.4462,0.3909,0.4366,0.4053,0.3806,0.5052,v0,bioclip_2_image
49093,/mnt/d/Photos/Z8/180-600mm/2026/2026-03-01/DSC_2531.NEF,23314,4,Blue,pick,picked,0.9204,0.5395,0.9966,0.54,0.6704,0.9764,0.0024,0.0245,0.0016,0.0569,0.0016,0.0071,0.0372,-0.0601,high quality,blurry,0.4202,0.448,0.4486,0.4385,0.4124,0.4189,0.4416,0.3958,0.4464,0.3917,0.4369,0.4053,0.3817,0.5017,v0,bioclip_2_image
49094,/mnt/d/Photos/Z8/180-600mm/2026/2026-03-01/DSC_2532.NEF,23315,3,Blue,pick,neutral,0.8727,0.4634,0.996,0.4361,0.5947,0.9583,0.0014,0.0193,-0.0015,0.0553,-0.0026,0.0038,0.0314,-0.0655,high quality,blurry,0.4188,0.4471,0.4468,0.44,0.4142,0.4185,0.4435,0.3996,0.4486,0.3915,0.4426,0.4104,0.3871,0.5091,v0,bioclip_2_image
49095,/mnt/d/Photos/Z8/180-600mm/2026/2026-03-01/DSC_2533.NEF,23315,4,Blue,pick,picked,0.8726,0.4544,0.9958,0.433,0.6142,0.9607,0.0014,0.0192,-0.0018,0.0547,-0.0027,0.0046,0.032,-0.0659,a photo with strong subject separation,blurry,0.4202,0.4482,0.449,0.4406,0.4174,0.4202,0.4432,0.401,0.4501,0.3944,0.4433,0.4128,0.3883,0.5092,v0,bioclip_2_image
6643,/mnt/d/Photos/Z6ii/28-400mm/2025/2025-08-23/DSC_3920.NEF,,3,Green,neutral,neutral,0.8417,0.3672,0.9959,0.4213,0.6474,0.9299,0.0072,0.0167,-0.0054,0.055,-0.0032,0.0061,0.0259,-0.0493,a photo with strong subject separation,a photo with no clear subject,0.4255,0.447,0.4434,0.4396,0.4253,0.4195,0.447,0.4088,0.4524,0.3883,0.4428,0.4192,0.3936,0.4963,v0,bioclip_2_image
6644,/mnt/d/Photos/Z6ii/28-400mm/2025/2025-08-23/DSC_3921.NEF,17424,2,Yellow,pick,rejected,0.8613,0.3558,0.9966,0.3116,0.8103,0.8966,0.02,0.0183,-0.0059,0.0569,-0.0079,0.0145,0.0216,-0.0389,a photo with strong subject separation,a photo with no clear subject,0.4331,0.4562,0.4568,0.4465,0.4341,0.4242,0.4677,0.4149,0.4621,0.3999,0.4545,0.4196,0.4026,0.5067,v0,bioclip_2_image
6645,/mnt/d/Photos/Z6ii/28-400mm/2025/2025-08-23/DSC_3922.NEF,17424,2,Yellow,pick,rejected,0.8581,0.3784,0.9961,0.3079,0.7124,0.9076,0.0109,0.018,-0.005,0.0554,-0.0081,0.0091,0.0229,-0.0451,a photo with strong subject separation,a photo with no clear subject,0.4295,0.4515,0.4502,0.4398,0.4304,0.4221,0.4542,0.4115,0.4565,0.3948,0.4479,0.4213,0.3993,0.4993,v0,bioclip_2_image
6646,/mnt/d/Photos/Z6ii/28-400mm/2025/2025-08-23/DSC_3923.NEF,17424,2,Yellow,pick,rejected,0.8711,0.4161,0.9962,0.4429,0.8064,0.9038,0.0207,0.0191,-0.0034,0.0557,-0.0023,0.0143,0.0224,-0.0386,a photo with strong subject separation,a photo with no clear subject,0.4227,0.4429,0.4381,0.4371,0.4287,0.4146,0.4607,0.4036,0.4462,0.3824,0.4394,0.4144,0.3922,0.4993,v0,bioclip_2_image
6647,/mnt/d/Photos/Z6ii/28-400mm/2025/2025-08-23/DSC_3924.NEF,365,3,Green,neutral,neutral,0.8547,0.4025,0.9961,0.3692,0.7307,0.9313,0.0106,0.0177,-0.004,0.0555,-0.0054,0.01,0.0261,-0.0453,a photo with strong subject separation,a photo with no clear subject,0.427,0.4498,0.4486,0.4382,0.4278,0.421,0.4519,0.4093,0.4538,0.3932,0.4435,0.4178,0.3949,0.4972,v0,bioclip_2_image
6648,/mnt/d/Photos/Z6ii/28-400mm/2025/2025-08-23/DSC_3925.NEF,367,3,Green,pick,neutral,0.8674,0.4302,0.9971,0.4202,0.8116,0.9232,0.0148,0.0188,-0.0028,0.0585,-0.0032,0.0146,0.0249,-0.042,a photo with strong subject separation,a photo with no clear subject,0.4301,0.452,0.451,0.4407,0.4339,0.4233,0.457,0.4113,0.4548,0.3925,0.4439,0.4193,0.3984,0.4989,v0,bioclip_2_image
6649,/mnt/d/Photos/Z6ii/28-400mm/2025/2025-08-23/DSC_3926.NEF,367,3,Green,pick,neutral,0.8684,0.4037,0.9968,0.4411,0.7622,0.9173,0.0115,0.0189,-0.0039,0.0573,-0.0024,0.0116,0.0241,-0.0445,a photo with strong subject separation,a photo with no clear subject,0.4302,0.4531,0.45,0.4417,0.4336,0.4236,0.4561,0.4113,0.457,0.3927,0.4441,0.4219,0.3995,0.5005,v0,bioclip_2_image
6650,/mnt/d/Photos/Z6ii/28-400mm/2025/2025-08-23/DSC_3927.NEF,367,2,Yellow,pick,rejected,0.8915,0.5017,0.9964,0.3362,0.9031,0.9024,0.0219,0.0211,0.0001,0.0563,-0.0068,0.0223,0.0222,-0.038,a photo with strong subject separation,a photo with no clear subject,0.4328,0.4531,0.4507,0.4438,0.4404,0.425,0.4686,0.4118,0.453,0.3944,0.4506,0.4181,0.4027,0.5066,v0,bioclip_2_image
6651,/mnt/d/Photos/Z6ii/28-400mm/2025/2025-08-23/DSC_3928.NEF,367,2,Yellow,reject,rejected,0.8554,0.4217,0.9973,0.4194,0.7736,0.9217,0.0122,0.0178,-0.0032,0.0589,-0.0033,0.0123,0.0247,-0.044,a photo with strong subject separation,a photo with no clear subject,0.4316,0.4545,0.4541,0.4418,0.435,0.4254,0.4531,0.4138,0.4576,0.3952,0.4451,0.4227,0.4007,0.4971,v0,bioclip_2_image
6652,/mnt/d/Photos/Z6ii/28-400mm/2025/2025-08-23/DSC_3929.NEF,17425,3,Green,pick,neutral,0.8391,0.3825,0.9968,0.2955,0.7176,0.9311,0.011,0.0165,-0.0048,0.0574,-0.0087,0.0093,0.026,-0.045,a photo with strong subject separation,a photo with no clear subject,0.4239,0.4476,0.4477,0.4358,0.428,0.42,0.449,0.4074,0.4524,0.3903,0.4445,0.4187,0.394,0.494,v0,bioclip_2_image
6653,/mnt/d/Photos/Z6ii/28-400mm/2025/2025-08-23/DSC_3930.NEF,17426,3,Green,pick,neutral,0.834,0.3292,0.9973,0.2158,0.7797,0.9234,0.0061,0.0161,-0.0071,0.0591,-0.0129,0.0126,0.0249,-0.0509,a photo with strong subject separation,a photo with no clear subject,0.4283,0.4502,0.453,0.4372,0.4329,0.4232,0.4482,0.4121,0.4573,0.3939,0.4501,0.4202,0.3983,0.499,v0,bioclip_2_image
6654,/mnt/d/Photos/Z6ii/28-400mm/2025/2025-08-23/DSC_3931.NEF,17426,3,Yellow,pick,neutral,0.8326,0.3618,0.9977,0.3045,0.7033,0.9034,0.0067,0.016,-0.0057,0.0608,-0.0083,0.0086,0.0224,-0.05,a photo with strong subject separation,a photo with no clear subject,0.4257,0.4505,0.4509,0.4374,0.4301,0.4189,0.4482,0.4096,0.4562,0.3901,0.4457,0.4215,0.3965,0.4982,v0,bioclip_2_image
6655,/mnt/d/Photos/Z6ii/28-400mm/2025/2025-08-23/DSC_3932.NEF,366,3,Green,pick,neutral,0.8848,0.4072,0.9768,0.1261,0.7887,0.84,0.0063,0.0204,-0.0038,0.0374,-0.0194,0.0132,0.0166,-0.0506,a photo with strong subject separation,blurry,0.4117,0.4287,0.4322,0.4125,0.4199,0.4081,0.4341,0.3913,0.4324,0.3947,0.4319,0.4067,0.3915,0.4847,v0,bioclip_2_image
6656,/mnt/d/Photos/Z6ii/28-400mm/2025/2025-08-23/DSC_3933.NEF,366,2,Green,pick,rejected,0.9041,0.4423,0.9933,0.1632,0.8453,0.8895,0.0076,0.0224,-0.0023,0.0499,-0.0163,0.017,0.0209,-0.0487,a photo with strong subject separation,blurry,0.412,0.4333,0.4353,0.4127,0.4213,0.4079,0.4393,0.3895,0.4356,0.3854,0.429,0.4043,0.387,0.488,v0,bioclip_2_image
6657,/mnt/d/Photos/Z6ii/28-400mm/2025/2025-08-23/DSC_3934.NEF,365,3,Green,pick,neutral,0.8502,0.3802,0.9974,0.333,0.7821,0.9237,0.0122,0.0174,-0.0049,0.0596,-0.0069,0.0128,0.0249,-0.0439,a photo with strong subject separation,a photo with no clear subject,0.4284,0.4502,0.451,0.4393,0.4328,0.4229,0.4547,0.411,0.4551,0.3914,0.4462,0.4201,0.398,0.4986,v0,bioclip_2_image
6658,/mnt/d/Photos/Z6ii/28-400mm/2025/2025-08-23/DSC_3935.NEF,365,3,Green,reject,neutral,0.8639,0.4061,0.9966,0.3249,0.8297,0.9019,0.0136,0.0185,-0.0038,0.0569,-0.0073,0.0158,0.0222,-0.0428,a photo with strong subject separation,blurry,0.4273,0.4496,0.4498,0.4397,0.4296,0.4209,0.4645,0.4089,0.4534,0.3929,0.447,0.4137,0.3987,0.5074,v0,bioclip_2_image
6659,/mnt/d/Photos/Z6ii/28-400mm/2025/2025-08-23/DSC_3937.NEF,365,3,Yellow,reject,neutral,0.8333,0.385,0.9968,0.4034,0.6883,0.9215,0.0085,0.0161,-0.0047,0.0574,-0.0039,0.0079,0.0246,-0.0476,a photo with strong subject separation,a photo with no clear subject,0.4293,0.452,0.45,0.4422,0.4326,0.4219,0.4504,0.4132,0.4567,0.3926,0.4461,0.4246,0.3972,0.498,v0,bioclip_2_image
6660,/mnt/d/Photos/Z6ii/28-400mm/2025/2025-08-23/DSC_3938.NEF,365,3,Green,pick,neutral,0.8407,0.3378,0.9959,0.3919,0.6863,0.9212,0.0085,0.0166,-0.0067,0.0549,-0.0044,0.0078,0.0246,-0.0476,a photo with strong subject separation,a photo with no clear subject,0.4261,0.449,0.4455,0.4387,0.4287,0.4216,0.4489,0.4095,0.4557,0.3906,0.4431,0.4209,0.397,0.4965,v0,bioclip_2_image
6661,/mnt/d/Photos/Z6ii/28-400mm/2025/2025-08-23/DSC_3939.NEF,17425,3,Green,pick,neutral,0.8413,0.4124,0.9975,0.327,0.7594,0.9275,0.0093,0.0167,-0.0035,0.0597,-0.0072,0.0115,0.0255,-0.0466,a photo with strong subject separation,a photo with no clear subject,0.4256,0.4501,0.4475,0.4373,0.4305,0.4199,0.4494,0.4089,0.4536,0.3878,0.4445,0.419,0.3944,0.496,v0,bioclip_2_image
6662,/mnt/d/Photos/Z6ii/28-400mm/2025/2025-08-23/DSC_3940.NEF,17425,3,Green,pick,neutral,0.8365,0.399,0.997,0.3303,0.8051,0.9169,0.0107,0.0163,-0.0041,0.0579,-0.0071,0.0142,0.024,-0.0453,a photo with strong subject separation,a photo with no clear subject,0.4261,0.4502,0.4488,0.4361,0.4323,0.4194,0.4517,0.4098,0.4543,0.3909,0.4432,0.4181,0.3954,0.4969,v0,bioclip_2_image
6663,/mnt/d/Photos/Z6ii/28-400mm/2025/2025-08-23/DSC_3942.NEF,365,3,Green,pick,neutral,0.842,0.3538,0.9968,0.465,0.643,0.9272,0.0074,0.0167,-0.006,0.0575,-0.0014,0.0059,0.0255,-0.0489,a photo with strong subject separation,a photo with no clear subject,0.4263,0.4498,0.4469,0.4414,0.4266,0.4204,0.4463,0.4096,0.4558,0.3895,0.4428,0.4207,0.3949,0.4952,v0,bioclip_2_image
6664,/mnt/d/Photos/Z6ii/28-400mm/2025/2025-08-23/DSC_3944.NEF,364,3,Yellow,pick,neutral,0.8959,0.2723,0.9965,0.3879,0.6035,0.9354,0.0019,0.0215,-0.0098,0.0565,-0.0046,0.0042,0.0267,-0.0627,a photo with strong subject separation,a photo with no clear subject,0.4137,0.4265,0.441,0.4276,0.4193,0.4113,0.4328,0.3922,0.4363,0.3845,0.4322,0.4151,0.3846,0.4955,v0,bioclip_2_image
6665,/mnt/d/Photos/Z6ii/28-400mm/2025/2025-08-23/DSC_3945.NEF,364,3,Green,pick,neutral,0.887,0.2816,0.9968,0.3814,0.5227,0.9278,0.0019,0.0206,-0.0094,0.0574,-0.0048,0.0009,0.0255,-0.0624,a photo with strong subject separation,a photo with no clear subject,0.4152,0.43,0.4435,0.4309,0.4192,0.4116,0.4333,0.3946,0.4394,0.3861,0.4357,0.4183,0.3861,0.4957,v0,bioclip_2_image
6666,/mnt/d/Photos/Z6ii/28-400mm/2025/2025-08-23/DSC_3946.NEF,364,3,Yellow,pick,neutral,0.8774,0.2772,0.9961,0.362,0.5082,0.8987,0.0016,0.0197,-0.0096,0.0554,-0.0057,0.0003,0.0218,-0.0644,a photo with strong subject separation,a photo with no clear subject,0.4177,0.4306,0.4449,0.4321,0.4203,0.4132,0.4331,0.398,0.4402,0.3895,0.4378,0.42,0.3914,0.4975,v0,bioclip_2_image
6667,/mnt/d/Photos/Z6ii/28-400mm/2025/2025-08-23/DSC_3947.NEF,,2,Yellow,neutral,rejected,0.8984,0.3143,0.9968,0.3784,0.6176,0.9269,0.0015,0.0218,-0.0078,0.0574,-0.005,0.0048,0.0254,-0.0648,a photo with strong subject separation,a photo with no clear subject,0.4171,0.4295,0.4439,0.4302,0.4205,0.4129,0.4294,0.3953,0.4373,0.3865,0.4352,0.4157,0.3875,0.4942,v0,bioclip_2_image
6668,/mnt/d/Photos/Z6ii/28-400mm/2025/2025-08-23/DSC_3948.NEF,,3,Green,neutral,neutral,0.9115,0.3825,0.9972,0.4553,0.6305,0.9516,0.0021,0.0233,-0.0048,0.0589,-0.0018,0.0053,0.0298,-0.0615,a photo with strong subject separation,a photo with no clear subject,0.4139,0.4294,0.4418,0.4287,0.4216,0.4107,0.4354,0.3906,0.4342,0.383,0.4305,0.4162,0.381,0.4969,v0,bioclip_2_image
6669,/mnt/d/Photos/Z6ii/28-400mm/2025/2025-08-23/DSC_3949.NEF,,3,Green,neutral,neutral,0.898,0.268,0.997,0.533,0.5253,0.933,0.0023,0.0218,-0.01,0.0579,0.0013,0.001,0.0263,-0.0606,a photo with strong subject separation,a photo with no clear subject,0.4168,0.4291,0.4422,0.432,0.4196,0.4124,0.4404,0.3951,0.4392,0.3843,0.4307,0.4186,0.386,0.501,v0,bioclip_2_image
6670,/mnt/d/Photos/Z6ii/28-400mm/2025/2025-08-23/DSC_3951.NEF,17427,4,Green,pick,picked,0.9083,0.3228,0.9978,0.465,0.6764,0.9661,0.0018,0.0229,-0.0074,0.0614,-0.0014,0.0074,0.0335,-0.063,a photo with strong subject separation,a photo with no clear subject,0.414,0.4288,0.4431,0.4283,0.4224,0.4139,0.4386,0.3911,0.4362,0.3817,0.4297,0.415,0.3804,0.5015,v0,bioclip_2_image
6671,/mnt/d/Photos/Z6ii/28-400mm/2025/2025-08-23/DSC_3954.NEF,17427,4,Green,pick,picked,0.9179,0.4152,0.9979,0.4903,0.6845,0.9711,0.0023,0.0241,-0.0034,0.0617,-0.0004,0.0077,0.0352,-0.0607,a photo with strong subject separation,a photo with no clear subject,0.4176,0.4357,0.4465,0.4332,0.4261,0.419,0.4417,0.3935,0.4391,0.3848,0.4336,0.4184,0.3839,0.5024,v0,bioclip_2_image
6673,/mnt/d/Photos/Z6ii/28-400mm/2025/2025-08-23/DSC_3965.NEF,,4,Blue,neutral,picked,0.9039,0.3071,0.9966,0.4566,0.636,0.955,0.0017,0.0224,-0.0081,0.0568,-0.0017,0.0056,0.0306,-0.064,a photo with strong subject separation,a photo with no clear subject,0.416,0.4305,0.4434,0.4325,0.4217,0.414,0.4332,0.3936,0.4386,0.3867,0.4342,0.4161,0.3834,0.4972,v0,bioclip_2_image
6674,/mnt/d/Photos/Z6ii/28-400mm/2025/2025-08-23/DSC_3968.NEF,,4,Blue,neutral,picked,0.9046,0.3588,0.9968,0.4316,0.6102,0.9526,0.0019,0.0225,-0.0058,0.0573,-0.0028,0.0045,0.03,-0.0626,a photo with strong subject separation,a photo with no clear subject,0.417,0.4329,0.4442,0.4304,0.4231,0.4154,0.4364,0.3945,0.4387,0.3869,0.4331,0.4186,0.3854,0.499,v0,bioclip_2_image
6675,/mnt/d/Photos/Z6ii/28-400mm/2025/2025-08-23/DSC_3970.NEF,,3,Green,neutral,neutral,0.8641,0.1761,0.9944,0.2718,0.5948,0.9025,0.0019,0.0185,-0.0154,0.0519,-0.0099,0.0038,0.0223,-0.0628,a photo with strong subject separation,a photo with no clear subject,0.4184,0.432,0.4467,0.4298,0.4193,0.4136,0.434,0.3999,0.4474,0.3948,0.4397,0.4155,0.3913,0.4969,v0,bioclip_2_image
6676,/mnt/d/Photos/Z6ii/28-400mm/2025/2025-08-23/DSC_3973.NEF,,3,Green,neutral,neutral,0.9005,0.2764,0.9971,0.3645,0.5511,0.9389,0.0021,0.022,-0.0096,0.0584,-0.0056,0.0021,0.0273,-0.0616,a photo with strong subject separation,a photo with no clear subject,0.4146,0.4278,0.4426,0.4263,0.4185,0.41,0.4311,0.3926,0.4374,0.3842,0.4318,0.4164,0.3827,0.4928,v0,bioclip_2_image
6677,/mnt/d/Photos/Z6ii/28-400mm/2025/2025-08-23/DSC_3974.NEF,,4,Green,neutral,picked,0.9552,0.3727,0.9974,0.2017,0.8612,0.8732,0.0039,0.0306,-0.0052,0.0595,-0.0138,0.0183,0.0193,-0.0554,a photo with strong subject separation,a photo with no clear subject,0.4135,0.4297,0.4458,0.4113,0.4197,0.4035,0.4368,0.3829,0.4349,0.3863,0.4251,0.4014,0.3842,0.4922,v0,bioclip_2_image
6678,/mnt/d/Photos/Z6ii/28-400mm/2025/2025-08-23/DSC_3975.NEF,,3,Green,neutral,neutral,0.9271,0.2588,0.9965,0.1884,0.7818,0.922,0.0024,0.0254,-0.0105,0.0564,-0.0146,0.0128,0.0247,-0.0602,a photo with strong subject separation,a photo with no clear subject,0.4198,0.4349,0.4523,0.424,0.422,0.4126,0.4383,0.3944,0.4454,0.3958,0.4386,0.4093,0.3879,0.4985,v0,bioclip_2_image
6679,/mnt/d/Photos/Z6ii/28-400mm/2025/2025-08-23/DSC_3979.NEF,,4,Green,neutral,picked,0.8862,0.359,0.9964,0.3759,0.6117,0.9183,0.0016,0.0205,-0.0058,0.0562,-0.0051,0.0045,0.0242,-0.0644,a photo with strong subject separation,a photo with no clear subject,0.4209,0.4374,0.4464,0.4345,0.4258,0.4148,0.4342,0.4004,0.4432,0.3902,0.4396,0.4212,0.3906,0.4986,v0,bioclip_2_image
6680,/mnt/d/Photos/Z6ii/28-400mm/2025/2025-08-23/DSC_3980.NEF,351,4,Green,pick,picked,0.9548,0.2392,0.997,0.4709,0.8022,0.9315,0.0069,0.0305,-0.0116,0.058,-0.0012,0.014,0.0261,-0.0497,a photo with strong subject separation,a photo with no clear subject,0.4367,0.4461,0.4632,0.4421,0.4325,0.4275,0.4573,0.4062,0.4576,0.4051,0.4433,0.4185,0.4014,0.507,v0,bioclip_2_image
6681,/mnt/d/Photos/Z6ii/28-400mm/2025/2025-08-23/DSC_3981.NEF,351,4,Green,pick,picked,0.9335,0.4111,0.9966,0.3294,0.6837,0.9174,0.003,0.0264,-0.0036,0.0568,-0.0071,0.0077,0.0241,-0.058,a photo with strong subject separation,a photo with no clear subject,0.4247,0.438,0.4541,0.4325,0.429,0.4202,0.4359,0.3983,0.4416,0.3973,0.4396,0.4213,0.3961,0.4939,v0,bioclip_2_image
6682,/mnt/d/Photos/Z6ii/28-400mm/2025/2025-08-23/DSC_3982.NEF,350,3,Green,pick,neutral,0.9173,0.2697,0.9956,0.4085,0.6686,0.9256,0.0017,0.0241,-0.01,0.0541,-0.0037,0.007,0.0252,-0.0638,a photo with strong subject separation,a photo with no clear subject,0.4305,0.4428,0.4549,0.4471,0.4345,0.4247,0.4402,0.4064,0.4528,0.4008,0.4508,0.4275,0.3995,0.504,v0,bioclip_2_image
6683,/mnt/d/Photos/Z6ii/28-400mm/2025/2025-08-23/DSC_3983.NEF,350,3,Green,pick,neutral,0.9216,0.3256,0.9967,0.4696,0.6569,0.9411,0.0019,0.0246,-0.0073,0.057,-0.0012,0.0065,0.0277,-0.0626,a photo with strong subject separation,a photo with no clear subject,0.4229,0.4344,0.447,0.4371,0.4258,0.4175,0.4314,0.3982,0.4417,0.39,0.4383,0.4193,0.3897,0.494,v0,bioclip_2_image
6684,/mnt/d/Photos/Z6ii/28-400mm/2025/2025-08-23/DSC_3986.NEF,,4,Green,neutral,picked,0.8998,0.3765,0.9965,0.3092,0.6448,0.9054,0.0015,0.022,-0.005,0.0566,-0.008,0.006,0.0226,-0.0647,a photo with strong subject separation,a photo with no clear subject,0.4236,0.4392,0.4507,0.4362,0.4286,0.417,0.4341,0.4017,0.4442,0.3941,0.4442,0.4226,0.3944,0.4988,v0,bioclip_2_image
6686,/mnt/d/Photos/Z6ii/28-400mm/2025/2025-08-23/DSC_3990.NEF,,2,Yellow,neutral,rejected,0.9424,0.1794,0.9954,0.3604,0.6328,0.7646,0.0222,0.0279,-0.0152,0.0538,-0.0057,0.0054,0.0118,-0.0378,a photo with strong subject separation,blurry,0.4356,0.4492,0.4538,0.4474,0.4128,0.4154,0.4731,0.4076,0.4644,0.4001,0.4532,0.4074,0.4037,0.5109,v0,bioclip_2_image
6687,/mnt/d/Photos/Z6ii/28-400mm/2025/2025-08-23/DSC_3991.NEF,17428,2,Yellow,neutral,rejected,0.8719,0.31,0.9954,0.3755,0.5891,0.8963,0.0018,0.0192,-0.008,0.0538,-0.0051,0.0036,0.0216,-0.0634,a photo with strong subject separation,a photo with no clear subject,0.4241,0.4387,0.4506,0.4407,0.4265,0.4193,0.4353,0.4049,0.4467,0.3969,0.4458,0.4229,0.3977,0.4988,v0,bioclip_2_image
6688,/mnt/d/Photos/Z6ii/28-400mm/2025/2025-08-23/DSC_3992.NEF,346,2,Yellow,pick,rejected,0.8418,0.3321,0.994,0.3179,0.5438,0.8278,0.0018,0.0167,-0.007,0.0512,-0.0076,0.0018,0.0157,-0.0631,a photo with strong subject separation,a photo with no clear subject,0.4286,0.4449,0.4553,0.4435,0.4332,0.4224,0.4391,0.4118,0.4519,0.4041,0.4511,0.4314,0.4067,0.5022,v0,bioclip_2_image
6689,/mnt/d/Photos/Z6ii/28-400mm/2025/2025-08-23/DSC_3993.NEF,17428,2,Yellow,neutral,rejected,0.8435,0.2613,0.9937,0.2614,0.6556,0.856,0.0019,0.0168,-0.0104,0.0506,-0.0104,0.0064,0.0178,-0.0624,a photo with strong subject separation,a photo with no clear subject,0.4251,0.4391,0.4522,0.4391,0.4319,0.4196,0.4423,0.4083,0.4495,0.4016,0.4495,0.4255,0.4018,0.5047,v0,bioclip_2_image
6690,/mnt/d/Photos/Z6ii/28-400mm/2025/2025-08-23/DSC_3995.NEF,346,1,Yellow,pick,rejected,0.8325,0.2637,0.9932,0.3191,0.6107,0.8907,0.0022,0.016,-0.0103,0.0499,-0.0076,0.0045,0.021,-0.0613,a photo with strong subject separation,a photo with no clear subject,0.4264,0.4422,0.4531,0.4414,0.4305,0.4229,0.4464,0.4104,0.4524,0.4032,0.4489,0.426,0.402,0.5078,v0,bioclip_2_image
6695,/mnt/d/Photos/Z6ii/28-400mm/2025/2025-08-23/DSC_4000.NEF,17429,2,Yellow,neutral,rejected,0.8569,0.6475,0.9949,0.47,0.5903,0.9497,0.0029,0.0179,0.0061,0.0527,-0.0012,0.0037,0.0294,-0.0583,a photo with strong subject separation,a photo with no clear subject,0.4158,0.4456,0.4357,0.4358,0.4182,0.4109,0.4559,0.3979,0.4396,0.383,0.437,0.4145,0.3815,0.5142,v0,bioclip_2_image
6697,/mnt/d/Photos/Z6ii/28-400mm/2025/2025-08-23/DSC_4002.NEF,341,3,Green,neutral,neutral,0.9004,0.2646,0.9928,0.2677,0.8631,0.7997,0.003,0.022,-0.0102,0.0493,-0.0101,0.0184,0.0138,-0.0579,a photo with strong subject separation,a photo with no clear subject,0.4235,0.4304,0.4474,0.4311,0.4288,0.4155,0.4375,0.4015,0.4406,0.3981,0.4412,0.4104,0.4016,0.4954,v0,bioclip_2_image
6698,/mnt/d/Photos/Z6ii/28-400mm/2025/2025-08-23/DSC_4003.NEF,17430,2,Yellow,pick,rejected,0.8774,0.2313,0.9942,0.2464,0.6174,0.8121,0.0018,0.0197,-0.012,0.0514,-0.0112,0.0048,0.0146,-0.0631,a photo with strong subject separation,a photo with no clear subject,0.4239,0.432,0.4515,0.4359,0.4282,0.4195,0.4349,0.4042,0.444,0.4001,0.4471,0.4234,0.4048,0.498,v0,bioclip_2_image
6699,/mnt/d/Photos/Z6ii/28-400mm/2025/2025-08-23/DSC_4004.NEF,341,2,Green,neutral,rejected,0.9322,0.4145,0.9939,0.1768,0.8569,0.767,0.0052,0.0262,-0.0035,0.0509,-0.0154,0.0179,0.0119,-0.0525,a photo with strong subject separation,a photo with no clear subject,0.427,0.4366,0.4489,0.431,0.438,0.4198,0.4424,0.4008,0.44,0.398,0.4464,0.4201,0.4079,0.4949,v0,bioclip_2_image
6700,/mnt/d/Photos/Z6ii/28-400mm/2025/2025-08-23/DSC_4005.NEF,17430,2,Green,pick,rejected,0.9391,0.4776,0.9949,0.1797,0.7494,0.7962,0.0045,0.0274,-0.0009,0.0528,-0.0152,0.011,0.0136,-0.054,a photo with strong subject separation,a photo with no clear subject,0.4303,0.4424,0.4522,0.4381,0.4262,0.4227,0.4497,0.4029,0.4433,0.3994,0.4532,0.4153,0.4091,0.5037,v0,bioclip_2_image
6702,/mnt/d/Photos/Z6ii/28-400mm/2025/2025-08-23/DSC_4008.NEF,,4,Green,neutral,picked,0.8611,0.3053,0.9948,0.396,0.531,0.9416,0.0021,0.0182,-0.0082,0.0526,-0.0042,0.0012,0.0278,-0.0616,a photo with strong subject separation,a photo with no clear subject,0.4172,0.435,0.4449,0.4323,0.4209,0.4161,0.4323,0.399,0.4432,0.3924,0.4366,0.4197,0.3883,0.4939,v0,bioclip_2_image
6703,/mnt/d/Photos/Z6ii/28-400mm/2025/2025-08-23/DSC_4009.NEF,338,3,Green,pick,neutral,0.9565,0.3287,0.998,0.6057,0.8209,0.9718,0.0101,0.0309,-0.0071,0.062,0.0043,0.0152,0.0354,-0.0459,a photo with strong subject separation,a photo with no clear subject,0.4169,0.4271,0.4434,0.4257,0.4191,0.4139,0.4364,0.386,0.4342,0.3814,0.4214,0.4039,0.3785,0.4823,v0,bioclip_2_image
6705,/mnt/d/Photos/Z6ii/28-400mm/2025/2025-08-23/DSC_4011.NEF,17431,3,Green,pick,neutral,0.9077,0.2777,0.996,0.3265,0.771,0.9362,0.0039,0.0229,-0.0096,0.0552,-0.0072,0.0121,0.0269,-0.0555,a photo with strong subject separation,a photo with no clear subject,0.4188,0.4351,0.449,0.4344,0.4219,0.4214,0.4446,0.3959,0.4447,0.3937,0.4417,0.4098,0.3945,0.5002,v0,bioclip_2_image
6706,/mnt/d/Photos/Z6ii/28-400mm/2025/2025-08-23/DSC_4012.NEF,,3,Green,neutral,neutral,0.8608,0.3631,0.9942,0.3847,0.5539,0.9058,0.0027,0.0182,-0.0056,0.0514,-0.0047,0.0022,0.0226,-0.0593,a photo with strong subject separation,a photo with no clear subject,0.4164,0.4355,0.4461,0.4354,0.4187,0.415,0.4357,0.3982,0.4411,0.3947,0.4401,0.4165,0.3924,0.495,v0,bioclip_2_image
6707,/mnt/d/Photos/Z6ii/28-400mm/2025/2025-08-23/DSC_4013.NEF,17431,3,Green,pick,neutral,0.8819,0.2892,0.9951,0.4486,0.6207,0.9443,0.0022,0.0201,-0.009,0.0532,-0.0021,0.0049,0.0283,-0.061,a photo with strong subject separation,a photo with no clear subject,0.4184,0.4334,0.4452,0.4349,0.4216,0.4173,0.4345,0.3983,0.4424,0.392,0.4369,0.4167,0.389,0.4954,v0,bioclip_2_image
6708,/mnt/d/Photos/Z6ii/28-400mm/2025/2025-08-23/DSC_4015.NEF,336,3,Green,pick,neutral,0.9068,0.2761,0.9946,0.4351,0.6978,0.952,0.0031,0.0227,-0.0096,0.0522,-0.0026,0.0084,0.0299,-0.0577,a photo with strong subject separation,a photo with no clear subject,0.4206,0.4319,0.4484,0.4359,0.4235,0.4204,0.4375,0.3978,0.4415,0.3961,0.4385,0.4151,0.3905,0.4952,v0,bioclip_2_image
6709,/mnt/d/Photos/Z6ii/28-400mm/2025/2025-08-23/DSC_4016.NEF,17432,3,Green,pick,neutral,0.9364,0.2954,0.9956,0.5243,0.7802,0.9405,0.0034,0.0269,-0.0087,0.0542,0.001,0.0127,0.0276,-0.0567,a photo with strong subject separation,a photo with no clear subject,0.4172,0.426,0.4435,0.4251,0.4209,0.4127,0.4232,0.3903,0.4347,0.3893,0.4241,0.4083,0.3851,0.48,v0,bioclip_2_image
6710,/mnt/d/Photos/Z6ii/28-400mm/2025/2025-08-23/DSC_4017.NEF,336,3,Green,pick,neutral,0.9535,0.381,0.9953,0.3912,0.8104,0.9759,0.0053,0.0302,-0.0049,0.0536,-0.0044,0.0145,0.037,-0.0523,a photo with strong subject separation,a photo with no clear subject,0.4134,0.4243,0.4366,0.4211,0.4154,0.4161,0.4267,0.3832,0.4292,0.383,0.4255,0.4009,0.3791,0.479,v0,bioclip_2_image
6711,/mnt/d/Photos/Z6ii/28-400mm/2025/2025-08-23/DSC_4018.NEF,17432,3,Green,pick,neutral,0.9218,0.4416,0.993,0.5223,0.6688,0.9612,0.003,0.0247,-0.0023,0.0495,0.0009,0.007,0.0321,-0.0581,a photo with strong subject separation,a photo with no clear subject,0.4228,0.4356,0.4452,0.439,0.4222,0.4205,0.4338,0.3982,0.4379,0.3957,0.4381,0.4152,0.3884,0.4919,v0,bioclip_2_image
6712,/mnt/d/Photos/Z6ii/28-400mm/2025/2025-08-23/DSC_4019.NEF,336,3,Green,pick,neutral,0.9593,0.3522,0.9961,0.6178,0.8203,0.9826,0.0116,0.0316,-0.0061,0.0555,0.0048,0.0152,0.0403,-0.0444,a photo with strong subject separation,a photo with no clear subject,0.4269,0.4361,0.449,0.4335,0.4274,0.4294,0.4472,0.3953,0.4422,0.3935,0.4287,0.4122,0.3891,0.4916,v0,bioclip_2_image
6713,/mnt/d/Photos/Z6ii/28-400mm/2025/2025-08-23/DSC_4020.NEF,,3,Green,neutral,neutral,0.8579,0.2927,0.9958,0.2801,0.5514,0.9164,0.0021,0.018,-0.0088,0.0547,-0.0094,0.0021,0.0239,-0.0616,a photo with strong subject separation,a photo with no clear subject,0.4217,0.439,0.453,0.437,0.4242,0.4184,0.4384,0.4037,0.4478,0.3983,0.4465,0.4221,0.3945,0.5,v0,bioclip_2_image
6714,/mnt/d/Photos/Z6ii/28-400mm/2025/2025-08-23/DSC_4021.NEF,,3,Green,neutral,neutral,0.8787,0.3147,0.9959,0.4323,0.5225,0.9318,0.0021,0.0198,-0.0078,0.055,-0.0027,0.0009,0.0261,-0.0617,a photo with strong subject separation,a photo with no clear subject,0.4228,0.4386,0.449,0.4388,0.4245,0.4173,0.4332,0.403,0.4464,0.394,0.4415,0.4236,0.3912,0.4949,v0,bioclip_2_image
6721,/mnt/d/Photos/Z6ii/28-400mm/2025/2025-08-23/DSC_4028.NEF,17433,2,Yellow,neutral,rejected,0.9323,0.4255,0.9998,0.2862,0.6103,0.9487,0.0143,0.0262,-0.003,0.0858,-0.0091,0.0045,0.0292,-0.0424,a photo with strong subject separation,a photo with no clear subject,0.4044,0.4249,0.4415,0.4141,0.4057,0.4096,0.449,0.3782,0.4279,0.3557,0.4232,0.4012,0.3804,0.4914,v0,bioclip_2_image
6725,/mnt/d/Photos/Z6ii/28-400mm/2025/2025-08-23/DSC_4033.NEF,,2,Red,neutral,rejected,0.8741,0.2513,0.9969,0.244,0.5507,0.8986,0.0081,0.0194,-0.0109,0.0578,-0.0113,0.002,0.0218,-0.0481,a photo with strong subject separation,a photo with no clear subject,0.4086,0.4257,0.4372,0.4211,0.4109,0.4074,0.447,0.3892,0.4366,0.3795,0.4324,0.4088,0.3856,0.4952,v0,bioclip_2_image
6727,/mnt/d/Photos/Z6ii/28-400mm/2025/2025-08-23/DSC_4036.NEF,324,3,Green,pick,neutral,0.8901,0.2705,0.9954,0.3034,0.647,0.9235,0.004,0.0209,-0.0099,0.0537,-0.0083,0.0061,0.0249,-0.0552,a photo with strong subject separation,a photo with no clear subject,0.4199,0.4336,0.4454,0.4293,0.4238,0.4168,0.4442,0.399,0.4436,0.3917,0.4376,0.4177,0.3919,0.4994,v0,bioclip_2_image
6728,/mnt/d/Photos/Z6ii/28-400mm/2025/2025-08-23/DSC_4037.NEF,324,3,Green,pick,neutral,0.8734,0.273,0.9957,0.275,0.5755,0.9079,0.0028,0.0193,-0.0098,0.0545,-0.0097,0.003,0.0229,-0.0588,a photo with strong subject separation,a photo with no clear subject,0.4171,0.4323,0.4449,0.4293,0.419,0.4132,0.437,0.3978,0.4421,0.3904,0.439,0.416,0.3903,0.4959,v0,bioclip_2_image
6729,/mnt/d/Photos/Z6ii/28-400mm/2025/2025-08-23/DSC_4038.NEF,,3,Green,neutral,neutral,0.8905,0.026,0.9996,0.3266,0.9668,0.9621,0.0017,0.021,-0.0363,0.079,-0.0072,0.0337,0.0323,-0.0636,a photo with strong subject separation,blurry,0.4346,0.4449,0.4662,0.4565,0.4451,0.4266,0.5025,0.4137,0.4811,0.3872,0.4637,0.4114,0.3943,0.5661,v0,bioclip_2_image
6758,/mnt/d/Photos/Z6ii/28-400mm/2025/2025-08-23/DSC_4075.NEF,,4,Green,neutral,picked,0.9199,0.2841,0.9969,0.4356,0.6374,0.9519,0.0037,0.0244,-0.0092,0.0578,-0.0026,0.0056,0.0299,-0.0559,a photo with strong subject separation,a photo with no clear subject,0.4117,0.4243,0.4422,0.4282,0.4135,0.4103,0.4358,0.3873,0.4335,0.3844,0.4308,0.4078,0.3804,0.4917,v0,bioclip_2_image
6759,/mnt/d/Photos/Z6ii/28-400mm/2025/2025-08-23/DSC_4076.NEF,17436,3,Green,pick,neutral,0.8932,0.3516,0.9962,0.4136,0.5018,0.9456,0.0024,0.0212,-0.0061,0.0556,-0.0035,0.0001,0.0286,-0.0601,a photo with strong subject separation,a photo with no clear subject,0.4116,0.4273,0.4413,0.4289,0.4146,0.4108,0.4287,0.3903,0.4334,0.3856,0.4324,0.4146,0.3822,0.4888,v0,bioclip_2_image
6760,/mnt/d/Photos/Z6ii/28-400mm/2025/2025-08-23/DSC_4077.NEF,303,3,Green,pick,neutral,0.9471,0.1978,0.9979,0.5876,0.5668,0.9797,0.0037,0.0288,-0.014,0.0614,0.0035,0.0027,0.0388,-0.0559,a photo with strong subject separation,a photo with no clear subject,0.4095,0.4167,0.4401,0.4173,0.4102,0.4116,0.4196,0.3806,0.4307,0.3787,0.4138,0.4076,0.3728,0.4755,v0,bioclip_2_image
6761,/mnt/d/Photos/Z6ii/28-400mm/2025/2025-08-23/DSC_4078.NEF,303,3,Green,pick,neutral,0.8887,0.2957,0.9944,0.3286,0.5552,0.9545,0.0018,0.0208,-0.0087,0.0518,-0.0071,0.0022,0.0304,-0.0635,a photo with strong subject separation,a photo with no clear subject,0.4133,0.4241,0.442,0.4283,0.4191,0.4151,0.4268,0.3926,0.4328,0.3901,0.4355,0.4169,0.3846,0.4902,v0,bioclip_2_image
6762,/mnt/d/Photos/Z6ii/28-400mm/2025/2025-08-23/DSC_4079.NEF,17436,3,Green,pick,neutral,0.8889,0.2742,0.9959,0.3884,0.6842,0.9622,0.0022,0.0208,-0.0097,0.055,-0.0045,0.0077,0.0324,-0.0614,a photo with strong subject separation,a photo with no clear subject,0.4112,0.424,0.4424,0.4282,0.4179,0.4129,0.4301,0.3905,0.4338,0.3874,0.4327,0.4102,0.3805,0.4915,v0,bioclip_2_image
6763,/mnt/d/Photos/Z6ii/28-400mm/2025/2025-08-23/DSC_4080.NEF,303,3,Green,pick,neutral,0.8334,0.2318,0.995,0.3441,0.4985,0.9026,0.0015,0.0161,-0.012,0.053,-0.0064,-0.0001,0.0223,-0.0653,a photo with strong subject separation,a photo with no clear subject,0.4195,0.4347,0.4499,0.4367,0.4205,0.415,0.4305,0.4034,0.4467,0.3969,0.4431,0.4205,0.3927,0.4959,v0,bioclip_2_image
6764,/mnt/d/Photos/Z6ii/28-400mm/2025/2025-08-23/DSC_4081.NEF,,3,Green,neutral,neutral,0.8884,0.2787,0.9959,0.3816,0.6358,0.9416,0.003,0.0207,-0.0095,0.055,-0.0048,0.0056,0.0278,-0.0582,a photo with strong subject separation,a photo with no clear subject,0.4097,0.4242,0.4416,0.4293,0.4145,0.4108,0.4363,0.389,0.4337,0.3865,0.4341,0.409,0.383,0.4945,v0,bioclip_2_image
6765,/mnt/d/Photos/Z6ii/28-400mm/2025/2025-08-23/DSC_4082.NEF,,4,Green,neutral,picked,0.8278,0.2662,0.9936,0.3707,0.5313,0.8826,0.0029,0.0157,-0.0101,0.0505,-0.0053,0.0013,0.0202,-0.0585,a photo with strong subject separation,a photo with no clear subject,0.4189,0.4355,0.4503,0.4366,0.4239,0.4185,0.4424,0.4032,0.4456,0.3997,0.4419,0.4226,0.3984,0.5009,v0,bioclip_2_image
6769,/mnt/d/Photos/Z6ii/28-400mm/2025/2025-08-23/DSC_4086.NEF,,1,Red,neutral,rejected,0.841,0.0787,0.9939,0.1288,0.6488,0.7801,0.0068,0.0167,-0.0246,0.0509,-0.0191,0.0061,0.0127,-0.0499,a photo with strong subject separation,blurry,0.4243,0.4229,0.4409,0.4144,0.416,0.4104,0.4373,0.4076,0.4475,0.3901,0.4336,0.4099,0.3977,0.4872,v0,bioclip_2_image
6772,/mnt/d/Photos/Z6ii/28-400mm/2025/2025-08-23/DSC_4090.NEF,,2,Yellow,neutral,rejected,0.8706,0.2103,0.9865,0.7646,0.7091,0.768,0.0043,0.0191,-0.0132,0.0429,0.0118,0.0089,0.012,-0.0545,high quality,blurry,0.4253,0.4297,0.427,0.4372,0.4163,0.4071,0.4351,0.4063,0.443,0.3841,0.4255,0.4074,0.3951,0.4895,v0,bioclip_2_image
6774,/mnt/d/Photos/Z6ii/28-400mm/2025/2025-08-23/DSC_4094.NEF,,3,Yellow,neutral,neutral,0.8937,0.1611,0.994,0.6252,0.7048,0.8862,0.0095,0.0213,-0.0165,0.0512,0.0051,0.0087,0.0205,-0.0464,a photo with strong subject separation,a photo with no clear subject,0.4153,0.4194,0.4282,0.4292,0.4136,0.4109,0.4427,0.394,0.4359,0.377,0.4241,0.4049,0.3904,0.4891,v0,bioclip_2_image
6775,/mnt/d/Photos/Z6ii/28-400mm/2025/2025-08-23/DSC_4095.NEF,,3,Green,neutral,neutral,0.9026,0.1141,0.9956,0.6532,0.6394,0.8935,0.0074,0.0223,-0.0205,0.0542,0.0063,0.0057,0.0213,-0.049,a photo with strong subject separation,blurry,0.4082,0.4136,0.4266,0.4261,0.4064,0.4067,0.4366,0.386,0.4341,0.3724,0.4197,0.4007,0.3854,0.4855,v0,bioclip_2_image
6776,/mnt/d/Photos/Z6ii/28-400mm/2025/2025-08-23/DSC_4096.NEF,,2,Yellow,neutral,rejected,0.9135,0.1307,0.9908,0.6767,0.5405,0.813,0.0061,0.0236,-0.0189,0.0468,0.0074,0.0016,0.0147,-0.0509,a photo with strong subject separation,blurry,0.4206,0.4236,0.427,0.4351,0.4112,0.4116,0.4389,0.397,0.4425,0.3803,0.4277,0.4095,0.3969,0.4898,v0,bioclip_2_image
6777,/mnt/d/Photos/Z6ii/28-400mm/2025/2025-08-23/DSC_4097.NEF,291,2,Yellow,pick,rejected,0.8888,0.109,0.9939,0.7106,0.5654,0.8232,0.0085,0.0208,-0.021,0.0509,0.009,0.0026,0.0154,-0.0476,a photo with strong subject separation,blurry,0.4136,0.4141,0.4252,0.4267,0.4063,0.4044,0.4364,0.3928,0.4351,0.3744,0.4177,0.4037,0.389,0.484,v0,bioclip_2_image
6778,/mnt/d/Photos/Z6ii/28-400mm/2025/2025-08-23/DSC_4098.NEF,291,2,Yellow,pick,rejected,0.895,0.0987,0.9934,0.7353,0.6035,0.8106,0.007,0.0214,-0.0221,0.0501,0.0102,0.0042,0.0145,-0.0495,high quality,blurry,0.4156,0.4147,0.4261,0.4288,0.4081,0.4046,0.437,0.3942,0.4369,0.3759,0.4186,0.4039,0.39,0.4866,v0,bioclip_2_image
6780,/mnt/d/Photos/Z6ii/28-400mm/2025/2025-08-23/DSC_4100.NEF,289,3,Green,pick,neutral,0.8514,0.1466,0.9895,0.6215,0.7278,0.822,0.006,0.0175,-0.0176,0.0455,0.005,0.0098,0.0153,-0.0511,a photo with strong subject separation,a photo with no clear subject,0.4312,0.434,0.4429,0.4401,0.4267,0.4162,0.4413,0.4137,0.4516,0.3974,0.4352,0.4169,0.4009,0.4924,v0,bioclip_2_image
6781,/mnt/d/Photos/Z6ii/28-400mm/2025/2025-08-23/DSC_4101.NEF,289,3,Green,pick,neutral,0.8521,0.1837,0.9853,0.5415,0.7199,0.791,0.0063,0.0175,-0.0149,0.0421,0.0017,0.0094,0.0133,-0.0506,a photo with strong subject separation,a photo with no clear subject,0.4287,0.4332,0.4412,0.4329,0.4242,0.4136,0.4433,0.4112,0.4482,0.3992,0.4312,0.4147,0.4003,0.4939,v0,bioclip_2_image
6782,/mnt/d/Photos/Z6ii/28-400mm/2025/2025-08-23/DSC_4102.NEF,288,3,Green,pick,neutral,0.8589,0.1168,0.9862,0.6312,0.772,0.8389,0.0052,0.0181,-0.0202,0.0427,0.0054,0.0122,0.0165,-0.0526,a photo with strong subject separation,a photo with no clear subject,0.4384,0.4393,0.4469,0.4491,0.4313,0.4251,0.447,0.4203,0.4596,0.4042,0.4437,0.4191,0.4086,0.4996,v0,bioclip_2_image
6783,/mnt/d/Photos/Z6ii/28-400mm/2025/2025-08-23/DSC_4103.NEF,288,3,Green,pick,neutral,0.8344,0.1218,0.9851,0.5404,0.6707,0.8058,0.0069,0.0162,-0.0198,0.0419,0.0016,0.0071,0.0142,-0.0497,a photo with strong subject separation,a photo with no clear subject,0.4274,0.431,0.4399,0.4377,0.4221,0.414,0.4436,0.4113,0.4508,0.398,0.4361,0.415,0.3998,0.4934,v0,bioclip_2_image
6784,/mnt/d/Photos/Z6ii/28-400mm/2025/2025-08-23/DSC_4104.NEF,,2,Yellow,neutral,rejected,0.8679,0.1634,0.9825,0.4753,0.6201,0.8097,0.0085,0.0188,-0.0163,0.0403,-0.001,0.0049,0.0145,-0.0476,a photo with strong subject separation,a photo with no clear subject,0.4286,0.4299,0.4353,0.4314,0.4247,0.4158,0.4434,0.4098,0.4463,0.395,0.4324,0.4198,0.4013,0.491,v0,bioclip_2_image
6785,/mnt/d/Photos/Z6ii/28-400mm/2025/2025-08-23/DSC_4105.NEF,17439,2,Yellow,pick,rejected,0.8609,0.1272,0.9827,0.5281,0.6603,0.8481,0.0055,0.0182,-0.0193,0.0404,0.0011,0.0066,0.0172,-0.0519,a photo with strong subject separation,blurry,0.4268,0.432,0.4351,0.4344,0.4226,0.4158,0.4418,0.4086,0.4513,0.3947,0.4333,0.4159,0.3986,0.4937,v0,bioclip_2_image
6786,/mnt/d/Photos/Z6ii/28-400mm/2025/2025-08-23/DSC_4106.NEF,17439,2,Yellow,pick,rejected,0.8512,0.1637,0.9737,0.594,0.6398,0.7667,0.0066,0.0174,-0.0163,0.0361,0.0038,0.0057,0.0119,-0.0501,a photo with strong subject separation,a photo with no clear subject,0.4294,0.4332,0.4362,0.4389,0.4258,0.4175,0.4437,0.4119,0.4495,0.4001,0.4351,0.4201,0.4056,0.4938,v0,bioclip_2_image
6787,/mnt/d/Photos/Z6ii/28-400mm/2025/2025-08-23/DSC_4107.NEF,17440,1,Red,pick,rejected,0.8623,0.1258,0.9869,0.6144,0.6216,0.8229,0.003,0.0183,-0.0194,0.0432,0.0047,0.005,0.0154,-0.0582,a photo with strong subject separation,blurry,0.4207,0.4302,0.4333,0.4348,0.4186,0.4122,0.431,0.4024,0.4496,0.3901,0.4301,0.4137,0.3968,0.4893,v0,bioclip_2_image
6791,/mnt/d/Photos/Z6ii/28-400mm/2025/2025-08-23/DSC_4115.NEF,,3,Green,neutral,neutral,0.8618,0.2794,0.9942,0.3787,0.5025,0.8992,0.0024,0.0183,-0.0095,0.0515,-0.005,0.0001,0.0219,-0.0604,a photo with strong subject separation,a photo with no clear subject,0.4154,0.4305,0.4427,0.4316,0.4165,0.412,0.4299,0.3971,0.44,0.3912,0.4365,0.4164,0.3901,0.4903,v0,bioclip_2_image
6792,/mnt/d/Photos/Z6ii/28-400mm/2025/2025-08-23/DSC_4116.NEF,282,2,Yellow,pick,rejected,0.8529,0.4798,0.9789,0.5055,0.5473,0.6558,0.0121,0.0176,-0.0008,0.0384,0.0002,0.0019,0.0064,-0.044,a photo with strong subject separation,a photo with no clear subject,0.4287,0.4429,0.4361,0.4407,0.4277,0.4226,0.4601,0.4111,0.4437,0.3977,0.4405,0.4258,0.4162,0.5041,v0,bioclip_2_image
6794,/mnt/d/Photos/Z6ii/28-400mm/2025/2025-08-23/DSC_4118.NEF,17441,2,Yellow,pick,rejected,0.8484,0.4104,0.9626,0.445,0.6795,0.5941,0.0131,0.0172,-0.0036,0.0325,-0.0022,0.0075,0.0038,-0.0432,a photo with strong subject separation,a photo with no clear subject,0.4286,0.4397,0.4337,0.4388,0.4317,0.4222,0.4568,0.4114,0.4434,0.4012,0.441,0.4241,0.4184,0.5,v0,bioclip_2_image
6795,/mnt/d/Photos/Z6ii/28-400mm/2025/2025-08-23/DSC_4119.NEF,17441,2,Yellow,pick,rejected,0.8575,0.3639,0.9856,0.4614,0.6325,0.7294,0.0124,0.0179,-0.0056,0.0422,-0.0015,0.0054,0.0099,-0.0438,a photo with strong subject separation,a photo with no clear subject,0.4362,0.4485,0.4489,0.4457,0.4332,0.4298,0.4586,0.4183,0.4541,0.4067,0.4473,0.4278,0.4199,0.5024,v0,bioclip_2_image
6796,/mnt/d/Photos/Z6ii/28-400mm/2025/2025-08-23/DSC_4120.NEF,17441,2,Green,neutral,rejected,0.8232,0.5262,0.9792,0.3975,0.4423,0.6138,0.0094,0.0154,0.001,0.0385,-0.0042,-0.0023,0.0046,-0.0466,a photo with strong subject separation,a photo with no clear subject,0.4239,0.4395,0.4355,0.4359,0.4238,0.4175,0.4519,0.4085,0.4384,0.397,0.44,0.4261,0.4129,0.4985,v0,bioclip_2_image
6797,/mnt/d/Photos/Z6ii/28-400mm/2025/2025-08-23/DSC_4121.NEF,282,3,Green,pick,neutral,0.8697,0.6758,0.9855,0.4534,0.582,0.7323,0.0199,0.019,0.0073,0.0422,-0.0019,0.0033,0.0101,-0.039,a photo with strong subject separation,a photo with no clear subject,0.4184,0.4377,0.4307,0.4298,0.4191,0.411,0.4548,0.3995,0.4303,0.3885,0.4317,0.4158,0.401,0.4938,v0,bioclip_2_image
6798,/mnt/d/Photos/Z6ii/28-400mm/2025/2025-08-23/DSC_4123.NEF,17442,3,Green,pick,neutral,0.8721,0.3293,0.9839,0.5002,0.649,0.9234,0.0117,0.0192,-0.0071,0.0411,0.0,0.0061,0.0249,-0.0444,a photo with strong subject separation,a photo with no clear subject,0.4126,0.4276,0.4311,0.4223,0.4192,0.4169,0.4464,0.3934,0.4347,0.39,0.4223,0.413,0.392,0.4907,v0,bioclip_2_image
6799,/mnt/d/Photos/Z6ii/28-400mm/2025/2025-08-23/DSC_4124.NEF,281,3,Yellow,pick,neutral,0.8693,0.3159,0.9819,0.3596,0.5631,0.8804,0.009,0.0189,-0.0077,0.0399,-0.0058,0.0025,0.02,-0.047,a photo with strong subject separation,a photo with no clear subject,0.4148,0.4272,0.4271,0.4237,0.4186,0.415,0.4416,0.3959,0.4349,0.3872,0.4294,0.416,0.3951,0.4886,v0,bioclip_2_image
6800,/mnt/d/Photos/Z6ii/28-400mm/2025/2025-08-23/DSC_4125.NEF,17443,3,Green,pick,neutral,0.8793,0.3396,0.9901,0.5122,0.7288,0.9185,0.0134,0.0199,-0.0066,0.046,0.0005,0.0099,0.0242,-0.043,a photo with strong subject separation,a photo with no clear subject,0.4144,0.4274,0.431,0.4259,0.4177,0.4152,0.4507,0.3946,0.4341,0.385,0.4254,0.4078,0.391,0.4937,v0,bioclip_2_image
6801,/mnt/d/Photos/Z6ii/28-400mm/2025/2025-08-23/DSC_4126.NEF,17443,3,Green,pick,neutral,0.8607,0.3299,0.9887,0.4751,0.6252,0.9114,0.0147,0.0182,-0.0071,0.0447,-0.001,0.0051,0.0233,-0.0421,a photo with strong subject separation,a photo with no clear subject,0.4166,0.4304,0.4336,0.4276,0.4211,0.4184,0.4491,0.3984,0.4375,0.3889,0.4286,0.416,0.3951,0.4911,v0,bioclip_2_image
6802,/mnt/d/Photos/Z6ii/28-400mm/2025/2025-08-23/DSC_4127.NEF,17442,3,Green,pick,neutral,0.8835,0.3742,0.9896,0.4632,0.7495,0.9226,0.0146,0.0203,-0.0051,0.0456,-0.0015,0.011,0.0248,-0.0421,a photo with strong subject separation,a photo with no clear subject,0.4162,0.4304,0.4344,0.4262,0.4219,0.419,0.4512,0.396,0.4355,0.3889,0.4277,0.411,0.3943,0.4933,v0,bioclip_2_image
6803,/mnt/d/Photos/Z6ii/28-400mm/2025/2025-08-23/DSC_4128.NEF,281,3,Green,pick,neutral,0.8626,0.3454,0.985,0.4355,0.6385,0.9202,0.0117,0.0184,-0.0064,0.0419,-0.0026,0.0057,0.0244,-0.0443,a photo with strong subject separation,a photo with no clear subject,0.4131,0.4266,0.4311,0.4228,0.4178,0.416,0.4433,0.3947,0.433,0.3892,0.4254,0.4121,0.3915,0.4876,v0,bioclip_2_image
6804,/mnt/d/Photos/Z6ii/28-400mm/2025/2025-08-23/DSC_4130.NEF,281,3,Green,pick,neutral,0.8726,0.3033,0.989,0.3783,0.5919,0.9073,0.0099,0.0192,-0.0083,0.045,-0.005,0.0037,0.0228,-0.046,a photo with strong subject separation,a photo with no clear subject,0.4162,0.4307,0.4357,0.4255,0.4202,0.4164,0.4446,0.397,0.439,0.3907,0.4305,0.4165,0.3935,0.4906,v0,bioclip_2_image
6805,/mnt/d/Photos/Z6ii/28-400mm/2025/2025-08-23/DSC_4131.NEF,272,3,Yellow,pick,neutral,0.8585,0.3105,0.99,0.5395,0.6013,0.899,0.0061,0.018,-0.008,0.0459,0.0016,0.0041,0.0219,-0.0509,a photo with strong subject separation,a photo with no clear subject,0.42,0.4335,0.4361,0.4313,0.4217,0.4165,0.4379,0.402,0.4415,0.3902,0.4297,0.4176,0.3946,0.4888,v0,bioclip_2_image
6806,/mnt/d/Photos/Z6ii/28-400mm/2025/2025-08-23/DSC_4132.NEF,272,3,Yellow,pick,neutral,0.8685,0.2752,0.9882,0.46,0.713,0.917,0.0097,0.0189,-0.0097,0.0443,-0.0016,0.0091,0.024,-0.0463,a photo with strong subject separation,a photo with no clear subject,0.4226,0.4345,0.4394,0.4308,0.4254,0.421,0.4449,0.4037,0.4442,0.3951,0.4324,0.4163,0.3969,0.4911,v0,bioclip_2_image
6807,/mnt/d/Photos/Z6ii/28-400mm/2025/2025-08-23/DSC_4133.NEF,17444,2,Yellow,pick,rejected,0.8838,0.3671,0.9946,0.4989,0.7234,0.9422,0.0106,0.0203,-0.0054,0.0521,-0.0,0.0096,0.0279,-0.0453,a photo with strong subject separation,a photo with no clear subject,0.4184,0.435,0.4333,0.4345,0.4182,0.4176,0.4444,0.3981,0.4404,0.3812,0.4345,0.4086,0.3897,0.4897,v0,bioclip_2_image
6808,/mnt/d/Photos/Z6ii/28-400mm/2025/2025-08-23/DSC_4134.NEF,,3,Green,neutral,neutral,0.8518,0.3288,0.9943,0.2479,0.5159,0.8548,0.0027,0.0175,-0.0071,0.0516,-0.0111,0.0006,0.0177,-0.0591,a photo with strong subject separation,a photo with no clear subject,0.4213,0.4371,0.4469,0.4299,0.4235,0.4179,0.4353,0.4038,0.4442,0.3954,0.441,0.4229,0.4001,0.4944,v0,bioclip_2_image
6809,/mnt/d/Photos/Z6ii/28-400mm/2025/2025-08-23/DSC_4135.NEF,,2,Yellow,neutral,rejected,0.8214,0.2465,0.9891,0.6591,0.6155,0.756,0.0082,0.0153,-0.0112,0.0451,0.0066,0.0047,0.0113,-0.048,a photo with strong subject separation,a photo with no clear subject,0.4285,0.4447,0.4406,0.4427,0.4306,0.4186,0.4478,0.4133,0.4559,0.3955,0.4362,0.4259,0.4073,0.4958,v0,bioclip_2_image
6810,/mnt/d/Photos/Z6ii/28-400mm/2025/2025-08-23/DSC_4136.NEF,,2,Yellow,neutral,rejected,0.8493,0.2542,0.9905,0.4295,0.6393,0.8148,0.0267,0.0173,-0.0108,0.0465,-0.0028,0.0057,0.0148,-0.0359,a photo with strong subject separation,a photo with no clear subject,0.4224,0.4361,0.4353,0.4328,0.4272,0.4166,0.4665,0.4051,0.4469,0.3888,0.4357,0.4215,0.4017,0.5024,v0,bioclip_2_image
6811,/mnt/d/Photos/Z6ii/28-400mm/2025/2025-08-23/DSC_4137.NEF,17444,2,Yellow,pick,rejected,0.8895,0.3602,0.9931,0.6022,0.7306,0.9298,0.0081,0.0209,-0.0057,0.0497,0.0041,0.01,0.0258,-0.0481,a photo with strong subject separation,a photo with no clear subject,0.4198,0.4363,0.4354,0.4361,0.4216,0.4175,0.4443,0.3989,0.4421,0.3857,0.4319,0.4116,0.3916,0.4923,v0,bioclip_2_image
6812,/mnt/d/Photos/Z6ii/28-400mm/2025/2025-08-23/DSC_4138.NEF,,3,Yellow,neutral,neutral,0.8823,0.3832,0.9909,0.5832,0.7451,0.9275,0.008,0.0201,-0.0048,0.0469,0.0034,0.0107,0.0255,-0.0482,a photo with strong subject separation,a photo with no clear subject,0.4175,0.4336,0.4322,0.4342,0.4214,0.4154,0.4397,0.3974,0.4383,0.3853,0.4308,0.4106,0.39,0.4879,v0,bioclip_2_image
6813,/mnt/d/Photos/Z6ii/28-400mm/2025/2025-08-23/DSC_4139.NEF,275,2,Yellow,neutral,rejected,0.81,0.2716,0.9893,0.1156,0.7269,0.7318,0.0323,0.0145,-0.0099,0.0453,-0.0203,0.0098,0.01,-0.034,a photo with strong subject separation,blurry,0.4283,0.4525,0.4479,0.439,0.4164,0.4119,0.4645,0.4138,0.4623,0.4026,0.4594,0.4066,0.4018,0.4985,v0,bioclip_2_image
6814,/mnt/d/Photos/Z6ii/28-400mm/2025/2025-08-23/DSC_4140.NEF,275,2,Yellow,neutral,rejected,0.8177,0.32,0.9944,0.2304,0.7315,0.8242,0.0149,0.015,-0.0075,0.0517,-0.0121,0.01,0.0155,-0.0419,a photo with strong subject separation,blurry,0.4176,0.4405,0.4436,0.4256,0.4101,0.4079,0.4425,0.4026,0.4481,0.3919,0.4377,0.4001,0.3925,0.4844,v0,bioclip_2_image
6815,/mnt/d/Photos/Z6ii/28-400mm/2025/2025-08-23/DSC_4141.NEF,17445,1,Red,pick,rejected,0.9155,0.3063,0.9938,0.1159,0.6471,0.8282,0.0065,0.0238,-0.0082,0.0507,-0.0203,0.0061,0.0157,-0.0503,a photo with strong subject separation,blurry,0.4207,0.4349,0.4421,0.4162,0.4161,0.4064,0.4371,0.3969,0.4431,0.3914,0.4365,0.41,0.3906,0.4874,v0,bioclip_2_image
6816,/mnt/d/Photos/Z6ii/28-400mm/2025/2025-08-23/DSC_4142.NEF,270,1,Red,neutral,rejected,0.8787,0.3589,0.9892,0.1249,0.611,0.8497,0.0097,0.0198,-0.0058,0.0451,-0.0195,0.0045,0.0173,-0.0463,a photo with strong subject separation,blurry,0.4265,0.4417,0.4436,0.42,0.4178,0.4119,0.4425,0.4067,0.4475,0.3984,0.4395,0.4133,0.3946,0.4888,v0,bioclip_2_image
6817,/mnt/d/Photos/Z6ii/28-400mm/2025/2025-08-23/DSC_4143.NEF,17445,1,Red,pick,rejected,0.8793,0.3809,0.9795,0.1609,0.738,0.8732,0.0153,0.0199,-0.0049,0.0387,-0.0165,0.0104,0.0193,-0.0417,a photo with strong subject separation,a photo with no clear subject,0.4202,0.4369,0.435,0.415,0.4166,0.4082,0.4472,0.4003,0.4418,0.3963,0.4315,0.4063,0.3889,0.4889,v0,bioclip_2_image
6818,/mnt/d/Photos/Z6ii/28-400mm/2025/2025-08-23/DSC_4144.NEF,,2,Yellow,neutral,rejected,0.8043,0.4591,0.9816,0.3034,0.6632,0.6336,0.0083,0.0141,-0.0016,0.0398,-0.0083,0.0068,0.0055,-0.0478,a photo with strong subject separation,a photo with no clear subject,0.4174,0.4293,0.4391,0.4244,0.4164,0.4101,0.4417,0.4032,0.4309,0.3993,0.4327,0.4096,0.4046,0.4895,v0,bioclip_2_image
6819,/mnt/d/Photos/Z6ii/28-400mm/2025/2025-08-23/DSC_4145.NEF,,3,Green,neutral,neutral,0.8546,0.471,0.9889,0.3803,0.7057,0.8143,0.0144,0.0177,-0.0012,0.0449,-0.0049,0.0087,0.0148,-0.0423,a photo with strong subject separation,a photo with no clear subject,0.4196,0.4364,0.44,0.4277,0.4205,0.4162,0.4582,0.4019,0.4375,0.3951,0.4326,0.4118,0.4014,0.5004,v0,bioclip_2_image
6820,/mnt/d/Photos/Z6ii/28-400mm/2025/2025-08-23/DSC_4146.NEF,272,3,Green,pick,neutral,0.8484,0.3386,0.9865,0.4481,0.555,0.8768,0.0088,0.0172,-0.0067,0.0429,-0.0021,0.0022,0.0196,-0.0473,a photo with strong subject separation,a photo with no clear subject,0.4144,0.4293,0.432,0.4249,0.4201,0.4129,0.4438,0.3972,0.436,0.389,0.427,0.4179,0.3933,0.4911,v0,bioclip_2_image
6821,/mnt/d/Photos/Z6ii/28-400mm/2025/2025-08-23/DSC_4147.NEF,,2,Yellow,neutral,rejected,0.888,0.2945,0.992,0.6081,0.7223,0.9196,0.0077,0.0207,-0.0087,0.0483,0.0044,0.0096,0.0244,-0.0486,a photo with strong subject separation,a photo with no clear subject,0.4149,0.4276,0.4303,0.4263,0.4203,0.4121,0.4391,0.3942,0.4364,0.3821,0.4219,0.4107,0.3877,0.4878,v0,bioclip_2_image
6822,/mnt/d/Photos/Z6ii/28-400mm/2025/2025-08-23/DSC_4148.NEF,270,2,Yellow,neutral,rejected,0.8916,0.3254,0.9894,0.1838,0.6448,0.8668,0.0057,0.0211,-0.0073,0.0454,-0.0149,0.006,0.0187,-0.0516,a photo with strong subject separation,blurry,0.4236,0.4401,0.4419,0.4206,0.4125,0.4101,0.4309,0.4025,0.4474,0.3965,0.4355,0.4066,0.3914,0.4825,v0,bioclip_2_image
6823,/mnt/d/Photos/Z6ii/28-400mm/2025/2025-08-23/DSC_4149.NEF,,1,Yellow,neutral,rejected,0.915,0.3974,0.9904,0.1729,0.7023,0.9216,0.0068,0.0238,-0.0042,0.0463,-0.0157,0.0086,0.0246,-0.0499,a photo with strong subject separation,blurry,0.4156,0.4325,0.4344,0.4086,0.4105,0.4065,0.4294,0.3918,0.4367,0.3881,0.4243,0.4019,0.3819,0.4793,v0,bioclip_2_image
6824,/mnt/d/Photos/Z6ii/28-400mm/2025/2025-08-23/DSC_4150.NEF,,2,Yellow,neutral,rejected,0.8705,0.1998,0.9865,0.198,0.666,0.8687,0.0083,0.0191,-0.0139,0.0429,-0.014,0.0069,0.0189,-0.0478,a photo with strong subject separation,blurry,0.4252,0.4344,0.4418,0.4199,0.4095,0.4085,0.432,0.4061,0.4483,0.3988,0.4339,0.4026,0.3896,0.4798,v0,bioclip_2_image
6825,/mnt/d/Photos/Z6ii/28-400mm/2025/2025-08-23/DSC_4151.NEF,,3,Green,neutral,neutral,0.885,0.2755,0.9894,0.6691,0.698,0.9211,0.0058,0.0204,-0.0097,0.0453,0.007,0.0084,0.0246,-0.0514,a photo with strong subject separation,a photo with no clear subject,0.4145,0.4273,0.4309,0.4271,0.4173,0.4114,0.435,0.3941,0.437,0.3856,0.4201,0.4089,0.3868,0.4864,v0,bioclip_2_image
6826,/mnt/d/Photos/Z6ii/28-400mm/2025/2025-08-23/DSC_4153.NEF,,3,Yellow,neutral,neutral,0.8722,0.3936,0.9913,0.6292,0.6578,0.9097,0.0073,0.0192,-0.0043,0.0473,0.0053,0.0065,0.0231,-0.0491,a photo with strong subject separation,a photo with no clear subject,0.4151,0.4304,0.4321,0.4295,0.4191,0.4124,0.4434,0.3959,0.4347,0.3848,0.4242,0.4126,0.3893,0.4925,v0,bioclip_2_image
6827,/mnt/d/Photos/Z6ii/28-400mm/2025/2025-08-23/DSC_4158.NEF,,2,Yellow,neutral,rejected,0.8835,0.3361,0.9952,0.1173,0.6491,0.8795,0.0068,0.0203,-0.0068,0.0534,-0.0202,0.0062,0.0199,-0.0498,a photo with strong subject separation,a photo with no clear subject,0.4076,0.4311,0.4371,0.4071,0.4053,0.396,0.4306,0.3874,0.4379,0.3837,0.4272,0.3992,0.3761,0.4803,v0,bioclip_2_image
6828,/mnt/d/Photos/Z6ii/28-400mm/2025/2025-08-23/DSC_4159.NEF,,2,Yellow,neutral,rejected,0.8728,0.344,0.9898,0.0909,0.4409,0.8597,0.0071,0.0193,-0.0065,0.0458,-0.023,-0.0024,0.0181,-0.0494,a photo with strong subject separation,a photo with no clear subject,0.4159,0.4398,0.4356,0.4159,0.4071,0.4067,0.4459,0.3966,0.4462,0.3898,0.4389,0.4095,0.3886,0.4952,v0,bioclip_2_image
6829,/mnt/d/Photos/Z6ii/28-400mm/2025/2025-08-23/DSC_4160.NEF,,2,Yellow,neutral,rejected,0.8716,0.2169,0.9945,0.2641,0.6469,0.795,0.0034,0.0191,-0.0128,0.0519,-0.0102,0.0061,0.0136,-0.0569,a photo with strong subject separation,blurry,0.4224,0.4392,0.4493,0.4219,0.4144,0.4027,0.4266,0.4033,0.4521,0.3974,0.4322,0.4083,0.3892,0.4835,v0,bioclip_2_image
6830,/mnt/d/Photos/Z6ii/28-400mm/2025/2025-08-23/DSC_4161.NEF,262,3,Yellow,pick,neutral,0.8949,0.3326,0.9922,0.5535,0.7406,0.9416,0.0083,0.0214,-0.007,0.0485,0.0021,0.0105,0.0278,-0.0478,a photo with strong subject separation,a photo with no clear subject,0.4149,0.4308,0.4338,0.4307,0.4184,0.4167,0.4395,0.3935,0.4377,0.3853,0.4286,0.4079,0.3889,0.4873,v0,bioclip_2_image
6831,/mnt/d/Photos/Z6ii/28-400mm/2025/2025-08-23/DSC_4162.NEF,262,3,Yellow,pick,neutral,0.8741,0.3587,0.9908,0.5544,0.7314,0.926,0.009,0.0194,-0.0058,0.0468,0.0022,0.01,0.0253,-0.047,a photo with strong subject separation,a photo with no clear subject,0.4142,0.4301,0.4294,0.4299,0.4182,0.4139,0.4413,0.3948,0.4359,0.3826,0.4277,0.4081,0.3887,0.4883,v0,bioclip_2_image
6832,/mnt/d/Photos/Z6ii/28-400mm/2025/2025-08-23/DSC_4163.NEF,,3,Green,neutral,neutral,0.8569,0.4375,0.9884,0.2402,0.6758,0.7284,0.0049,0.0179,-0.0025,0.0444,-0.0115,0.0073,0.0099,-0.0532,a photo with strong subject separation,a photo with no clear subject,0.4178,0.4333,0.4389,0.4273,0.4209,0.4112,0.4409,0.3999,0.4358,0.3945,0.4388,0.4136,0.4014,0.4941,v0,bioclip_2_image
6833,/mnt/d/Photos/Z6ii/28-400mm/2025/2025-08-23/DSC_4164.NEF,,2,Yellow,neutral,rejected,0.8564,0.1533,0.9881,0.1345,0.6106,0.8414,0.0082,0.0179,-0.0171,0.0442,-0.0186,0.0045,0.0167,-0.048,a photo with strong subject separation,blurry,0.4226,0.4404,0.4487,0.4295,0.4139,0.4158,0.4573,0.4048,0.4575,0.4045,0.4482,0.4094,0.3991,0.5053,v0,bioclip_2_image
6834,/mnt/d/Photos/Z6ii/28-400mm/2025/2025-08-23/DSC_4165.NEF,,2,Yellow,neutral,rejected,0.9163,0.4179,0.9683,0.07,0.6565,0.8552,0.0184,0.0239,-0.0033,0.0342,-0.0259,0.0065,0.0178,-0.0398,a photo with strong subject separation,blurry,0.4196,0.439,0.4296,0.4232,0.4124,0.4109,0.4749,0.3956,0.4423,0.3954,0.449,0.406,0.3931,0.5147,v0,bioclip_2_image
6836,/mnt/d/Photos/Z6ii/28-400mm/2025/2025-08-23/DSC_4167.NEF,258,3,Green,neutral,neutral,0.8056,0.3649,0.979,0.2908,0.6581,0.7401,0.005,0.0142,-0.0055,0.0384,-0.0089,0.0065,0.0105,-0.0529,a photo with strong subject separation,a photo with no clear subject,0.4188,0.4324,0.4348,0.422,0.4211,0.411,0.4339,0.4046,0.4379,0.3964,0.4309,0.4145,0.4006,0.4868,v0,bioclip_2_image
6839,/mnt/d/Photos/Z6ii/28-400mm/2025/2025-08-23/DSC_4173.NEF,,3,Green,neutral,neutral,0.8347,0.389,0.9924,0.2893,0.6968,0.8744,0.0082,0.0162,-0.0045,0.0487,-0.009,0.0083,0.0194,-0.048,a photo with strong subject separation,a photo with no clear subject,0.4176,0.435,0.4379,0.4298,0.4238,0.4133,0.4466,0.4014,0.4395,0.3891,0.4388,0.4155,0.3939,0.4946,v0,bioclip_2_image
6840,/mnt/d/Photos/Z6ii/28-400mm/2025/2025-08-23/DSC_4174.NEF,,3,Green,neutral,neutral,0.8344,0.4572,0.9835,0.1891,0.6868,0.792,0.0075,0.0162,-0.0017,0.0409,-0.0146,0.0079,0.0134,-0.0488,a photo with strong subject separation,a photo with no clear subject,0.4137,0.4315,0.4351,0.4206,0.424,0.4091,0.452,0.3975,0.4332,0.3942,0.4351,0.4162,0.3957,0.5008,v0,bioclip_2_image
6841,/mnt/d/Photos/Z6ii/28-400mm/2025/2025-08-23/DSC_4175.NEF,,3,Green,neutral,neutral,0.8412,0.1941,0.9915,0.6317,0.5348,0.8093,0.0043,0.0167,-0.0142,0.0475,0.0054,0.0014,0.0145,-0.0544,a photo with strong subject separation,a photo with no clear subject,0.4207,0.4345,0.4353,0.4377,0.4208,0.4135,0.442,0.404,0.4488,0.3878,0.4323,0.4194,0.3991,0.4964,v0,bioclip_2_image
6843,/mnt/d/Photos/Z6ii/28-400mm/2025/2025-08-23/DSC_4177.NEF,,2,Yellow,neutral,rejected,0.8318,0.3118,0.9895,0.3859,0.6744,0.7533,0.0045,0.016,-0.0079,0.0454,-0.0046,0.0073,0.0112,-0.054,a photo with strong subject separation,blurry,0.427,0.4444,0.4488,0.4358,0.4173,0.4138,0.4305,0.411,0.4524,0.4034,0.4405,0.41,0.4026,0.4845,v0,bioclip_2_image
6844,/mnt/d/Photos/Z6ii/28-400mm/2025/2025-08-23/DSC_4178.NEF,250,1,Red,pick,rejected,0.7793,0.1027,0.9958,0.16,0.7534,0.8642,0.007,0.0126,-0.0217,0.0547,-0.0166,0.0112,0.0185,-0.0495,a photo with strong subject separation,blurry,0.4126,0.4326,0.4413,0.4223,0.4045,0.4034,0.4295,0.3999,0.4543,0.3867,0.4389,0.3934,0.3849,0.479,v0,bioclip_2_image
6845,/mnt/d/Photos/Z6ii/28-400mm/2025/2025-08-23/DSC_4179.NEF,250,2,Yellow,pick,rejected,0.7891,0.1268,0.9948,0.2861,0.7945,0.9186,0.0047,0.0132,-0.0193,0.0525,-0.0091,0.0135,0.0242,-0.0536,a photo with strong subject separation,blurry,0.4136,0.4281,0.4398,0.4262,0.4082,0.4066,0.4179,0.4004,0.4474,0.3873,0.4353,0.3947,0.3824,0.4715,v0,bioclip_2_image
6846,/mnt/d/Photos/Z6ii/28-400mm/2025/2025-08-23/DSC_4181.NEF,,3,Green,neutral,neutral,0.8495,0.2033,0.9905,0.4043,0.5614,0.8621,0.0038,0.0173,-0.0137,0.0465,-0.0039,0.0025,0.0183,-0.0557,a photo with strong subject separation,a photo with no clear subject,0.4171,0.4309,0.4352,0.4288,0.4204,0.4152,0.4403,0.3998,0.4446,0.3887,0.4327,0.418,0.3969,0.4959,v0,bioclip_2_image
6847,/mnt/d/Photos/Z6ii/28-400mm/2025/2025-08-23/DSC_4182.NEF,,4,Green,neutral,picked,0.8513,0.3311,0.9857,0.4744,0.7616,0.8272,0.005,0.0174,-0.007,0.0423,-0.001,0.0116,0.0157,-0.053,a photo with strong subject separation,a photo with no clear subject,0.4173,0.4318,0.439,0.4304,0.4232,0.4152,0.4494,0.3999,0.4389,0.3967,0.4314,0.4116,0.3995,0.5024,v0,bioclip_2_image
6848,/mnt/d/Photos/Z6ii/28-400mm/2025/2025-08-23/DSC_4183.NEF,247,3,Green,pick,neutral,0.8635,0.4949,0.9883,0.3646,0.7796,0.8533,0.0097,0.0184,-0.0002,0.0444,-0.0056,0.0126,0.0176,-0.0463,a photo with strong subject separation,a photo with no clear subject,0.4177,0.4367,0.4337,0.4246,0.4229,0.4125,0.4455,0.3992,0.4369,0.3894,0.4302,0.4103,0.3948,0.4918,v0,bioclip_2_image
6849,/mnt/d/Photos/Z6ii/28-400mm/2025/2025-08-23/DSC_4184.NEF,247,3,Green,pick,neutral,0.8742,0.4901,0.9919,0.5106,0.684,0.9023,0.0076,0.0194,-0.0004,0.0481,0.0004,0.0077,0.0222,-0.0487,a photo with strong subject separation,a photo with no clear subject,0.4171,0.4367,0.4337,0.4257,0.4218,0.4141,0.4398,0.3977,0.4371,0.3856,0.4253,0.4141,0.3919,0.4885,v0,bioclip_2_image
6850,/mnt/d/Photos/Z6ii/28-400mm/2025/2025-08-23/DSC_4185.NEF,247,3,Green,pick,neutral,0.8492,0.358,0.9911,0.3714,0.7564,0.8381,0.0064,0.0173,-0.0058,0.0471,-0.0053,0.0113,0.0164,-0.0505,a photo with strong subject separation,a photo with no clear subject,0.424,0.4407,0.44,0.436,0.4271,0.4164,0.4416,0.4067,0.4466,0.3929,0.4412,0.4158,0.4,0.4921,v0,bioclip_2_image
6851,/mnt/d/Photos/Z6ii/28-400mm/2025/2025-08-23/DSC_4186.NEF,17446,3,Green,pick,neutral,0.882,0.3352,0.9967,0.2939,0.5946,0.904,0.0018,0.0201,-0.0068,0.0571,-0.0088,0.0038,0.0224,-0.0634,a photo with strong subject separation,a photo with no clear subject,0.4198,0.4373,0.4495,0.4328,0.4228,0.4144,0.4312,0.3997,0.4441,0.3925,0.4415,0.4189,0.392,0.4946,v0,bioclip_2_image
6852,/mnt/d/Photos/Z6ii/28-400mm/2025/2025-08-23/DSC_4187.NEF,,3,Green,neutral,neutral,0.8826,0.3505,0.996,0.3038,0.6006,0.9119,0.0021,0.0202,-0.0062,0.0552,-0.0083,0.0041,0.0234,-0.0618,a photo with strong subject separation,a photo with no clear subject,0.4179,0.4353,0.446,0.4308,0.4229,0.4139,0.4338,0.3977,0.4414,0.3908,0.4391,0.4189,0.3905,0.4957,v0,bioclip_2_image
6853,/mnt/d/Photos/Z6ii/28-400mm/2025/2025-08-23/DSC_4188.NEF,17447,3,Green,pick,neutral,0.8475,0.1421,0.991,0.6304,0.7052,0.8494,0.0036,0.0172,-0.018,0.047,0.0053,0.0087,0.0173,-0.0562,a photo with strong subject separation,a photo with no clear subject,0.4264,0.4385,0.4461,0.4428,0.4294,0.4223,0.4385,0.4093,0.4565,0.3991,0.4375,0.4207,0.405,0.4947,v0,bioclip_2_image
6854,/mnt/d/Photos/Z6ii/28-400mm/2025/2025-08-23/DSC_4189.NEF,17447,3,Green,pick,neutral,0.8347,0.1197,0.9922,0.4815,0.5719,0.895,0.0029,0.0162,-0.02,0.0485,-0.0007,0.0029,0.0214,-0.0584,a photo with strong subject separation,a photo with no clear subject,0.4241,0.4344,0.4466,0.4393,0.4286,0.4266,0.4412,0.408,0.4544,0.3982,0.44,0.4257,0.4052,0.4997,v0,bioclip_2_image
6855,/mnt/d/Photos/Z6ii/28-400mm/2025/2025-08-23/DSC_4190.NEF,17446,3,Green,neutral,neutral,0.8231,0.3302,0.9954,0.2342,0.7647,0.8422,0.0083,0.0154,-0.0071,0.0539,-0.0118,0.0118,0.0167,-0.0478,a photo with strong subject separation,a photo with no clear subject,0.4153,0.4374,0.4444,0.4287,0.4316,0.4162,0.4565,0.3999,0.4445,0.3906,0.4405,0.4198,0.3995,0.5043,v0,bioclip_2_image
6856,/mnt/d/Photos/Z6ii/28-400mm/2025/2025-08-23/DSC_4191.NEF,,3,Green,neutral,neutral,0.8553,0.3988,0.996,0.1908,0.841,0.8924,0.01,0.0178,-0.0041,0.0552,-0.0145,0.0167,0.0212,-0.046,a photo with strong subject separation,a photo with no clear subject,0.4119,0.4363,0.4428,0.422,0.4314,0.4162,0.4524,0.3941,0.4404,0.3876,0.4365,0.4147,0.395,0.4984,v0,bioclip_2_image
6857,/mnt/d/Photos/Z6ii/28-400mm/2025/2025-08-23/DSC_4193.NEF,17446,3,Green,pick,neutral,0.8706,0.3336,0.9961,0.3085,0.5805,0.9198,0.0021,0.0191,-0.0069,0.0555,-0.0081,0.0032,0.0244,-0.0618,a photo with strong subject separation,a photo with no clear subject,0.4129,0.4313,0.4431,0.4272,0.4177,0.4105,0.4313,0.3938,0.4382,0.3875,0.4353,0.4144,0.3861,0.4932,v0,bioclip_2_image
6858,/mnt/d/Photos/Z6ii/28-400mm/2025/2025-08-23/DSC_4195.NEF,243,3,Green,pick,neutral,0.8662,0.1162,0.9895,0.6822,0.6304,0.8281,0.0076,0.0187,-0.0203,0.0455,0.0076,0.0053,0.0157,-0.0487,a photo with strong subject separation,blurry,0.421,0.4257,0.4308,0.4353,0.4205,0.4153,0.4436,0.4023,0.446,0.3854,0.4277,0.4151,0.3996,0.4923,v0,bioclip_2_image
6859,/mnt/d/Photos/Z6ii/28-400mm/2025/2025-08-23/DSC_4196.NEF,243,3,Green,pick,neutral,0.8774,0.1288,0.9919,0.7071,0.6273,0.8078,0.0067,0.0197,-0.0191,0.0481,0.0088,0.0052,0.0144,-0.05,a photo with strong subject separation,blurry,0.4217,0.4267,0.4323,0.4368,0.4187,0.4127,0.4447,0.4021,0.4458,0.3842,0.428,0.4135,0.3983,0.4948,v0,bioclip_2_image
6860,/mnt/d/Photos/Z6ii/28-400mm/2025/2025-08-23/DSC_4197.NEF,242,3,Green,neutral,neutral,0.8132,0.2741,0.9955,0.354,0.6893,0.8562,0.0077,0.0147,-0.0097,0.0539,-0.006,0.008,0.0178,-0.0486,a photo with strong subject separation,a photo with no clear subject,0.4305,0.4535,0.4558,0.4468,0.4354,0.4261,0.455,0.4158,0.4633,0.4018,0.4528,0.4275,0.4083,0.5036,v0,bioclip_2_image
6861,/mnt/d/Photos/Z6ii/28-400mm/2025/2025-08-23/DSC_4198.NEF,242,3,Green,neutral,neutral,0.8132,0.2837,0.9929,0.5116,0.7074,0.8408,0.016,0.0147,-0.0093,0.0494,0.0005,0.0088,0.0166,-0.0412,a photo with strong subject separation,a photo with no clear subject,0.4281,0.4482,0.4471,0.444,0.4374,0.4233,0.4662,0.4134,0.4574,0.3977,0.4436,0.4285,0.4066,0.5074,v0,bioclip_2_image
6862,/mnt/d/Photos/Z6ii/28-400mm/2025/2025-08-23/DSC_4199.NEF,,3,Green,neutral,neutral,0.8313,0.1652,0.9909,0.701,0.7418,0.88,0.0097,0.016,-0.0162,0.0469,0.0085,0.0106,0.0199,-0.0462,a photo with strong subject separation,a photo with no clear subject,0.4198,0.4381,0.434,0.4382,0.4291,0.4191,0.4563,0.4039,0.4543,0.3871,0.4296,0.4186,0.3992,0.5026,v0,bioclip_2_image
6863,/mnt/d/Photos/Z6ii/28-400mm/2025/2025-08-23/DSC_4204.NEF,,3,Green,neutral,neutral,0.8858,0.5568,0.9882,0.1518,0.6178,0.7729,0.0035,0.0205,0.0023,0.0443,-0.0172,0.0048,0.0122,-0.0564,a photo with strong subject separation,a photo with no clear subject,0.3964,0.4215,0.4144,0.4078,0.3951,0.381,0.431,0.3759,0.4192,0.3701,0.425,0.3903,0.3688,0.4873,v0,bioclip_2_image
6864,/mnt/d/Photos/Z6ii/28-400mm/2025/2025-08-23/DSC_4205.NEF,17448,3,Green,pick,neutral,0.8834,0.4768,0.9891,0.1242,0.5323,0.6882,0.0063,0.0202,-0.0009,0.0451,-0.0195,0.0013,0.0079,-0.0506,a photo with strong subject separation,a photo with no clear subject,0.4081,0.4282,0.4258,0.4192,0.4026,0.3882,0.4458,0.3879,0.4291,0.3808,0.4387,0.4013,0.3802,0.4963,v0,bioclip_2_image
6865,/mnt/d/Photos/Z6ii/28-400mm/2025/2025-08-23/DSC_4206.NEF,17448,3,Green,pick,neutral,0.8352,0.5509,0.9874,0.1626,0.6229,0.6971,0.0073,0.0162,0.002,0.0436,-0.0164,0.005,0.0083,-0.0492,a photo with strong subject separation,a photo with no clear subject,0.396,0.4206,0.4126,0.4103,0.3967,0.3793,0.4408,0.3798,0.4185,0.369,0.4267,0.3917,0.371,0.4899,v0,bioclip_2_image
6866,/mnt/d/Photos/Z6ii/28-400mm/2025/2025-08-23/DSC_4208.NEF,,3,Green,neutral,neutral,0.7596,0.0664,0.9945,0.165,0.6898,0.9242,0.0023,0.0115,-0.0264,0.052,-0.0162,0.008,0.025,-0.0609,a photo with strong subject separation,blurry,0.4151,0.4315,0.4321,0.4297,0.4177,0.4144,0.4571,0.4036,0.4579,0.3801,0.4459,0.4098,0.3894,0.518,v0,bioclip_2_image
6867,/mnt/d/Photos/Z6ii/28-400mm/2025/2025-08-23/DSC_4209.NEF,,2,Green,neutral,rejected,0.812,0.4283,0.9969,0.2534,0.8505,0.922,0.0044,0.0146,-0.0029,0.0579,-0.0108,0.0174,0.0247,-0.0543,a photo with strong subject separation,a photo with no clear subject,0.4105,0.4436,0.4367,0.43,0.4187,0.4057,0.4627,0.3958,0.4465,0.3788,0.4408,0.4013,0.381,0.517,v0,bioclip_2_image
6871,/mnt/d/Photos/Z6ii/28-400mm/2025/2025-08-23/DSC_4216.NEF,234,1,Red,pick,rejected,0.9124,0.6543,0.9912,0.2999,0.7122,0.8676,0.0096,0.0234,0.0064,0.0472,-0.0085,0.0091,0.0188,-0.0464,a photo with strong subject separation,blurry,0.4248,0.4459,0.4448,0.4263,0.4197,0.4079,0.4305,0.4014,0.4395,0.3976,0.4348,0.4107,0.3891,0.4769,v0,bioclip_2_image
6872,/mnt/d/Photos/Z6ii/28-400mm/2025/2025-08-23/DSC_4217.NEF,234,1,Red,pick,rejected,0.9097,0.5158,0.9913,0.1993,0.7155,0.8948,0.0092,0.0231,0.0006,0.0473,-0.0139,0.0092,0.0214,-0.0468,a photo with strong subject separation,blurry,0.4171,0.4361,0.4412,0.4143,0.4121,0.406,0.4278,0.394,0.4355,0.3939,0.4282,0.4028,0.3845,0.4746,v0,bioclip_2_image
6874,/mnt/d/Photos/Z6ii/28-400mm/2025/2025-08-23/DSC_4219.NEF,17449,2,Yellow,pick,rejected,0.831,0.1374,0.991,0.0718,0.7529,0.8059,0.0061,0.0159,-0.0184,0.047,-0.0256,0.0111,0.0142,-0.0509,a photo with strong subject separation,blurry,0.4143,0.433,0.4351,0.4269,0.4007,0.4079,0.4435,0.3984,0.4514,0.388,0.4525,0.3895,0.3936,0.4944,v0,bioclip_2_image
6875,/mnt/d/Photos/Z6ii/28-400mm/2025/2025-08-23/DSC_4220.NEF,17449,2,Yellow,pick,rejected,0.8951,0.1589,0.9968,0.1451,0.9086,0.8782,0.0113,0.0214,-0.0167,0.0575,-0.0177,0.023,0.0198,-0.0448,a photo with strong subject separation,blurry,0.4063,0.4253,0.4274,0.4204,0.4049,0.4038,0.4412,0.3849,0.442,0.37,0.4381,0.3819,0.3841,0.486,v0,bioclip_2_image
6876,/mnt/d/Photos/Z6ii/28-400mm/2025/2025-08-23/DSC_4221.NEF,17450,3,Green,neutral,neutral,0.8662,0.2183,0.9926,0.5308,0.8211,0.955,0.009,0.0187,-0.0128,0.049,0.0012,0.0152,0.0306,-0.047,a photo with strong subject separation,blurry,0.4178,0.4373,0.4377,0.4335,0.4156,0.4123,0.4567,0.3991,0.45,0.3886,0.4323,0.4003,0.3817,0.5036,v0,bioclip_2_image
6877,/mnt/d/Photos/Z6ii/28-400mm/2025/2025-08-23/DSC_4222.NEF,17450,3,Green,neutral,neutral,0.795,0.2411,0.9907,0.3108,0.8467,0.5692,0.0158,0.0136,-0.0115,0.0467,-0.008,0.0171,0.0028,-0.0413,a photo with strong subject separation,a photo with no clear subject,0.4095,0.4296,0.4345,0.4242,0.4128,0.395,0.4411,0.396,0.441,0.3878,0.4322,0.3957,0.3922,0.4824,v0,bioclip_2_image
6878,/mnt/d/Photos/Z6ii/28-400mm/2025/2025-08-23/DSC_4223.NEF,231,3,Green,neutral,neutral,0.8109,0.1916,0.9856,0.3198,0.8875,0.9046,0.0103,0.0146,-0.0144,0.0423,-0.0075,0.0207,0.0225,-0.0457,a photo with strong subject separation,blurry,0.411,0.4326,0.4302,0.4294,0.4118,0.4032,0.4592,0.3964,0.447,0.388,0.437,0.3912,0.3807,0.5049,v0,bioclip_2_image
6879,/mnt/d/Photos/Z6ii/28-400mm/2025/2025-08-23/DSC_4224.NEF,231,3,Green,neutral,neutral,0.6828,0.0842,0.9853,0.3167,0.9318,0.6942,0.008,0.0077,-0.0239,0.0421,-0.0077,0.0261,0.0082,-0.0482,a photo with strong subject separation,blurry,0.4142,0.4305,0.4398,0.4348,0.4258,0.4042,0.4703,0.4066,0.4543,0.3977,0.4425,0.3997,0.396,0.5185,v0,bioclip_2_image
6880,/mnt/d/Photos/Z6ii/28-400mm/2025/2025-08-23/DSC_4225.NEF,231,2,Yellow,neutral,rejected,0.747,0.2128,0.9927,0.3624,0.7646,0.5908,0.0078,0.0108,-0.0131,0.0491,-0.0056,0.0118,0.0037,-0.0484,a photo with strong subject separation,blurry,0.4134,0.4325,0.4423,0.4297,0.4118,0.3988,0.4351,0.4026,0.4455,0.3933,0.4354,0.4,0.3951,0.4835,v0,bioclip_2_image
6881,/mnt/d/Photos/Z6ii/28-400mm/2025/2025-08-23/DSC_4227.NEF,231,3,Green,neutral,neutral,0.8097,0.2328,0.9889,0.3809,0.8299,0.7447,0.0064,0.0145,-0.0119,0.0449,-0.0049,0.0159,0.0107,-0.0504,a photo with strong subject separation,blurry,0.4218,0.4393,0.4452,0.4346,0.4192,0.4118,0.435,0.4073,0.4512,0.4003,0.4394,0.4034,0.4011,0.4854,v0,bioclip_2_image
6882,/mnt/d/Photos/Z6ii/28-400mm/2025/2025-08-23/DSC_4229.NEF,,3,Green,neutral,neutral,0.792,0.2402,0.9847,0.4314,0.8373,0.8945,0.0053,0.0134,-0.0115,0.0417,-0.0028,0.0164,0.0214,-0.0523,a photo with strong subject separation,blurry,0.4134,0.4328,0.4352,0.4304,0.4122,0.4042,0.4518,0.4,0.4443,0.3936,0.4331,0.3958,0.3828,0.5041,v0,bioclip_2_image
6883,/mnt/d/Photos/Z6ii/28-400mm/2025/2025-08-23/DSC_4230.NEF,17451,3,Green,pick,neutral,0.6943,0.2297,0.997,0.1373,0.9063,0.7702,0.0196,0.0082,-0.0121,0.0582,-0.0184,0.0227,0.0121,-0.0391,a photo with strong subject separation,a photo with no clear subject,0.4063,0.4274,0.433,0.4147,0.4242,0.4009,0.4408,0.3981,0.4395,0.3748,0.4331,0.4015,0.3888,0.4799,v0,bioclip_2_image
6885,/mnt/d/Photos/Z6ii/28-400mm/2025/2025-08-23/DSC_4237.NEF,,2,Yellow,neutral,rejected,0.7969,0.3454,0.9955,0.3849,0.629,0.8857,0.0091,0.0137,-0.0064,0.0541,-0.0047,0.0053,0.0205,-0.0469,a photo with strong subject separation,a photo with no clear subject,0.4251,0.4484,0.4455,0.44,0.4294,0.4195,0.4478,0.4114,0.4548,0.3914,0.4447,0.4241,0.399,0.4948,v0,bioclip_2_image
6886,/mnt/d/Photos/Z6ii/28-400mm/2025/2025-08-23/DSC_4238.NEF,17452,2,Green,pick,rejected,0.8239,0.3409,0.9955,0.4253,0.7172,0.9004,0.0068,0.0154,-0.0066,0.054,-0.003,0.0093,0.022,-0.0498,a photo with strong subject separation,a photo with no clear subject,0.428,0.4526,0.449,0.4431,0.4329,0.4223,0.4463,0.4126,0.4591,0.395,0.4461,0.4236,0.4003,0.4961,v0,bioclip_2_image
6887,/mnt/d/Photos/Z6ii/28-400mm/2025/2025-08-23/DSC_4239.NEF,17452,2,Yellow,pick,rejected,0.8074,0.363,0.9951,0.4252,0.7197,0.8832,0.0075,0.0143,-0.0056,0.0531,-0.003,0.0094,0.0202,-0.0488,a photo with strong subject separation,a photo with no clear subject,0.4258,0.4509,0.4474,0.4406,0.4316,0.4208,0.4465,0.4115,0.4565,0.3943,0.4436,0.4222,0.4006,0.4954,v0,bioclip_2_image
6888,/mnt/d/Photos/Z6ii/28-400mm/2025/2025-08-23/DSC_4241.NEF,17452,2,Green,pick,rejected,0.8288,0.3463,0.9965,0.4571,0.7224,0.9012,0.01,0.0158,-0.0064,0.0565,-0.0017,0.0096,0.0221,-0.046,a photo with strong subject separation,a photo with no clear subject,0.4276,0.4527,0.4486,0.4419,0.4329,0.423,0.4506,0.4119,0.4591,0.3921,0.4436,0.4234,0.4009,0.4966,v0,bioclip_2_image
6889,/mnt/d/Photos/Z6ii/28-400mm/2025/2025-08-23/DSC_4243.NEF,17453,2,Yellow,pick,rejected,0.8189,0.3463,0.996,0.4373,0.7079,0.9105,0.0083,0.0151,-0.0064,0.0551,-0.0025,0.0089,0.0232,-0.0479,a photo with strong subject separation,a photo with no clear subject,0.426,0.4506,0.4475,0.4402,0.4305,0.4214,0.4489,0.4109,0.4569,0.3924,0.4428,0.4217,0.3982,0.4967,v0,bioclip_2_image
6890,/mnt/d/Photos/Z6ii/28-400mm/2025/2025-08-23/DSC_4244.NEF,17453,2,Yellow,pick,rejected,0.8196,0.3091,0.9957,0.3444,0.7011,0.8902,0.0079,0.0151,-0.008,0.0546,-0.0064,0.0085,0.0209,-0.0484,a photo with strong subject separation,a photo with no clear subject,0.425,0.4487,0.4463,0.4383,0.4286,0.4206,0.4473,0.4099,0.4567,0.3917,0.4447,0.4201,0.3996,0.4957,v0,bioclip_2_image
6891,/mnt/d/Photos/Z6ii/28-400mm/2025/2025-08-23/DSC_4248.NEF,,3,Green,neutral,neutral,0.8971,0.3194,0.9958,0.3088,0.9271,0.9857,0.0087,0.0217,-0.0076,0.0546,-0.0081,0.0254,0.0423,-0.0473,high quality,a photo with no clear subject,0.418,0.437,0.4445,0.4346,0.4218,0.4213,0.4669,0.3964,0.4446,0.3899,0.4427,0.3964,0.3789,0.5142,v0,bioclip_2_image
6892,/mnt/d/Photos/Z6ii/28-400mm/2025/2025-08-23/DSC_4249.NEF,17454,3,Green,pick,neutral,0.8836,0.2566,0.9946,0.3417,0.9234,0.9748,0.0096,0.0203,-0.0106,0.0522,-0.0066,0.0249,0.0365,-0.0463,high quality,a photo with no clear subject,0.4194,0.4349,0.4396,0.437,0.4248,0.4174,0.4719,0.3991,0.4455,0.3874,0.4436,0.3999,0.3809,0.5182,v0,bioclip_2_image
6893,/mnt/d/Photos/Z6ii/28-400mm/2025/2025-08-23/DSC_4250.NEF,17454,3,Green,pick,neutral,0.9284,0.3033,0.9941,0.0733,0.8689,0.9745,0.018,0.0256,-0.0083,0.0512,-0.0254,0.0189,0.0364,-0.04,a photo with strong subject separation,a photo with no clear subject,0.3957,0.4064,0.4124,0.4001,0.3972,0.3944,0.4633,0.37,0.4147,0.3611,0.4255,0.3783,0.358,0.5033,v0,bioclip_2_image
6895,/mnt/d/Photos/Z6ii/28-400mm/2025/2025-08-23/DSC_4252.NEF,225,3,Green,pick,neutral,0.8751,0.2107,0.9957,0.1912,0.9366,0.9802,0.015,0.0195,-0.0132,0.0544,-0.0144,0.0269,0.039,-0.0418,a photo with strong subject separation,a photo with no clear subject,0.4178,0.4336,0.4366,0.4363,0.4182,0.4202,0.4662,0.3984,0.4468,0.3821,0.4507,0.3912,0.3812,0.508,v0,bioclip_2_image
6896,/mnt/d/Photos/Z6ii/28-400mm/2025/2025-08-23/DSC_4255.NEF,,3,Green,neutral,neutral,0.7276,0.0844,0.991,0.1296,0.7876,0.7562,0.0083,0.0098,-0.0238,0.047,-0.019,0.0131,0.0113,-0.0479,a photo with strong subject separation,a photo with no clear subject,0.413,0.4271,0.4362,0.4193,0.4211,0.4083,0.4406,0.4031,0.4509,0.3892,0.4383,0.408,0.397,0.4885,v0,bioclip_2_image
6897,/mnt/d/Photos/Z6ii/28-400mm/2025/2025-08-23/DSC_4256.NEF,,2,Green,neutral,rejected,0.8196,0.2435,0.9907,0.3751,0.7614,0.7646,0.013,0.0151,-0.0113,0.0467,-0.0051,0.0116,0.0118,-0.0433,a photo with strong subject separation,a photo with no clear subject,0.4129,0.4172,0.4231,0.4216,0.4106,0.4024,0.4423,0.3977,0.4286,0.3764,0.4267,0.399,0.3907,0.4856,v0,bioclip_2_image
6898,/mnt/d/Photos/Z6ii/28-400mm/2025/2025-08-23/DSC_4257.NEF,,3,Green,neutral,neutral,0.8903,0.4824,0.9972,0.2453,0.8912,0.9608,0.0267,0.0209,-0.0007,0.0586,-0.0112,0.021,0.032,-0.036,a photo with strong subject separation,blurry,0.4043,0.4311,0.4344,0.4129,0.4088,0.4065,0.4682,0.3834,0.4318,0.3757,0.4242,0.3878,0.3745,0.5041,v0,bioclip_2_image
6899,/mnt/d/Photos/Z6ii/28-400mm/2025/2025-08-23/DSC_4258.NEF,17455,3,Green,pick,neutral,0.8405,0.4444,0.9953,0.1921,0.9332,0.9586,0.0144,0.0166,-0.0022,0.0536,-0.0144,0.0264,0.0314,-0.0422,a photo with strong subject separation,a photo with no clear subject,0.3821,0.4081,0.4149,0.3915,0.3983,0.3886,0.4404,0.3654,0.4103,0.3613,0.4058,0.3719,0.3572,0.4826,v0,bioclip_2_image
6900,/mnt/d/Photos/Z6ii/28-400mm/2025/2025-08-23/DSC_4259.NEF,17455,3,Green,pick,neutral,0.8832,0.3209,0.9976,0.1755,0.9118,0.9828,0.0169,0.0202,-0.0075,0.0605,-0.0155,0.0234,0.0405,-0.0406,a photo with strong subject separation,a photo with no clear subject,0.3926,0.4154,0.4247,0.3971,0.4018,0.4031,0.446,0.3723,0.4229,0.3642,0.4126,0.3785,0.3626,0.4866,v0,bioclip_2_image
6901,/mnt/d/Photos/Z6ii/28-400mm/2025/2025-08-23/DSC_4260.NEF,,3,Green,neutral,neutral,0.8854,0.1653,0.9947,0.2624,0.9277,0.9366,0.0049,0.0204,-0.0162,0.0523,-0.0103,0.0255,0.0269,-0.0531,a photo with strong subject separation,a photo with no clear subject,0.3966,0.4166,0.421,0.4114,0.4095,0.3956,0.451,0.3761,0.4328,0.3687,0.4217,0.384,0.3686,0.5041,v0,bioclip_2_image
6902,/mnt/d/Photos/Z6ii/28-400mm/2025/2025-08-23/DSC_4261.NEF,218,3,Green,neutral,neutral,0.8051,0.1414,0.996,0.2751,0.7386,0.9368,0.0025,0.0142,-0.018,0.0552,-0.0097,0.0104,0.027,-0.0599,high quality,blurry,0.4228,0.4377,0.4517,0.4324,0.4166,0.4174,0.4514,0.4086,0.4558,0.3965,0.4421,0.4062,0.3905,0.5112,v0,bioclip_2_image
6903,/mnt/d/Photos/Z6ii/28-400mm/2025/2025-08-23/DSC_4262.NEF,17456,3,Green,neutral,neutral,0.7846,0.078,0.9989,0.3231,0.9404,0.9473,0.0014,0.0129,-0.0247,0.0681,-0.0074,0.0276,0.0289,-0.0655,a photo with strong subject separation,blurry,0.4116,0.438,0.4437,0.4391,0.4223,0.4032,0.4679,0.3986,0.4627,0.3757,0.4465,0.3947,0.3743,0.5334,v0,bioclip_2_image
6904,/mnt/d/Photos/Z6ii/28-400mm/2025/2025-08-23/DSC_4263.NEF,17456,3,Green,neutral,neutral,0.8387,0.1723,0.9965,0.1438,0.8102,0.9406,0.0025,0.0165,-0.0157,0.0566,-0.0178,0.0145,0.0276,-0.0599,a photo with strong subject separation,blurry,0.4204,0.4429,0.452,0.4266,0.4174,0.4106,0.4708,0.4039,0.4586,0.3954,0.4444,0.4029,0.383,0.5307,v0,bioclip_2_image
6905,/mnt/d/Photos/Z6ii/28-400mm/2025/2025-08-23/DSC_4264.NEF,,3,Green,neutral,neutral,0.8253,0.1692,0.9981,0.4073,0.7827,0.9626,0.0027,0.0155,-0.0159,0.0627,-0.0038,0.0128,0.0325,-0.0591,a photo with strong subject separation,blurry,0.4134,0.4379,0.4467,0.4345,0.413,0.4081,0.4688,0.3979,0.4538,0.384,0.4383,0.4002,0.3757,0.528,v0,bioclip_2_image
6906,/mnt/d/Photos/Z6ii/28-400mm/2025/2025-08-23/DSC_4265.NEF,218,3,Green,neutral,neutral,0.8533,0.1642,0.9978,0.4783,0.8163,0.958,0.0014,0.0176,-0.0163,0.0612,-0.0009,0.0149,0.0313,-0.0658,high quality,blurry,0.4104,0.4272,0.44,0.4246,0.4098,0.4085,0.4362,0.3928,0.4435,0.3788,0.4255,0.3949,0.3772,0.502,v0,bioclip_2_image
6912,/mnt/d/Photos/Z6ii/28-400mm/2025/2025-08-23/DSC_4272.NEF,,2,Yellow,neutral,rejected,0.9104,0.1794,0.9943,0.3703,0.7685,0.6622,0.0111,0.0232,-0.0152,0.0517,-0.0053,0.012,0.0067,-0.0449,a photo with strong subject separation,blurry,0.4384,0.4425,0.4584,0.446,0.4221,0.4155,0.4554,0.4152,0.4577,0.4068,0.4513,0.4101,0.4088,0.5004,v0,bioclip_2_image
6913,/mnt/d/Photos/Z6ii/28-400mm/2025/2025-08-23/DSC_4275.NEF,17459,3,Yellow,neutral,neutral,0.9338,0.6318,0.9936,0.4805,0.7228,0.9664,0.0021,0.0265,0.0054,0.0505,-0.0008,0.0096,0.0336,-0.0615,high quality,a photo with no clear subject,0.4048,0.4268,0.4232,0.4216,0.4009,0.4025,0.4433,0.3783,0.4214,0.3727,0.4224,0.3914,0.3689,0.5049,v0,bioclip_2_image
6914,/mnt/d/Photos/Z6ii/28-400mm/2025/2025-08-23/DSC_4276.NEF,17459,3,Green,neutral,neutral,0.8996,0.4893,0.995,0.4162,0.8742,0.9934,0.0032,0.0219,-0.0004,0.0529,-0.0034,0.0194,0.0501,-0.0573,a photo with strong subject separation,a photo with no clear subject,0.4086,0.4368,0.4274,0.4189,0.4093,0.4168,0.4559,0.3867,0.4372,0.3745,0.4223,0.3899,0.3666,0.5132,v0,bioclip_2_image
6915,/mnt/d/Photos/Z6ii/28-400mm/2025/2025-08-23/DSC_4277.NEF,17460,3,Green,neutral,neutral,0.8487,0.2245,0.9943,0.4709,0.6309,0.9682,0.0009,0.0172,-0.0124,0.0517,-0.0012,0.0054,0.0342,-0.0697,high quality,a photo with no clear subject,0.4273,0.4467,0.4502,0.4447,0.4226,0.4325,0.4531,0.41,0.4591,0.3985,0.4459,0.4172,0.3983,0.5228,v0,bioclip_2_image
6916,/mnt/d/Photos/Z6ii/28-400mm/2025/2025-08-23/DSC_4278.NEF,17460,3,Green,pick,neutral,0.8714,0.2287,0.9957,0.4716,0.766,0.9822,0.0013,0.0191,-0.0122,0.0545,-0.0011,0.0119,0.0401,-0.0665,high quality,blurry,0.4093,0.4336,0.4326,0.4292,0.4113,0.4161,0.4624,0.3902,0.4458,0.3781,0.4304,0.3995,0.376,0.529,v0,bioclip_2_image
6917,/mnt/d/Photos/Z6ii/28-400mm/2025/2025-08-23/DSC_4280.NEF,17460,3,Green,pick,neutral,0.854,0.2413,0.9959,0.2847,0.8223,0.9472,0.0008,0.0177,-0.0115,0.055,-0.0092,0.0153,0.0289,-0.071,high quality,blurry,0.4208,0.4411,0.4381,0.4308,0.4242,0.421,0.4669,0.4031,0.4525,0.3831,0.44,0.4089,0.3921,0.538,v0,bioclip_2_image
6918,/mnt/d/Photos/Z6ii/28-400mm/2025/2025-08-23/DSC_4281.NEF,,3,Green,neutral,neutral,0.8666,0.3258,0.9972,0.4803,0.7913,0.9766,0.0005,0.0187,-0.0073,0.0588,-0.0008,0.0133,0.0373,-0.0764,high quality,blurry,0.4192,0.4418,0.4409,0.4404,0.4145,0.419,0.4556,0.4005,0.449,0.3821,0.4412,0.4012,0.3817,0.532,v0,bioclip_2_image
6919,/mnt/d/Photos/Z6ii/28-400mm/2025/2025-08-23/DSC_4282.NEF,,3,Green,neutral,neutral,0.8792,0.2691,0.9944,0.385,0.7642,0.9845,0.0012,0.0199,-0.01,0.0519,-0.0047,0.0118,0.0415,-0.0676,a photo with strong subject separation,blurry,0.3988,0.421,0.4221,0.4172,0.4024,0.4079,0.4336,0.3789,0.431,0.3703,0.4218,0.3907,0.3663,0.5012,v0,bioclip_2_image
6920,/mnt/d/Photos/Z6ii/28-400mm/2025/2025-08-23/DSC_4283.NEF,,2,Yellow,neutral,rejected,0.8026,0.1182,0.9949,0.2576,0.636,0.8871,0.002,0.014,-0.0201,0.0527,-0.0106,0.0056,0.0206,-0.0624,high quality,a photo with no clear subject,0.4223,0.4408,0.4514,0.4376,0.4251,0.4153,0.4678,0.4083,0.4609,0.3987,0.4482,0.4195,0.3947,0.5301,v0,bioclip_2_image
6921,/mnt/d/Photos/Z6ii/28-400mm/2025/2025-08-23/DSC_4284.NEF,212,3,Green,pick,neutral,0.846,0.1945,0.9955,0.2511,0.7604,0.9485,0.002,0.017,-0.0142,0.054,-0.0109,0.0115,0.0291,-0.062,a photo with strong subject separation,blurry,0.4181,0.4426,0.4494,0.4386,0.4241,0.4152,0.4644,0.401,0.4568,0.3954,0.4495,0.4126,0.3861,0.5265,v0,bioclip_2_image
6922,/mnt/d/Photos/Z6ii/28-400mm/2025/2025-08-23/DSC_4285.NEF,212,3,Green,pick,neutral,0.8454,0.1884,0.9974,0.299,0.7539,0.9646,0.0043,0.017,-0.0146,0.0594,-0.0085,0.0112,0.0331,-0.0544,a photo with strong subject separation,blurry,0.4062,0.4321,0.4374,0.4256,0.41,0.4032,0.4636,0.3892,0.4467,0.378,0.4341,0.3988,0.3702,0.518,v0,bioclip_2_image
6923,/mnt/d/Photos/Z6ii/28-400mm/2025/2025-08-23/DSC_4286.NEF,17461,3,Green,neutral,neutral,0.9169,0.2569,0.9977,0.6123,0.7174,0.9507,0.0046,0.024,-0.0106,0.0606,0.0046,0.0093,0.0296,-0.0537,a photo with strong subject separation,blurry,0.4219,0.4386,0.4432,0.4434,0.4083,0.4107,0.4772,0.3979,0.4492,0.3826,0.4389,0.3989,0.3811,0.5309,v0,bioclip_2_image
6924,/mnt/d/Photos/Z6ii/28-400mm/2025/2025-08-23/DSC_4287.NEF,17461,3,Green,neutral,neutral,0.8931,0.3026,0.9981,0.4394,0.4492,0.9819,0.0016,0.0212,-0.0084,0.0627,-0.0024,-0.002,0.0399,-0.0642,a photo with strong subject separation,a photo with no clear subject,0.4053,0.4258,0.4342,0.4218,0.4021,0.4098,0.4605,0.3841,0.4341,0.3715,0.4242,0.4042,0.3699,0.5247,v0,bioclip_2_image
6925,/mnt/d/Photos/Z6ii/28-400mm/2025/2025-08-23/DSC_4288.NEF,210,3,Green,neutral,neutral,0.9089,0.3224,0.9982,0.5095,0.5589,0.9752,0.0034,0.023,-0.0074,0.0633,0.0004,0.0024,0.0367,-0.0569,a photo with strong subject separation,blurry,0.4118,0.4318,0.4402,0.4272,0.3994,0.4089,0.4663,0.3888,0.4392,0.3769,0.4269,0.3971,0.3722,0.5233,v0,bioclip_2_image
6926,/mnt/d/Photos/Z6ii/28-400mm/2025/2025-08-23/DSC_4289.NEF,,2,Green,neutral,rejected,0.9402,0.5197,0.9981,0.65,0.7541,0.9832,0.0099,0.0275,0.0008,0.0625,0.0062,0.0112,0.0407,-0.0461,a photo with strong subject separation,blurry,0.4302,0.4628,0.4581,0.4379,0.4188,0.4299,0.4886,0.4026,0.462,0.3956,0.4317,0.4076,0.3892,0.5347,v0,bioclip_2_image
6927,/mnt/d/Photos/Z6ii/28-400mm/2025/2025-08-23/DSC_4290.NEF,210,3,Green,neutral,neutral,0.9341,0.3445,0.9989,0.5947,0.7852,0.979,0.005,0.0265,-0.0064,0.0678,0.0038,0.013,0.0384,-0.053,a photo with strong subject separation,blurry,0.4067,0.4294,0.4327,0.418,0.4037,0.3997,0.4814,0.3802,0.4358,0.365,0.4142,0.3907,0.3613,0.5344,v0,bioclip_2_image
6928,/mnt/d/Photos/Z6ii/28-400mm/2025/2025-08-23/DSC_4292.NEF,,2,Yellow,neutral,rejected,0.7586,0.3905,0.9941,0.1502,0.7301,0.8978,0.0099,0.0115,-0.0045,0.0513,-0.0173,0.01,0.0217,-0.046,a photo with strong subject separation,a photo with no clear subject,0.4243,0.4476,0.4497,0.4314,0.435,0.4221,0.4548,0.4129,0.452,0.3984,0.4488,0.4251,0.4003,0.5008,v0,bioclip_2_image
6929,/mnt/d/Photos/Z6ii/28-400mm/2025/2025-08-23/DSC_4296.NEF,,3,Green,neutral,neutral,0.8497,0.3916,0.9908,0.1742,0.6627,0.8957,0.0109,0.0173,-0.0044,0.0467,-0.0156,0.0068,0.0215,-0.0451,a photo with strong subject separation,a photo with no clear subject,0.4281,0.4502,0.4458,0.4339,0.4341,0.4263,0.4565,0.4108,0.4546,0.399,0.4494,0.4273,0.4048,0.5016,v0,bioclip_2_image
6930,/mnt/d/Photos/Z6ii/28-400mm/2025/2025-08-23/DSC_4297.NEF,,3,Green,neutral,neutral,0.8766,0.4119,0.9953,0.4996,0.759,0.9298,0.0127,0.0196,-0.0036,0.0535,-0.0,0.0115,0.0258,-0.0435,a photo with strong subject separation,a photo with no clear subject,0.4339,0.4541,0.4522,0.4459,0.4367,0.4285,0.4558,0.4143,0.4576,0.3987,0.4459,0.4252,0.4027,0.4993,v0,bioclip_2_image
6931,/mnt/d/Photos/Z6ii/28-400mm/2025/2025-08-23/DSC_4298.NEF,17462,3,Green,neutral,neutral,0.8386,0.3606,0.9946,0.5511,0.7395,0.9037,0.0111,0.0165,-0.0057,0.0522,0.0021,0.0104,0.0224,-0.0449,a photo with strong subject separation,a photo with no clear subject,0.4285,0.4493,0.4468,0.4427,0.4329,0.4217,0.4524,0.412,0.4551,0.3947,0.4407,0.4225,0.3993,0.4973,v0,bioclip_2_image
6932,/mnt/d/Photos/Z6ii/28-400mm/2025/2025-08-23/DSC_4299.NEF,17462,3,Green,neutral,neutral,0.8767,0.3935,0.9965,0.3669,0.8064,0.9475,0.0078,0.0196,-0.0043,0.0566,-0.0055,0.0143,0.0289,-0.0485,a photo with strong subject separation,a photo with no clear subject,0.4248,0.4473,0.4454,0.4327,0.4312,0.423,0.4478,0.4052,0.4517,0.3888,0.4381,0.4169,0.3941,0.4963,v0,bioclip_2_image
6467,/mnt/d/Photos/Z6ii/28-400mm/2025/2025-08-31/DSC_4303.NEF,17463,3,Green,pick,neutral,0.9565,0.1777,0.9979,0.3558,0.9174,0.9746,0.0059,0.0309,-0.0153,0.0614,-0.0059,0.0241,0.0365,-0.0513,a photo with strong subject separation,blurry,0.41,0.4236,0.4297,0.4065,0.4098,0.4074,0.4426,0.3791,0.4389,0.3682,0.4125,0.3857,0.3709,0.494,v0,bioclip_2_image
6468,/mnt/d/Photos/Z6ii/28-400mm/2025/2025-08-31/DSC_4304.NEF,17463,3,Green,pick,neutral,0.937,0.1889,0.9975,0.4158,0.9268,0.9697,0.0061,0.027,-0.0146,0.0597,-0.0034,0.0254,0.0347,-0.0509,a photo with strong subject separation,blurry,0.4156,0.4313,0.433,0.416,0.4157,0.4133,0.4521,0.3886,0.4459,0.3733,0.4194,0.3903,0.3786,0.503,v0,bioclip_2_image
6469,/mnt/d/Photos/Z6ii/28-400mm/2025/2025-08-31/DSC_4307.NEF,17463,3,Green,pick,neutral,0.9652,0.3183,0.9963,0.4501,0.9019,0.977,0.0095,0.0332,-0.0076,0.0559,-0.002,0.0222,0.0375,-0.0465,a photo with strong subject separation,blurry,0.4233,0.4372,0.4349,0.4188,0.4202,0.4188,0.4575,0.3901,0.4448,0.379,0.4208,0.3981,0.3813,0.504,v0,bioclip_2_image
6470,/mnt/d/Photos/Z6ii/28-400mm/2025/2025-08-31/DSC_4309.NEF,,3,Green,neutral,neutral,0.9734,0.438,0.9974,0.4418,0.9322,0.9803,0.017,0.036,-0.0025,0.0594,-0.0023,0.0262,0.0391,-0.0406,a photo with strong subject separation,blurry,0.424,0.4389,0.4316,0.4256,0.4216,0.4213,0.4531,0.388,0.4413,0.3722,0.428,0.3954,0.3823,0.4936,v0,bioclip_2_image
6471,/mnt/d/Photos/Z6ii/28-400mm/2025/2025-08-31/DSC_4311.NEF,,3,Green,neutral,neutral,0.9551,0.3484,0.9951,0.4716,0.8171,0.9732,0.0064,0.0306,-0.0063,0.0531,-0.0011,0.015,0.0359,-0.0504,a photo with strong subject separation,blurry,0.4355,0.451,0.4483,0.4413,0.4263,0.431,0.4578,0.4049,0.4573,0.3952,0.4425,0.4113,0.395,0.5082,v0,bioclip_2_image
6472,/mnt/d/Photos/Z6ii/28-400mm/2025/2025-08-31/DSC_4315.NEF,445,3,Green,pick,neutral,0.938,0.2405,0.9935,0.4484,0.6816,0.9512,0.005,0.0272,-0.0115,0.0503,-0.0021,0.0076,0.0297,-0.0529,a photo with strong subject separation,blurry,0.4366,0.4528,0.4495,0.448,0.4226,0.4279,0.4582,0.4095,0.4642,0.3992,0.4501,0.415,0.3982,0.5111,v0,bioclip_2_image
6473,/mnt/d/Photos/Z6ii/28-400mm/2025/2025-08-31/DSC_4316.NEF,445,3,Green,pick,neutral,0.9494,0.2978,0.9944,0.4061,0.7023,0.9667,0.0051,0.0293,-0.0086,0.0518,-0.0038,0.0086,0.0337,-0.0527,a photo with strong subject separation,blurry,0.4326,0.4489,0.4464,0.4404,0.4215,0.4262,0.4585,0.4033,0.4575,0.3946,0.4442,0.4129,0.3925,0.5112,v0,bioclip_2_image
6474,/mnt/d/Photos/Z6ii/28-400mm/2025/2025-08-31/DSC_4318.NEF,,3,Green,neutral,neutral,0.9405,0.2055,0.994,0.4679,0.6617,0.9559,0.0043,0.0276,-0.0135,0.051,-0.0013,0.0067,0.0308,-0.0545,a photo with strong subject separation,blurry,0.4323,0.4479,0.4449,0.4453,0.4201,0.424,0.4525,0.4047,0.4614,0.3938,0.4465,0.4134,0.3932,0.507,v0,bioclip_2_image
6476,/mnt/d/Photos/Z6ii/28-400mm/2025/2025-08-31/DSC_4327.NEF,,3,Green,neutral,neutral,0.9041,0.2258,0.9958,0.0492,0.4236,0.9639,0.0011,0.0224,-0.0123,0.0547,-0.0296,-0.0031,0.0329,-0.0684,a photo with strong subject separation,a photo with no clear subject,0.4224,0.4401,0.4487,0.4263,0.4212,0.4191,0.4749,0.4,0.4525,0.394,0.4559,0.4242,0.3863,0.5433,v0,bioclip_2_image
6477,/mnt/d/Photos/Z6ii/28-400mm/2025/2025-08-31/DSC_4328.NEF,17464,3,Green,neutral,neutral,0.9611,0.4852,0.9994,0.1119,0.7562,0.9614,0.0034,0.0321,-0.0006,0.0743,-0.0207,0.0113,0.0322,-0.0567,a photo with strong subject separation,blurry,0.4302,0.4518,0.4558,0.4379,0.4124,0.421,0.491,0.3981,0.4524,0.3815,0.4586,0.4011,0.3889,0.5477,v0,bioclip_2_image
6478,/mnt/d/Photos/Z6ii/28-400mm/2025/2025-08-31/DSC_4329.NEF,17465,2,Green,pick,rejected,0.9443,0.5335,0.9987,0.0972,0.7505,0.9249,0.0028,0.0283,0.0013,0.0666,-0.0223,0.011,0.0251,-0.0587,a photo with strong subject separation,blurry,0.4237,0.449,0.4489,0.4336,0.4102,0.4131,0.4919,0.3954,0.4477,0.3822,0.4559,0.3991,0.388,0.5506,v0,bioclip_2_image
6479,/mnt/d/Photos/Z6ii/28-400mm/2025/2025-08-31/DSC_4330.NEF,17465,3,Green,pick,neutral,0.969,0.6639,0.9994,0.0852,0.8261,0.93,0.0048,0.0344,0.0068,0.0748,-0.0237,0.0156,0.0259,-0.0533,a photo with strong subject separation,blurry,0.4259,0.4535,0.4539,0.4272,0.4209,0.4115,0.4868,0.3914,0.4467,0.3791,0.4509,0.4053,0.3857,0.5401,v0,bioclip_2_image
6480,/mnt/d/Photos/Z6ii/28-400mm/2025/2025-08-31/DSC_4331.NEF,17466,2,Green,neutral,rejected,0.9393,0.5348,0.9985,0.1506,0.7673,0.9294,0.002,0.0274,0.0014,0.0649,-0.0173,0.0119,0.0258,-0.0623,a photo with strong subject separation,blurry,0.4262,0.4503,0.4454,0.4353,0.4146,0.4167,0.4668,0.3988,0.4489,0.3805,0.4526,0.4027,0.3909,0.5291,v0,bioclip_2_image
6481,/mnt/d/Photos/Z6ii/28-400mm/2025/2025-08-31/DSC_4336.NEF,17465,2,Green,pick,rejected,0.9358,0.6952,0.9992,0.1902,0.7472,0.9232,0.0028,0.0268,0.0082,0.0708,-0.0145,0.0108,0.0249,-0.0587,a photo with strong subject separation,blurry,0.4089,0.4388,0.4294,0.4241,0.4045,0.4006,0.4686,0.3821,0.4305,0.3586,0.4386,0.3937,0.3758,0.5273,v0,bioclip_2_image
6482,/mnt/d/Photos/Z6ii/28-400mm/2025/2025-08-31/DSC_4337.NEF,17465,2,Green,pick,rejected,0.9225,0.5381,0.9994,0.1442,0.7878,0.9412,0.0016,0.0248,0.0015,0.0741,-0.0178,0.0131,0.0277,-0.0643,a photo with strong subject separation,blurry,0.4175,0.4458,0.4452,0.4312,0.4085,0.4111,0.4705,0.3927,0.4443,0.3711,0.449,0.3954,0.3834,0.5348,v0,bioclip_2_image
6483,/mnt/d/Photos/Z6ii/28-400mm/2025/2025-08-31/DSC_4338.NEF,17464,3,Green,neutral,neutral,0.8962,0.4016,0.9987,0.19,0.7001,0.9547,0.0009,0.0216,-0.004,0.0664,-0.0145,0.0085,0.0305,-0.0701,a photo with strong subject separation,blurry,0.4177,0.4448,0.4441,0.4364,0.4068,0.4138,0.4493,0.3961,0.4488,0.3777,0.4509,0.3983,0.3833,0.5194,v0,bioclip_2_image
6484,/mnt/d/Photos/Z6ii/28-400mm/2025/2025-08-31/DSC_4339.NEF,17466,2,Yellow,neutral,rejected,0.8876,0.5389,0.9986,0.1061,0.769,0.919,0.0017,0.0207,0.0016,0.0656,-0.0213,0.012,0.0243,-0.064,a photo with strong subject separation,blurry,0.4072,0.4352,0.4314,0.4189,0.4053,0.3991,0.4457,0.3865,0.4336,0.3658,0.4402,0.3932,0.3748,0.5097,v0,bioclip_2_image
6485,/mnt/d/Photos/Z6ii/28-400mm/2025/2025-08-31/DSC_4341.NEF,441,2,Yellow,neutral,rejected,0.8976,0.1466,0.9966,0.2177,0.6318,0.903,0.0034,0.0217,-0.0176,0.0568,-0.0128,0.0054,0.0223,-0.0569,a photo with strong subject separation,blurry,0.4023,0.4251,0.4299,0.4166,0.3987,0.3976,0.4568,0.3806,0.4427,0.3731,0.4294,0.3933,0.3753,0.5137,v0,bioclip_2_image
6486,/mnt/d/Photos/Z6ii/28-400mm/2025/2025-08-31/DSC_4342.NEF,441,2,Yellow,neutral,rejected,0.9075,0.3229,0.9995,0.1151,0.7167,0.9659,0.0009,0.0228,-0.0074,0.0753,-0.0204,0.0093,0.0334,-0.0696,a photo with strong subject separation,blurry,0.4261,0.4535,0.463,0.4371,0.4216,0.4216,0.4893,0.4032,0.4609,0.3877,0.4575,0.4124,0.3882,0.5589,v0,bioclip_2_image
6487,/mnt/d/Photos/Z6ii/28-400mm/2025/2025-08-31/DSC_4343.NEF,17464,2,Green,neutral,rejected,0.905,0.2463,0.9989,0.1869,0.7626,0.9321,0.0014,0.0225,-0.0112,0.0685,-0.0147,0.0117,0.0262,-0.0655,a photo with strong subject separation,blurry,0.4267,0.4478,0.4538,0.4424,0.4161,0.4187,0.4661,0.4041,0.459,0.3853,0.4571,0.4044,0.3925,0.5316,v0,bioclip_2_image
6488,/mnt/d/Photos/Z6ii/28-400mm/2025/2025-08-31/DSC_4344.NEF,440,3,Green,pick,neutral,0.9481,0.5615,0.9992,0.1464,0.8008,0.9566,0.0033,0.029,0.0025,0.0715,-0.0176,0.0139,0.0309,-0.0571,a photo with strong subject separation,blurry,0.4315,0.4565,0.4553,0.437,0.4269,0.4207,0.4877,0.4025,0.4541,0.3837,0.4546,0.4129,0.3898,0.5448,v0,bioclip_2_image
6489,/mnt/d/Photos/Z6ii/28-400mm/2025/2025-08-31/DSC_4345.NEF,440,3,Green,pick,neutral,0.9274,0.518,0.9989,0.1251,0.8352,0.9311,0.0026,0.0255,0.0007,0.0683,-0.0194,0.0162,0.026,-0.0596,a photo with strong subject separation,blurry,0.4324,0.46,0.4586,0.441,0.431,0.4223,0.4867,0.4069,0.4593,0.3903,0.4605,0.4147,0.3963,0.5463,v0,bioclip_2_image
6490,/mnt/d/Photos/Z6ii/28-400mm/2025/2025-08-31/DSC_4348.NEF,17464,2,Yellow,neutral,rejected,0.9167,0.6499,0.9992,0.1108,0.7803,0.8772,0.0017,0.024,0.0062,0.0712,-0.0208,0.0127,0.0197,-0.0635,a photo with strong subject separation,blurry,0.4144,0.437,0.4324,0.4188,0.4047,0.4003,0.444,0.3904,0.4308,0.3611,0.4396,0.392,0.3807,0.5075,v0,bioclip_2_image
6491,/mnt/d/Photos/Z6ii/28-400mm/2025/2025-08-31/DSC_4350.NEF,,2,Yellow,neutral,rejected,0.9487,0.8637,0.998,0.1247,0.7,0.8804,0.0027,0.0292,0.0185,0.0621,-0.0195,0.0085,0.02,-0.059,a photo with strong subject separation,a photo with no clear subject,0.4095,0.4427,0.4395,0.4136,0.4038,0.4015,0.4569,0.3804,0.4242,0.3775,0.4331,0.3954,0.3815,0.5159,v0,bioclip_2_image
6492,/mnt/d/Photos/Z6ii/28-400mm/2025/2025-08-31/DSC_4351.NEF,17467,3,Green,neutral,neutral,0.8781,0.4731,0.9985,0.2939,0.888,0.928,0.002,0.0197,-0.0011,0.0648,-0.0088,0.0207,0.0256,-0.062,a photo with strong subject separation,blurry,0.3962,0.4289,0.4307,0.4147,0.4126,0.3947,0.4719,0.3764,0.43,0.3659,0.4235,0.3919,0.3691,0.5339,v0,bioclip_2_image
6493,/mnt/d/Photos/Z6ii/28-400mm/2025/2025-08-31/DSC_4352.NEF,17468,3,Green,pick,neutral,0.8491,0.2105,0.9985,0.183,0.8221,0.927,0.0016,0.0173,-0.0132,0.0648,-0.015,0.0153,0.0254,-0.0646,a photo with strong subject separation,blurry,0.399,0.4292,0.4374,0.4129,0.412,0.3988,0.4643,0.3817,0.4425,0.3726,0.4279,0.3967,0.3734,0.5289,v0,bioclip_2_image
6494,/mnt/d/Photos/Z6ii/28-400mm/2025/2025-08-31/DSC_4353.NEF,17467,3,Green,neutral,neutral,0.9109,0.2796,0.9992,0.1863,0.8859,0.9129,0.0017,0.0232,-0.0095,0.071,-0.0147,0.0205,0.0235,-0.0636,a photo with strong subject separation,blurry,0.3886,0.4183,0.4305,0.409,0.3989,0.3884,0.4603,0.3653,0.4278,0.3595,0.4238,0.3784,0.3649,0.5239,v0,bioclip_2_image
6495,/mnt/d/Photos/Z6ii/28-400mm/2025/2025-08-31/DSC_4354.NEF,17468,3,Green,pick,neutral,0.9101,0.4947,0.9978,0.2636,0.9056,0.9358,0.0039,0.0231,-0.0002,0.0613,-0.0103,0.0226,0.0268,-0.0553,a photo with strong subject separation,blurry,0.3899,0.4255,0.4262,0.4124,0.4005,0.3926,0.4623,0.3668,0.4257,0.3649,0.4226,0.3779,0.3658,0.5176,v0,bioclip_2_image
6496,/mnt/d/Photos/Z6ii/28-400mm/2025/2025-08-31/DSC_4355.NEF,17467,3,Green,neutral,neutral,0.8329,0.479,0.9978,0.1329,0.6849,0.8374,0.0015,0.0161,-0.0008,0.0612,-0.0188,0.0078,0.0164,-0.065,a photo with strong subject separation,blurry,0.3912,0.4245,0.4295,0.4078,0.3967,0.3887,0.4508,0.3752,0.4253,0.3683,0.4265,0.3889,0.3723,0.5158,v0,bioclip_2_image
6497,/mnt/d/Photos/Z6ii/28-400mm/2025/2025-08-31/DSC_4356.NEF,17468,3,Green,pick,neutral,0.8489,0.6773,0.9965,0.1675,0.8853,0.8011,0.0017,0.0173,0.0074,0.0566,-0.016,0.0204,0.0139,-0.0636,a photo with strong subject separation,blurry,0.3819,0.425,0.4162,0.4038,0.3991,0.3797,0.4695,0.3647,0.4176,0.3595,0.4199,0.3787,0.3657,0.5331,v0,bioclip_2_image
6498,/mnt/d/Photos/Z6ii/28-400mm/2025/2025-08-31/DSC_4357.NEF,,3,Green,neutral,neutral,0.9341,0.5967,0.9892,0.5726,0.2575,0.9869,0.0007,0.0265,0.0039,0.0451,0.0029,-0.0106,0.0433,-0.0727,a photo with strong subject separation,a photo with no clear subject,0.4203,0.4398,0.4293,0.4379,0.3965,0.4173,0.4125,0.3938,0.4359,0.3842,0.435,0.4071,0.374,0.4852,v0,bioclip_2_image
6499,/mnt/d/Photos/Z6ii/28-400mm/2025/2025-08-31/DSC_4358.NEF,437,3,Green,neutral,neutral,0.9227,0.4503,0.9981,0.1205,0.8537,0.7142,0.0005,0.0248,-0.002,0.0624,-0.0199,0.0176,0.0092,-0.0756,a photo with strong subject separation,blurry,0.4076,0.4427,0.4434,0.4189,0.4081,0.3975,0.4658,0.3828,0.4447,0.381,0.4388,0.3905,0.3884,0.5414,v0,bioclip_2_image
6501,/mnt/d/Photos/Z6ii/28-400mm/2025/2025-08-31/DSC_4360.NEF,,2,Yellow,neutral,rejected,0.9691,0.4902,0.9986,0.2226,0.8795,0.9887,0.006,0.0344,-0.0004,0.0657,-0.0125,0.0199,0.0447,-0.0511,a photo with strong subject separation,blurry,0.4235,0.4355,0.4372,0.4224,0.4109,0.4208,0.4921,0.389,0.4359,0.3715,0.4349,0.391,0.3761,0.5431,v0,bioclip_2_image
6507,/mnt/d/Photos/Z6ii/28-400mm/2025/2025-08-31/DSC_4366.NEF,,3,Green,neutral,neutral,0.9063,0.181,0.9969,0.6117,0.5584,0.9579,0.0042,0.0227,-0.0151,0.0579,0.0045,0.0023,0.0313,-0.0546,high quality,a photo with no clear subject,0.4157,0.421,0.431,0.4255,0.4144,0.4081,0.4401,0.393,0.4361,0.3732,0.4209,0.412,0.3769,0.4947,v0,bioclip_2_image
6508,/mnt/d/Photos/Z6ii/28-400mm/2025/2025-08-31/DSC_4367.NEF,,3,Green,neutral,neutral,0.906,0.2591,0.9963,0.512,0.5454,0.9283,0.0031,0.0227,-0.0105,0.056,0.0005,0.0018,0.0256,-0.0577,high quality,blurry,0.4167,0.425,0.4302,0.4242,0.41,0.4023,0.4442,0.394,0.4355,0.3742,0.4237,0.4082,0.3767,0.5019,v0,bioclip_2_image
6527,/mnt/d/Photos/Z6ii/28-400mm/2025/2025-08-31/DSC_4395.NEF,,2,Yellow,neutral,rejected,0.8836,0.1943,0.9935,0.5701,0.4897,0.9218,0.002,0.0203,-0.0142,0.0503,0.0028,-0.0004,0.0247,-0.0619,a photo with strong subject separation,blurry,0.417,0.4339,0.4318,0.4319,0.4148,0.4116,0.4296,0.3967,0.4481,0.3816,0.4291,0.4152,0.387,0.4915,v0,bioclip_2_image
6539,/mnt/d/Photos/Z6ii/28-400mm/2025/2025-08-31/DSC_4417.NEF,,3,Yellow,neutral,neutral,0.8491,0.1084,0.9888,0.6008,0.6551,0.884,0.0025,0.0173,-0.0211,0.0448,0.0041,0.0064,0.0203,-0.0601,a photo with strong subject separation,a photo with no clear subject,0.4142,0.4217,0.4269,0.4325,0.4149,0.4101,0.4268,0.3969,0.4427,0.3821,0.4284,0.4085,0.3898,0.4869,v0,bioclip_2_image
6551,/mnt/d/Photos/Z6ii/28-400mm/2025/2025-08-31/DSC_4434.NEF,17473,3,Green,pick,neutral,0.8587,0.1223,0.9943,0.5493,0.506,0.8994,0.0034,0.018,-0.0197,0.0516,0.002,0.0002,0.0219,-0.0567,a photo with strong subject separation,a photo with no clear subject,0.4126,0.4213,0.4316,0.429,0.4128,0.4097,0.4294,0.3945,0.441,0.3799,0.427,0.4125,0.3878,0.4861,v0,bioclip_2_image
6552,/mnt/d/Photos/Z6ii/28-400mm/2025/2025-08-31/DSC_4435.NEF,17473,3,Green,pick,neutral,0.8711,0.1774,0.9948,0.5537,0.583,0.9156,0.0114,0.0191,-0.0153,0.0526,0.0022,0.0033,0.0238,-0.0446,a photo with strong subject separation,a photo with no clear subject,0.4176,0.424,0.4353,0.4305,0.4193,0.4159,0.4455,0.3985,0.4393,0.3827,0.4283,0.4159,0.392,0.4901,v0,bioclip_2_image
6555,/mnt/d/Photos/Z6ii/28-400mm/2025/2025-08-31/DSC_4439.NEF,400,3,Green,neutral,neutral,0.8678,0.1215,0.991,0.6171,0.541,0.9091,0.0034,0.0188,-0.0198,0.047,0.0048,0.0016,0.023,-0.0569,a photo with strong subject separation,blurry,0.4136,0.4198,0.4277,0.4265,0.4108,0.4107,0.4278,0.3948,0.4396,0.3806,0.4217,0.4092,0.3876,0.4847,v0,bioclip_2_image
6556,/mnt/d/Photos/Z6ii/28-400mm/2025/2025-08-31/DSC_4440.NEF,,3,Green,neutral,neutral,0.8887,0.1538,0.9943,0.6437,0.571,0.9032,0.004,0.0208,-0.0171,0.0517,0.0059,0.0029,0.0223,-0.0552,a photo with strong subject separation,a photo with no clear subject,0.4128,0.4175,0.4295,0.424,0.4127,0.4107,0.4318,0.3921,0.4345,0.3778,0.4181,0.4099,0.3883,0.487,v0,bioclip_2_image
6557,/mnt/d/Photos/Z6ii/28-400mm/2025/2025-08-31/DSC_4441.NEF,,3,Green,neutral,neutral,0.8875,0.1566,0.9929,0.5786,0.6096,0.9219,0.0072,0.0207,-0.0168,0.0493,0.0032,0.0045,0.0247,-0.0493,a photo with strong subject separation,blurry,0.4124,0.4198,0.4249,0.425,0.4105,0.4092,0.4408,0.3918,0.4367,0.3756,0.4219,0.406,0.3846,0.4901,v0,bioclip_2_image
6558,/mnt/d/Photos/Z6ii/28-400mm/2025/2025-08-31/DSC_4442.NEF,,3,Green,neutral,neutral,0.9131,0.1832,0.9963,0.5133,0.5257,0.9324,0.0085,0.0235,-0.015,0.0559,0.0005,0.001,0.0262,-0.0476,a photo with strong subject separation,a photo with no clear subject,0.4084,0.4122,0.4246,0.4172,0.4085,0.4034,0.4414,0.3849,0.4271,0.3687,0.4167,0.4075,0.3772,0.489,v0,bioclip_2_image
6562,/mnt/d/Photos/Z6ii/28-400mm/2025/2025-08-31/DSC_4446.NEF,395,3,Green,neutral,neutral,0.8726,0.1817,0.9925,0.5196,0.5665,0.8907,0.004,0.0192,-0.0151,0.0488,0.0008,0.0027,0.021,-0.0551,a photo with strong subject separation,a photo with no clear subject,0.4149,0.4224,0.4295,0.4281,0.4167,0.4134,0.4317,0.3956,0.4374,0.3807,0.4273,0.414,0.3924,0.4868,v0,bioclip_2_image
6563,/mnt/d/Photos/Z6ii/28-400mm/2025/2025-08-31/DSC_4447.NEF,,2,Yellow,neutral,rejected,0.8938,0.1608,0.9948,0.5792,0.6196,0.9133,0.0056,0.0213,-0.0165,0.0526,0.0032,0.0049,0.0235,-0.0519,a photo with strong subject separation,a photo with no clear subject,0.4198,0.4265,0.4338,0.4308,0.4211,0.4152,0.4427,0.3985,0.443,0.3812,0.4276,0.4163,0.3916,0.4946,v0,bioclip_2_image
6564,/mnt/d/Photos/Z6ii/28-400mm/2025/2025-08-31/DSC_4448.NEF,392,3,Green,pick,neutral,0.8724,0.0985,0.996,0.6773,0.6916,0.9434,0.0074,0.0192,-0.0221,0.0553,0.0074,0.0081,0.0281,-0.049,high quality,blurry,0.4125,0.4166,0.4328,0.4246,0.4152,0.4115,0.4399,0.3933,0.4387,0.3776,0.4172,0.4071,0.3833,0.4889,v0,bioclip_2_image
6566,/mnt/d/Photos/Z6ii/28-400mm/2025/2025-08-31/DSC_4450.NEF,392,3,Green,pick,neutral,0.8689,0.1322,0.9942,0.5463,0.5422,0.9207,0.0046,0.0189,-0.0188,0.0515,0.0019,0.0017,0.0245,-0.0537,a photo with strong subject separation,blurry,0.4187,0.4246,0.4317,0.4281,0.4144,0.4122,0.4365,0.3998,0.4434,0.3802,0.4263,0.4127,0.3877,0.4902,v0,bioclip_2_image
6568,/mnt/d/Photos/Z6ii/28-400mm/2025/2025-08-31/DSC_4452.NEF,388,3,Green,neutral,neutral,0.8384,0.182,0.99,0.6352,0.6324,0.901,0.0045,0.0165,-0.015,0.046,0.0055,0.0054,0.0221,-0.0541,a photo with strong subject separation,blurry,0.4226,0.4331,0.4336,0.4342,0.42,0.416,0.4437,0.4062,0.4481,0.3876,0.4286,0.4146,0.3939,0.4978,v0,bioclip_2_image
6579,/mnt/d/Photos/Z6ii/28-400mm/2025/2025-08-31/DSC_4476.NEF,386,3,Green,pick,neutral,0.8496,0.1355,0.9948,0.5574,0.644,0.9268,0.0033,0.0173,-0.0185,0.0526,0.0023,0.0059,0.0254,-0.057,a photo with strong subject separation,a photo with no clear subject,0.4175,0.429,0.4367,0.4326,0.4227,0.4144,0.4341,0.4002,0.4475,0.3842,0.4303,0.4168,0.389,0.4911,v0,bioclip_2_image
6580,/mnt/d/Photos/Z6ii/28-400mm/2025/2025-08-31/DSC_4482.NEF,17475,3,Green,pick,neutral,0.8506,0.1131,0.9918,0.603,0.4814,0.9152,0.0022,0.0174,-0.0206,0.0479,0.0042,-0.0007,0.0238,-0.0611,a photo with strong subject separation,blurry,0.4148,0.4253,0.4293,0.432,0.4143,0.41,0.4243,0.3974,0.4459,0.3814,0.4278,0.4151,0.3862,0.4855,v0,bioclip_2_image
6584,/mnt/d/Photos/Z6ii/28-400mm/2025/2025-08-31/DSC_4487.NEF,385,3,Green,pick,neutral,0.8281,0.1072,0.9914,0.567,0.401,0.8747,0.0017,0.0157,-0.0212,0.0474,0.0027,-0.004,0.0194,-0.0636,a photo with strong subject separation,blurry,0.4156,0.4263,0.4328,0.4345,0.4136,0.4106,0.4217,0.3999,0.4475,0.3853,0.4318,0.4176,0.3912,0.4853,v0,bioclip_2_image
6589,/mnt/d/Photos/Z6ii/28-400mm/2025/2025-08-31/DSC_4492.NEF,17476,2,Yellow,pick,rejected,0.847,0.0997,0.9879,0.5053,0.6197,0.8853,0.0049,0.0171,-0.022,0.044,0.0002,0.0049,0.0204,-0.0531,a photo with strong subject separation,blurry,0.4167,0.423,0.4289,0.4262,0.4168,0.4101,0.4367,0.3996,0.445,0.3849,0.426,0.4119,0.3896,0.4898,v0,bioclip_2_image
6626,/mnt/d/Photos/Z6ii/28-400mm/2025/2025-08-31/DSC_4543.NEF,17486,3,Green,pick,neutral,0.8626,0.122,0.9919,0.6115,0.4592,0.9132,0.0024,0.0184,-0.0197,0.0481,0.0045,-0.0016,0.0235,-0.0603,a photo with strong subject separation,blurry,0.4152,0.4252,0.4288,0.4308,0.413,0.4096,0.4259,0.3968,0.4449,0.3807,0.4263,0.4147,0.386,0.4862,v0,bioclip_2_image
6628,/mnt/d/Photos/Z6ii/28-400mm/2025/2025-08-31/DSC_4545.NEF,17486,3,Green,reject,neutral,0.8345,0.1212,0.9907,0.5741,0.4467,0.8827,0.0016,0.0162,-0.0198,0.0467,0.003,-0.0021,0.0202,-0.0644,a photo with strong subject separation,blurry,0.4166,0.4275,0.4316,0.4341,0.4144,0.4107,0.4229,0.4004,0.4473,0.3849,0.4311,0.4166,0.3905,0.4873,v0,bioclip_2_image
6629,/mnt/d/Photos/Z6ii/28-400mm/2025/2025-08-31/DSC_4546.NEF,17486,3,Green,reject,neutral,0.8399,0.1202,0.9896,0.6663,0.4776,0.8963,0.0027,0.0166,-0.0199,0.0456,0.0069,-0.0009,0.0216,-0.0592,a photo with strong subject separation,blurry,0.4149,0.4256,0.4291,0.4325,0.413,0.4102,0.4295,0.3983,0.4455,0.3835,0.4256,0.4139,0.3886,0.4887,v0,bioclip_2_image
6630,/mnt/d/Photos/Z6ii/28-400mm/2025/2025-08-31/DSC_4547.NEF,17486,3,Green,reject,neutral,0.8586,0.1124,0.992,0.6106,0.5416,0.8824,0.0041,0.018,-0.0207,0.0482,0.0045,0.0017,0.0202,-0.0549,a photo with strong subject separation,blurry,0.421,0.4288,0.4353,0.4372,0.418,0.4128,0.4365,0.403,0.4495,0.3871,0.4327,0.4163,0.3926,0.4914,v0,bioclip_2_image
6632,/mnt/d/Photos/Z6ii/28-400mm/2025/2025-08-31/DSC_4549.NEF,17487,3,Green,pick,neutral,0.8509,0.1311,0.9919,0.5824,0.4795,0.8653,0.0037,0.0174,-0.0189,0.0481,0.0033,-0.0008,0.0186,-0.056,a photo with strong subject separation,a photo with no clear subject,0.4114,0.4193,0.4306,0.4271,0.4131,0.4082,0.4338,0.394,0.4382,0.3825,0.4238,0.4139,0.3896,0.4898,v0,bioclip_2_image
6641,/mnt/d/Photos/Z6ii/28-400mm/2025/2025-08-31/DSC_4562.NEF,17487,3,Green,pick,neutral,0.8437,0.1114,0.9872,0.6046,0.5369,0.8698,0.0032,0.0169,-0.0208,0.0435,0.0042,0.0015,0.019,-0.0575,a photo with strong subject separation,blurry,0.4215,0.4287,0.4335,0.4371,0.4192,0.4152,0.4376,0.4046,0.4494,0.39,0.4328,0.4177,0.3962,0.4951,v0,bioclip_2_image
23414,/mnt/d/Photos/Z6ii/28-400mm/2025/2025-08-31/DSC_4567.NEF,,3,Green,neutral,neutral,0.8644,0.0799,0.9934,0.5324,0.4991,0.8992,0.0037,0.0185,-0.0244,0.0501,0.0013,-0.0,0.0219,-0.0559,a photo with strong subject separation,blurry,0.4096,0.4163,0.4316,0.4253,0.4119,0.4086,0.4301,0.3911,0.4408,0.3815,0.424,0.4119,0.3867,0.4859,v0,bioclip_2_image
23415,/mnt/d/Photos/Z6ii/28-400mm/2025/2025-08-31/DSC_4568.NEF,17490,3,Green,neutral,neutral,0.8798,0.0969,0.9908,0.5914,0.3496,0.9148,0.0051,0.0199,-0.0223,0.0468,0.0037,-0.0062,0.0237,-0.0527,a photo with strong subject separation,blurry,0.409,0.4137,0.4244,0.4224,0.4071,0.4079,0.4307,0.3891,0.436,0.3777,0.4187,0.4133,0.3842,0.4834,v0,bioclip_2_image
23416,/mnt/d/Photos/Z6ii/28-400mm/2025/2025-08-31/DSC_4569.NEF,,3,Green,neutral,neutral,0.8631,0.1385,0.9942,0.6162,0.4539,0.8787,0.0047,0.0184,-0.0183,0.0515,0.0047,-0.0018,0.0198,-0.0535,high quality,blurry,0.413,0.4209,0.4321,0.4266,0.4105,0.4074,0.4359,0.3946,0.4392,0.3806,0.4219,0.4123,0.3876,0.4894,v0,bioclip_2_image
23419,/mnt/d/Photos/Z6ii/28-400mm/2025/2025-08-31/DSC_4572.NEF,17491,2,Green,pick,rejected,0.8834,0.1601,0.9881,0.582,0.4943,0.8995,0.0041,0.0203,-0.0166,0.0442,0.0033,-0.0002,0.0219,-0.0548,a photo with strong subject separation,blurry,0.4172,0.4303,0.4274,0.4288,0.414,0.4115,0.4369,0.397,0.4468,0.3832,0.4255,0.4142,0.3895,0.4917,v0,bioclip_2_image
23420,/mnt/d/Photos/Z6ii/28-400mm/2025/2025-08-31/DSC_4575.NEF,,2,Green,reject,rejected,0.8914,0.1604,0.9904,0.5786,0.5278,0.8918,0.0052,0.021,-0.0166,0.0463,0.0032,0.0011,0.0211,-0.0525,a photo with strong subject separation,blurry,0.419,0.4293,0.4281,0.43,0.4146,0.412,0.4366,0.398,0.4459,0.3818,0.4269,0.4134,0.3909,0.4891,v0,bioclip_2_image
23421,/mnt/d/Photos/Z6ii/28-400mm/2025/2025-08-31/DSC_4576.NEF,17491,2,Green,pick,rejected,0.9102,0.1378,0.9887,0.5788,0.5427,0.885,0.0062,0.0232,-0.0183,0.0447,0.0032,0.0017,0.0204,-0.0507,a photo with strong subject separation,blurry,0.4142,0.4235,0.4225,0.4255,0.4118,0.4082,0.4349,0.391,0.4419,0.3778,0.4223,0.4101,0.3878,0.4857,v0,bioclip_2_image
23422,/mnt/d/Photos/Z6ii/28-400mm/2025/2025-08-31/DSC_4579.NEF,,2,Green,reject,rejected,0.8255,0.1778,0.9908,0.5745,0.507,0.8471,0.0048,0.0155,-0.0153,0.0468,0.003,0.0003,0.0171,-0.0533,a photo with strong subject separation,blurry,0.4192,0.4329,0.4351,0.4352,0.4161,0.4112,0.4388,0.4037,0.4482,0.3882,0.4322,0.4158,0.3941,0.492,v0,bioclip_2_image
23425,/mnt/d/Photos/Z6ii/28-400mm/2025/2025-08-31/DSC_4584.NEF,,3,Green,reject,neutral,0.8439,0.1274,0.9932,0.5268,0.4802,0.8716,0.0028,0.0169,-0.0192,0.0498,0.0011,-0.0008,0.0192,-0.0588,a photo with strong subject separation,blurry,0.4182,0.4299,0.4339,0.4354,0.4153,0.4115,0.4285,0.4014,0.4492,0.3841,0.4343,0.4161,0.3924,0.4873,v0,bioclip_2_image
23426,/mnt/d/Photos/Z6ii/28-400mm/2025/2025-08-31/DSC_4585.NEF,,3,Green,reject,neutral,0.8618,0.1209,0.99,0.5282,0.5289,0.8846,0.0035,0.0183,-0.0198,0.046,0.0011,0.0012,0.0204,-0.0566,a photo with strong subject separation,blurry,0.4201,0.4308,0.4338,0.4344,0.4156,0.4128,0.432,0.4018,0.4507,0.3879,0.4333,0.4145,0.3924,0.4887,v0,bioclip_2_image
23427,/mnt/d/Photos/Z6ii/28-400mm/2025/2025-08-31/DSC_4586.NEF,,3,Green,reject,neutral,0.8384,0.1134,0.9917,0.5906,0.4333,0.8931,0.0021,0.0165,-0.0206,0.0478,0.0037,-0.0027,0.0212,-0.0616,a photo with strong subject separation,blurry,0.4127,0.4249,0.4298,0.4322,0.4117,0.4089,0.4219,0.3962,0.4455,0.3819,0.4285,0.4144,0.3877,0.4835,v0,bioclip_2_image
23447,/mnt/d/Photos/Z6ii/28-400mm/2025/2025-08-31/DSC_4627.NEF,17495,3,Green,pick,neutral,0.8518,0.0832,0.9906,0.6331,0.5409,0.838,0.0026,0.0175,-0.024,0.0466,0.0055,0.0016,0.0164,-0.0593,high quality,blurry,0.4235,0.4289,0.4367,0.4406,0.4198,0.4158,0.4327,0.406,0.4529,0.3901,0.4352,0.4182,0.3993,0.492,v0,bioclip_2_image
23452,/mnt/d/Photos/Z6ii/28-400mm/2025/2025-08-31/DSC_4683.NEF,,3,Green,reject,neutral,0.8296,0.1212,0.9921,0.5038,0.4332,0.8885,0.0017,0.0158,-0.0198,0.0483,0.0002,-0.0027,0.0208,-0.0638,a photo with strong subject separation,a photo with no clear subject,0.4118,0.4228,0.4316,0.4289,0.4152,0.4077,0.419,0.396,0.4426,0.3834,0.4287,0.4178,0.387,0.4828,v0,bioclip_2_image
23453,/mnt/d/Photos/Z6ii/28-400mm/2025/2025-08-31/DSC_4684.NEF,,3,Green,pick,neutral,0.8433,0.0855,0.9889,0.6524,0.6429,0.9078,0.0039,0.0168,-0.0237,0.0449,0.0063,0.0059,0.0229,-0.0555,a photo with strong subject separation,blurry,0.4163,0.4229,0.4296,0.4338,0.4178,0.4139,0.4317,0.3995,0.4466,0.3848,0.4275,0.4119,0.391,0.4872,v0,bioclip_2_image
23464,/mnt/d/Photos/Z6ii/28-400mm/2025/2025-08-31/DSC_4711.NEF,,3,Green,reject,neutral,0.8455,0.129,0.9915,0.5579,0.5069,0.8998,0.0021,0.017,-0.0191,0.0475,0.0023,0.0003,0.0219,-0.0615,a photo with strong subject separation,blurry,0.4119,0.4244,0.4275,0.4275,0.4109,0.4092,0.4261,0.3949,0.4435,0.38,0.4252,0.4106,0.3873,0.4877,v0,bioclip_2_image
23466,/mnt/d/Photos/Z6ii/28-400mm/2025/2025-08-31/DSC_4714.NEF,,3,Green,reject,neutral,0.8486,0.0996,0.991,0.5963,0.6092,0.9108,0.0026,0.0172,-0.022,0.047,0.0039,0.0044,0.0232,-0.0596,a photo with strong subject separation,blurry,0.4095,0.4191,0.4252,0.4255,0.4113,0.406,0.4255,0.3922,0.4412,0.3782,0.4216,0.4069,0.3828,0.4852,v0,bioclip_2_image
23467,/mnt/d/Photos/Z6ii/28-400mm/2025/2025-08-31/DSC_4716.NEF,,3,Green,neutral,neutral,0.8493,0.1369,0.992,0.5574,0.4942,0.9241,0.0018,0.0173,-0.0184,0.0482,0.0023,-0.0002,0.025,-0.0632,a photo with strong subject separation,a photo with no clear subject,0.4101,0.4225,0.4279,0.4271,0.4101,0.4069,0.4195,0.3928,0.4409,0.3797,0.4248,0.4104,0.3819,0.4826,v0,bioclip_2_image
23518,/mnt/d/Photos/Z6ii/28-400mm/2025/2025-08-31/DSC_4829.NEF,17508,3,Green,pick,neutral,0.8628,0.1637,0.9888,0.5082,0.6108,0.9185,0.0028,0.0184,-0.0163,0.0448,0.0003,0.0045,0.0242,-0.0587,a photo with strong subject separation,a photo with no clear subject,0.4115,0.4226,0.4243,0.4247,0.4116,0.4064,0.4308,0.3931,0.4389,0.3795,0.4244,0.4071,0.3821,0.4895,v0,bioclip_2_image
23519,/mnt/d/Photos/Z6ii/28-400mm/2025/2025-08-31/DSC_4830.NEF,17508,3,Green,pick,neutral,0.8595,0.1803,0.9929,0.4844,0.4843,0.9181,0.0021,0.0181,-0.0151,0.0494,-0.0006,-0.0006,0.0242,-0.0617,a photo with strong subject separation,a photo with no clear subject,0.4102,0.4243,0.4266,0.4245,0.41,0.4042,0.422,0.3921,0.4394,0.3773,0.4251,0.4107,0.38,0.4837,v0,bioclip_2_image
23521,/mnt/d/Photos/Z6ii/28-400mm/2025/2025-08-31/DSC_4833.NEF,17509,3,Green,pick,neutral,0.8513,0.1313,0.9916,0.5048,0.5537,0.9098,0.0027,0.0175,-0.0189,0.0477,0.0002,0.0022,0.0231,-0.0591,a photo with strong subject separation,blurry,0.4134,0.4244,0.4287,0.4255,0.4096,0.4066,0.4248,0.3959,0.4433,0.381,0.4253,0.4075,0.3835,0.4839,v0,bioclip_2_image
23522,/mnt/d/Photos/Z6ii/28-400mm/2025/2025-08-31/DSC_4839.NEF,17510,3,Green,pick,neutral,0.8596,0.161,0.9921,0.4745,0.4793,0.9153,0.0021,0.0181,-0.0165,0.0483,-0.001,-0.0008,0.0238,-0.0618,a photo with strong subject separation,a photo with no clear subject,0.4112,0.4258,0.4268,0.4236,0.4091,0.406,0.4245,0.3931,0.4423,0.3785,0.4246,0.4099,0.3822,0.4863,v0,bioclip_2_image
23523,/mnt/d/Photos/Z6ii/28-400mm/2025/2025-08-31/DSC_4840.NEF,17511,3,Green,pick,neutral,0.8444,0.1596,0.9924,0.4896,0.4716,0.9174,0.0018,0.0169,-0.0166,0.0487,-0.0004,-0.0011,0.0241,-0.0632,a photo with strong subject separation,a photo with no clear subject,0.4103,0.4249,0.4272,0.4238,0.4105,0.4058,0.4216,0.3934,0.4415,0.3785,0.4242,0.4116,0.3817,0.4848,v0,bioclip_2_image
23528,/mnt/d/Photos/Z6ii/28-400mm/2025/2025-08-31/DSC_4851.NEF,17512,3,Green,pick,neutral,0.8539,0.1761,0.9929,0.4934,0.4911,0.9171,0.0023,0.0177,-0.0154,0.0495,-0.0003,-0.0004,0.024,-0.0606,a photo with strong subject separation,blurry,0.4052,0.4205,0.422,0.4175,0.408,0.3998,0.422,0.3875,0.436,0.3725,0.4178,0.4083,0.3757,0.4826,v0,bioclip_2_image
23531,/mnt/d/Photos/Z6ii/28-400mm/2025/2025-08-31/DSC_4858.NEF,17513,3,Green,pick,neutral,0.8508,0.1975,0.9884,0.4778,0.3715,0.8699,0.002,0.0174,-0.014,0.0444,-0.0009,-0.0053,0.019,-0.0623,a photo with strong subject separation,a photo with no clear subject,0.4117,0.4283,0.4262,0.4277,0.4095,0.4055,0.4241,0.3943,0.4423,0.3818,0.4286,0.4148,0.3865,0.4864,v0,bioclip_2_image
23532,/mnt/d/Photos/Z6ii/28-400mm/2025/2025-08-31/DSC_4859.NEF,17513,3,Green,pick,neutral,0.8603,0.1943,0.9894,0.4632,0.3831,0.8794,0.0021,0.0182,-0.0142,0.0454,-0.0015,-0.0048,0.0199,-0.0617,a photo with strong subject separation,a photo with no clear subject,0.412,0.428,0.4265,0.4276,0.4091,0.4063,0.4251,0.3938,0.4422,0.3812,0.4291,0.4139,0.3864,0.4868,v0,bioclip_2_image
23534,/mnt/d/Photos/Z6ii/28-400mm/2025/2025-08-31/DSC_4865.NEF,17514,3,Green,pick,neutral,0.862,0.1646,0.9903,0.4923,0.4319,0.9063,0.002,0.0183,-0.0162,0.0462,-0.0003,-0.0027,0.0227,-0.0621,a photo with strong subject separation,blurry,0.4136,0.4273,0.4273,0.4268,0.4112,0.4086,0.4249,0.3953,0.4436,0.3811,0.4271,0.414,0.3859,0.487,v0,bioclip_2_image
23535,/mnt/d/Photos/Z6ii/28-400mm/2025/2025-08-31/DSC_4867.NEF,,3,Green,neutral,neutral,0.8862,0.1685,0.9918,0.5024,0.5559,0.8947,0.0043,0.0205,-0.016,0.0479,0.0001,0.0022,0.0214,-0.0545,a photo with strong subject separation,blurry,0.4114,0.424,0.425,0.4213,0.4111,0.4052,0.436,0.3909,0.44,0.3771,0.4212,0.4088,0.3838,0.4905,v0,bioclip_2_image
23536,/mnt/d/Photos/Z6ii/28-400mm/2025/2025-08-31/DSC_4870.NEF,17515,3,Green,pick,neutral,0.8364,0.1467,0.9901,0.4521,0.4141,0.8845,0.0014,0.0163,-0.0176,0.046,-0.0019,-0.0035,0.0204,-0.0658,a photo with strong subject separation,blurry,0.414,0.4289,0.4303,0.4297,0.412,0.4083,0.4218,0.3977,0.4465,0.3843,0.4316,0.4155,0.3879,0.4876,v0,bioclip_2_image
23538,/mnt/d/Photos/Z6ii/28-400mm/2025/2025-08-31/DSC_4884.NEF,17516,3,Green,pick,neutral,0.8448,0.1548,0.9901,0.5133,0.4122,0.8712,0.0019,0.0169,-0.017,0.0461,0.0005,-0.0035,0.0191,-0.0628,a photo with strong subject separation,blurry,0.4109,0.4239,0.4277,0.4253,0.4094,0.4043,0.4235,0.394,0.4409,0.3817,0.4248,0.413,0.3852,0.4864,v0,bioclip_2_image
23539,/mnt/d/Photos/Z6ii/28-400mm/2025/2025-08-31/DSC_4885.NEF,,3,Green,pick,neutral,0.8249,0.1515,0.9895,0.5324,0.4009,0.8886,0.0013,0.0155,-0.0172,0.0455,0.0013,-0.004,0.0208,-0.0665,a photo with strong subject separation,blurry,0.4094,0.4241,0.4252,0.4239,0.4077,0.4057,0.4163,0.3939,0.4414,0.3797,0.4226,0.4118,0.3849,0.4828,v0,bioclip_2_image
23540,/mnt/d/Photos/Z6ii/28-400mm/2025/2025-08-31/DSC_4886.NEF,17515,3,Green,pick,neutral,0.8507,0.1396,0.9912,0.4943,0.4571,0.8985,0.0011,0.0174,-0.0182,0.0473,-0.0002,-0.0017,0.0218,-0.0678,a photo with strong subject separation,blurry,0.4086,0.4225,0.4254,0.4232,0.4095,0.4042,0.4161,0.3912,0.4407,0.3781,0.4235,0.4112,0.3824,0.4839,v0,bioclip_2_image
23541,/mnt/d/Photos/Z6ii/28-400mm/2025/2025-08-31/DSC_4887.NEF,17515,3,Blue,pick,neutral,0.8984,0.1642,0.9883,0.6341,0.6409,0.9174,0.0031,0.0218,-0.0163,0.0444,0.0055,0.0058,0.0241,-0.0578,a photo with strong subject separation,a photo with no clear subject,0.4113,0.4216,0.4195,0.4231,0.412,0.407,0.4326,0.3895,0.4378,0.3751,0.4176,0.4062,0.3829,0.4904,v0,bioclip_2_image
23546,/mnt/d/Photos/Z6ii/28-400mm/2025/2025-08-31/DSC_4901.NEF,17515,3,Green,reject,neutral,0.8774,0.132,0.9887,0.5462,0.5731,0.9075,0.0021,0.0197,-0.0188,0.0447,0.0019,0.0029,0.0228,-0.0617,a photo with strong subject separation,blurry,0.4114,0.4233,0.4227,0.4251,0.4107,0.4083,0.4281,0.3917,0.4422,0.378,0.4232,0.4078,0.3855,0.4898,v0,bioclip_2_image
23547,/mnt/d/Photos/Z6ii/28-400mm/2025/2025-08-31/DSC_4902.NEF,,3,Green,neutral,neutral,0.8615,0.1878,0.9885,0.5878,0.4047,0.888,0.0019,0.0183,-0.0146,0.0446,0.0035,-0.0039,0.0207,-0.0624,a photo with strong subject separation,a photo with no clear subject,0.412,0.4266,0.427,0.4304,0.4082,0.4082,0.424,0.3937,0.4412,0.3824,0.4268,0.412,0.3874,0.4864,v0,bioclip_2_image
23549,/mnt/d/Photos/Z6ii/28-400mm/2025/2025-08-31/DSC_4907.NEF,17519,3,Green,pick,neutral,0.8522,0.2443,0.9902,0.4851,0.3408,0.8949,0.0019,0.0175,-0.0113,0.0462,-0.0006,-0.0066,0.0214,-0.0628,a photo with strong subject separation,a photo with no clear subject,0.4075,0.4251,0.4217,0.4235,0.406,0.404,0.4226,0.39,0.4364,0.3755,0.4241,0.4126,0.3826,0.4854,v0,bioclip_2_image
23551,/mnt/d/Photos/Z6ii/28-400mm/2025/2025-08-31/DSC_4909.NEF,17520,3,Green,pick,neutral,0.87,0.1525,0.9894,0.6604,0.5717,0.9083,0.0021,0.019,-0.0171,0.0454,0.0066,0.0029,0.0229,-0.0617,a photo with strong subject separation,a photo with no clear subject,0.4101,0.4222,0.4224,0.426,0.4115,0.4068,0.4235,0.3911,0.4393,0.377,0.4194,0.4087,0.3839,0.4852,v0,bioclip_2_image
23552,/mnt/d/Photos/Z6ii/28-400mm/2025/2025-08-31/DSC_4910.NEF,17521,3,Green,neutral,neutral,0.8462,0.2086,0.9901,0.5078,0.4587,0.8699,0.0021,0.0171,-0.0133,0.0461,0.0003,-0.0017,0.019,-0.0615,a photo with strong subject separation,a photo with no clear subject,0.4164,0.4326,0.4315,0.4332,0.4133,0.4112,0.4287,0.3994,0.4459,0.3854,0.4329,0.4149,0.3922,0.4902,v0,bioclip_2_image
23553,/mnt/d/Photos/Z6ii/28-400mm/2025/2025-08-31/DSC_4911.NEF,17521,4,Green,neutral,picked,0.8672,0.2292,0.9898,0.4972,0.4407,0.8792,0.0029,0.0188,-0.0121,0.0457,-0.0001,-0.0024,0.0198,-0.0585,a photo with strong subject separation,blurry,0.4106,0.427,0.4233,0.4239,0.41,0.4043,0.4302,0.3918,0.4391,0.3775,0.424,0.4124,0.3845,0.4887,v0,bioclip_2_image
23554,/mnt/d/Photos/Z6ii/28-400mm/2025/2025-08-31/DSC_4912.NEF,17522,3,Green,reject,neutral,0.8328,0.1539,0.9901,0.4793,0.369,0.8725,0.0012,0.0161,-0.017,0.046,-0.0008,-0.0054,0.0192,-0.0672,a photo with strong subject separation,a photo with no clear subject,0.413,0.4285,0.431,0.4296,0.4122,0.4068,0.4206,0.397,0.4456,0.385,0.4304,0.4175,0.3876,0.4879,v0,bioclip_2_image
23555,/mnt/d/Photos/Z6ii/28-400mm/2025/2025-08-31/DSC_4913.NEF,17523,3,Green,reject,neutral,0.8444,0.0943,0.9913,0.5136,0.4931,0.8983,0.0015,0.0169,-0.0226,0.0473,0.0005,-0.0003,0.0218,-0.065,a photo with strong subject separation,blurry,0.4103,0.4222,0.4283,0.4248,0.4116,0.4063,0.4228,0.3933,0.4448,0.3809,0.4242,0.4119,0.3845,0.4878,v0,bioclip_2_image
23556,/mnt/d/Photos/Z6ii/28-400mm/2025/2025-08-31/DSC_4914.NEF,17523,3,Green,pick,neutral,0.8577,0.1607,0.9926,0.4452,0.4168,0.8918,0.0015,0.018,-0.0165,0.049,-0.0022,-0.0034,0.0211,-0.0653,a photo with strong subject separation,blurry,0.4105,0.425,0.427,0.4243,0.4116,0.4052,0.4215,0.3926,0.4416,0.378,0.4265,0.4149,0.3841,0.4867,v0,bioclip_2_image
23557,/mnt/d/Photos/Z6ii/28-400mm/2025/2025-08-31/DSC_4915.NEF,17523,4,Green,pick,picked,0.8698,0.1308,0.9926,0.517,0.5081,0.9072,0.0015,0.019,-0.0189,0.049,0.0007,0.0003,0.0228,-0.0652,a photo with strong subject separation,a photo with no clear subject,0.4087,0.422,0.4264,0.4228,0.4121,0.4047,0.4181,0.3898,0.441,0.3774,0.4221,0.4118,0.3819,0.4833,v0,bioclip_2_image
23558,/mnt/d/Photos/Z6ii/28-400mm/2025/2025-08-31/DSC_4916.NEF,,3,Green,pick,neutral,0.8353,0.1678,0.9912,0.4814,0.4436,0.8938,0.0014,0.0162,-0.016,0.0472,-0.0007,-0.0023,0.0213,-0.066,a photo with strong subject separation,blurry,0.4099,0.4259,0.4274,0.4263,0.4125,0.4043,0.4213,0.3936,0.4419,0.3802,0.427,0.4148,0.383,0.4873,v0,bioclip_2_image
23559,/mnt/d/Photos/Z6ii/28-400mm/2025/2025-08-31/DSC_4917.NEF,17524,3,Green,pick,neutral,0.8357,0.1416,0.9901,0.5066,0.4079,0.8653,0.0018,0.0163,-0.018,0.046,0.0003,-0.0037,0.0186,-0.063,a photo with strong subject separation,blurry,0.4118,0.4273,0.4292,0.427,0.41,0.4056,0.427,0.3956,0.4453,0.3832,0.4268,0.4137,0.387,0.49,v0,bioclip_2_image
23560,/mnt/d/Photos/Z6ii/28-400mm/2025/2025-08-31/DSC_4918.NEF,,3,Green,pick,neutral,0.8616,0.1762,0.9923,0.4802,0.46,0.8955,0.0021,0.0183,-0.0154,0.0486,-0.0008,-0.0016,0.0215,-0.0614,a photo with strong subject separation,a photo with no clear subject,0.4055,0.4209,0.4242,0.4183,0.4091,0.4011,0.422,0.3872,0.4363,0.3756,0.4191,0.4107,0.3796,0.4834,v0,bioclip_2_image
23561,/mnt/d/Photos/Z6ii/28-400mm/2025/2025-08-31/DSC_4919.NEF,17525,3,Green,pick,neutral,0.8552,0.153,0.9895,0.4669,0.4902,0.9153,0.0021,0.0178,-0.0171,0.0454,-0.0013,-0.0004,0.0238,-0.0617,a photo with strong subject separation,blurry,0.4096,0.4247,0.4234,0.4225,0.4125,0.4056,0.4243,0.3919,0.4419,0.3779,0.4238,0.4129,0.3818,0.486,v0,bioclip_2_image
23562,/mnt/d/Photos/Z6ii/28-400mm/2025/2025-08-31/DSC_4920.NEF,,3,Green,neutral,neutral,0.8806,0.1539,0.9926,0.4902,0.4621,0.9191,0.0018,0.02,-0.017,0.049,-0.0004,-0.0015,0.0243,-0.0632,a photo with strong subject separation,a photo with no clear subject,0.4092,0.4219,0.4252,0.4213,0.4106,0.406,0.4256,0.3892,0.4389,0.3762,0.4217,0.4122,0.3817,0.4887,v0,bioclip_2_image
23565,/mnt/d/Photos/Z6ii/28-400mm/2025/2025-08-31/DSC_4929.NEF,17519,3,Green,reject,neutral,0.8394,0.1385,0.9898,0.4836,0.4584,0.881,0.0021,0.0165,-0.0183,0.0458,-0.0007,-0.0017,0.02,-0.0617,a photo with strong subject separation,blurry,0.4146,0.4285,0.429,0.4296,0.4115,0.4095,0.4284,0.3981,0.4468,0.3832,0.4303,0.4132,0.3895,0.4901,v0,bioclip_2_image
23568,/mnt/d/Photos/Z6ii/28-400mm/2025/2025-08-31/DSC_4936.NEF,17524,3,Green,pick,neutral,0.8393,0.1776,0.9894,0.445,0.413,0.8719,0.0012,0.0165,-0.0153,0.0454,-0.0022,-0.0035,0.0192,-0.0672,a photo with strong subject separation,blurry,0.4128,0.4287,0.4305,0.4292,0.4136,0.407,0.4214,0.3963,0.444,0.3852,0.4314,0.4171,0.3878,0.4886,v0,bioclip_2_image
23569,/mnt/d/Photos/Z6ii/28-400mm/2025/2025-08-31/DSC_4937.NEF,,3,Green,pick,neutral,0.8686,0.1696,0.9891,0.5307,0.586,0.8925,0.0024,0.0189,-0.0159,0.0451,0.0012,0.0035,0.0212,-0.0605,a photo with strong subject separation,blurry,0.4136,0.4293,0.4291,0.4255,0.4161,0.4095,0.4297,0.3947,0.4452,0.3841,0.4242,0.4126,0.3883,0.4902,v0,bioclip_2_image
23570,/mnt/d/Photos/Z6ii/28-400mm/2025/2025-08-31/DSC_4939.NEF,17528,3,Green,pick,neutral,0.8483,0.1884,0.9893,0.5148,0.4995,0.8941,0.0017,0.0172,-0.0146,0.0453,0.0006,-0.0,0.0213,-0.0636,a photo with strong subject separation,a photo with no clear subject,0.4075,0.4236,0.4246,0.4215,0.4111,0.4038,0.4199,0.3903,0.4382,0.3793,0.4209,0.4111,0.3825,0.4835,v0,bioclip_2_image
23572,/mnt/d/Photos/Z6ii/28-400mm/2025/2025-08-31/DSC_4942.NEF,17528,3,Green,pick,neutral,0.8425,0.1676,0.9905,0.5018,0.4638,0.8721,0.0016,0.0168,-0.016,0.0464,0.0001,-0.0015,0.0192,-0.0642,a photo with strong subject separation,a photo with no clear subject,0.4141,0.4284,0.4305,0.4289,0.4144,0.4072,0.4243,0.3973,0.4444,0.384,0.4288,0.4158,0.3881,0.4885,v0,bioclip_2_image
23574,/mnt/d/Photos/Z6ii/28-400mm/2025/2025-08-31/DSC_4944.NEF,17528,3,Green,reject,neutral,0.8817,0.2081,0.9929,0.5447,0.4321,0.9062,0.002,0.0201,-0.0134,0.0495,0.0018,-0.0027,0.0227,-0.062,a photo with strong subject separation,blurry,0.4125,0.4275,0.4272,0.4264,0.412,0.4072,0.4256,0.3925,0.4408,0.3778,0.4246,0.4148,0.3845,0.4876,v0,bioclip_2_image
23575,/mnt/d/Photos/Z6ii/28-400mm/2025/2025-08-31/DSC_4945.NEF,,3,Green,neutral,neutral,0.8624,0.1564,0.99,0.5642,0.5279,0.8835,0.0024,0.0184,-0.0168,0.0459,0.0026,0.0011,0.0203,-0.0604,a photo with strong subject separation,blurry,0.4161,0.4297,0.4305,0.4309,0.4154,0.4098,0.432,0.3977,0.4465,0.3846,0.4283,0.4143,0.3896,0.4924,v0,bioclip_2_image
23576,/mnt/d/Photos/Z6ii/28-400mm/2025/2025-08-31/DSC_4946.NEF,17525,3,Green,pick,neutral,0.851,0.1189,0.991,0.5271,0.4898,0.8766,0.0018,0.0174,-0.02,0.047,0.0011,-0.0004,0.0196,-0.0633,a photo with strong subject separation,blurry,0.4095,0.4225,0.4256,0.4214,0.4132,0.4031,0.4221,0.3921,0.4425,0.3786,0.4203,0.4136,0.3835,0.4854,v0,bioclip_2_image
23577,/mnt/d/Photos/Z6ii/28-400mm/2025/2025-08-31/DSC_4948.NEF,,4,Green,pick,picked,0.8978,0.2076,0.9921,0.5451,0.5581,0.8886,0.0032,0.0217,-0.0134,0.0483,0.0018,0.0023,0.0208,-0.0573,a photo with strong subject separation,blurry,0.4123,0.4254,0.4272,0.4242,0.4122,0.4062,0.4323,0.3906,0.4388,0.3789,0.4224,0.4098,0.3855,0.4896,v0,bioclip_2_image
23578,/mnt/d/Photos/Z6ii/28-400mm/2025/2025-08-31/DSC_4949.NEF,,3,Green,reject,neutral,0.8844,0.1938,0.9787,0.5672,0.6156,0.8793,0.0061,0.0204,-0.0143,0.0383,0.0027,0.0047,0.0199,-0.0509,a photo with a clear subject,a photo with no clear subject,0.4105,0.4222,0.4151,0.4241,0.4158,0.3991,0.4435,0.3902,0.4365,0.3768,0.4214,0.4111,0.3792,0.4944,v0,bioclip_2_image
23580,/mnt/d/Photos/Z6ii/28-400mm/2025/2025-08-31/DSC_4952.NEF,17529,3,Yellow,pick,neutral,0.8263,0.142,0.9902,0.4962,0.4611,0.8796,0.0019,0.0156,-0.018,0.0461,-0.0002,-0.0016,0.0199,-0.0627,a photo with strong subject separation,blurry,0.4141,0.4289,0.4307,0.4284,0.4112,0.4079,0.4253,0.3986,0.4469,0.3846,0.4286,0.4128,0.388,0.4879,v0,bioclip_2_image
23581,/mnt/d/Photos/Z6ii/28-400mm/2025/2025-08-31/DSC_4953.NEF,17512,3,Green,reject,neutral,0.8295,0.1532,0.9895,0.5219,0.3903,0.8879,0.0014,0.0158,-0.0171,0.0455,0.0009,-0.0045,0.0207,-0.0655,a photo with strong subject separation,blurry,0.415,0.4304,0.4302,0.4307,0.4125,0.4099,0.423,0.3992,0.4475,0.3847,0.4299,0.417,0.3892,0.4885,v0,bioclip_2_image
23582,/mnt/d/Photos/Z6ii/28-400mm/2025/2025-08-31/DSC_4954.NEF,,2,Yellow,reject,rejected,0.8469,0.1658,0.9902,0.5315,0.3965,0.8895,0.0013,0.0171,-0.0162,0.0462,0.0013,-0.0042,0.0209,-0.0664,a photo with strong subject separation,blurry,0.4166,0.432,0.4327,0.4324,0.4142,0.4112,0.4218,0.3995,0.4482,0.3865,0.4311,0.4184,0.3904,0.4882,v0,bioclip_2_image
23583,/mnt/d/Photos/Z6ii/28-400mm/2025/2025-08-31/DSC_4955.NEF,17529,3,Green,pick,neutral,0.8737,0.1985,0.9911,0.5753,0.5318,0.9095,0.003,0.0193,-0.014,0.0471,0.003,0.0013,0.0231,-0.0581,a photo with strong subject separation,blurry,0.4155,0.4307,0.4298,0.4293,0.4127,0.4093,0.4319,0.3962,0.4447,0.3827,0.4262,0.4114,0.3862,0.49,v0,bioclip_2_image
23584,/mnt/d/Photos/Z6ii/28-400mm/2025/2025-08-31/DSC_4957.NEF,17529,3,Green,pick,neutral,0.8611,0.1723,0.9926,0.4999,0.4282,0.9015,0.0019,0.0182,-0.0157,0.049,-0.0,-0.0029,0.0221,-0.0628,a photo with strong subject separation,blurry,0.4151,0.43,0.4295,0.43,0.4123,0.4085,0.4256,0.3968,0.4457,0.3805,0.43,0.4151,0.3864,0.4883,v0,bioclip_2_image
23588,/mnt/d/Photos/Z6ii/28-400mm/2025/2025-08-31/DSC_4969.NEF,17530,3,Green,pick,neutral,0.8701,0.1706,0.9931,0.5709,0.4387,0.9014,0.0028,0.019,-0.0158,0.0497,0.0029,-0.0025,0.0221,-0.0589,a photo with strong subject separation,blurry,0.4127,0.4258,0.4278,0.4271,0.413,0.4062,0.4289,0.3937,0.4416,0.3781,0.4242,0.4155,0.384,0.4877,v0,bioclip_2_image
23589,/mnt/d/Photos/Z6ii/28-400mm/2025/2025-08-31/DSC_4970.NEF,17530,3,Green,pick,neutral,0.8384,0.1506,0.9918,0.5136,0.4091,0.8812,0.0017,0.0165,-0.0173,0.048,0.0005,-0.0037,0.02,-0.064,a photo with strong subject separation,a photo with no clear subject,0.4129,0.4267,0.4294,0.4292,0.413,0.4071,0.4251,0.3964,0.444,0.3814,0.4286,0.4166,0.3871,0.4891,v0,bioclip_2_image
23590,/mnt/d/Photos/Z6ii/28-400mm/2025/2025-08-31/DSC_4972.NEF,17531,3,Green,pick,neutral,0.8383,0.1362,0.9934,0.4865,0.4529,0.9173,0.0018,0.0165,-0.0185,0.0502,-0.0005,-0.0019,0.0241,-0.0629,a photo with strong subject separation,blurry,0.4041,0.4195,0.4257,0.4187,0.4064,0.4036,0.4224,0.3876,0.438,0.3756,0.4192,0.4083,0.3796,0.4853,v0,bioclip_2_image
23594,/mnt/d/Photos/Z6ii/28-400mm/2025/2025-08-31/DSC_4992.NEF,17532,3,Yellow,pick,neutral,0.8461,0.1341,0.9911,0.5332,0.4271,0.8935,0.0016,0.017,-0.0187,0.0471,0.0013,-0.0029,0.0213,-0.0645,a photo with strong subject separation,blurry,0.4157,0.43,0.4331,0.4339,0.4141,0.4121,0.4251,0.3987,0.4487,0.386,0.4326,0.417,0.3909,0.4896,v0,bioclip_2_image
23595,/mnt/d/Photos/Z6ii/28-400mm/2025/2025-08-31/DSC_4995.NEF,17523,4,Green,pick,picked,0.8584,0.1539,0.9905,0.491,0.5018,0.9018,0.0017,0.018,-0.017,0.0465,-0.0004,0.0001,0.0222,-0.064,a photo with strong subject separation,blurry,0.409,0.4236,0.425,0.4225,0.4102,0.4041,0.4209,0.391,0.4407,0.3785,0.4229,0.4102,0.3819,0.485,v0,bioclip_2_image
23599,/mnt/d/Photos/Z6ii/28-400mm/2025/2025-08-31/DSC_5005.NEF,,3,Green,pick,neutral,0.8202,0.1382,0.9886,0.5127,0.402,0.8462,0.0013,0.0152,-0.0183,0.0446,0.0005,-0.004,0.0171,-0.0663,a photo with strong subject separation,blurry,0.4112,0.4249,0.4273,0.4274,0.4091,0.4051,0.4182,0.3961,0.4432,0.3827,0.4269,0.4131,0.3881,0.4845,v0,bioclip_2_image
23600,/mnt/d/Photos/Z6ii/28-400mm/2025/2025-08-31/DSC_5007.NEF,17519,3,Green,reject,neutral,0.8146,0.1262,0.9892,0.5105,0.4312,0.8579,0.0016,0.0148,-0.0194,0.0452,0.0004,-0.0028,0.018,-0.0643,a photo with strong subject separation,blurry,0.41,0.4236,0.4265,0.425,0.4076,0.4038,0.4196,0.3952,0.443,0.3813,0.4246,0.4104,0.3858,0.484,v0,bioclip_2_image
23601,/mnt/d/Photos/Z6ii/28-400mm/2025/2025-08-31/DSC_5009.NEF,17528,3,Green,reject,neutral,0.8626,0.1845,0.9915,0.5662,0.5206,0.8968,0.0022,0.0184,-0.0149,0.0476,0.0027,0.0008,0.0216,-0.0613,a photo with strong subject separation,blurry,0.412,0.4281,0.4254,0.4264,0.4144,0.4068,0.4291,0.3936,0.443,0.3778,0.4238,0.4136,0.3852,0.4904,v0,bioclip_2_image
23602,/mnt/d/Photos/Z6ii/28-400mm/2025/2025-08-31/DSC_5010.NEF,17522,3,Green,reject,neutral,0.8497,0.1612,0.9888,0.4934,0.5074,0.8847,0.0021,0.0173,-0.0165,0.0448,-0.0003,0.0003,0.0204,-0.0614,a photo with strong subject separation,blurry,0.4132,0.4274,0.426,0.4263,0.4123,0.4079,0.4285,0.3959,0.4439,0.3812,0.4266,0.412,0.3875,0.49,v0,bioclip_2_image
23603,/mnt/d/Photos/Z6ii/28-400mm/2025/2025-08-31/DSC_5011.NEF,17533,3,Green,pick,neutral,0.8778,0.219,0.992,0.5079,0.352,0.8881,0.0038,0.0197,-0.0127,0.0482,0.0003,-0.0061,0.0207,-0.0556,a photo with strong subject separation,a photo with no clear subject,0.4121,0.4263,0.4277,0.4295,0.406,0.4069,0.4316,0.3924,0.439,0.3795,0.4291,0.4121,0.3862,0.4872,v0,bioclip_2_image
23607,/mnt/d/Photos/Z6ii/28-400mm/2025/2025-08-31/DSC_5015.NEF,17534,3,Green,neutral,neutral,0.8825,0.1171,0.9844,0.6795,0.6447,0.9079,0.005,0.0202,-0.0202,0.0415,0.0075,0.006,0.0229,-0.053,a photo with strong subject separation,blurry,0.4166,0.4221,0.424,0.4277,0.4154,0.4123,0.4444,0.3964,0.4423,0.3826,0.4201,0.4094,0.3894,0.4973,v0,bioclip_2_image
23612,/mnt/d/Photos/Z6ii/28-400mm/2025/2025-08-31/DSC_5024.NEF,17528,3,Green,reject,neutral,0.8474,0.1945,0.9904,0.4575,0.4336,0.8683,0.0016,0.0171,-0.0142,0.0463,-0.0017,-0.0027,0.0189,-0.0646,a photo with strong subject separation,blurry,0.4129,0.4285,0.428,0.4261,0.4144,0.4076,0.4251,0.3957,0.4427,0.3816,0.4278,0.417,0.3887,0.4897,v0,bioclip_2_image
23616,/mnt/d/Photos/Z6ii/28-400mm/2025/2025-08-31/DSC_5033.NEF,17522,4,Green,pick,picked,0.8596,0.1607,0.9912,0.5191,0.4851,0.9114,0.0021,0.0181,-0.0165,0.0472,0.0008,-0.0006,0.0233,-0.0617,a photo with strong subject separation,blurry,0.4121,0.428,0.4277,0.4258,0.4108,0.4081,0.4249,0.394,0.4446,0.3805,0.425,0.4114,0.3848,0.4867,v0,bioclip_2_image
23617,/mnt/d/Photos/Z6ii/28-400mm/2025/2025-08-31/DSC_5035.NEF,17522,3,Green,reject,neutral,0.8465,0.1645,0.9916,0.5196,0.4578,0.8967,0.0018,0.0171,-0.0163,0.0477,0.0008,-0.0017,0.0216,-0.0633,a photo with strong subject separation,blurry,0.4128,0.4297,0.4295,0.4265,0.4127,0.4083,0.4233,0.3957,0.4459,0.3818,0.4257,0.4144,0.3867,0.4866,v0,bioclip_2_image
23618,/mnt/d/Photos/Z6ii/28-400mm/2025/2025-08-31/DSC_5036.NEF,17522,3,Green,reject,neutral,0.8503,0.1554,0.9924,0.4767,0.4206,0.9092,0.0014,0.0174,-0.0169,0.0487,-0.0009,-0.0032,0.023,-0.0656,a photo with strong subject separation,a photo with no clear subject,0.4158,0.4294,0.4324,0.4308,0.4157,0.4109,0.4195,0.3984,0.4464,0.3837,0.4317,0.419,0.3879,0.4852,v0,bioclip_2_image
23620,/mnt/d/Photos/Z6ii/28-400mm/2025/2025-08-31/DSC_5043.NEF,17528,3,Green,reject,neutral,0.8499,0.177,0.9896,0.4507,0.4053,0.8917,0.0015,0.0173,-0.0154,0.0456,-0.002,-0.0038,0.0211,-0.0648,a photo with strong subject separation,a photo with no clear subject,0.4173,0.4324,0.4315,0.4315,0.4164,0.4117,0.4256,0.4,0.4478,0.3859,0.4334,0.4203,0.3906,0.4904,v0,bioclip_2_image
23622,/mnt/d/Photos/Z6ii/28-400mm/2025/2025-08-31/DSC_5052.NEF,17527,3,Green,pick,neutral,0.8391,0.1339,0.9896,0.5189,0.49,0.8814,0.0016,0.0165,-0.0187,0.0456,0.0008,-0.0004,0.0201,-0.0647,a photo with strong subject separation,blurry,0.4172,0.4312,0.4331,0.4327,0.4155,0.4123,0.4237,0.4007,0.4499,0.3876,0.4319,0.4159,0.3922,0.4884,v0,bioclip_2_image
23623,/mnt/d/Photos/Z6ii/28-400mm/2025/2025-08-31/DSC_5055.NEF,17522,3,Green,reject,neutral,0.8506,0.156,0.9907,0.5425,0.4873,0.9088,0.0018,0.0174,-0.0169,0.0467,0.0017,-0.0005,0.023,-0.0633,a photo with strong subject separation,blurry,0.4128,0.4277,0.4278,0.4274,0.4119,0.4089,0.4233,0.3954,0.4446,0.3811,0.4257,0.4124,0.386,0.4867,v0,bioclip_2_image
5513,/mnt/d/Photos/Z8/180-600mm/2025/2025-10-05/DSC_1265.NEF,,4,Green,neutral,picked,0.9269,0.7431,0.9967,0.107,0.7578,0.9608,0.0038,0.0254,0.0106,0.0571,-0.0212,0.0114,0.032,-0.0556,a photo with strong subject separation,a photo with no clear subject,0.4003,0.4311,0.4241,0.4085,0.4014,0.3997,0.4469,0.3749,0.4205,0.367,0.4297,0.39,0.3677,0.5025,v0,bioclip_2_image
5514,/mnt/d/Photos/Z8/180-600mm/2025/2025-10-05/DSC_1276.NEF,,3,Green,neutral,neutral,0.8909,0.4669,0.9989,0.1113,0.8066,0.8996,0.001,0.021,-0.0013,0.0685,-0.0208,0.0143,0.0219,-0.0695,a photo with strong subject separation,blurry,0.4068,0.4458,0.4404,0.4234,0.3971,0.3997,0.4818,0.3858,0.4471,0.3718,0.4442,0.3828,0.3778,0.5513,v0,bioclip_2_image
5515,/mnt/d/Photos/Z8/180-600mm/2025/2025-10-05/DSC_1277.NEF,13641,3,Green,neutral,neutral,0.8925,0.3842,0.9987,0.1224,0.828,0.9246,0.0008,0.0212,-0.0047,0.0665,-0.0197,0.0157,0.0251,-0.0715,a photo with strong subject separation,blurry,0.4128,0.4477,0.4419,0.4228,0.4035,0.4068,0.468,0.3916,0.4525,0.3754,0.4425,0.3877,0.3818,0.5395,v0,bioclip_2_image
5516,/mnt/d/Photos/Z8/180-600mm/2025/2025-10-05/DSC_1278.NEF,13641,4,Blue,neutral,picked,0.857,0.4836,0.9985,0.192,0.6513,0.9443,0.0008,0.0179,-0.0007,0.065,-0.0144,0.0062,0.0283,-0.0713,a photo with strong subject separation,blurry,0.4119,0.441,0.4402,0.422,0.4023,0.4052,0.4579,0.394,0.4416,0.3751,0.4364,0.3961,0.3769,0.5292,v0,bioclip_2_image
5517,/mnt/d/Photos/Z8/180-600mm/2025/2025-10-05/DSC_1279.NEF,13641,4,Green,pick,picked,0.8865,0.5853,0.9986,0.1532,0.776,0.9464,0.0008,0.0206,0.0034,0.0659,-0.0171,0.0124,0.0287,-0.0716,high quality,blurry,0.412,0.4436,0.4392,0.4142,0.4046,0.4047,0.4647,0.3914,0.4401,0.3733,0.4313,0.3922,0.376,0.5363,v0,bioclip_2_image
5518,/mnt/d/Photos/Z8/180-600mm/2025/2025-10-05/DSC_1283.NEF,13641,4,Green,pick,picked,0.895,0.3401,0.9987,0.3746,0.5743,0.9816,0.0009,0.0214,-0.0066,0.0661,-0.0051,0.003,0.0398,-0.07,a photo with strong subject separation,a photo with no clear subject,0.4199,0.4435,0.4492,0.4338,0.4105,0.4189,0.4556,0.3985,0.4501,0.3831,0.4389,0.4075,0.3791,0.5256,v0,bioclip_2_image
5519,/mnt/d/Photos/Z8/180-600mm/2025/2025-10-05/DSC_1289.NEF,13642,3,Green,reject,neutral,0.7666,0.3595,0.9938,0.3215,0.3939,0.8446,0.0011,0.0119,-0.0058,0.0508,-0.0075,-0.0043,0.0169,-0.0686,a photo with strong subject separation,a photo with no clear subject,0.4243,0.4477,0.4504,0.4357,0.4102,0.411,0.4473,0.4124,0.4535,0.3996,0.4431,0.4145,0.3941,0.5159,v0,bioclip_2_image
5520,/mnt/d/Photos/Z8/180-600mm/2025/2025-10-05/DSC_1290.NEF,13642,3,Green,pick,neutral,0.7927,0.2509,0.9976,0.1734,0.7374,0.924,0.0015,0.0134,-0.0109,0.0603,-0.0156,0.0103,0.025,-0.0648,a photo with strong subject separation,blurry,0.4196,0.4433,0.45,0.4309,0.4146,0.4112,0.4587,0.4062,0.4542,0.3897,0.4465,0.4043,0.3862,0.5235,v0,bioclip_2_image
5521,/mnt/d/Photos/Z8/180-600mm/2025/2025-10-05/DSC_1292.NEF,13642,3,Green,pick,neutral,0.725,0.254,0.996,0.3382,0.4294,0.8207,0.001,0.0097,-0.0108,0.0551,-0.0067,-0.0028,0.0152,-0.0695,a photo with strong subject separation,blurry,0.4218,0.4455,0.4517,0.4368,0.4119,0.4097,0.4469,0.4121,0.4562,0.3966,0.4435,0.4147,0.3945,0.5164,v0,bioclip_2_image
5522,/mnt/d/Photos/Z8/180-600mm/2025/2025-10-05/DSC_1293.NEF,13642,3,Green,pick,neutral,0.7863,0.2539,0.9954,0.3931,0.5187,0.902,0.0008,0.013,-0.0108,0.0538,-0.0043,0.0007,0.0222,-0.0718,a photo with strong subject separation,blurry,0.4236,0.4459,0.451,0.4419,0.414,0.4139,0.4432,0.4106,0.4567,0.3972,0.4462,0.4133,0.3917,0.515,v0,bioclip_2_image
5523,/mnt/d/Photos/Z8/180-600mm/2025/2025-10-05/DSC_1300.NEF,,4,Green,neutral,picked,0.9307,0.1738,0.999,0.358,0.7889,0.9564,0.0009,0.026,-0.0156,0.0692,-0.0058,0.0132,0.0309,-0.0706,high quality,blurry,0.4162,0.4263,0.4377,0.421,0.4017,0.4022,0.4437,0.3902,0.4419,0.3685,0.4268,0.3885,0.3713,0.5143,v0,bioclip_2_image
5524,/mnt/d/Photos/Z8/180-600mm/2025/2025-10-05/DSC_1309.NEF,13643,3,Green,pick,neutral,0.9146,0.3436,0.9943,0.2901,0.723,0.9351,0.0016,0.0237,-0.0065,0.0516,-0.0089,0.0096,0.0267,-0.0646,high quality,blurry,0.4213,0.4379,0.4475,0.439,0.4146,0.4156,0.4438,0.3976,0.4443,0.3959,0.448,0.405,0.389,0.5084,v0,bioclip_2_image
5525,/mnt/d/Photos/Z8/180-600mm/2025/2025-10-05/DSC_1312.NEF,13643,3,Green,pick,neutral,0.9073,0.3928,0.9927,0.3518,0.763,0.9133,0.0013,0.0228,-0.0044,0.0492,-0.0061,0.0117,0.0235,-0.0662,high quality,blurry,0.4221,0.4376,0.4466,0.4398,0.4142,0.4142,0.4401,0.3993,0.442,0.3974,0.4459,0.4025,0.3906,0.5063,v0,bioclip_2_image
5526,/mnt/d/Photos/Z8/180-600mm/2025/2025-10-05/DSC_1316.NEF,,4,Green,neutral,picked,0.9344,0.4186,0.9977,0.4592,0.7434,0.9719,0.0013,0.0266,-0.0033,0.0609,-0.0016,0.0106,0.0355,-0.0668,high quality,blurry,0.4218,0.4381,0.4487,0.4391,0.4098,0.4153,0.4463,0.3953,0.4414,0.3879,0.4408,0.3991,0.3798,0.5132,v0,bioclip_2_image
5527,/mnt/d/Photos/Z8/180-600mm/2025/2025-10-05/DSC_1319.NEF,,3,Green,neutral,neutral,0.9387,0.308,0.9979,0.5053,0.7939,0.9762,0.0013,0.0273,-0.0081,0.0616,0.0002,0.0135,0.0372,-0.0663,high quality,blurry,0.4217,0.4339,0.4484,0.4375,0.4115,0.4182,0.4522,0.3944,0.442,0.3869,0.4373,0.398,0.3811,0.5184,v0,bioclip_2_image
5528,/mnt/d/Photos/Z8/180-600mm/2025/2025-10-05/DSC_1322.NEF,940,3,Green,pick,neutral,0.9356,0.4859,0.9974,0.2009,0.5287,0.9954,0.0011,0.0268,-0.0006,0.0594,-0.0138,0.0011,0.0538,-0.0684,a photo with strong subject separation,blurry,0.3951,0.4213,0.4212,0.4023,0.3819,0.4003,0.4503,0.3683,0.4218,0.3618,0.4161,0.3808,0.3465,0.5187,v0,bioclip_2_image
5529,/mnt/d/Photos/Z8/180-600mm/2025/2025-10-05/DSC_1325.NEF,940,3,Green,pick,neutral,0.9257,0.3695,0.9974,0.4628,0.5657,0.9944,0.0007,0.0252,-0.0053,0.0595,-0.0015,0.0026,0.0518,-0.0722,a photo with strong subject separation,blurry,0.4175,0.4413,0.4427,0.4319,0.4057,0.4207,0.455,0.3923,0.4467,0.3833,0.4334,0.4031,0.3689,0.5272,v0,bioclip_2_image
5530,/mnt/d/Photos/Z8/180-600mm/2025/2025-10-05/DSC_1329.NEF,,3,Green,neutral,neutral,0.9577,0.3593,0.9979,0.2682,0.7419,0.9681,0.0017,0.0312,-0.0058,0.0618,-0.01,0.0106,0.0341,-0.0638,high quality,blurry,0.4135,0.4263,0.4405,0.4216,0.4014,0.4101,0.4482,0.3823,0.4321,0.3788,0.4316,0.3909,0.376,0.5121,v0,bioclip_2_image
5532,/mnt/d/Photos/Z8/180-600mm/2025/2025-10-05/DSC_1338.NEF,13644,4,Green,pick,picked,0.9609,0.4248,0.9984,0.2075,0.4204,0.977,0.0114,0.032,-0.003,0.0645,-0.0134,-0.0032,0.0375,-0.0446,a photo with strong subject separation,blurry,0.4187,0.4339,0.4459,0.4245,0.4064,0.4133,0.4665,0.3867,0.4369,0.3814,0.4379,0.4096,0.3758,0.5111,v0,bioclip_2_image
5533,/mnt/d/Photos/Z8/180-600mm/2025/2025-10-05/DSC_1339.NEF,13644,4,Green,neutral,picked,0.9587,0.2229,0.9974,0.3066,0.5438,0.9846,0.0062,0.0314,-0.0125,0.0596,-0.0082,0.0018,0.0416,-0.0507,a photo with strong subject separation,blurry,0.4212,0.4324,0.4454,0.4295,0.4083,0.418,0.4604,0.3897,0.4448,0.3858,0.4377,0.4065,0.3764,0.5111,v0,bioclip_2_image
5534,/mnt/d/Photos/Z8/180-600mm/2025/2025-10-05/DSC_1344.NEF,13645,4,Green,pick,picked,0.9479,0.2428,0.9956,0.3393,0.5586,0.9667,0.0052,0.029,-0.0114,0.0542,-0.0067,0.0024,0.0337,-0.0526,a photo with strong subject separation,blurry,0.4269,0.4408,0.4445,0.4363,0.411,0.4202,0.4467,0.3979,0.4522,0.3903,0.443,0.4086,0.3865,0.4993,v0,bioclip_2_image
5535,/mnt/d/Photos/Z8/180-600mm/2025/2025-10-05/DSC_1345.NEF,13645,4,Green,pick,picked,0.9463,0.2536,0.9969,0.3512,0.5319,0.9641,0.0066,0.0287,-0.0108,0.0577,-0.0061,0.0013,0.0329,-0.0501,a photo with strong subject separation,blurry,0.4238,0.4375,0.4447,0.434,0.4088,0.4159,0.4475,0.3951,0.4483,0.3869,0.4401,0.4075,0.383,0.4977,v0,bioclip_2_image
5536,/mnt/d/Photos/Z8/180-600mm/2025/2025-10-05/DSC_1351.NEF,13646,3,Green,pick,neutral,0.9759,0.1969,0.9965,0.1673,0.5704,0.9251,0.0148,0.037,-0.0141,0.0565,-0.0161,0.0028,0.0251,-0.042,a photo with strong subject separation,blurry,0.4404,0.4475,0.4486,0.4294,0.4229,0.4227,0.4687,0.4034,0.4616,0.392,0.4455,0.4201,0.3976,0.5107,v0,bioclip_2_image
5538,/mnt/d/Photos/Z8/180-600mm/2025/2025-10-05/DSC_1353.NEF,13646,3,Green,pick,neutral,0.9602,0.2306,0.9968,0.1983,0.5897,0.83,0.0135,0.0318,-0.0121,0.0576,-0.014,0.0036,0.0159,-0.0429,a photo with strong subject separation,blurry,0.4404,0.4494,0.4552,0.4372,0.4259,0.4251,0.4737,0.4086,0.4615,0.3977,0.4511,0.4223,0.4093,0.5166,v0,bioclip_2_image
5540,/mnt/d/Photos/Z8/180-600mm/2025/2025-10-05/DSC_1358.NEF,13646,3,Green,pick,neutral,0.9706,0.2415,0.9953,0.3502,0.5673,0.9358,0.0078,0.035,-0.0114,0.0536,-0.0062,0.0027,0.0268,-0.0485,a photo with strong subject separation,blurry,0.4369,0.4446,0.4452,0.4348,0.4256,0.4248,0.4602,0.4019,0.456,0.3916,0.441,0.4229,0.398,0.5087,v0,bioclip_2_image
5541,/mnt/d/Photos/Z8/180-600mm/2025/2025-10-05/DSC_1359.NEF,935,3,Green,pick,neutral,0.973,0.3222,0.9956,0.2158,0.7661,0.9156,0.0132,0.0358,-0.0074,0.0542,-0.0129,0.0119,0.0238,-0.0431,a photo with strong subject separation,blurry,0.44,0.4501,0.4468,0.4347,0.4287,0.4253,0.4709,0.4041,0.4575,0.3926,0.4476,0.4168,0.4015,0.5141,v0,bioclip_2_image
5556,/mnt/d/Photos/Z8/180-600mm/2025/2025-10-05/DSC_1397.NEF,916,3,Green,neutral,neutral,0.9498,0.0516,0.9969,0.2167,0.688,0.9156,0.002,0.0294,-0.0291,0.0578,-0.0128,0.0079,0.0238,-0.062,high quality,blurry,0.4443,0.4445,0.4582,0.4426,0.4326,0.4302,0.4523,0.4149,0.4736,0.4004,0.4554,0.4247,0.4064,0.5143,v0,bioclip_2_image
5557,/mnt/d/Photos/Z8/180-600mm/2025/2025-10-05/DSC_1401.NEF,,3,Green,neutral,neutral,0.9276,0.0406,0.9896,0.1932,0.7166,0.6789,0.0042,0.0255,-0.0316,0.0455,-0.0143,0.0093,0.0075,-0.0547,high quality,blurry,0.4349,0.4305,0.4447,0.4278,0.4282,0.4209,0.4555,0.4094,0.4621,0.3992,0.4421,0.4189,0.4134,0.5101,v0,bioclip_2_image
5558,/mnt/d/Photos/Z8/180-600mm/2025/2025-10-05/DSC_1404.NEF,13648,3,Green,neutral,neutral,0.9026,0.0604,0.9823,0.53,0.5837,0.5992,0.0036,0.0223,-0.0274,0.0402,0.0012,0.0034,0.004,-0.0562,high quality,blurry,0.4376,0.4395,0.4404,0.4473,0.4338,0.4227,0.4604,0.4153,0.467,0.4003,0.4461,0.4305,0.4187,0.5166,v0,bioclip_2_image
5559,/mnt/d/Photos/Z8/180-600mm/2025/2025-10-05/DSC_1405.NEF,13648,3,Green,pick,neutral,0.9248,0.0832,0.9846,0.5626,0.5924,0.4566,0.0046,0.0251,-0.024,0.0416,0.0025,0.0037,-0.0017,-0.0537,high quality,blurry,0.4392,0.4372,0.4365,0.4491,0.4279,0.4164,0.4539,0.4141,0.4612,0.3949,0.4466,0.4241,0.4182,0.5076,v0,bioclip_2_image
5560,/mnt/d/Photos/Z8/180-600mm/2025/2025-10-05/DSC_1406.NEF,13648,3,Green,pick,neutral,0.8598,0.0558,0.9643,0.6008,0.6555,0.5965,0.0035,0.0181,-0.0283,0.033,0.0041,0.0064,0.0039,-0.0565,high quality,blurry,0.4307,0.4317,0.4303,0.4445,0.4221,0.411,0.4472,0.4126,0.46,0.3973,0.4404,0.4156,0.4071,0.5036,v0,bioclip_2_image
5561,/mnt/d/Photos/Z8/180-600mm/2025/2025-10-05/DSC_1408.NEF,920,3,Green,neutral,neutral,0.9432,0.0916,0.9937,0.3698,0.6522,0.7976,0.0033,0.0281,-0.0229,0.0507,-0.0053,0.0063,0.0137,-0.0571,high quality,blurry,0.4368,0.4321,0.4445,0.442,0.4233,0.4194,0.4502,0.4087,0.4551,0.3939,0.4473,0.417,0.4057,0.5074,v0,bioclip_2_image
5562,/mnt/d/Photos/Z8/180-600mm/2025/2025-10-05/DSC_1410.NEF,,3,Green,neutral,neutral,0.8821,0.076,0.9895,0.3415,0.5744,0.8715,0.0018,0.0201,-0.025,0.0455,-0.0066,0.003,0.0191,-0.0633,a photo with strong subject separation,blurry,0.4215,0.4235,0.4325,0.4317,0.4222,0.4171,0.439,0.4014,0.4485,0.3871,0.4382,0.4192,0.398,0.5023,v0,bioclip_2_image
5563,/mnt/d/Photos/Z8/180-600mm/2025/2025-10-05/DSC_1411.NEF,920,3,Green,neutral,neutral,0.9033,0.0326,0.9927,0.2478,0.6441,0.8773,0.0021,0.0223,-0.0339,0.0492,-0.0111,0.0059,0.0197,-0.0615,a photo with strong subject separation,blurry,0.4251,0.4239,0.4397,0.4295,0.4209,0.4172,0.4471,0.4028,0.4578,0.3906,0.4406,0.415,0.3976,0.5086,v0,bioclip_2_image
5564,/mnt/d/Photos/Z8/180-600mm/2025/2025-10-05/DSC_1413.NEF,,3,Green,neutral,neutral,0.9052,0.078,0.9848,0.2183,0.532,0.6487,0.0067,0.0226,-0.0247,0.0417,-0.0128,0.0013,0.0061,-0.05,high quality,blurry,0.431,0.4335,0.4409,0.4342,0.4276,0.4186,0.4551,0.4084,0.4582,0.3991,0.447,0.4263,0.4124,0.5051,v0,bioclip_2_image
5565,/mnt/d/Photos/Z8/180-600mm/2025/2025-10-05/DSC_1414.NEF,,3,Green,neutral,neutral,0.9216,0.0481,0.9905,0.1237,0.2879,0.7664,0.0055,0.0246,-0.0299,0.0465,-0.0196,-0.0091,0.0119,-0.052,a photo with strong subject separation,blurry,0.4201,0.4235,0.4396,0.421,0.406,0.4062,0.462,0.3955,0.4533,0.3931,0.4406,0.4151,0.3943,0.514,v0,bioclip_2_image
5566,/mnt/d/Photos/Z8/180-600mm/2025/2025-10-05/DSC_1417.NEF,,3,Green,neutral,neutral,0.9162,0.1142,0.9882,0.2791,0.3417,0.6643,0.0032,0.0239,-0.0205,0.0443,-0.0095,-0.0066,0.0068,-0.0574,a photo with strong subject separation,blurry,0.4158,0.4175,0.426,0.4214,0.409,0.4069,0.4341,0.3918,0.4379,0.3817,0.4309,0.4156,0.4001,0.4916,v0,bioclip_2_image
5567,/mnt/d/Photos/Z8/180-600mm/2025/2025-10-05/DSC_1418.NEF,916,2,Green,neutral,rejected,0.9215,0.0931,0.9973,0.4262,0.5757,0.9391,0.003,0.0246,-0.0228,0.0593,-0.003,0.0031,0.0274,-0.0581,a photo with strong subject separation,blurry,0.4282,0.4358,0.4479,0.4391,0.4202,0.4253,0.4427,0.4036,0.4585,0.3886,0.442,0.4172,0.398,0.5008,v0,bioclip_2_image
5568,/mnt/d/Photos/Z8/180-600mm/2025/2025-10-05/DSC_1419.NEF,916,3,Green,neutral,neutral,0.972,0.0483,0.9981,0.1344,0.7156,0.9779,0.0008,0.0355,-0.0298,0.0624,-0.0186,0.0092,0.0379,-0.0716,a photo with strong subject separation,blurry,0.431,0.4313,0.4475,0.4241,0.425,0.4257,0.4339,0.3955,0.4611,0.3851,0.4427,0.4157,0.3878,0.5056,v0,bioclip_2_image
5569,/mnt/d/Photos/Z8/180-600mm/2025/2025-10-05/DSC_1420.NEF,,2,Yellow,neutral,rejected,0.936,0.0493,0.9968,0.6073,0.7811,0.9488,0.0016,0.0268,-0.0296,0.0574,0.0044,0.0127,0.0292,-0.0643,high quality,blurry,0.4334,0.4332,0.4502,0.4416,0.43,0.427,0.432,0.4066,0.4628,0.3928,0.4372,0.4173,0.3978,0.4963,v0,bioclip_2_image
5570,/mnt/d/Photos/Z8/180-600mm/2025/2025-10-05/DSC_1421.NEF,13649,2,Green,pick,rejected,0.9438,0.0648,0.9954,0.5636,0.7163,0.9377,0.0015,0.0282,-0.0267,0.0537,0.0026,0.0093,0.0271,-0.065,a photo with strong subject separation,blurry,0.439,0.4397,0.4487,0.4437,0.4315,0.431,0.4378,0.4108,0.4664,0.395,0.4411,0.4222,0.4039,0.5029,v0,bioclip_2_image
5571,/mnt/d/Photos/Z8/180-600mm/2025/2025-10-05/DSC_1422.NEF,916,2,Green,neutral,rejected,0.9341,0.0632,0.997,0.6056,0.7094,0.9413,0.0015,0.0265,-0.027,0.0581,0.0043,0.0089,0.0277,-0.0647,a photo with strong subject separation,blurry,0.4328,0.4359,0.4463,0.4402,0.4287,0.4262,0.4355,0.4063,0.4628,0.3881,0.4359,0.4197,0.3985,0.5002,v0,bioclip_2_image
5572,/mnt/d/Photos/Z8/180-600mm/2025/2025-10-05/DSC_1423.NEF,,2,Green,neutral,rejected,0.933,0.0606,0.9974,0.561,0.7207,0.944,0.0021,0.0263,-0.0274,0.0595,0.0025,0.0095,0.0282,-0.0615,a photo with strong subject separation,blurry,0.4266,0.4316,0.4404,0.4355,0.4229,0.42,0.4321,0.4003,0.459,0.381,0.4331,0.4135,0.3917,0.4936,v0,bioclip_2_image
5573,/mnt/d/Photos/Z8/180-600mm/2025/2025-10-05/DSC_1424.NEF,13649,2,Green,pick,rejected,0.9734,0.1008,0.9986,0.5345,0.7038,0.9287,0.003,0.036,-0.0219,0.0658,0.0014,0.0087,0.0257,-0.0579,a photo with a clear subject,a photo with no clear subject,0.4319,0.4337,0.4478,0.4334,0.4266,0.4213,0.4413,0.3959,0.4556,0.3821,0.432,0.4179,0.3956,0.4992,v0,bioclip_2_image
5574,/mnt/d/Photos/Z8/180-600mm/2025/2025-10-05/DSC_1425.NEF,,2,Green,neutral,rejected,0.9371,0.0781,0.9968,0.6673,0.7244,0.9198,0.0022,0.027,-0.0247,0.0573,0.007,0.0097,0.0244,-0.061,a photo with strong subject separation,blurry,0.4328,0.4403,0.4487,0.4464,0.4272,0.4245,0.4441,0.4058,0.465,0.3914,0.4394,0.4176,0.4001,0.5051,v0,bioclip_2_image
5575,/mnt/d/Photos/Z8/180-600mm/2025/2025-10-05/DSC_1426.NEF,13650,2,Green,pick,rejected,0.9468,0.0614,0.9963,0.3722,0.7887,0.9398,0.0026,0.0288,-0.0273,0.0559,-0.0052,0.0132,0.0275,-0.0593,high quality,blurry,0.4315,0.4327,0.4458,0.4367,0.4243,0.4226,0.446,0.4027,0.4599,0.3899,0.442,0.4111,0.3952,0.5053,v0,bioclip_2_image
5576,/mnt/d/Photos/Z8/180-600mm/2025/2025-10-05/DSC_1427.NEF,13650,2,Green,pick,rejected,0.9466,0.0656,0.9965,0.4729,0.7015,0.9597,0.0015,0.0288,-0.0266,0.0566,-0.0011,0.0085,0.0317,-0.0652,a photo with strong subject separation,blurry,0.4348,0.438,0.4476,0.4401,0.428,0.4281,0.4386,0.4061,0.4646,0.391,0.4412,0.4194,0.3964,0.5037,v0,bioclip_2_image
5577,/mnt/d/Photos/Z8/180-600mm/2025/2025-10-05/DSC_1430.NEF,,3,Green,neutral,neutral,0.9424,0.3537,0.992,0.3625,0.5773,0.9665,0.0079,0.028,-0.006,0.0482,-0.0056,0.0031,0.0336,-0.0483,a photo with strong subject separation,blurry,0.4145,0.4308,0.439,0.425,0.3985,0.413,0.4395,0.3866,0.4368,0.3908,0.4306,0.3954,0.3793,0.4878,v0,bioclip_2_image
5638,/mnt/d/Photos/Z8/180-600mm/2025/2025-10-05/DSC_1615.NEF,,3,Green,neutral,neutral,0.9118,0.1505,0.9839,0.4561,0.6667,0.8407,0.0064,0.0234,-0.0173,0.0411,-0.0018,0.0069,0.0166,-0.0504,a photo with strong subject separation,a photo with no clear subject,0.4296,0.4379,0.4437,0.4455,0.4245,0.4177,0.4392,0.4062,0.4552,0.4026,0.4473,0.4176,0.4011,0.4896,v0,bioclip_2_image
5639,/mnt/d/Photos/Z8/180-600mm/2025/2025-10-05/DSC_1638.NEF,,3,Green,neutral,neutral,0.9028,0.1366,0.9761,0.444,0.6475,0.8063,0.0049,0.0223,-0.0184,0.0371,-0.0022,0.0061,0.0143,-0.0531,a photo with strong subject separation,a photo with no clear subject,0.4296,0.4334,0.4429,0.4408,0.4269,0.4185,0.4364,0.4073,0.4518,0.4058,0.4431,0.4208,0.4043,0.4894,v0,bioclip_2_image
5641,/mnt/d/Photos/Z8/180-600mm/2025/2025-10-05/DSC_1654.NEF,880,3,Green,neutral,neutral,0.8927,0.0512,0.9975,0.5969,0.624,0.9286,0.0009,0.0212,-0.0292,0.0598,0.0039,0.0051,0.0257,-0.0704,a photo with a clear subject,blurry,0.4309,0.4316,0.4486,0.4452,0.4263,0.4277,0.4322,0.4097,0.4609,0.3888,0.4413,0.4213,0.402,0.5026,v0,bioclip_2_image
5642,/mnt/d/Photos/Z8/180-600mm/2025/2025-10-05/DSC_1659.NEF,880,3,Green,neutral,neutral,0.9475,0.0916,0.9969,0.6678,0.6585,0.9055,0.0005,0.0289,-0.0229,0.0578,0.007,0.0066,0.0226,-0.0751,a photo with a clear subject,a photo with no clear subject,0.4235,0.4252,0.4325,0.4305,0.4196,0.4093,0.4251,0.3946,0.4481,0.3747,0.4236,0.413,0.3867,0.5002,v0,bioclip_2_image
5643,/mnt/d/Photos/Z8/180-600mm/2025/2025-10-05/DSC_1665.NEF,879,2,Yellow,pick,rejected,0.8463,0.3192,0.9628,0.3046,0.4126,0.936,0.0028,0.0171,-0.0076,0.0325,-0.0083,-0.0035,0.0268,-0.0589,a photo with strong subject separation,blurry,0.4088,0.4289,0.4301,0.4191,0.4033,0.4133,0.4285,0.3917,0.4365,0.3975,0.4274,0.4069,0.3865,0.4874,v0,bioclip_2_image
5644,/mnt/d/Photos/Z8/180-600mm/2025/2025-10-05/DSC_1666.NEF,879,2,Yellow,pick,rejected,0.8177,0.3788,0.9301,0.2516,0.4232,0.8678,0.0016,0.015,-0.0049,0.0259,-0.0109,-0.0031,0.0188,-0.0642,a photo with strong subject separation,blurry,0.4159,0.4394,0.4371,0.4275,0.4101,0.4161,0.4292,0.4009,0.4443,0.4113,0.4384,0.4132,0.3973,0.4934,v0,bioclip_2_image
5645,/mnt/d/Photos/Z8/180-600mm/2025/2025-10-05/DSC_1668.NEF,,3,Green,neutral,neutral,0.8924,0.128,0.9929,0.1103,0.7352,0.8488,0.004,0.0212,-0.0192,0.0494,-0.0209,0.0102,0.0173,-0.0552,a photo with strong subject separation,blurry,0.4192,0.4284,0.4388,0.425,0.4257,0.4106,0.428,0.398,0.4476,0.3894,0.4459,0.4155,0.3934,0.4832,v0,bioclip_2_image
5646,/mnt/d/Photos/Z8/180-600mm/2025/2025-10-05/DSC_1702.NEF,,3,Green,neutral,neutral,0.9316,0.1099,0.9979,0.6218,0.5692,0.9683,0.0039,0.0261,-0.0209,0.0615,0.005,0.0028,0.0342,-0.0554,high quality,blurry,0.4117,0.4219,0.4311,0.4299,0.4042,0.4132,0.4431,0.3856,0.4428,0.3696,0.4249,0.4014,0.379,0.4984,v0,bioclip_2_image
5647,/mnt/d/Photos/Z8/180-600mm/2025/2025-10-05/DSC_1703.NEF,,2,Yellow,neutral,rejected,0.9227,0.1129,0.9973,0.6811,0.5523,0.9643,0.0019,0.0248,-0.0206,0.0591,0.0076,0.0021,0.033,-0.0627,high quality,a photo with no clear subject,0.4148,0.4257,0.4346,0.4344,0.412,0.4173,0.4254,0.39,0.4463,0.3755,0.4268,0.4099,0.3843,0.488,v0,bioclip_2_image
5648,/mnt/d/Photos/Z8/180-600mm/2025/2025-10-05/DSC_1704.NEF,,3,Green,neutral,neutral,0.9248,0.1863,0.9969,0.5983,0.5506,0.956,0.002,0.0251,-0.0147,0.0578,0.004,0.002,0.0308,-0.0623,a photo with strong subject separation,a photo with no clear subject,0.4125,0.4256,0.4289,0.428,0.4091,0.4133,0.4253,0.3874,0.4403,0.3712,0.424,0.407,0.3825,0.4876,v0,bioclip_2_image
5649,/mnt/d/Photos/Z8/180-600mm/2025/2025-10-05/DSC_1705.NEF,,3,Yellow,neutral,neutral,0.939,0.1191,0.9971,0.6038,0.6085,0.9785,0.0011,0.0273,-0.02,0.0583,0.0042,0.0044,0.0382,-0.0678,high quality,blurry,0.414,0.4234,0.4293,0.4283,0.409,0.4184,0.4216,0.3867,0.4434,0.371,0.4241,0.4046,0.3802,0.4894,v0,bioclip_2_image
5650,/mnt/d/Photos/Z8/180-600mm/2025/2025-10-05/DSC_1706.NEF,,4,Green,neutral,picked,0.9188,0.1652,0.9973,0.6677,0.6231,0.9626,0.0026,0.0243,-0.0162,0.0592,0.007,0.005,0.0325,-0.0595,high quality,blurry,0.4127,0.4255,0.4305,0.4291,0.4092,0.4113,0.4401,0.3884,0.4417,0.3713,0.4221,0.4042,0.3788,0.4996,v0,bioclip_2_image
5651,/mnt/d/Photos/Z8/180-600mm/2025/2025-10-05/DSC_1707.NEF,,3,Green,neutral,neutral,0.879,0.1816,0.9958,0.617,0.4999,0.9423,0.0017,0.0198,-0.0151,0.0547,0.0048,-0.0,0.0279,-0.0636,a photo with strong subject separation,blurry,0.411,0.4267,0.4307,0.4298,0.4098,0.4107,0.4295,0.3912,0.4417,0.3759,0.425,0.4098,0.3828,0.4931,v0,bioclip_2_image
5652,/mnt/d/Photos/Z8/180-600mm/2025/2025-10-05/DSC_1708.NEF,,3,Green,neutral,neutral,0.9538,0.1616,0.9985,0.6467,0.7032,0.9806,0.0024,0.0303,-0.0165,0.0648,0.006,0.0086,0.0392,-0.0604,a photo with strong subject separation,blurry,0.4141,0.4276,0.4344,0.4297,0.4134,0.4161,0.4479,0.3838,0.444,0.3696,0.4236,0.4047,0.3769,0.5083,v0,bioclip_2_image
5653,/mnt/d/Photos/Z8/180-600mm/2025/2025-10-05/DSC_1710.NEF,,3,Green,neutral,neutral,0.9011,0.1711,0.9964,0.6067,0.4748,0.9317,0.0019,0.0221,-0.0158,0.0561,0.0043,-0.001,0.0261,-0.0626,a photo with strong subject separation,blurry,0.4134,0.4275,0.4322,0.4292,0.409,0.4114,0.429,0.3913,0.4433,0.3761,0.4248,0.41,0.3852,0.4916,v0,bioclip_2_image
5654,/mnt/d/Photos/Z8/180-600mm/2025/2025-10-05/DSC_1719.NEF,869,2,Yellow,pick,rejected,0.8966,0.0915,0.9968,0.7228,0.4586,0.9178,0.0011,0.0216,-0.023,0.0575,0.0096,-0.0017,0.0241,-0.0684,high quality,blurry,0.4128,0.418,0.4308,0.4345,0.407,0.4093,0.4241,0.3912,0.4409,0.3733,0.4249,0.4086,0.3851,0.4925,v0,bioclip_2_image
5655,/mnt/d/Photos/Z8/180-600mm/2025/2025-10-05/DSC_1721.NEF,869,3,Green,pick,neutral,0.8796,0.0827,0.9971,0.688,0.3819,0.9081,0.0009,0.0199,-0.0241,0.0584,0.0079,-0.0048,0.0229,-0.0704,a photo with a clear subject,a photo with no clear subject,0.4099,0.4138,0.4311,0.4307,0.4068,0.4054,0.4229,0.39,0.4378,0.3728,0.4228,0.4117,0.3825,0.4933,v0,bioclip_2_image
5656,/mnt/d/Photos/Z8/180-600mm/2025/2025-10-05/DSC_1723.NEF,869,3,Green,pick,neutral,0.8812,0.115,0.9956,0.6665,0.3443,0.9166,0.001,0.02,-0.0204,0.0541,0.0069,-0.0064,0.024,-0.0693,a photo with strong subject separation,a photo with no clear subject,0.4125,0.4211,0.4336,0.4333,0.4096,0.4085,0.4231,0.3925,0.4415,0.3794,0.4263,0.416,0.3845,0.4924,v0,bioclip_2_image
5657,/mnt/d/Photos/Z8/180-600mm/2025/2025-10-05/DSC_1736.NEF,,3,Green,neutral,neutral,0.9066,0.1291,0.9784,0.4525,0.5776,0.8528,0.004,0.0227,-0.0191,0.0381,-0.0019,0.0031,0.0176,-0.0551,a photo with strong subject separation,a photo with no clear subject,0.4337,0.4399,0.4433,0.448,0.4285,0.4214,0.4342,0.4109,0.459,0.4052,0.4499,0.4254,0.4038,0.4893,v0,bioclip_2_image
5658,/mnt/d/Photos/Z8/180-600mm/2025/2025-10-05/DSC_1744.NEF,867,3,Green,pick,neutral,0.8965,0.1066,0.9955,0.6197,0.4563,0.9466,0.0009,0.0216,-0.0213,0.0539,0.0049,-0.0018,0.0288,-0.0703,a photo with strong subject separation,a photo with no clear subject,0.4143,0.4257,0.4324,0.4341,0.4129,0.4132,0.4244,0.3927,0.4469,0.3785,0.4292,0.4147,0.3844,0.4947,v0,bioclip_2_image
5660,/mnt/d/Photos/Z8/180-600mm/2025/2025-10-05/DSC_1753.NEF,867,3,Green,pick,neutral,0.863,0.1023,0.9941,0.6326,0.407,0.922,0.0012,0.0184,-0.0217,0.0513,0.0054,-0.0038,0.0247,-0.0676,a photo with strong subject separation,blurry,0.4136,0.4261,0.4324,0.4331,0.4111,0.4119,0.4237,0.3952,0.4478,0.3812,0.4277,0.4148,0.3872,0.4913,v0,bioclip_2_image
5661,/mnt/d/Photos/Z8/180-600mm/2025/2025-10-05/DSC_1755.NEF,13665,3,Green,pick,neutral,0.8767,0.0806,0.9953,0.6858,0.5105,0.9283,0.0011,0.0196,-0.0243,0.0535,0.0078,0.0004,0.0256,-0.0685,a photo with strong subject separation,blurry,0.4148,0.4236,0.4358,0.4341,0.4124,0.4133,0.4241,0.3952,0.4479,0.3823,0.4263,0.412,0.3877,0.4926,v0,bioclip_2_image
5662,/mnt/d/Photos/Z8/180-600mm/2025/2025-10-05/DSC_1757.NEF,13665,3,Green,pick,neutral,0.8767,0.0889,0.9962,0.6027,0.4614,0.9209,0.0011,0.0196,-0.0233,0.0558,0.0042,-0.0015,0.0246,-0.0681,a photo with strong subject separation,blurry,0.4105,0.4205,0.4324,0.4307,0.4085,0.4089,0.4215,0.3909,0.4438,0.3766,0.4266,0.41,0.3843,0.4896,v0,bioclip_2_image
5663,/mnt/d/Photos/Z8/180-600mm/2025/2025-10-05/DSC_1758.NEF,13666,3,Green,pick,neutral,0.8572,0.0745,0.9968,0.5853,0.5191,0.9122,0.0019,0.0179,-0.0252,0.0573,0.0034,0.0008,0.0234,-0.0625,a photo with strong subject separation,blurry,0.4065,0.4171,0.434,0.4306,0.4026,0.4074,0.4319,0.3886,0.4423,0.3767,0.4272,0.4018,0.384,0.4944,v0,bioclip_2_image
5664,/mnt/d/Photos/Z8/180-600mm/2025/2025-10-05/DSC_1759.NEF,13666,3,Green,pick,neutral,0.9123,0.0966,0.996,0.6758,0.5366,0.9367,0.002,0.0234,-0.0224,0.0552,0.0073,0.0015,0.0269,-0.0623,a photo with strong subject separation,blurry,0.4152,0.4231,0.4307,0.434,0.4071,0.4118,0.433,0.3918,0.4454,0.3756,0.4267,0.4057,0.3848,0.4954,v0,bioclip_2_image
5667,/mnt/d/Photos/Z8/180-600mm/2025/2025-10-05/DSC_1772.NEF,13667,3,Green,pick,neutral,0.8835,0.0662,0.9962,0.6624,0.4892,0.9137,0.0013,0.0203,-0.0265,0.0558,0.0067,-0.0004,0.0236,-0.0667,a photo with strong subject separation,blurry,0.4175,0.4234,0.4357,0.436,0.4105,0.414,0.4266,0.3973,0.4498,0.38,0.4292,0.4109,0.3904,0.4933,v0,bioclip_2_image
5669,/mnt/d/Photos/Z8/180-600mm/2025/2025-10-05/DSC_1798.NEF,864,3,Green,pick,neutral,0.929,0.2441,0.9973,0.5874,0.5264,0.9527,0.0031,0.0257,-0.0113,0.059,0.0035,0.0011,0.03,-0.0578,a photo with strong subject separation,a photo with no clear subject,0.4168,0.4258,0.4272,0.4344,0.4101,0.4158,0.4455,0.3911,0.4371,0.3682,0.4309,0.4091,0.3858,0.5034,v0,bioclip_2_image
5670,/mnt/d/Photos/Z8/180-600mm/2025/2025-10-05/DSC_1799.NEF,864,3,Green,pick,neutral,0.8806,0.1497,0.996,0.5563,0.4013,0.9257,0.0008,0.02,-0.0174,0.0551,0.0023,-0.004,0.0252,-0.0707,a photo with strong subject separation,blurry,0.4132,0.4253,0.4324,0.4337,0.41,0.4114,0.425,0.3932,0.4427,0.3773,0.4314,0.414,0.3862,0.4957,v0,bioclip_2_image
5671,/mnt/d/Photos/Z8/180-600mm/2025/2025-10-05/DSC_1803.NEF,,3,Green,neutral,neutral,0.945,0.0706,0.9919,0.4533,0.5041,0.8169,0.0009,0.0284,-0.0258,0.0481,-0.0019,0.0002,0.015,-0.07,a photo with strong subject separation,blurry,0.4259,0.4263,0.4339,0.4327,0.4168,0.4165,0.4403,0.3975,0.4521,0.3858,0.4346,0.4167,0.4015,0.5103,v0,bioclip_2_image
5672,/mnt/d/Photos/Z8/180-600mm/2025/2025-10-05/DSC_1806.NEF,862,3,Yellow,pick,neutral,0.8539,0.0922,0.995,0.5822,0.5143,0.9394,0.0009,0.0177,-0.0229,0.0529,0.0033,0.0006,0.0274,-0.0697,a photo with strong subject separation,blurry,0.4147,0.4252,0.4354,0.4326,0.4166,0.4127,0.4254,0.3971,0.448,0.3825,0.4293,0.416,0.3852,0.4951,v0,bioclip_2_image
5673,/mnt/d/Photos/Z8/180-600mm/2025/2025-10-05/DSC_1808.NEF,862,2,Yellow,pick,rejected,0.8589,0.1114,0.9961,0.6008,0.4789,0.9354,0.0013,0.0181,-0.0208,0.0554,0.0041,-0.0008,0.0267,-0.0668,a photo with strong subject separation,blurry,0.4137,0.424,0.4337,0.4305,0.416,0.4124,0.4252,0.3956,0.4447,0.3783,0.4264,0.4168,0.3857,0.492,v0,bioclip_2_image
5674,/mnt/d/Photos/Z8/180-600mm/2025/2025-10-05/DSC_1809.NEF,13668,3,Yellow,pick,neutral,0.8564,0.1121,0.9955,0.5328,0.4342,0.9276,0.0011,0.0179,-0.0207,0.054,0.0013,-0.0026,0.0255,-0.068,a photo with strong subject separation,blurry,0.4103,0.4225,0.4318,0.4283,0.4118,0.4089,0.4218,0.3925,0.4432,0.3778,0.427,0.4144,0.3834,0.4898,v0,bioclip_2_image
5675,/mnt/d/Photos/Z8/180-600mm/2025/2025-10-05/DSC_1810.NEF,13669,3,Green,pick,neutral,0.8548,0.1317,0.9949,0.5541,0.4241,0.9351,0.001,0.0177,-0.0189,0.0527,0.0022,-0.0031,0.0267,-0.0694,a photo with a clear subject,a photo with no clear subject,0.4111,0.424,0.4319,0.429,0.4132,0.4107,0.4202,0.3934,0.4429,0.3792,0.4268,0.4163,0.384,0.4895,v0,bioclip_2_image
5676,/mnt/d/Photos/Z8/180-600mm/2025/2025-10-05/DSC_1811.NEF,13668,3,Green,pick,neutral,0.8419,0.1133,0.9948,0.5665,0.4423,0.9212,0.001,0.0167,-0.0206,0.0526,0.0027,-0.0023,0.0246,-0.0687,a photo with strong subject separation,blurry,0.4174,0.4297,0.4377,0.4357,0.4178,0.4145,0.4241,0.4007,0.4503,0.3851,0.433,0.4201,0.3899,0.4928,v0,bioclip_2_image
5677,/mnt/d/Photos/Z8/180-600mm/2025/2025-10-05/DSC_1814.NEF,862,3,Green,pick,neutral,0.8631,0.1151,0.9954,0.5374,0.4145,0.9313,0.0011,0.0184,-0.0204,0.0538,0.0015,-0.0035,0.0261,-0.0682,a photo with strong subject separation,a photo with no clear subject,0.4137,0.427,0.434,0.4311,0.4133,0.4122,0.4245,0.3953,0.4474,0.3802,0.4296,0.4168,0.3861,0.4927,v0,bioclip_2_image
5678,/mnt/d/Photos/Z8/180-600mm/2025/2025-10-05/DSC_1815.NEF,13670,2,Yellow,pick,rejected,0.8641,0.1375,0.995,0.5483,0.4168,0.9382,0.001,0.0185,-0.0184,0.0529,0.0019,-0.0034,0.0272,-0.0689,a photo with strong subject separation,a photo with no clear subject,0.4115,0.4254,0.4322,0.4303,0.4121,0.4112,0.4219,0.393,0.4438,0.3793,0.4284,0.4155,0.384,0.4908,v0,bioclip_2_image
5679,/mnt/d/Photos/Z8/180-600mm/2025/2025-10-05/DSC_1816.NEF,13670,2,Green,pick,rejected,0.8708,0.1241,0.9948,0.5494,0.4242,0.939,0.0011,0.0191,-0.0195,0.0526,0.002,-0.0031,0.0273,-0.068,a photo with strong subject separation,blurry,0.4146,0.4273,0.4349,0.4311,0.4136,0.4136,0.425,0.3955,0.4468,0.3823,0.4292,0.4167,0.3863,0.493,v0,bioclip_2_image
5680,/mnt/d/Photos/Z8/180-600mm/2025/2025-10-05/DSC_1817.NEF,13669,3,Green,pick,neutral,0.8621,0.1092,0.9948,0.5552,0.4466,0.9277,0.001,0.0183,-0.021,0.0526,0.0022,-0.0021,0.0255,-0.0693,a photo with strong subject separation,blurry,0.4137,0.4242,0.4362,0.4311,0.4141,0.4129,0.4249,0.3953,0.4452,0.3836,0.4289,0.4162,0.3874,0.4941,v0,bioclip_2_image
5683,/mnt/d/Photos/Z8/180-600mm/2025/2025-10-05/DSC_1821.NEF,13671,2,Yellow,pick,rejected,0.8793,0.0878,0.9952,0.5905,0.515,0.9402,0.0011,0.0199,-0.0234,0.0534,0.0037,0.0006,0.0276,-0.0685,a photo with strong subject separation,blurry,0.4146,0.4228,0.4368,0.4319,0.4127,0.4137,0.4276,0.3947,0.4462,0.3834,0.4282,0.4121,0.3861,0.4961,v0,bioclip_2_image
5684,/mnt/d/Photos/Z8/180-600mm/2025/2025-10-05/DSC_1822.NEF,,2,Red,neutral,rejected,0.9107,0.0838,0.9935,0.6189,0.5952,0.9492,0.0018,0.0232,-0.0239,0.0503,0.0048,0.0039,0.0293,-0.0631,a photo with strong subject separation,blurry,0.4223,0.4306,0.4372,0.4384,0.4165,0.4198,0.4418,0.3991,0.4545,0.3868,0.4335,0.4127,0.3905,0.5049,v0,bioclip_2_image
5686,/mnt/d/Photos/Z8/180-600mm/2025/2025-10-05/DSC_1839.NEF,13672,3,Green,neutral,neutral,0.9353,0.1264,0.998,0.2477,0.6238,0.9331,0.0115,0.0267,-0.0193,0.0623,-0.0111,0.0051,0.0264,-0.0445,a photo with strong subject separation,a photo with no clear subject,0.4205,0.4218,0.442,0.4292,0.4242,0.4149,0.4424,0.3938,0.4411,0.3797,0.4403,0.4191,0.3885,0.4869,v0,bioclip_2_image
5687,/mnt/d/Photos/Z8/180-600mm/2025/2025-10-05/DSC_1840.NEF,13672,3,Green,pick,neutral,0.9365,0.1441,0.9954,0.2499,0.7273,0.8739,0.012,0.0269,-0.0178,0.0537,-0.011,0.0098,0.0194,-0.0441,a photo with strong subject separation,blurry,0.4302,0.43,0.4465,0.4416,0.4247,0.4175,0.4425,0.4033,0.4479,0.3928,0.4526,0.4149,0.3981,0.4866,v0,bioclip_2_image
5688,/mnt/d/Photos/Z8/180-600mm/2025/2025-10-05/DSC_1841.NEF,13672,3,Green,pick,neutral,0.9338,0.0967,0.9971,0.3132,0.7769,0.8658,0.0063,0.0265,-0.0223,0.0585,-0.0079,0.0125,0.0186,-0.0506,high quality,blurry,0.4387,0.4369,0.4577,0.4526,0.4368,0.4242,0.449,0.4122,0.4592,0.3992,0.4605,0.4244,0.4055,0.4996,v0,bioclip_2_image
5690,/mnt/d/Photos/Z8/180-600mm/2025/2025-10-05/DSC_1844.NEF,13673,3,Green,pick,neutral,0.9175,0.1222,0.9922,0.2472,0.5325,0.8708,0.0084,0.0241,-0.0197,0.0485,-0.0111,0.0013,0.0191,-0.0477,a photo with strong subject separation,a photo with no clear subject,0.4336,0.4377,0.4528,0.4447,0.4306,0.4259,0.449,0.4095,0.4574,0.4043,0.4559,0.4293,0.4068,0.4967,v0,bioclip_2_image
5691,/mnt/d/Photos/Z8/180-600mm/2025/2025-10-05/DSC_1845.NEF,13674,3,Green,neutral,neutral,0.95,0.2102,0.9949,0.2932,0.5787,0.8886,0.007,0.0294,-0.0132,0.0527,-0.0088,0.0032,0.0208,-0.0496,a photo with strong subject separation,a photo with no clear subject,0.4336,0.4367,0.4495,0.4449,0.4296,0.4246,0.4458,0.4042,0.45,0.3968,0.4537,0.4264,0.4039,0.4953,v0,bioclip_2_image
5692,/mnt/d/Photos/Z8/180-600mm/2025/2025-10-05/DSC_1846.NEF,,3,Green,neutral,neutral,0.9335,0.1311,0.9933,0.3056,0.6473,0.9229,0.0052,0.0264,-0.0189,0.05,-0.0082,0.0061,0.0248,-0.0526,a photo with strong subject separation,a photo with no clear subject,0.4319,0.4358,0.4491,0.4449,0.4286,0.4234,0.4442,0.4054,0.4548,0.399,0.4531,0.4225,0.3986,0.4967,v0,bioclip_2_image
5693,/mnt/d/Photos/Z8/180-600mm/2025/2025-10-05/DSC_1847.NEF,13674,3,Green,neutral,neutral,0.9123,0.222,0.9953,0.1527,0.5401,0.8962,0.0109,0.0234,-0.0125,0.0535,-0.0171,0.0016,0.0216,-0.045,a photo with strong subject separation,a photo with no clear subject,0.4263,0.4323,0.4464,0.4328,0.423,0.4155,0.4398,0.4029,0.4449,0.3929,0.4499,0.4214,0.394,0.4848,v0,bioclip_2_image
5694,/mnt/d/Photos/Z8/180-600mm/2025/2025-10-05/DSC_1848.NEF,,4,Green,neutral,picked,0.9178,0.1131,0.9786,0.4642,0.6506,0.8764,0.0045,0.0241,-0.0206,0.0382,-0.0014,0.0062,0.0196,-0.054,a photo with strong subject separation,a photo with no clear subject,0.4341,0.4392,0.445,0.4476,0.4299,0.4238,0.438,0.41,0.4598,0.4068,0.449,0.4237,0.4042,0.492,v0,bioclip_2_image
5695,/mnt/d/Photos/Z8/180-600mm/2025/2025-10-05/DSC_1852.NEF,,4,Green,neutral,picked,0.9019,0.107,0.9747,0.3996,0.5301,0.8029,0.004,0.0222,-0.0212,0.0365,-0.0041,0.0012,0.014,-0.0551,a photo with strong subject separation,blurry,0.4341,0.4393,0.4441,0.4467,0.4275,0.4199,0.4369,0.4119,0.4606,0.4076,0.4508,0.4263,0.4059,0.492,v0,bioclip_2_image
5696,/mnt/d/Photos/Z8/180-600mm/2025/2025-10-05/DSC_1856.NEF,,3,Green,neutral,neutral,0.904,0.0748,0.9878,0.3163,0.73,0.8508,0.0038,0.0224,-0.0252,0.044,-0.0077,0.0099,0.0174,-0.0556,a photo with strong subject separation,blurry,0.4392,0.4423,0.4559,0.4537,0.4347,0.428,0.443,0.4168,0.4674,0.4119,0.4615,0.4248,0.4106,0.4987,v0,bioclip_2_image
5697,/mnt/d/Photos/Z8/180-600mm/2025/2025-10-05/DSC_1857.NEF,13675,4,Green,pick,picked,0.9208,0.0868,0.9893,0.4133,0.6319,0.8673,0.0038,0.0245,-0.0235,0.0452,-0.0035,0.0054,0.0188,-0.0557,high quality,blurry,0.4371,0.4416,0.4534,0.4531,0.4284,0.4257,0.4396,0.4126,0.4651,0.4081,0.4566,0.423,0.4069,0.4954,v0,bioclip_2_image
5698,/mnt/d/Photos/Z8/180-600mm/2025/2025-10-05/DSC_1858.NEF,13675,4,Blue,pick,picked,0.9362,0.1322,0.9887,0.421,0.6473,0.8847,0.0054,0.0269,-0.0188,0.0447,-0.0032,0.0061,0.0204,-0.0521,a photo with strong subject separation,a photo with no clear subject,0.4358,0.4404,0.4506,0.4524,0.4288,0.426,0.4429,0.4089,0.4592,0.4059,0.4556,0.4227,0.4057,0.495,v0,bioclip_2_image
5699,/mnt/d/Photos/Z8/180-600mm/2025/2025-10-05/DSC_1859.NEF,13675,4,Green,pick,picked,0.917,0.1167,0.9816,0.4245,0.6478,0.8416,0.0058,0.024,-0.0202,0.0398,-0.003,0.0061,0.0167,-0.0515,a photo with strong subject separation,blurry,0.4363,0.4407,0.4479,0.4493,0.4297,0.424,0.4404,0.4123,0.4609,0.4081,0.4523,0.4236,0.4073,0.4919,v0,bioclip_2_image
5700,/mnt/d/Photos/Z8/180-600mm/2025/2025-10-05/DSC_1863.NEF,,3,Green,neutral,neutral,0.9104,0.136,0.984,0.565,0.739,0.7787,0.0068,0.0232,-0.0185,0.0412,0.0026,0.0104,0.0126,-0.0499,a photo with strong subject separation,blurry,0.4352,0.4417,0.4491,0.4532,0.43,0.421,0.4444,0.412,0.4602,0.4079,0.4506,0.4196,0.4084,0.4943,v0,bioclip_2_image
5701,/mnt/d/Photos/Z8/180-600mm/2025/2025-10-05/DSC_1865.NEF,13676,4,Blue,pick,picked,0.936,0.1364,0.9841,0.384,0.763,0.8446,0.0068,0.0268,-0.0185,0.0412,-0.0047,0.0117,0.0169,-0.0499,a photo with strong subject separation,blurry,0.4375,0.4401,0.4481,0.4495,0.4312,0.4256,0.443,0.4107,0.4586,0.4069,0.4543,0.4195,0.4087,0.4929,v0,bioclip_2_image
5703,/mnt/d/Photos/Z8/180-600mm/2025/2025-10-05/DSC_1870.NEF,850,3,Green,pick,neutral,0.9289,0.0926,0.9924,0.3066,0.6775,0.8776,0.0039,0.0257,-0.0228,0.0488,-0.0082,0.0074,0.0197,-0.0555,a photo with strong subject separation,blurry,0.435,0.4391,0.4542,0.4499,0.4294,0.4265,0.4371,0.4093,0.4619,0.4054,0.4581,0.422,0.4068,0.4926,v0,bioclip_2_image
5704,/mnt/d/Photos/Z8/180-600mm/2025/2025-10-05/DSC_1872.NEF,850,3,Green,pick,neutral,0.9325,0.0997,0.9935,0.2625,0.6689,0.8801,0.0057,0.0262,-0.022,0.0503,-0.0103,0.007,0.0199,-0.0516,a photo with strong subject separation,a photo with no clear subject,0.4359,0.4381,0.4531,0.4498,0.4316,0.4275,0.4452,0.4096,0.4602,0.4028,0.4601,0.4245,0.4076,0.4968,v0,bioclip_2_image
5705,/mnt/d/Photos/Z8/180-600mm/2025/2025-10-05/DSC_1873.NEF,,3,Green,neutral,neutral,0.911,0.1474,0.978,0.5367,0.6414,0.7924,0.0028,0.0233,-0.0176,0.0379,0.0015,0.0058,0.0134,-0.0587,high quality,blurry,0.4389,0.446,0.4448,0.4518,0.4329,0.4217,0.4411,0.4156,0.4636,0.4069,0.4503,0.4271,0.4083,0.4997,v0,bioclip_2_image
5708,/mnt/d/Photos/Z8/180-600mm/2025/2025-10-05/DSC_1916.NEF,,2,Yellow,neutral,rejected,0.9297,0.2588,0.9986,0.3252,0.8467,0.9644,0.0034,0.0258,-0.0105,0.0657,-0.0073,0.0171,0.033,-0.0569,a photo with a clear subject,a photo with no clear subject,0.4068,0.4305,0.4193,0.4184,0.4139,0.3991,0.465,0.381,0.441,0.3536,0.4257,0.3968,0.3661,0.5219,v0,bioclip_2_image
5713,/mnt/d/Photos/Z8/180-600mm/2025/2025-10-05/DSC_2001.NEF,13678,3,Green,pick,neutral,0.8823,0.2148,0.9933,0.1318,0.4724,0.9201,0.0065,0.0201,-0.013,0.05,-0.0189,-0.0011,0.0244,-0.0503,a photo with strong subject separation,a photo with no clear subject,0.4104,0.4225,0.4378,0.4088,0.4154,0.4093,0.4459,0.3903,0.4355,0.3879,0.4277,0.4165,0.3848,0.4962,v0,bioclip_2_image
5714,/mnt/d/Photos/Z8/180-600mm/2025/2025-10-05/DSC_2005.NEF,13678,3,Green,pick,neutral,0.9366,0.1389,0.9969,0.1539,0.7967,0.9632,0.0066,0.0269,-0.0182,0.0578,-0.017,0.0137,0.0326,-0.0501,natural colors,a photo with no clear subject,0.4055,0.4136,0.4335,0.4039,0.4203,0.4058,0.462,0.3785,0.4318,0.3758,0.421,0.4066,0.3732,0.5121,v0,bioclip_2_image
5715,/mnt/d/Photos/Z8/180-600mm/2025/2025-10-05/DSC_2016.NEF,13679,3,Green,pick,neutral,0.9361,0.1964,0.9907,0.2028,0.8185,0.9607,0.0123,0.0268,-0.0141,0.0467,-0.0137,0.0151,0.032,-0.0439,a photo with a clear subject,a photo with no clear subject,0.4062,0.4127,0.4261,0.4039,0.4174,0.4044,0.4512,0.3794,0.4268,0.3794,0.4176,0.4023,0.3724,0.4951,v0,bioclip_2_image
5717,/mnt/d/Photos/Z8/180-600mm/2025/2025-10-05/DSC_2019.NEF,13679,3,Green,reject,neutral,0.9108,0.2199,0.9851,0.2092,0.6558,0.9466,0.0084,0.0232,-0.0127,0.0419,-0.0133,0.0064,0.0287,-0.0478,a photo with strong subject separation,a photo with no clear subject,0.4122,0.4211,0.4313,0.4126,0.4179,0.4107,0.4463,0.3889,0.4338,0.3894,0.4259,0.4115,0.3819,0.494,v0,bioclip_2_image
5718,/mnt/d/Photos/Z8/180-600mm/2025/2025-10-05/DSC_2020.NEF,13679,3,Green,pick,neutral,0.9103,0.1998,0.9854,0.1941,0.6198,0.9461,0.0072,0.0232,-0.0139,0.0421,-0.0142,0.0049,0.0287,-0.0493,a photo with strong subject separation,a photo with no clear subject,0.409,0.4191,0.429,0.4106,0.4126,0.4071,0.4437,0.3858,0.433,0.3869,0.4248,0.4077,0.3784,0.493,v0,bioclip_2_image
5719,/mnt/d/Photos/Z8/180-600mm/2025/2025-10-05/DSC_2023.NEF,13679,3,Green,pick,neutral,0.9234,0.2137,0.9875,0.214,0.6722,0.9482,0.0099,0.0249,-0.013,0.0437,-0.013,0.0072,0.0291,-0.046,a photo with a clear subject,a photo with no clear subject,0.4113,0.4201,0.4302,0.4116,0.4169,0.4091,0.4484,0.3864,0.4332,0.3865,0.4246,0.4098,0.38,0.4944,v0,bioclip_2_image
5720,/mnt/d/Photos/Z8/180-600mm/2025/2025-10-05/DSC_2031.NEF,,3,Green,neutral,neutral,0.9076,0.2308,0.986,0.1795,0.6555,0.9365,0.0061,0.0228,-0.012,0.0426,-0.0152,0.0064,0.0269,-0.0509,a photo with a clear subject,a photo with no clear subject,0.4085,0.4176,0.429,0.409,0.4142,0.4049,0.4361,0.3857,0.4297,0.3865,0.4242,0.4077,0.378,0.487,v0,bioclip_2_image
5721,/mnt/d/Photos/Z8/180-600mm/2025/2025-10-05/DSC_2071.NEF,840,3,Green,pick,neutral,0.8739,0.0825,0.9968,0.5752,0.6295,0.9466,0.0018,0.0194,-0.0241,0.0573,0.003,0.0053,0.0288,-0.063,a photo with strong subject separation,blurry,0.4158,0.4277,0.4393,0.4351,0.419,0.4162,0.4386,0.3964,0.4518,0.3819,0.4321,0.4137,0.3874,0.5016,v0,bioclip_2_image
5722,/mnt/d/Photos/Z8/180-600mm/2025/2025-10-05/DSC_2085.NEF,840,3,Green,pick,neutral,0.9233,0.0795,0.9963,0.7062,0.8038,0.9738,0.0036,0.0249,-0.0245,0.0559,0.0088,0.0141,0.0362,-0.0563,a photo with strong subject separation,blurry,0.4102,0.4207,0.4286,0.4285,0.4132,0.4125,0.4446,0.3853,0.4452,0.3728,0.4197,0.3991,0.3763,0.5009,v0,bioclip_2_image
5723,/mnt/d/Photos/Z8/180-600mm/2025/2025-10-05/DSC_2134.NEF,,3,Yellow,neutral,neutral,0.93,0.1307,0.9935,0.4077,0.6948,0.8269,0.0034,0.0259,-0.0189,0.0503,-0.0037,0.0082,0.0156,-0.0567,high quality,blurry,0.4301,0.4364,0.4522,0.4482,0.4221,0.4172,0.4362,0.4043,0.4553,0.4019,0.4519,0.4139,0.4016,0.493,v0,bioclip_2_image
5724,/mnt/d/Photos/Z8/180-600mm/2025/2025-10-05/DSC_2205.NEF,,3,Green,neutral,neutral,0.9019,0.1689,0.9991,0.2583,0.7822,0.9845,0.0057,0.0222,-0.0159,0.0706,-0.0106,0.0128,0.0415,-0.0515,a photo with strong subject separation,blurry,0.3995,0.4211,0.4363,0.4134,0.4081,0.4109,0.4296,0.3774,0.4371,0.3658,0.424,0.3953,0.3693,0.4811,v0,bioclip_2_image
5725,/mnt/d/Photos/Z8/180-600mm/2025/2025-10-05/DSC_2213.NEF,,3,Green,neutral,neutral,0.888,0.1583,0.9902,0.2115,0.5199,0.9123,0.0036,0.0207,-0.0167,0.0461,-0.0132,0.0008,0.0234,-0.0563,a photo with strong subject separation,a photo with no clear subject,0.4224,0.4272,0.439,0.424,0.4212,0.4186,0.4445,0.4017,0.4439,0.3929,0.4372,0.4204,0.3951,0.5008,v0,bioclip_2_image
5726,/mnt/d/Photos/Z8/180-600mm/2025/2025-10-05/DSC_2214.NEF,,3,Green,neutral,neutral,0.931,0.2201,0.995,0.2757,0.5931,0.9492,0.0047,0.026,-0.0126,0.0528,-0.0097,0.0038,0.0293,-0.0536,a photo with strong subject separation,a photo with no clear subject,0.4127,0.4186,0.4287,0.4164,0.4153,0.4119,0.446,0.3867,0.4313,0.3758,0.4261,0.4115,0.3827,0.4996,v0,bioclip_2_image
5727,/mnt/d/Photos/Z8/180-600mm/2025/2025-10-05/DSC_2215.NEF,,3,Green,neutral,neutral,0.8984,0.1726,0.9897,0.1953,0.5053,0.9302,0.0037,0.0218,-0.0157,0.0456,-0.0142,0.0002,0.0259,-0.056,a photo with strong subject separation,a photo with no clear subject,0.419,0.4275,0.4345,0.4212,0.4181,0.4157,0.4455,0.3972,0.4431,0.3889,0.4354,0.4178,0.3898,0.5014,v0,bioclip_2_image
5728,/mnt/d/Photos/Z8/180-600mm/2025/2025-10-05/DSC_2216.NEF,,3,Green,neutral,neutral,0.9185,0.1926,0.9943,0.2213,0.5867,0.9402,0.0101,0.0242,-0.0143,0.0516,-0.0126,0.0035,0.0276,-0.0459,a photo with strong subject separation,a photo with no clear subject,0.4127,0.4195,0.4265,0.4139,0.4158,0.4091,0.4559,0.3885,0.4338,0.3749,0.4265,0.4123,0.3815,0.5018,v0,bioclip_2_image
5730,/mnt/d/Photos/Z8/180-600mm/2025/2025-10-05/DSC_2218.NEF,,3,Green,neutral,neutral,0.9029,0.198,0.9894,0.3182,0.4639,0.9061,0.0042,0.0223,-0.014,0.0454,-0.0076,-0.0014,0.0227,-0.0547,a photo with strong subject separation,a photo with no clear subject,0.4216,0.4298,0.435,0.4283,0.4192,0.4164,0.4525,0.3993,0.4438,0.3896,0.4359,0.4207,0.3937,0.5072,v0,bioclip_2_image
5732,/mnt/d/Photos/Z8/180-600mm/2025/2025-10-05/DSC_2220.NEF,,2,Yellow,neutral,rejected,0.9307,0.2171,0.9942,0.3523,0.696,0.9691,0.0048,0.026,-0.0128,0.0514,-0.0061,0.0083,0.0345,-0.0533,a photo with a clear subject,a photo with no clear subject,0.419,0.4206,0.4274,0.4185,0.4239,0.4128,0.4569,0.393,0.4334,0.376,0.4246,0.4156,0.3784,0.5102,v0,bioclip_2_image
5733,/mnt/d/Photos/Z8/180-600mm/2025/2025-10-05/DSC_2221.NEF,,3,Yellow,neutral,neutral,0.9654,0.2366,0.9859,0.4439,0.4844,0.9423,0.0016,0.0333,-0.0117,0.0425,-0.0023,-0.0006,0.0279,-0.0643,a photo with strong subject separation,a photo with no clear subject,0.4151,0.4163,0.4242,0.4176,0.4084,0.409,0.4477,0.3818,0.428,0.3817,0.4198,0.409,0.3811,0.512,v0,bioclip_2_image
5734,/mnt/d/Photos/Z8/180-600mm/2025/2025-10-05/DSC_2222.NEF,,2,Yellow,neutral,rejected,0.8802,0.1464,0.9951,0.4317,0.7403,0.9244,0.0044,0.0199,-0.0176,0.0531,-0.0027,0.0105,0.025,-0.0542,high quality,a photo with no clear subject,0.4136,0.4185,0.4314,0.4271,0.4162,0.4082,0.4459,0.3936,0.4362,0.3783,0.4298,0.4057,0.3832,0.5,v0,bioclip_2_image
5735,/mnt/d/Photos/Z8/180-600mm/2025/2025-10-05/DSC_2223.NEF,,2,Yellow,neutral,rejected,0.9006,0.3906,0.987,0.614,0.4617,0.8743,0.0052,0.022,-0.0044,0.0433,0.0046,-0.0015,0.0194,-0.0525,a photo with strong subject separation,a photo with no clear subject,0.3937,0.4073,0.4018,0.4215,0.4001,0.3961,0.4539,0.3716,0.4117,0.3586,0.4169,0.4017,0.3767,0.5064,v0,bioclip_2_image
5736,/mnt/d/Photos/Z8/180-600mm/2025/2025-10-05/DSC_2224.NEF,,2,Yellow,neutral,rejected,0.8993,0.1341,0.9901,0.4359,0.7384,0.9411,0.0035,0.0219,-0.0187,0.0461,-0.0026,0.0104,0.0277,-0.0564,high quality,a photo with no clear subject,0.4297,0.4318,0.4372,0.437,0.4315,0.4219,0.459,0.4078,0.4504,0.3911,0.4396,0.4211,0.3942,0.5154,v0,bioclip_2_image
5737,/mnt/d/Photos/Z8/180-600mm/2025/2025-10-05/DSC_2225.NEF,,2,Yellow,neutral,rejected,0.8775,0.1398,0.98,0.2432,0.6344,0.9179,0.0037,0.0197,-0.0182,0.0389,-0.0114,0.0055,0.0241,-0.0559,a photo with a clear subject,a photo with no clear subject,0.4274,0.4313,0.4377,0.4303,0.4258,0.4207,0.4436,0.4077,0.4495,0.3988,0.4416,0.4203,0.3966,0.4995,v0,bioclip_2_image
5738,/mnt/d/Photos/Z8/180-600mm/2025/2025-10-05/DSC_2226.NEF,,2,Yellow,neutral,rejected,0.8787,0.203,0.9829,0.3153,0.4966,0.8725,0.003,0.0198,-0.0137,0.0405,-0.0078,-0.0001,0.0192,-0.0581,a photo with a clear subject,a photo with no clear subject,0.4222,0.4289,0.4348,0.4283,0.4223,0.4156,0.4375,0.4024,0.4426,0.3942,0.436,0.4225,0.3963,0.4956,v0,bioclip_2_image
5740,/mnt/d/Photos/Z8/180-600mm/2025/2025-10-05/DSC_2235.NEF,13680,3,Green,pick,neutral,0.9548,0.1714,0.9855,0.4824,0.706,0.8926,0.0061,0.0305,-0.0158,0.0422,-0.0007,0.0088,0.0212,-0.0509,high quality,blurry,0.4461,0.4469,0.4519,0.451,0.4366,0.4325,0.446,0.4156,0.4626,0.4097,0.4517,0.4279,0.4113,0.4969,v0,bioclip_2_image
5741,/mnt/d/Photos/Z8/180-600mm/2025/2025-10-05/DSC_2236.NEF,13680,3,Green,neutral,neutral,0.9599,0.1735,0.9927,0.4063,0.7806,0.9367,0.0114,0.0318,-0.0156,0.0491,-0.0038,0.0127,0.027,-0.0447,high quality,blurry,0.4389,0.4414,0.4508,0.4459,0.4305,0.4286,0.4453,0.4071,0.457,0.4017,0.4497,0.4178,0.4017,0.49,v0,bioclip_2_image
5745,/mnt/d/Photos/Z8/180-600mm/2025/2025-10-05/DSC_2250.NEF,13682,3,Green,neutral,neutral,0.9536,0.2659,0.9915,0.4152,0.8291,0.8767,0.0137,0.0302,-0.0102,0.0476,-0.0034,0.0158,0.0196,-0.0428,a photo with strong subject separation,a photo with no clear subject,0.4381,0.444,0.4507,0.4425,0.4393,0.4257,0.4504,0.4079,0.4542,0.4032,0.4459,0.4235,0.4061,0.4932,v0,bioclip_2_image
5746,/mnt/d/Photos/Z8/180-600mm/2025/2025-10-05/DSC_2252.NEF,13680,3,Green,pick,neutral,0.9216,0.1026,0.9879,0.287,0.6236,0.9146,0.0042,0.0246,-0.0217,0.044,-0.0091,0.0051,0.0237,-0.0548,a photo with strong subject separation,blurry,0.4363,0.44,0.4484,0.4425,0.4331,0.4298,0.437,0.4117,0.4616,0.4044,0.4516,0.428,0.4061,0.4918,v0,bioclip_2_image
5747,/mnt/d/Photos/Z8/180-600mm/2025/2025-10-05/DSC_2256.NEF,13682,3,Green,neutral,neutral,0.9307,0.1852,0.9856,0.4015,0.7411,0.8097,0.0108,0.026,-0.0148,0.0423,-0.004,0.0105,0.0145,-0.0452,a photo with strong subject separation,a photo with no clear subject,0.4443,0.45,0.4569,0.4527,0.4445,0.434,0.4602,0.4184,0.4648,0.4147,0.4567,0.4339,0.4195,0.5054,v0,bioclip_2_image
5749,/mnt/d/Photos/Z8/180-600mm/2025/2025-10-05/DSC_2260.NEF,,3,Green,neutral,neutral,0.9394,0.2071,0.9791,0.3135,0.5049,0.8064,0.0092,0.0274,-0.0134,0.0385,-0.0078,0.0002,0.0143,-0.0468,a photo with strong subject separation,a photo with no clear subject,0.4348,0.4371,0.4415,0.4344,0.426,0.4198,0.437,0.4074,0.4505,0.403,0.4422,0.4258,0.4055,0.4838,v0,bioclip_2_image
5750,/mnt/d/Photos/Z8/180-600mm/2025/2025-10-05/DSC_2263.NEF,13682,3,Green,neutral,neutral,0.9177,0.1145,0.9737,0.4547,0.6095,0.7779,0.0068,0.0241,-0.0205,0.0361,-0.0018,0.0045,0.0125,-0.0498,a photo with strong subject separation,blurry,0.4379,0.4402,0.4471,0.4486,0.4292,0.4223,0.4377,0.4138,0.4606,0.411,0.4504,0.4247,0.4098,0.4875,v0,bioclip_2_image
5751,/mnt/d/Photos/Z8/180-600mm/2025/2025-10-05/DSC_2267.NEF,,4,Blue,neutral,picked,0.9385,0.1881,0.9839,0.3045,0.6607,0.8685,0.0096,0.0273,-0.0146,0.0411,-0.0083,0.0067,0.0189,-0.0464,a photo with strong subject separation,a photo with no clear subject,0.4362,0.4389,0.4469,0.4414,0.4303,0.4254,0.4455,0.409,0.4535,0.4058,0.4497,0.4236,0.4065,0.4919,v0,bioclip_2_image
5752,/mnt/d/Photos/Z8/180-600mm/2025/2025-10-05/DSC_2273.NEF,13682,3,Green,neutral,neutral,0.919,0.1449,0.9831,0.2854,0.5951,0.8044,0.0076,0.0243,-0.0178,0.0406,-0.0092,0.0038,0.0141,-0.0487,a photo with strong subject separation,a photo with no clear subject,0.4398,0.4421,0.4511,0.4432,0.4382,0.4298,0.4507,0.4155,0.4598,0.4104,0.4524,0.4343,0.4157,0.4994,v0,bioclip_2_image
5754,/mnt/d/Photos/Z8/180-600mm/2025/2025-10-05/DSC_2285.NEF,818,4,Blue,neutral,picked,0.9263,0.1473,0.99,0.3064,0.6203,0.836,0.0084,0.0253,-0.0176,0.0459,-0.0082,0.0049,0.0163,-0.0478,a photo with strong subject separation,blurry,0.4341,0.4383,0.4529,0.4461,0.4268,0.4204,0.4408,0.4088,0.4559,0.407,0.4543,0.4219,0.4041,0.4885,v0,bioclip_2_image
5755,/mnt/d/Photos/Z8/180-600mm/2025/2025-10-05/DSC_2309.NEF,,2,Yellow,neutral,rejected,0.9215,0.368,0.9954,0.2101,0.7497,0.9316,0.0282,0.0246,-0.0054,0.0537,-0.0132,0.011,0.0261,-0.0354,a photo with strong subject separation,a photo with no clear subject,0.4154,0.4287,0.4348,0.4148,0.4237,0.4092,0.4598,0.3908,0.4341,0.3811,0.428,0.4127,0.3831,0.4952,v0,bioclip_2_image
5756,/mnt/d/Photos/Z8/180-600mm/2025/2025-10-05/DSC_2313.NEF,,2,Red,neutral,rejected,0.8942,0.3365,0.9805,0.2808,0.6116,0.9127,0.012,0.0213,-0.0068,0.0392,-0.0094,0.0045,0.0235,-0.0441,a photo with strong subject separation,a photo with no clear subject,0.4201,0.4337,0.438,0.4267,0.4179,0.4154,0.4499,0.3988,0.4405,0.3988,0.4361,0.4133,0.3919,0.494,v0,bioclip_2_image
5757,/mnt/d/Photos/Z8/180-600mm/2025/2025-10-05/DSC_2316.NEF,,3,Yellow,neutral,neutral,0.8976,0.2065,0.9901,0.2808,0.5428,0.9426,0.0083,0.0217,-0.0135,0.0461,-0.0094,0.0017,0.028,-0.0479,a photo with strong subject separation,a photo with no clear subject,0.411,0.4216,0.4324,0.4172,0.4137,0.4101,0.4459,0.3893,0.4351,0.3863,0.4266,0.412,0.3821,0.4938,v0,bioclip_2_image
5758,/mnt/d/Photos/Z8/180-600mm/2025/2025-10-05/DSC_2317.NEF,,3,Yellow,neutral,neutral,0.9356,0.0915,0.9956,0.1801,0.662,0.9593,0.018,0.0268,-0.023,0.0543,-0.0152,0.0067,0.0316,-0.04,a photo with strong subject separation,a photo with no clear subject,0.4082,0.4165,0.4322,0.4102,0.4173,0.4125,0.466,0.3814,0.4395,0.3779,0.4254,0.4105,0.3809,0.506,v0,bioclip_2_image
5759,/mnt/d/Photos/Z8/180-600mm/2025/2025-10-05/DSC_2318.NEF,,3,Yellow,neutral,neutral,0.9096,0.2929,0.9833,0.246,0.7165,0.9531,0.0277,0.0231,-0.0088,0.0408,-0.0112,0.0093,0.0301,-0.0356,a photo with strong subject separation,a photo with no clear subject,0.406,0.4188,0.4208,0.4104,0.4076,0.4038,0.4533,0.3829,0.4276,0.38,0.4216,0.3983,0.3737,0.4889,v0,bioclip_2_image
5760,/mnt/d/Photos/Z8/180-600mm/2025/2025-10-05/DSC_2319.NEF,,3,Green,neutral,neutral,0.8925,0.1903,0.984,0.212,0.4714,0.9153,0.0101,0.0212,-0.0145,0.0412,-0.0131,-0.0011,0.0238,-0.0459,a photo with strong subject separation,a photo with no clear subject,0.417,0.4283,0.4377,0.4233,0.4148,0.4139,0.4522,0.3958,0.4428,0.3965,0.4365,0.4159,0.3901,0.4981,v0,bioclip_2_image
5761,/mnt/d/Photos/Z8/180-600mm/2025/2025-10-05/DSC_2320.NEF,,2,Yellow,neutral,rejected,0.8981,0.2222,0.9788,0.2091,0.6132,0.9397,0.0134,0.0218,-0.0125,0.0383,-0.0133,0.0046,0.0275,-0.043,a photo with strong subject separation,a photo with no clear subject,0.4113,0.4229,0.429,0.4153,0.4142,0.4099,0.4517,0.3895,0.4354,0.3907,0.4286,0.4096,0.3824,0.4947,v0,bioclip_2_image
5762,/mnt/d/Photos/Z8/180-600mm/2025/2025-10-05/DSC_2321.NEF,808,3,Green,pick,neutral,0.9224,0.2121,0.9878,0.3175,0.8648,0.9491,0.0274,0.0248,-0.0131,0.044,-0.0077,0.0186,0.0293,-0.0357,a photo with strong subject separation,a photo with no clear subject,0.4004,0.4116,0.4207,0.4058,0.411,0.3991,0.4528,0.3757,0.4247,0.3768,0.4134,0.3925,0.3699,0.4885,v0,bioclip_2_image
5763,/mnt/d/Photos/Z8/180-600mm/2025/2025-10-05/DSC_2322.NEF,,3,Green,neutral,neutral,0.8998,0.1761,0.9882,0.1827,0.75,0.9406,0.0246,0.022,-0.0154,0.0443,-0.015,0.011,0.0276,-0.0368,a photo with strong subject separation,a photo with no clear subject,0.4128,0.4215,0.4319,0.4157,0.4188,0.4124,0.4653,0.3908,0.4369,0.3876,0.4307,0.4078,0.3847,0.5021,v0,bioclip_2_image
5765,/mnt/d/Photos/Z8/180-600mm/2025/2025-10-05/DSC_2325.NEF,808,3,Green,pick,neutral,0.9156,0.2621,0.9838,0.2799,0.7613,0.9456,0.0205,0.0238,-0.0103,0.0411,-0.0095,0.0116,0.0286,-0.0387,a photo with strong subject separation,a photo with no clear subject,0.408,0.4199,0.4252,0.4133,0.4125,0.4056,0.4519,0.3841,0.4303,0.3841,0.4228,0.4009,0.3771,0.4905,v0,bioclip_2_image
5766,/mnt/d/Photos/Z8/180-600mm/2025/2025-10-05/DSC_2326.NEF,,3,Green,neutral,neutral,0.916,0.2018,0.989,0.3436,0.5578,0.9634,0.0151,0.0239,-0.0138,0.045,-0.0065,0.0023,0.0327,-0.0418,a photo with strong subject separation,a photo with no clear subject,0.4141,0.4248,0.4342,0.4228,0.4149,0.4162,0.459,0.3902,0.4386,0.3892,0.4293,0.4126,0.3835,0.5008,v0,bioclip_2_image
5768,/mnt/d/Photos/Z8/180-600mm/2025/2025-10-05/DSC_2328.NEF,,3,Green,neutral,neutral,0.9318,0.231,0.9867,0.2926,0.8635,0.9582,0.0353,0.0262,-0.012,0.0431,-0.0088,0.0184,0.0313,-0.0331,a photo with strong subject separation,a photo with no clear subject,0.4013,0.4107,0.419,0.4036,0.4127,0.402,0.4561,0.3752,0.4227,0.376,0.4124,0.3943,0.3707,0.4892,v0,bioclip_2_image
5769,/mnt/d/Photos/Z8/180-600mm/2025/2025-10-05/DSC_2329.NEF,,2,Yellow,neutral,rejected,0.9147,0.1424,0.9959,0.1815,0.7529,0.9677,0.0257,0.0237,-0.018,0.0549,-0.0151,0.0111,0.034,-0.0364,a photo with strong subject separation,a photo with no clear subject,0.4023,0.4102,0.4292,0.4033,0.4167,0.4049,0.464,0.3786,0.4282,0.3743,0.4183,0.4055,0.371,0.5004,v0,bioclip_2_image
5771,/mnt/d/Photos/Z8/180-600mm/2025/2025-10-05/DSC_2331.NEF,,3,Yellow,neutral,neutral,0.9012,0.1507,0.9921,0.2224,0.7827,0.9578,0.0268,0.0221,-0.0173,0.0483,-0.0125,0.0128,0.0312,-0.0359,a photo with strong subject separation,a photo with no clear subject,0.4096,0.4169,0.4326,0.4092,0.422,0.4106,0.4658,0.3875,0.4342,0.3843,0.4217,0.4092,0.3794,0.5017,v0,bioclip_2_image
5773,/mnt/d/Photos/Z8/180-600mm/2025/2025-10-05/DSC_2333.NEF,,3,Green,neutral,neutral,0.8958,0.2098,0.9904,0.162,0.6702,0.9697,0.0177,0.0215,-0.0133,0.0464,-0.0164,0.0071,0.0346,-0.0401,a photo with strong subject separation,a photo with no clear subject,0.4102,0.4211,0.4319,0.409,0.4177,0.4127,0.4543,0.3887,0.4343,0.3855,0.4254,0.4106,0.378,0.4945,v0,bioclip_2_image
5774,/mnt/d/Photos/Z8/180-600mm/2025/2025-10-05/DSC_2334.NEF,,2,Yellow,neutral,rejected,0.9024,0.2384,0.9886,0.1309,0.6999,0.95,0.0181,0.0222,-0.0116,0.0446,-0.0189,0.0085,0.0294,-0.04,a photo with strong subject separation,a photo with no clear subject,0.4019,0.4123,0.4247,0.4023,0.4092,0.403,0.4548,0.3797,0.4239,0.3801,0.4212,0.4007,0.3736,0.4948,v0,bioclip_2_image
5775,/mnt/d/Photos/Z8/180-600mm/2025/2025-10-05/DSC_2335.NEF,,3,Green,neutral,neutral,0.9322,0.1852,0.994,0.0968,0.5606,0.9653,0.012,0.0262,-0.0148,0.0511,-0.0223,0.0024,0.0333,-0.0441,a photo with strong subject separation,a photo with no clear subject,0.4142,0.4203,0.436,0.4082,0.416,0.4132,0.467,0.3879,0.4351,0.3848,0.4306,0.4136,0.3799,0.5111,v0,bioclip_2_image
5777,/mnt/d/Photos/Z8/180-600mm/2025/2025-10-05/DSC_2339.NEF,,3,Green,neutral,neutral,0.9453,0.215,0.9882,0.4367,0.6393,0.9343,0.0145,0.0285,-0.013,0.0443,-0.0025,0.0057,0.0265,-0.0422,a photo with strong subject separation,a photo with no clear subject,0.4265,0.4284,0.4315,0.43,0.425,0.421,0.4502,0.398,0.4413,0.3871,0.4326,0.4193,0.3945,0.4924,v0,bioclip_2_image
5778,/mnt/d/Photos/Z8/180-600mm/2025/2025-10-05/DSC_2354.NEF,,3,Green,neutral,neutral,0.9276,0.1151,0.9964,0.2065,0.653,0.9463,0.0072,0.0255,-0.0204,0.0561,-0.0135,0.0063,0.0287,-0.0492,a photo with strong subject separation,a photo with no clear subject,0.4188,0.4241,0.4395,0.4155,0.424,0.4156,0.4544,0.3933,0.4445,0.3833,0.4289,0.4176,0.3869,0.5036,v0,bioclip_2_image
5779,/mnt/d/Photos/Z8/180-600mm/2025/2025-10-05/DSC_2355.NEF,,3,Green,neutral,neutral,0.9141,0.1719,0.9924,0.1272,0.7256,0.9515,0.0075,0.0237,-0.0157,0.0487,-0.0193,0.0097,0.0298,-0.0489,a photo with strong subject separation,a photo with no clear subject,0.4037,0.4112,0.4249,0.399,0.4121,0.4035,0.4369,0.3801,0.4269,0.3762,0.4182,0.4024,0.3738,0.4858,v0,bioclip_2_image
5780,/mnt/d/Photos/Z8/180-600mm/2025/2025-10-05/DSC_2413.NEF,793,3,Green,pick,neutral,0.9212,0.3036,0.9853,0.4719,0.4961,0.9406,0.0104,0.0246,-0.0083,0.0421,-0.0011,-0.0002,0.0276,-0.0456,a photo with strong subject separation,a photo with no clear subject,0.4158,0.4225,0.4225,0.422,0.414,0.4128,0.4395,0.3912,0.4308,0.3804,0.4231,0.4142,0.3851,0.485,v0,bioclip_2_image
5781,/mnt/d/Photos/Z8/180-600mm/2025/2025-10-05/DSC_2423.NEF,793,3,Green,pick,neutral,0.9109,0.2531,0.9904,0.4336,0.3936,0.9247,0.0067,0.0232,-0.0108,0.0464,-0.0027,-0.0043,0.0251,-0.05,a photo with strong subject separation,a photo with no clear subject,0.4161,0.4255,0.4273,0.4254,0.4133,0.4127,0.4384,0.3929,0.4363,0.3809,0.4281,0.4176,0.3876,0.4883,v0,bioclip_2_image
5782,/mnt/d/Photos/Z8/180-600mm/2025/2025-10-05/DSC_2440.NEF,792,4,Blue,pick,picked,0.887,0.2085,0.987,0.1883,0.6194,0.9392,0.0086,0.0206,-0.0133,0.0433,-0.0146,0.0049,0.0274,-0.0475,a photo with strong subject separation,a photo with no clear subject,0.4116,0.4199,0.4253,0.4164,0.4146,0.4082,0.4435,0.391,0.4332,0.382,0.431,0.4097,0.3808,0.4909,v0,bioclip_2_image
5783,/mnt/d/Photos/Z8/180-600mm/2025/2025-10-05/DSC_2441.NEF,792,4,Blue,pick,picked,0.8731,0.1676,0.9821,0.1697,0.5207,0.8978,0.0075,0.0193,-0.016,0.0401,-0.0159,0.0008,0.0217,-0.0488,a photo with strong subject separation,a photo with no clear subject,0.4158,0.4243,0.4296,0.421,0.4158,0.411,0.4417,0.3965,0.4403,0.3895,0.4369,0.415,0.3892,0.4905,v0,bioclip_2_image
5784,/mnt/d/Photos/Z8/180-600mm/2025/2025-10-05/DSC_2447.NEF,792,3,Blue,neutral,neutral,0.8741,0.198,0.9849,0.1935,0.5533,0.9006,0.0073,0.0194,-0.014,0.0418,-0.0143,0.0021,0.022,-0.0491,a photo with strong subject separation,a photo with no clear subject,0.42,0.4275,0.4337,0.4209,0.4214,0.4135,0.4415,0.4007,0.4415,0.3919,0.4352,0.4193,0.3915,0.4906,v0,bioclip_2_image
5785,/mnt/d/Photos/Z8/180-600mm/2025/2025-10-05/DSC_2452.NEF,,3,Blue,neutral,neutral,0.9233,0.2386,0.9905,0.7336,0.6875,0.9454,0.0057,0.0249,-0.0116,0.0465,0.0101,0.0079,0.0285,-0.0516,a photo with strong subject separation,blurry,0.4083,0.4205,0.4189,0.4232,0.4103,0.405,0.4374,0.3834,0.4321,0.3725,0.413,0.4024,0.3765,0.4889,v0,bioclip_2_image
5786,/mnt/d/Photos/Z8/180-600mm/2025/2025-10-05/DSC_2455.NEF,790,3,Green,pick,neutral,0.908,0.2825,0.9896,0.5387,0.5852,0.9265,0.0049,0.0229,-0.0093,0.0455,0.0015,0.0034,0.0253,-0.0531,a photo with strong subject separation,a photo with no clear subject,0.4111,0.4218,0.422,0.4194,0.4155,0.4057,0.4346,0.3882,0.4311,0.3764,0.4178,0.4121,0.3803,0.4877,v0,bioclip_2_image
5787,/mnt/d/Photos/Z8/180-600mm/2025/2025-10-05/DSC_2456.NEF,790,3,Green,pick,neutral,0.8698,0.1835,0.9898,0.6102,0.5918,0.9028,0.0029,0.019,-0.0149,0.0457,0.0045,0.0037,0.0223,-0.0585,a photo with strong subject separation,a photo with no clear subject,0.4175,0.4287,0.4373,0.4321,0.4227,0.4146,0.4287,0.3985,0.4436,0.3916,0.4276,0.419,0.3923,0.4872,v0,bioclip_2_image
5788,/mnt/d/Photos/Z8/180-600mm/2025/2025-10-05/DSC_2458.NEF,,3,Green,neutral,neutral,0.8997,0.1758,0.9841,0.173,0.5873,0.8763,0.0091,0.0219,-0.0154,0.0412,-0.0156,0.0035,0.0196,-0.0469,a photo with strong subject separation,a photo with no clear subject,0.4292,0.4346,0.4405,0.4277,0.4302,0.4223,0.4522,0.4072,0.45,0.3992,0.4433,0.4266,0.4027,0.4992,v0,bioclip_2_image
5789,/mnt/d/Photos/Z8/180-600mm/2025/2025-10-05/DSC_2463.NEF,,3,Blue,neutral,neutral,0.8832,0.1518,0.9881,0.242,0.583,0.9334,0.0054,0.0202,-0.0172,0.0442,-0.0114,0.0033,0.0264,-0.0521,a photo with strong subject separation,a photo with no clear subject,0.4238,0.4315,0.4374,0.4286,0.4253,0.4192,0.4517,0.4036,0.4487,0.3932,0.44,0.422,0.3927,0.5039,v0,bioclip_2_image
5790,/mnt/d/Photos/Z8/180-600mm/2025/2025-10-05/DSC_2465.NEF,,3,Blue,neutral,neutral,0.8971,0.1392,0.995,0.7519,0.7052,0.9274,0.0047,0.0217,-0.0182,0.0529,0.0111,0.0087,0.0255,-0.0535,a photo with strong subject separation,blurry,0.4155,0.4273,0.4322,0.4324,0.4192,0.4109,0.4353,0.3938,0.4455,0.3793,0.4213,0.4105,0.3854,0.4888,v0,bioclip_2_image
5791,/mnt/d/Photos/Z8/180-600mm/2025/2025-10-05/DSC_2471.NEF,,3,Green,neutral,neutral,0.8688,0.1242,0.9885,0.654,0.532,0.9071,0.0029,0.0189,-0.0195,0.0446,0.0064,0.0013,0.0228,-0.0585,a photo with strong subject separation,blurry,0.4173,0.4284,0.4302,0.4332,0.4156,0.4123,0.4304,0.3984,0.448,0.3856,0.4268,0.4143,0.3895,0.4889,v0,bioclip_2_image
5792,/mnt/d/Photos/Z8/180-600mm/2025/2025-10-05/DSC_2477.NEF,13683,3,Green,pick,neutral,0.8927,0.187,0.9905,0.5111,0.4214,0.9181,0.0033,0.0212,-0.0147,0.0465,0.0004,-0.0032,0.0242,-0.057,a photo with strong subject separation,a photo with no clear subject,0.4138,0.4251,0.4285,0.428,0.4152,0.4129,0.4338,0.3926,0.4398,0.382,0.4275,0.4184,0.3887,0.4908,v0,bioclip_2_image
5793,/mnt/d/Photos/Z8/180-600mm/2025/2025-10-05/DSC_2487.NEF,13683,3,Green,pick,neutral,0.9249,0.2937,0.9898,0.4526,0.6066,0.9349,0.0088,0.0251,-0.0088,0.0458,-0.0019,0.0043,0.0266,-0.0472,a photo with strong subject separation,a photo with no clear subject,0.418,0.4258,0.4252,0.4227,0.4224,0.414,0.4491,0.3929,0.4346,0.3795,0.4246,0.4181,0.3873,0.4963,v0,bioclip_2_image
5794,/mnt/d/Photos/Z8/180-600mm/2025/2025-10-05/DSC_2489.NEF,,4,Blue,neutral,picked,0.8711,0.1927,0.9911,0.5725,0.5304,0.9191,0.0026,0.0191,-0.0143,0.0472,0.0029,0.0012,0.0243,-0.0597,a photo with strong subject separation,a photo with no clear subject,0.4181,0.4333,0.4333,0.4368,0.4167,0.4146,0.4277,0.399,0.4476,0.3861,0.4339,0.4154,0.3903,0.4873,v0,bioclip_2_image
5795,/mnt/d/Photos/Z8/180-600mm/2025/2025-10-05/DSC_2506.NEF,13684,3,Green,pick,neutral,0.8739,0.1683,0.9858,0.2265,0.5775,0.8947,0.0063,0.0194,-0.016,0.0424,-0.0123,0.0031,0.0214,-0.0506,a photo with strong subject separation,a photo with no clear subject,0.419,0.4275,0.4329,0.4256,0.4203,0.4123,0.4473,0.3996,0.4435,0.3905,0.4379,0.4172,0.3909,0.498,v0,bioclip_2_image
5796,/mnt/d/Photos/Z8/180-600mm/2025/2025-10-05/DSC_2517.NEF,13684,3,Green,pick,neutral,0.8809,0.1914,0.9886,0.2242,0.5977,0.929,0.0058,0.02,-0.0144,0.0446,-0.0124,0.004,0.0257,-0.0514,a photo with strong subject separation,a photo with no clear subject,0.4193,0.429,0.4325,0.4245,0.4227,0.4133,0.4486,0.3993,0.4435,0.3879,0.437,0.4187,0.3875,0.5,v0,bioclip_2_image
5797,/mnt/d/Photos/Z8/180-600mm/2025/2025-10-05/DSC_2521.NEF,,4,Blue,neutral,picked,0.9054,0.2204,0.9942,0.6673,0.6438,0.9241,0.0044,0.0226,-0.0126,0.0514,0.007,0.0059,0.025,-0.0542,a photo with strong subject separation,blurry,0.4181,0.4319,0.4341,0.4333,0.4195,0.4123,0.4386,0.3955,0.4445,0.3827,0.4263,0.4136,0.3873,0.4928,v0,bioclip_2_image
5798,/mnt/d/Photos/Z8/180-600mm/2025/2025-10-05/DSC_2527.NEF,,4,Blue,neutral,picked,0.8944,0.2326,0.9953,0.6644,0.6584,0.9632,0.0042,0.0214,-0.0119,0.0535,0.0068,0.0066,0.0326,-0.0546,a photo with strong subject separation,a photo with no clear subject,0.4092,0.4259,0.4257,0.426,0.4141,0.4066,0.4308,0.3879,0.4378,0.3721,0.4192,0.4076,0.3739,0.4854,v0,bioclip_2_image
5799,/mnt/d/Photos/Z8/180-600mm/2025/2025-10-05/DSC_2535.NEF,13685,4,Blue,pick,picked,0.877,0.1205,0.9966,0.6858,0.7654,0.9273,0.0063,0.0196,-0.0199,0.0567,0.0078,0.0118,0.0255,-0.0507,a photo with strong subject separation,blurry,0.411,0.4223,0.4339,0.4299,0.4154,0.4057,0.4389,0.3914,0.4422,0.3772,0.4221,0.4036,0.3803,0.4895,v0,bioclip_2_image
5801,/mnt/d/Photos/Z8/180-600mm/2025/2025-10-05/DSC_2543.NEF,13686,4,Blue,pick,picked,0.9305,0.2686,0.9917,0.5423,0.5879,0.9642,0.0068,0.0259,-0.01,0.0478,0.0017,0.0036,0.0329,-0.0498,high quality,a photo with no clear subject,0.4055,0.4142,0.4147,0.4165,0.4109,0.4033,0.4363,0.3795,0.4243,0.3668,0.4148,0.4073,0.3704,0.4861,v0,bioclip_2_image
5802,/mnt/d/Photos/Z8/180-600mm/2025/2025-10-05/DSC_2549.NEF,13686,4,Blue,pick,picked,0.9359,0.3026,0.9934,0.5962,0.6836,0.959,0.0079,0.0268,-0.0084,0.0501,0.0039,0.0077,0.0315,-0.0484,a photo with strong subject separation,a photo with no clear subject,0.4118,0.4206,0.4216,0.4234,0.4153,0.4074,0.4405,0.385,0.429,0.3715,0.4195,0.4076,0.3758,0.4889,v0,bioclip_2_image
5803,/mnt/d/Photos/Z8/180-600mm/2025/2025-10-05/DSC_2556.NEF,,3,Green,neutral,neutral,0.9034,0.2027,0.9888,0.3081,0.6405,0.9359,0.0124,0.0224,-0.0137,0.0448,-0.0081,0.0058,0.0268,-0.0438,a photo with strong subject separation,a photo with no clear subject,0.4127,0.4205,0.4236,0.4181,0.4162,0.409,0.4618,0.3903,0.4342,0.3788,0.4262,0.4104,0.3821,0.5056,v0,bioclip_2_image
5804,/mnt/d/Photos/Z8/180-600mm/2025/2025-10-05/DSC_2557.NEF,,3,Yellow,neutral,neutral,0.9019,0.1838,0.9873,0.2092,0.5667,0.9387,0.0116,0.0222,-0.0149,0.0435,-0.0133,0.0027,0.0273,-0.0444,a photo with strong subject separation,a photo with no clear subject,0.4204,0.4268,0.4328,0.4202,0.4211,0.4181,0.4565,0.3982,0.4417,0.3893,0.4335,0.4185,0.3908,0.5009,v0,bioclip_2_image
5805,/mnt/d/Photos/Z8/180-600mm/2025/2025-10-05/DSC_2558.NEF,,3,Green,neutral,neutral,0.8849,0.1728,0.993,0.3239,0.6413,0.9402,0.0158,0.0204,-0.0157,0.0496,-0.0074,0.0058,0.0276,-0.0413,a photo with strong subject separation,a photo with no clear subject,0.4095,0.4223,0.423,0.4214,0.4148,0.4082,0.4711,0.3891,0.4379,0.3735,0.4288,0.409,0.3807,0.5124,v0,bioclip_2_image
5806,/mnt/d/Photos/Z8/180-600mm/2025/2025-10-05/DSC_2559.NEF,771,3,Green,pick,neutral,0.9084,0.1447,0.9937,0.3606,0.5635,0.9494,0.0087,0.0229,-0.0178,0.0506,-0.0057,0.0026,0.0293,-0.0473,a photo with strong subject separation,a photo with no clear subject,0.4191,0.4275,0.4324,0.4241,0.4205,0.4161,0.4704,0.3962,0.4452,0.3818,0.4299,0.4179,0.3868,0.5177,v0,bioclip_2_image
5807,/mnt/d/Photos/Z8/180-600mm/2025/2025-10-05/DSC_2560.NEF,,3,Green,neutral,neutral,0.8831,0.1287,0.9908,0.3109,0.6503,0.9422,0.0078,0.0202,-0.0191,0.0468,-0.008,0.0062,0.0279,-0.0484,a photo with strong subject separation,a photo with no clear subject,0.4211,0.4274,0.4339,0.4265,0.425,0.4186,0.4649,0.4009,0.4466,0.387,0.4345,0.4188,0.3907,0.5133,v0,bioclip_2_image
5808,/mnt/d/Photos/Z8/180-600mm/2025/2025-10-05/DSC_2561.NEF,,3,Yellow,neutral,neutral,0.8899,0.1543,0.9937,0.2658,0.6832,0.9435,0.0095,0.0209,-0.017,0.0507,-0.0102,0.0077,0.0281,-0.0465,a photo with strong subject separation,a photo with no clear subject,0.4211,0.4269,0.4351,0.4256,0.4249,0.4178,0.4648,0.4002,0.4439,0.3844,0.4357,0.4172,0.3897,0.5113,v0,bioclip_2_image
5809,/mnt/d/Photos/Z8/180-600mm/2025/2025-10-05/DSC_2562.NEF,,3,Green,neutral,neutral,0.8956,0.1257,0.9953,0.3188,0.7268,0.9574,0.0115,0.0215,-0.0194,0.0536,-0.0076,0.0098,0.0311,-0.0445,a photo with strong subject separation,a photo with no clear subject,0.4175,0.423,0.4298,0.4237,0.4241,0.4137,0.4749,0.396,0.4424,0.3762,0.4313,0.4143,0.3826,0.5194,v0,bioclip_2_image
5810,/mnt/d/Photos/Z8/180-600mm/2025/2025-10-05/DSC_2563.NEF,13687,3,Green,pick,neutral,0.888,0.1656,0.9873,0.2296,0.6069,0.9473,0.0082,0.0207,-0.0162,0.0435,-0.0121,0.0043,0.0289,-0.048,a photo with strong subject separation,a photo with no clear subject,0.414,0.4231,0.4266,0.4184,0.4192,0.4122,0.4603,0.3933,0.4392,0.383,0.4305,0.4149,0.3833,0.5083,v0,bioclip_2_image
5811,/mnt/d/Photos/Z8/180-600mm/2025/2025-10-05/DSC_2564.NEF,,3,Yellow,neutral,neutral,0.9116,0.2263,0.9943,0.3742,0.4779,0.9386,0.0089,0.0233,-0.0123,0.0516,-0.0051,-0.0009,0.0273,-0.0472,a photo with strong subject separation,a photo with no clear subject,0.4244,0.4374,0.4388,0.4306,0.4267,0.4193,0.4743,0.401,0.4497,0.3873,0.4357,0.4275,0.392,0.5214,v0,bioclip_2_image
5812,/mnt/d/Photos/Z8/180-600mm/2025/2025-10-05/DSC_2566.NEF,13687,3,Yellow,pick,neutral,0.8786,0.1703,0.9917,0.2864,0.5248,0.9368,0.0057,0.0198,-0.0158,0.0478,-0.0091,0.001,0.027,-0.0515,a photo with strong subject separation,a photo with no clear subject,0.417,0.4271,0.4311,0.4231,0.4188,0.4126,0.4622,0.3972,0.4429,0.3833,0.4322,0.4179,0.3857,0.5138,v0,bioclip_2_image
5813,/mnt/d/Photos/Z8/180-600mm/2025/2025-10-05/DSC_2567.NEF,771,3,Yellow,pick,neutral,0.9115,0.2147,0.9926,0.3599,0.568,0.9405,0.0112,0.0233,-0.013,0.049,-0.0058,0.0027,0.0276,-0.0448,a photo with strong subject separation,a photo with no clear subject,0.4191,0.429,0.4322,0.4258,0.4225,0.4145,0.472,0.3958,0.4419,0.3832,0.4316,0.4198,0.3869,0.5168,v0,bioclip_2_image
5814,/mnt/d/Photos/Z8/180-600mm/2025/2025-10-05/DSC_2568.NEF,,2,Yellow,neutral,rejected,0.8884,0.1579,0.9899,0.256,0.519,0.9259,0.0048,0.0207,-0.0167,0.0458,-0.0107,0.0008,0.0253,-0.0534,a photo with strong subject separation,a photo with no clear subject,0.4166,0.4262,0.4314,0.4236,0.4187,0.4132,0.4446,0.3959,0.4429,0.3856,0.4342,0.418,0.388,0.498,v0,bioclip_2_image
5815,/mnt/d/Photos/Z8/180-600mm/2025/2025-10-05/DSC_2569.NEF,13688,3,Yellow,pick,neutral,0.832,0.1115,0.9916,0.2365,0.6596,0.9185,0.0059,0.016,-0.0208,0.0477,-0.0117,0.0066,0.0242,-0.0512,a photo with strong subject separation,a photo with no clear subject,0.408,0.4169,0.4249,0.4177,0.4155,0.4072,0.4508,0.392,0.4377,0.3772,0.4294,0.4089,0.383,0.5021,v0,bioclip_2_image
5816,/mnt/d/Photos/Z8/180-600mm/2025/2025-10-05/DSC_2570.NEF,,3,Yellow,neutral,neutral,0.9005,0.1691,0.9906,0.2934,0.6304,0.9501,0.0068,0.022,-0.0159,0.0466,-0.0088,0.0053,0.0295,-0.0498,a photo with strong subject separation,a photo with no clear subject,0.414,0.4223,0.4279,0.419,0.4187,0.4107,0.4596,0.392,0.4383,0.3813,0.4277,0.4134,0.3812,0.5094,v0,bioclip_2_image
5817,/mnt/d/Photos/Z8/180-600mm/2025/2025-10-05/DSC_2571.NEF,,3,Green,neutral,neutral,0.8698,0.1154,0.9901,0.3023,0.6712,0.9245,0.0073,0.019,-0.0204,0.046,-0.0084,0.0071,0.0251,-0.0492,a photo with strong subject separation,a photo with no clear subject,0.4131,0.4184,0.4273,0.4199,0.4187,0.4107,0.4554,0.3941,0.4387,0.3813,0.4282,0.4116,0.3856,0.5045,v0,bioclip_2_image
5818,/mnt/d/Photos/Z8/180-600mm/2025/2025-10-05/DSC_2572.NEF,13688,3,Green,pick,neutral,0.872,0.1357,0.9926,0.1948,0.6437,0.9303,0.0062,0.0192,-0.0185,0.049,-0.0142,0.0059,0.0259,-0.0508,a photo with a clear subject,a photo with no clear subject,0.4126,0.4203,0.4264,0.4169,0.4202,0.4098,0.4545,0.3934,0.4388,0.3773,0.4311,0.4142,0.3839,0.5053,v0,bioclip_2_image
5819,/mnt/d/Photos/Z8/180-600mm/2025/2025-10-05/DSC_2573.NEF,,4,Blue,neutral,picked,0.9039,0.1551,0.9926,0.2379,0.7003,0.9628,0.009,0.0224,-0.017,0.049,-0.0116,0.0085,0.0325,-0.047,a photo with strong subject separation,a photo with no clear subject,0.4137,0.4209,0.4277,0.4167,0.4202,0.4125,0.4675,0.3913,0.4378,0.3786,0.4284,0.4117,0.38,0.5146,v0,bioclip_2_image
5820,/mnt/d/Photos/Z8/180-600mm/2025/2025-10-05/DSC_2574.NEF,,3,Green,neutral,neutral,0.8886,0.1683,0.9871,0.1934,0.6224,0.9411,0.0073,0.0208,-0.016,0.0434,-0.0143,0.005,0.0277,-0.0492,a photo with strong subject separation,a photo with no clear subject,0.4144,0.4225,0.4254,0.4166,0.4217,0.4118,0.457,0.3936,0.4385,0.382,0.4309,0.4167,0.3841,0.5062,v0,bioclip_2_image
5821,/mnt/d/Photos/Z8/180-600mm/2025/2025-10-05/DSC_2575.NEF,,3,Green,neutral,neutral,0.8843,0.209,0.9855,0.2603,0.5821,0.9199,0.0054,0.0203,-0.0133,0.0422,-0.0104,0.0033,0.0244,-0.0522,a photo with strong subject separation,a photo with no clear subject,0.4174,0.427,0.4303,0.4216,0.4209,0.4122,0.4455,0.3971,0.4403,0.388,0.4321,0.4176,0.3878,0.4977,v0,bioclip_2_image
5822,/mnt/d/Photos/Z8/180-600mm/2025/2025-10-05/DSC_2576.NEF,,4,Green,neutral,picked,0.8829,0.1736,0.9871,0.2917,0.5557,0.9226,0.0049,0.0202,-0.0156,0.0434,-0.0089,0.0022,0.0248,-0.0531,a photo with strong subject separation,a photo with no clear subject,0.4199,0.4284,0.4326,0.4267,0.4205,0.4162,0.4528,0.3997,0.444,0.3892,0.4356,0.4182,0.3915,0.5059,v0,bioclip_2_image
5823,/mnt/d/Photos/Z8/180-600mm/2025/2025-10-05/DSC_2577.NEF,,4,Blue,neutral,picked,0.9352,0.2522,0.9949,0.3403,0.7142,0.9741,0.0199,0.0267,-0.0109,0.0527,-0.0066,0.0092,0.0363,-0.0389,a photo with strong subject separation,a photo with no clear subject,0.4154,0.4284,0.4259,0.419,0.4189,0.4129,0.4806,0.3887,0.4393,0.3732,0.4256,0.4098,0.3766,0.5196,v0,bioclip_2_image
5824,/mnt/d/Photos/Z8/180-600mm/2025/2025-10-05/DSC_2579.NEF,,4,Green,neutral,picked,0.8565,0.121,0.9861,0.2496,0.6218,0.8984,0.0051,0.0179,-0.0198,0.0426,-0.011,0.005,0.0218,-0.0528,a photo with strong subject separation,a photo with no clear subject,0.4193,0.4266,0.4327,0.4286,0.4211,0.4148,0.4496,0.4014,0.4465,0.3901,0.4396,0.4161,0.393,0.5024,v0,bioclip_2_image
5825,/mnt/d/Photos/Z8/180-600mm/2025/2025-10-05/DSC_2580.NEF,,3,Green,neutral,neutral,0.8737,0.1195,0.9876,0.255,0.7626,0.921,0.0068,0.0193,-0.02,0.0438,-0.0107,0.0117,0.0246,-0.0498,a photo with strong subject separation,a photo with no clear subject,0.4195,0.4251,0.4317,0.4262,0.4234,0.4151,0.4549,0.4002,0.4451,0.3879,0.4369,0.4118,0.3906,0.5047,v0,bioclip_2_image
5826,/mnt/d/Photos/Z8/180-600mm/2025/2025-10-05/DSC_2581.NEF,,3,Green,neutral,neutral,0.8972,0.1682,0.983,0.3327,0.7066,0.9559,0.0138,0.0217,-0.016,0.0406,-0.007,0.0088,0.0308,-0.0427,a photo with strong subject separation,a photo with no clear subject,0.4111,0.4175,0.4207,0.4176,0.4153,0.411,0.4629,0.3894,0.4334,0.3801,0.4246,0.4065,0.3802,0.5056,v0,bioclip_2_image
5827,/mnt/d/Photos/Z8/180-600mm/2025/2025-10-05/DSC_2582.NEF,,3,Green,neutral,neutral,0.8631,0.1367,0.9875,0.2853,0.6472,0.9163,0.0061,0.0184,-0.0184,0.0437,-0.0092,0.0061,0.0239,-0.0509,a photo with strong subject separation,a photo with no clear subject,0.4208,0.4273,0.4351,0.4262,0.4238,0.4167,0.4557,0.4024,0.4458,0.3914,0.4354,0.4177,0.3928,0.5065,v0,bioclip_2_image
5828,/mnt/d/Photos/Z8/180-600mm/2025/2025-10-05/DSC_2583.NEF,,3,Green,neutral,neutral,0.8744,0.1153,0.9911,0.3419,0.7965,0.9494,0.0081,0.0194,-0.0204,0.0471,-0.0065,0.0136,0.0293,-0.0481,a photo with strong subject separation,a photo with no clear subject,0.4149,0.4227,0.4295,0.429,0.4158,0.416,0.4669,0.3954,0.4431,0.3824,0.4355,0.4022,0.3867,0.515,v0,bioclip_2_image
5829,/mnt/d/Photos/Z8/180-600mm/2025/2025-10-05/DSC_2584.NEF,,4,Blue,neutral,picked,0.8727,0.1502,0.9862,0.2106,0.5959,0.8993,0.0054,0.0192,-0.0173,0.0427,-0.0132,0.0039,0.0219,-0.0521,a photo with strong subject separation,a photo with no clear subject,0.4196,0.4282,0.4341,0.4248,0.4218,0.4162,0.4457,0.4004,0.4455,0.3914,0.4381,0.4179,0.3943,0.4978,v0,bioclip_2_image
5830,/mnt/d/Photos/Z8/180-600mm/2025/2025-10-05/DSC_2628.NEF,,3,Yellow,neutral,neutral,0.9217,0.129,0.9913,0.7251,0.6109,0.9111,0.0047,0.0247,-0.0191,0.0474,0.0097,0.0045,0.0233,-0.0536,a photo with strong subject separation,blurry,0.4091,0.4206,0.4236,0.4285,0.4053,0.407,0.4396,0.3845,0.4397,0.3763,0.4188,0.4008,0.3837,0.4931,v0,bioclip_2_image
5831,/mnt/d/Photos/Z8/180-600mm/2025/2025-10-05/DSC_2681.NEF,,3,Yellow,neutral,neutral,0.885,0.1353,0.9944,0.6709,0.5615,0.9173,0.0027,0.0204,-0.0186,0.0517,0.0071,0.0025,0.0241,-0.0593,a photo with strong subject separation,blurry,0.411,0.4271,0.4287,0.4301,0.4103,0.409,0.4334,0.3906,0.4457,0.3769,0.423,0.4079,0.385,0.4927,v0,bioclip_2_image
5832,/mnt/d/Photos/Z8/180-600mm/2025/2025-10-05/DSC_2682.NEF,,3,Yellow,neutral,neutral,0.8726,0.1102,0.9926,0.6411,0.5195,0.9078,0.0022,0.0192,-0.0209,0.049,0.0058,0.0008,0.0229,-0.0612,a photo with strong subject separation,blurry,0.4171,0.431,0.4361,0.436,0.4145,0.4142,0.4365,0.3978,0.4519,0.3871,0.4302,0.4138,0.3913,0.4977,v0,bioclip_2_image
5833,/mnt/d/Photos/Z8/180-600mm/2025/2025-10-05/DSC_2683.NEF,,3,Yellow,neutral,neutral,0.8909,0.1232,0.9938,0.6455,0.4875,0.9293,0.002,0.021,-0.0196,0.0507,0.006,-0.0005,0.0258,-0.0622,a photo with strong subject separation,blurry,0.4111,0.4246,0.4283,0.4294,0.4091,0.4098,0.4303,0.3901,0.4443,0.3775,0.4234,0.4096,0.384,0.4925,v0,bioclip_2_image
5834,/mnt/d/Photos/Z8/180-600mm/2025/2025-10-05/DSC_2684.NEF,,3,Purple,neutral,neutral,0.8875,0.1174,0.9948,0.6972,0.5557,0.9154,0.0026,0.0207,-0.0202,0.0525,0.0083,0.0022,0.0238,-0.0595,a photo with strong subject separation,blurry,0.4154,0.43,0.434,0.4336,0.4144,0.4108,0.4376,0.3947,0.4502,0.3815,0.4253,0.4122,0.387,0.4971,v0,bioclip_2_image
5836,/mnt/d/Photos/Z8/180-600mm/2025/2025-10-05/DSC_2719.NEF,,3,Green,neutral,neutral,0.8785,0.172,0.992,0.6379,0.6117,0.923,0.0033,0.0198,-0.0157,0.0482,0.0057,0.0045,0.0248,-0.0572,a photo with strong subject separation,blurry,0.4184,0.4314,0.4332,0.4352,0.4195,0.4155,0.4306,0.3986,0.4471,0.385,0.4296,0.415,0.3907,0.4878,v0,bioclip_2_image
5837,/mnt/d/Photos/Z8/180-600mm/2025/2025-10-05/DSC_2722.NEF,,3,Green,neutral,neutral,0.8805,0.1267,0.9912,0.6693,0.6481,0.9223,0.0031,0.02,-0.0193,0.0472,0.007,0.0061,0.0247,-0.0576,a photo with strong subject separation,blurry,0.4175,0.4292,0.4315,0.437,0.419,0.4147,0.4357,0.3975,0.4485,0.3843,0.43,0.4129,0.3899,0.4933,v0,bioclip_2_image
5838,/mnt/d/Photos/Z8/180-600mm/2025/2025-10-05/DSC_2727.NEF,,3,Yellow,neutral,neutral,0.8793,0.1543,0.995,0.6004,0.4533,0.9159,0.0024,0.0199,-0.017,0.0529,0.0041,-0.0019,0.0239,-0.0604,a photo with strong subject separation,a photo with no clear subject,0.4099,0.4251,0.4273,0.4289,0.4069,0.405,0.4249,0.3901,0.4422,0.3744,0.4248,0.4088,0.3811,0.4852,v0,bioclip_2_image
5839,/mnt/d/Photos/Z8/180-600mm/2025/2025-10-05/DSC_2728.NEF,,2,Yellow,neutral,rejected,0.8741,0.2151,0.9963,0.622,0.5168,0.8862,0.004,0.0194,-0.0129,0.0561,0.005,0.0007,0.0205,-0.0553,a photo with strong subject separation,a photo with no clear subject,0.4139,0.4304,0.4322,0.4311,0.4119,0.4065,0.4357,0.3945,0.4433,0.3762,0.4261,0.4113,0.386,0.491,v0,bioclip_2_image
5840,/mnt/d/Photos/Z8/180-600mm/2025/2025-10-05/DSC_2731.NEF,,3,Yellow,neutral,neutral,0.8959,0.1392,0.996,0.5999,0.4992,0.939,0.0032,0.0215,-0.0182,0.0551,0.0041,-0.0,0.0273,-0.0575,a photo with strong subject separation,blurry,0.4089,0.4223,0.4269,0.4262,0.4071,0.4074,0.4287,0.3873,0.4405,0.3718,0.4221,0.4071,0.38,0.4862,v0,bioclip_2_image
5841,/mnt/d/Photos/Z8/180-600mm/2025/2025-10-05/DSC_2736.NEF,,3,Green,neutral,neutral,0.8795,0.1362,0.9936,0.5775,0.519,0.9278,0.0023,0.0199,-0.0185,0.0505,0.0031,0.0008,0.0255,-0.0606,a photo with strong subject separation,blurry,0.4129,0.429,0.431,0.4297,0.4133,0.4105,0.4311,0.393,0.4475,0.3805,0.4266,0.4125,0.3849,0.4917,v0,bioclip_2_image
5842,/mnt/d/Photos/Z8/180-600mm/2025/2025-10-05/DSC_2738.NEF,,3,Yellow,neutral,neutral,0.9241,0.0863,0.9978,0.6782,0.6467,0.9634,0.0063,0.025,-0.0236,0.061,0.0075,0.006,0.0327,-0.0506,a photo with strong subject separation,a photo with no clear subject,0.3997,0.4087,0.4249,0.4186,0.4062,0.4073,0.443,0.3747,0.4323,0.3639,0.4112,0.4001,0.3746,0.4937,v0,bioclip_2_image
5843,/mnt/d/Photos/Z8/180-600mm/2025/2025-10-05/DSC_2739.NEF,,3,Yellow,neutral,neutral,0.891,0.1064,0.9951,0.6612,0.5905,0.9337,0.0024,0.021,-0.0213,0.0532,0.0067,0.0037,0.0264,-0.0602,a photo with strong subject separation,blurry,0.4106,0.423,0.4302,0.4303,0.4115,0.409,0.4298,0.3896,0.4442,0.377,0.4236,0.4079,0.3825,0.49,v0,bioclip_2_image
5844,/mnt/d/Photos/Z8/180-600mm/2025/2025-10-05/DSC_2740.NEF,741,3,Yellow,pick,neutral,0.9292,0.1282,0.9964,0.8076,0.7345,0.9359,0.0067,0.0257,-0.0192,0.0563,0.0143,0.0102,0.0268,-0.05,high quality,blurry,0.4089,0.4227,0.4262,0.4323,0.4099,0.4062,0.4468,0.3831,0.4419,0.3699,0.4179,0.3998,0.3793,0.4967,v0,bioclip_2_image
5845,/mnt/d/Photos/Z8/180-600mm/2025/2025-10-05/DSC_2741.NEF,741,3,Yellow,pick,neutral,0.8769,0.1154,0.9962,0.6834,0.4821,0.9377,0.0037,0.0196,-0.0204,0.0558,0.0077,-0.0007,0.0271,-0.0561,high quality,blurry,0.4062,0.4209,0.4277,0.4285,0.4075,0.4041,0.4375,0.3866,0.4413,0.3719,0.4208,0.4082,0.377,0.4935,v0,bioclip_2_image
5846,/mnt/d/Photos/Z8/180-600mm/2025/2025-10-05/DSC_2743.NEF,,3,Green,neutral,neutral,0.8916,0.1492,0.9946,0.6906,0.5976,0.9333,0.0031,0.0211,-0.0174,0.0521,0.008,0.004,0.0264,-0.0579,a photo with strong subject separation,a photo with no clear subject,0.4083,0.4232,0.4262,0.4282,0.4085,0.4049,0.4298,0.3873,0.4406,0.3741,0.4202,0.4045,0.3785,0.4877,v0,bioclip_2_image
5847,/mnt/d/Photos/Z8/180-600mm/2025/2025-10-05/DSC_2744.NEF,,3,Green,neutral,neutral,0.9003,0.1412,0.9964,0.615,0.5843,0.9466,0.0026,0.022,-0.0181,0.0564,0.0047,0.0034,0.0287,-0.0596,a photo with strong subject separation,a photo with no clear subject,0.412,0.4275,0.4323,0.4316,0.4134,0.4108,0.4332,0.39,0.4455,0.3759,0.4269,0.41,0.382,0.4928,v0,bioclip_2_image
5848,/mnt/d/Photos/Z8/180-600mm/2025/2025-10-05/DSC_2746.NEF,,3,Green,neutral,neutral,0.8898,0.124,0.9947,0.7164,0.61,0.9375,0.0035,0.0209,-0.0196,0.0524,0.0093,0.0045,0.0271,-0.0565,a photo with strong subject separation,blurry,0.4155,0.4305,0.433,0.4341,0.4148,0.4128,0.4368,0.3946,0.45,0.3806,0.4248,0.4103,0.3857,0.4934,v0,bioclip_2_image
5849,/mnt/d/Photos/Z8/180-600mm/2025/2025-10-05/DSC_2752.NEF,735,3,Green,pick,neutral,0.8721,0.1214,0.994,0.6424,0.5271,0.9224,0.0017,0.0192,-0.0198,0.0511,0.0059,0.0011,0.0248,-0.0639,a photo with strong subject separation,blurry,0.4149,0.4304,0.4335,0.4344,0.4143,0.4117,0.4263,0.3957,0.4502,0.3825,0.4286,0.4133,0.387,0.4902,v0,bioclip_2_image
5850,/mnt/d/Photos/Z8/180-600mm/2025/2025-10-05/DSC_2753.NEF,,3,Green,neutral,neutral,0.8847,0.1248,0.9955,0.6762,0.6078,0.9143,0.0032,0.0204,-0.0195,0.0539,0.0074,0.0044,0.0237,-0.0574,a photo with strong subject separation,blurry,0.4153,0.4294,0.4335,0.4326,0.4157,0.4096,0.4391,0.3949,0.4489,0.3796,0.4252,0.4113,0.3859,0.4965,v0,bioclip_2_image
5851,/mnt/d/Photos/Z8/180-600mm/2025/2025-10-05/DSC_2754.NEF,13689,3,Green,pick,neutral,0.8965,0.1526,0.9953,0.7426,0.6309,0.9446,0.004,0.0216,-0.0171,0.0536,0.0106,0.0054,0.0284,-0.0551,high quality,blurry,0.4153,0.4304,0.4336,0.4354,0.4146,0.4119,0.447,0.3937,0.4476,0.3801,0.4248,0.4092,0.3836,0.5021,v0,bioclip_2_image
5852,/mnt/d/Photos/Z8/180-600mm/2025/2025-10-05/DSC_2755.NEF,735,3,Green,pick,neutral,0.88,0.1283,0.9928,0.6413,0.5211,0.9004,0.0024,0.0199,-0.0192,0.0493,0.0058,0.0008,0.022,-0.0603,a photo with strong subject separation,blurry,0.4146,0.4293,0.4314,0.4323,0.4127,0.4098,0.4319,0.3947,0.4485,0.3821,0.4265,0.4119,0.3877,0.4922,v0,bioclip_2_image
5853,/mnt/d/Photos/Z8/180-600mm/2025/2025-10-05/DSC_2756.NEF,13690,3,Yellow,pick,neutral,0.9034,0.1396,0.9946,0.7464,0.5727,0.9363,0.003,0.0224,-0.0182,0.0523,0.0108,0.0029,0.0269,-0.0581,high quality,blurry,0.4155,0.4295,0.4331,0.4364,0.4136,0.4118,0.4364,0.3931,0.4477,0.3808,0.4256,0.4107,0.3849,0.4944,v0,bioclip_2_image
5854,/mnt/d/Photos/Z8/180-600mm/2025/2025-10-05/DSC_2757.NEF,,3,Green,neutral,neutral,0.8963,0.1227,0.9961,0.7051,0.6477,0.9365,0.0032,0.0216,-0.0197,0.0553,0.0087,0.0061,0.0269,-0.0575,a photo with strong subject separation,blurry,0.4199,0.433,0.4391,0.4383,0.421,0.416,0.4464,0.3984,0.4527,0.3838,0.4296,0.4149,0.3891,0.5039,v0,bioclip_2_image
5855,/mnt/d/Photos/Z8/180-600mm/2025/2025-10-05/DSC_2758.NEF,13691,3,Green,pick,neutral,0.8956,0.1325,0.995,0.6591,0.6286,0.9306,0.0033,0.0215,-0.0188,0.0528,0.0066,0.0053,0.026,-0.0572,a photo with strong subject separation,blurry,0.4155,0.4319,0.4343,0.4356,0.4163,0.4134,0.4419,0.394,0.4507,0.3815,0.429,0.411,0.3874,0.4991,v0,bioclip_2_image
5856,/mnt/d/Photos/Z8/180-600mm/2025/2025-10-05/DSC_2759.NEF,13690,3,Yellow,pick,neutral,0.9073,0.1381,0.9957,0.684,0.5801,0.9452,0.0026,0.0228,-0.0183,0.0543,0.0077,0.0032,0.0285,-0.0594,high quality,blurry,0.4193,0.4343,0.438,0.4388,0.4164,0.4156,0.4413,0.3965,0.4526,0.3837,0.4311,0.4131,0.3872,0.5008,v0,bioclip_2_image
5857,/mnt/d/Photos/Z8/180-600mm/2025/2025-10-05/DSC_2760.NEF,,3,Yellow,neutral,neutral,0.8852,0.1284,0.9943,0.6869,0.557,0.9153,0.0026,0.0204,-0.0191,0.0516,0.0079,0.0023,0.0238,-0.0595,a photo with strong subject separation,blurry,0.4212,0.4357,0.4386,0.44,0.4186,0.4167,0.4392,0.4008,0.4549,0.387,0.4322,0.4163,0.3929,0.4987,v0,bioclip_2_image
5858,/mnt/d/Photos/Z8/180-600mm/2025/2025-10-05/DSC_2761.NEF,,3,Green,neutral,neutral,0.9076,0.17,0.9925,0.7214,0.6568,0.9286,0.0023,0.0228,-0.0159,0.0488,0.0095,0.0065,0.0256,-0.0605,a photo with strong subject separation,blurry,0.4201,0.4372,0.4374,0.4401,0.4177,0.4159,0.4427,0.3972,0.453,0.3886,0.4306,0.4112,0.3903,0.5032,v0,bioclip_2_image
5859,/mnt/d/Photos/Z8/180-600mm/2025/2025-10-05/DSC_2763.NEF,,3,Green,neutral,neutral,0.8839,0.1359,0.9965,0.6887,0.5195,0.9076,0.002,0.0203,-0.0185,0.0566,0.0079,0.0008,0.0228,-0.0622,a photo with strong subject separation,blurry,0.4154,0.4306,0.4369,0.435,0.4164,0.4093,0.4359,0.3951,0.4491,0.3803,0.4271,0.4156,0.3865,0.498,v0,bioclip_2_image
5860,/mnt/d/Photos/Z8/180-600mm/2025/2025-10-05/DSC_2769.NEF,,3,Green,neutral,neutral,0.9111,0.1825,0.9928,0.6899,0.5043,0.9265,0.0055,0.0233,-0.015,0.0492,0.008,0.0002,0.0253,-0.052,a photo with strong subject separation,blurry,0.4111,0.4277,0.4244,0.4278,0.403,0.4081,0.4403,0.3879,0.4427,0.3752,0.4198,0.4028,0.3827,0.4923,v0,bioclip_2_image
5861,/mnt/d/Photos/Z8/180-600mm/2025/2025-10-05/DSC_2771.NEF,,3,Yellow,neutral,neutral,0.8581,0.1589,0.9945,0.5508,0.3712,0.8892,0.0025,0.018,-0.0167,0.052,0.002,-0.0053,0.0208,-0.0599,a photo with strong subject separation,a photo with no clear subject,0.4051,0.4199,0.4242,0.4256,0.4038,0.4016,0.424,0.3871,0.4366,0.3722,0.4236,0.409,0.3808,0.4839,v0,bioclip_2_image
5862,/mnt/d/Photos/Z8/180-600mm/2025/2025-10-05/DSC_2772.NEF,,3,Yellow,neutral,neutral,0.8642,0.1122,0.9964,0.5938,0.4661,0.8986,0.0026,0.0185,-0.0207,0.0562,0.0038,-0.0014,0.0218,-0.0594,a photo with strong subject separation,blurry,0.4058,0.4184,0.4284,0.4251,0.4057,0.4018,0.4246,0.3872,0.439,0.3722,0.4213,0.4071,0.3799,0.4841,v0,bioclip_2_image
5863,/mnt/d/Photos/Z8/180-600mm/2025/2025-10-05/DSC_2773.NEF,,3,Yellow,neutral,neutral,0.8897,0.1111,0.9951,0.6525,0.5566,0.9334,0.0025,0.0209,-0.0208,0.0532,0.0063,0.0023,0.0264,-0.0601,a photo with strong subject separation,a photo with no clear subject,0.405,0.4163,0.4268,0.4269,0.4073,0.4062,0.4238,0.3841,0.4371,0.3736,0.4206,0.405,0.3798,0.4839,v0,bioclip_2_image
5864,/mnt/d/Photos/Z8/180-600mm/2025/2025-10-05/DSC_2774.NEF,,3,Green,neutral,neutral,0.8657,0.1684,0.9959,0.5896,0.4663,0.8932,0.0022,0.0186,-0.016,0.0549,0.0036,-0.0014,0.0212,-0.0613,a photo with strong subject separation,a photo with no clear subject,0.4082,0.4258,0.4285,0.4274,0.4086,0.403,0.422,0.3896,0.4418,0.3736,0.4237,0.4099,0.3818,0.4834,v0,bioclip_2_image
5865,/mnt/d/Photos/Z8/180-600mm/2025/2025-10-05/DSC_2776.NEF,,2,Yellow,neutral,rejected,0.8978,0.0903,0.9962,0.6411,0.578,0.8739,0.0035,0.0217,-0.0231,0.0557,0.0058,0.0031,0.0194,-0.0564,a photo with strong subject separation,a photo with no clear subject,0.4122,0.4193,0.4359,0.4291,0.4117,0.4088,0.4353,0.3905,0.4424,0.3802,0.4233,0.4086,0.3895,0.4917,v0,bioclip_2_image
5866,/mnt/d/Photos/Z8/180-600mm/2025/2025-10-05/DSC_2781.NEF,,3,Green,neutral,neutral,0.8603,0.152,0.9931,0.583,0.4496,0.8874,0.0021,0.0182,-0.0172,0.0497,0.0034,-0.002,0.0206,-0.0614,a photo with strong subject separation,a photo with no clear subject,0.4108,0.4269,0.4273,0.426,0.4102,0.4056,0.4233,0.3926,0.4441,0.3777,0.4227,0.4123,0.385,0.4848,v0,bioclip_2_image
5867,/mnt/d/Photos/Z8/180-600mm/2025/2025-10-05/DSC_2782.NEF,,3,Yellow,neutral,neutral,0.9042,0.1331,0.9938,0.6345,0.5751,0.9329,0.0045,0.0224,-0.0187,0.0507,0.0055,0.003,0.0263,-0.054,a photo with strong subject separation,blurry,0.4128,0.4271,0.427,0.4277,0.4123,0.4106,0.4398,0.3903,0.4459,0.3763,0.4222,0.4093,0.3843,0.4938,v0,bioclip_2_image
5868,/mnt/d/Photos/Z8/180-600mm/2025/2025-10-05/DSC_2783.NEF,,3,Green,neutral,neutral,0.879,0.1404,0.9937,0.6772,0.5599,0.9205,0.0024,0.0198,-0.0181,0.0507,0.0074,0.0024,0.0245,-0.0603,a photo with strong subject separation,blurry,0.4127,0.428,0.4302,0.43,0.4114,0.4101,0.4302,0.3929,0.4461,0.3796,0.4226,0.409,0.3856,0.4906,v0,bioclip_2_image
5869,/mnt/d/Photos/Z8/180-600mm/2025/2025-10-05/DSC_2784.NEF,,3,Yellow,neutral,neutral,0.903,0.1594,0.9945,0.6566,0.6863,0.9279,0.0042,0.0223,-0.0166,0.052,0.0065,0.0078,0.0256,-0.0547,a photo with strong subject separation,blurry,0.4115,0.4274,0.4293,0.4289,0.4118,0.4076,0.4379,0.3891,0.444,0.3773,0.4224,0.404,0.382,0.4926,v0,bioclip_2_image
5870,/mnt/d/Photos/Z8/180-600mm/2025/2025-10-05/DSC_2785.NEF,,3,Green,neutral,neutral,0.8971,0.1493,0.9942,0.7123,0.673,0.9446,0.0045,0.0217,-0.0174,0.0515,0.0091,0.0072,0.0284,-0.0539,high quality,blurry,0.4112,0.4267,0.4303,0.4327,0.4111,0.4093,0.4447,0.3895,0.4441,0.3788,0.4236,0.4039,0.381,0.4987,v0,bioclip_2_image
5871,/mnt/d/Photos/Z8/180-600mm/2025/2025-10-05/DSC_2786.NEF,,3,Green,neutral,neutral,0.8909,0.1317,0.9956,0.6866,0.5758,0.9099,0.0029,0.021,-0.0189,0.0543,0.0078,0.0031,0.0231,-0.0584,a photo with strong subject separation,blurry,0.4117,0.4262,0.4307,0.4311,0.4124,0.41,0.432,0.3908,0.4451,0.3764,0.4233,0.4094,0.3869,0.4903,v0,bioclip_2_image
5872,/mnt/d/Photos/Z8/180-600mm/2025/2025-10-05/DSC_2787.NEF,,3,Yellow,neutral,neutral,0.8637,0.1476,0.9948,0.6297,0.4993,0.921,0.002,0.0185,-0.0175,0.0525,0.0053,-0.0,0.0246,-0.0621,a photo with strong subject separation,blurry,0.4132,0.4311,0.4344,0.433,0.4129,0.4096,0.4277,0.3947,0.4486,0.3819,0.4277,0.413,0.3851,0.4898,v0,bioclip_2_image
5873,/mnt/d/Photos/Z8/180-600mm/2025/2025-10-05/DSC_2788.NEF,,3,Green,neutral,neutral,0.8723,0.141,0.9947,0.6634,0.4586,0.9215,0.0022,0.0192,-0.0181,0.0523,0.0068,-0.0017,0.0246,-0.061,a photo with strong subject separation,blurry,0.4128,0.4285,0.4313,0.4323,0.4123,0.409,0.4298,0.3936,0.4466,0.379,0.4255,0.414,0.3844,0.4908,v0,bioclip_2_image
5874,/mnt/d/Photos/Z8/180-600mm/2025/2025-10-05/DSC_2790.NEF,13691,3,Green,pick,neutral,0.8662,0.1434,0.9933,0.6057,0.5082,0.9079,0.0022,0.0187,-0.0179,0.05,0.0043,0.0003,0.0229,-0.0612,a photo with strong subject separation,a photo with no clear subject,0.4143,0.4291,0.4336,0.4316,0.414,0.4104,0.4294,0.3956,0.447,0.3836,0.4273,0.4136,0.3876,0.4906,v0,bioclip_2_image
5875,/mnt/d/Photos/Z8/180-600mm/2025/2025-10-05/DSC_2791.NEF,,3,Yellow,neutral,neutral,0.9061,0.167,0.9946,0.7317,0.6246,0.9346,0.0032,0.0227,-0.0161,0.0521,0.01,0.0051,0.0266,-0.0576,a photo with strong subject separation,blurry,0.4088,0.4249,0.4253,0.4277,0.4089,0.4045,0.432,0.3862,0.441,0.3732,0.4177,0.4038,0.3779,0.4896,v0,bioclip_2_image
5876,/mnt/d/Photos/Z8/180-600mm/2025/2025-10-05/DSC_2792.NEF,,3,Green,neutral,neutral,0.8806,0.1233,0.9949,0.6353,0.5999,0.9034,0.0037,0.02,-0.0196,0.0527,0.0055,0.0041,0.0224,-0.056,a photo with strong subject separation,a photo with no clear subject,0.411,0.4253,0.4316,0.431,0.4126,0.408,0.4364,0.391,0.4449,0.3789,0.4255,0.4086,0.3856,0.4924,v0,bioclip_2_image
5877,/mnt/d/Photos/Z8/180-600mm/2025/2025-10-05/DSC_2793.NEF,,3,Yellow,neutral,neutral,0.8654,0.1124,0.9952,0.6943,0.5713,0.9172,0.0023,0.0186,-0.0207,0.0534,0.0082,0.0029,0.0241,-0.0607,a photo with strong subject separation,a photo with no clear subject,0.4142,0.4282,0.4337,0.4352,0.4143,0.41,0.4299,0.3956,0.4488,0.3803,0.427,0.4114,0.386,0.4906,v0,bioclip_2_image
5878,/mnt/d/Photos/Z8/180-600mm/2025/2025-10-05/DSC_2794.NEF,,3,Green,neutral,neutral,0.8816,0.1572,0.9949,0.6589,0.5569,0.9122,0.0024,0.0201,-0.0168,0.0527,0.0066,0.0023,0.0234,-0.0603,a photo with strong subject separation,a photo with no clear subject,0.4146,0.4309,0.4329,0.4341,0.4147,0.41,0.4303,0.3945,0.4477,0.3802,0.4276,0.4124,0.3866,0.4906,v0,bioclip_2_image
5879,/mnt/d/Photos/Z8/180-600mm/2025/2025-10-05/DSC_2795.NEF,710,3,Yellow,pick,neutral,0.8916,0.1631,0.9955,0.6973,0.5457,0.9323,0.0046,0.0211,-0.0164,0.054,0.0083,0.0018,0.0262,-0.0538,a photo with strong subject separation,blurry,0.409,0.4252,0.4277,0.4287,0.4087,0.4052,0.4351,0.388,0.4416,0.3737,0.4203,0.4068,0.379,0.489,v0,bioclip_2_image
5880,/mnt/d/Photos/Z8/180-600mm/2025/2025-10-05/DSC_2796.NEF,13689,3,Green,pick,neutral,0.9059,0.1197,0.995,0.7964,0.6966,0.9562,0.0052,0.0226,-0.0199,0.053,0.0136,0.0083,0.0308,-0.0525,high quality,blurry,0.4164,0.4312,0.4349,0.4359,0.4134,0.4133,0.4613,0.3938,0.4511,0.3819,0.4223,0.4051,0.3824,0.5138,v0,bioclip_2_image
5881,/mnt/d/Photos/Z8/180-600mm/2025/2025-10-05/DSC_2797.NEF,,3,Green,neutral,neutral,0.8774,0.1772,0.994,0.6665,0.4776,0.9099,0.0027,0.0197,-0.0154,0.0511,0.0069,-0.0009,0.0231,-0.0589,a photo with strong subject separation,a photo with no clear subject,0.415,0.4325,0.4318,0.4334,0.4133,0.4109,0.434,0.3953,0.4478,0.3806,0.4264,0.4142,0.3878,0.493,v0,bioclip_2_image
5882,/mnt/d/Photos/Z8/180-600mm/2025/2025-10-05/DSC_2798.NEF,710,3,Yellow,pick,neutral,0.9071,0.1574,0.995,0.7131,0.6357,0.9246,0.0047,0.0228,-0.0168,0.0529,0.0091,0.0056,0.0251,-0.0536,a photo with strong subject separation,blurry,0.414,0.4295,0.4324,0.4343,0.4122,0.4099,0.4409,0.3912,0.4463,0.3794,0.4251,0.4067,0.3848,0.4945,v0,bioclip_2_image
5883,/mnt/d/Photos/Z8/180-600mm/2025/2025-10-05/DSC_2799.NEF,,2,Yellow,neutral,rejected,0.8853,0.1331,0.9951,0.7068,0.6147,0.9235,0.0035,0.0204,-0.0187,0.0531,0.0088,0.0047,0.0249,-0.0566,a photo with strong subject separation,a photo with no clear subject,0.4183,0.4329,0.4376,0.4391,0.417,0.4138,0.4376,0.3979,0.4516,0.3846,0.4303,0.4123,0.3888,0.4942,v0,bioclip_2_image
5884,/mnt/d/Photos/Z8/180-600mm/2025/2025-10-05/DSC_2800.NEF,13691,3,Green,pick,neutral,0.8784,0.161,0.995,0.6373,0.531,0.9151,0.0022,0.0198,-0.0165,0.053,0.0056,0.0012,0.0238,-0.0614,a photo with strong subject separation,a photo with no clear subject,0.4156,0.4321,0.4347,0.4339,0.4136,0.4105,0.4304,0.3958,0.4486,0.3816,0.4283,0.4123,0.3867,0.4918,v0,bioclip_2_image
5885,/mnt/d/Photos/Z8/180-600mm/2025/2025-10-05/DSC_2801.NEF,13692,3,Green,pick,neutral,0.8903,0.1606,0.9961,0.6637,0.5666,0.9196,0.0036,0.0209,-0.0165,0.0555,0.0068,0.0027,0.0244,-0.0563,a photo with strong subject separation,a photo with no clear subject,0.4165,0.4316,0.4349,0.4344,0.4175,0.4134,0.4406,0.3955,0.4482,0.3794,0.4276,0.4149,0.389,0.4969,v0,bioclip_2_image
5886,/mnt/d/Photos/Z8/180-600mm/2025/2025-10-05/DSC_2802.NEF,,3,Green,neutral,neutral,0.8604,0.1173,0.9947,0.6538,0.5096,0.9249,0.0019,0.0182,-0.0202,0.0524,0.0064,0.0004,0.0251,-0.0628,a photo with strong subject separation,a photo with no clear subject,0.4145,0.4301,0.4359,0.435,0.4155,0.412,0.4276,0.3963,0.4503,0.3834,0.4286,0.4151,0.3869,0.4904,v0,bioclip_2_image
5887,/mnt/d/Photos/Z8/180-600mm/2025/2025-10-05/DSC_2803.NEF,705,3,Yellow,pick,neutral,0.865,0.1086,0.9942,0.6547,0.5244,0.9117,0.0015,0.0186,-0.0211,0.0514,0.0064,0.001,0.0233,-0.065,a photo with strong subject separation,a photo with no clear subject,0.4166,0.4299,0.4354,0.4351,0.4159,0.4122,0.425,0.398,0.451,0.384,0.4287,0.4149,0.3889,0.49,v0,bioclip_2_image
5888,/mnt/d/Photos/Z8/180-600mm/2025/2025-10-05/DSC_2804.NEF,13692,3,Green,pick,neutral,0.8739,0.1278,0.9957,0.6313,0.4616,0.9003,0.0024,0.0194,-0.0192,0.0544,0.0054,-0.0015,0.022,-0.0605,a photo with strong subject separation,a photo with no clear subject,0.4127,0.4269,0.4318,0.431,0.414,0.4088,0.4294,0.3933,0.4461,0.3773,0.4256,0.4156,0.3868,0.4899,v0,bioclip_2_image
5889,/mnt/d/Photos/Z8/180-600mm/2025/2025-10-05/DSC_2806.NEF,705,3,Green,pick,neutral,0.8731,0.1036,0.9948,0.6344,0.4986,0.921,0.0021,0.0193,-0.0216,0.0525,0.0055,-0.0001,0.0246,-0.0615,a photo with strong subject separation,a photo with no clear subject,0.4125,0.425,0.4313,0.4313,0.4149,0.4106,0.4289,0.3932,0.4466,0.3789,0.4258,0.415,0.386,0.4904,v0,bioclip_2_image
5890,/mnt/d/Photos/Z8/180-600mm/2025/2025-10-05/DSC_2808.NEF,,3,Yellow,neutral,neutral,0.9032,0.0877,0.9955,0.7495,0.6679,0.9327,0.0049,0.0223,-0.0234,0.054,0.011,0.007,0.0263,-0.0531,a photo with strong subject separation,blurry,0.4139,0.4215,0.4305,0.4306,0.4156,0.4128,0.4357,0.3916,0.4449,0.3765,0.4197,0.4086,0.3865,0.4888,v0,bioclip_2_image
5891,/mnt/d/Photos/Z8/180-600mm/2025/2025-10-05/DSC_2809.NEF,,3,Green,neutral,neutral,0.8754,0.125,0.9945,0.6894,0.5465,0.9171,0.0026,0.0195,-0.0195,0.052,0.008,0.0019,0.024,-0.0595,a photo with strong subject separation,blurry,0.4141,0.4271,0.434,0.4333,0.4138,0.4113,0.4334,0.3946,0.4466,0.382,0.4253,0.4119,0.3872,0.493,v0,bioclip_2_image
5893,/mnt/d/Photos/Z8/180-600mm/2025/2025-10-05/DSC_2827.NEF,,3,Green,neutral,neutral,0.8785,0.2484,0.9965,0.3015,0.8675,0.785,0.0108,0.0198,-0.0111,0.0565,-0.0084,0.0188,0.0129,-0.0452,a photo with strong subject separation,blurry,0.4003,0.4211,0.4266,0.4106,0.3975,0.3848,0.4282,0.3806,0.4322,0.37,0.419,0.3787,0.3719,0.4734,v0,bioclip_2_image
5894,/mnt/d/Photos/Z8/180-600mm/2025/2025-10-05/DSC_2854.NEF,700,2,Yellow,pick,rejected,0.8314,0.2864,0.9987,0.461,0.6781,0.8547,0.0036,0.016,-0.0091,0.0665,-0.0016,0.0074,0.0177,-0.0561,a photo with strong subject separation,blurry,0.4147,0.4389,0.4516,0.4325,0.4068,0.4033,0.4295,0.3988,0.448,0.3851,0.4341,0.3993,0.3856,0.4856,v0,bioclip_2_image
5895,/mnt/d/Photos/Z8/180-600mm/2025/2025-10-05/DSC_2856.NEF,700,2,Yellow,pick,rejected,0.8789,0.2305,0.9985,0.3202,0.7824,0.8631,0.0052,0.0198,-0.0121,0.0648,-0.0075,0.0128,0.0184,-0.0526,a photo with strong subject separation,blurry,0.4142,0.4405,0.4502,0.4246,0.4144,0.4064,0.4359,0.3944,0.4525,0.3854,0.4322,0.4016,0.388,0.4885,v0,bioclip_2_image
5901,/mnt/d/Photos/Z8/180-600mm/2025/2025-10-05/DSC_2882.NEF,,3,Green,neutral,neutral,0.841,0.1766,0.9983,0.6868,0.8049,0.8607,0.0056,0.0167,-0.0154,0.0635,0.0079,0.0142,0.0182,-0.0518,a photo with strong subject separation,blurry,0.4152,0.4372,0.4488,0.4424,0.411,0.4079,0.439,0.3986,0.4526,0.3852,0.4346,0.3969,0.3897,0.4909,v0,bioclip_2_image
5902,/mnt/d/Photos/Z8/180-600mm/2025/2025-10-05/DSC_2900.NEF,696,3,Green,pick,neutral,0.8352,0.2781,0.9975,0.5684,0.6347,0.8859,0.0046,0.0162,-0.0095,0.06,0.0028,0.0055,0.0205,-0.0537,a photo with strong subject separation,blurry,0.414,0.4381,0.4516,0.4344,0.4081,0.4086,0.4306,0.3978,0.4476,0.3916,0.4317,0.4026,0.3881,0.4843,v0,bioclip_2_image
5903,/mnt/d/Photos/Z8/180-600mm/2025/2025-10-05/DSC_2902.NEF,696,3,Blue,pick,neutral,0.9039,0.349,0.9967,0.5612,0.8188,0.9021,0.0063,0.0224,-0.0062,0.057,0.0025,0.0151,0.0222,-0.0506,a photo with strong subject separation,blurry,0.4171,0.4382,0.4495,0.434,0.4155,0.41,0.4322,0.3947,0.4445,0.3925,0.4315,0.4004,0.3878,0.4828,v0,bioclip_2_image
5904,/mnt/d/Photos/Z8/180-600mm/2025/2025-10-05/DSC_2905.NEF,696,3,Green,reject,neutral,0.835,0.3238,0.9978,0.6163,0.7806,0.8965,0.0043,0.0162,-0.0074,0.0611,0.0047,0.0127,0.0216,-0.0544,a photo with strong subject separation,blurry,0.4058,0.4304,0.4434,0.4284,0.4053,0.4005,0.4187,0.3896,0.4378,0.3823,0.4236,0.3926,0.3789,0.4731,v0,bioclip_2_image
5905,/mnt/d/Photos/Z8/180-600mm/2025/2025-10-05/DSC_2907.NEF,696,3,Green,pick,neutral,0.845,0.205,0.9977,0.4398,0.8201,0.8206,0.0065,0.017,-0.0136,0.0607,-0.0024,0.0152,0.0152,-0.0504,a photo with strong subject separation,blurry,0.4081,0.4288,0.4454,0.4211,0.4064,0.3972,0.4213,0.3911,0.4424,0.3847,0.4235,0.3913,0.382,0.4717,v0,bioclip_2_image
5906,/mnt/d/Photos/Z8/180-600mm/2025/2025-10-05/DSC_2912.NEF,,3,Green,neutral,neutral,0.8688,0.2631,0.9977,0.6201,0.8627,0.8237,0.0113,0.0189,-0.0103,0.0608,0.0049,0.0184,0.0154,-0.0447,a photo with strong subject separation,blurry,0.423,0.446,0.4578,0.4432,0.421,0.4118,0.4466,0.4041,0.4563,0.397,0.4383,0.4026,0.3964,0.4914,v0,bioclip_2_image
5907,/mnt/d/Photos/Z8/180-600mm/2025/2025-10-05/DSC_2914.NEF,694,3,Green,pick,neutral,0.8581,0.2959,0.9964,0.5562,0.8321,0.8863,0.0059,0.018,-0.0087,0.0564,0.0023,0.016,0.0205,-0.0513,a photo with strong subject separation,blurry,0.4245,0.448,0.4531,0.4445,0.4187,0.4135,0.4344,0.4065,0.4567,0.3968,0.4422,0.4027,0.393,0.4858,v0,bioclip_2_image
5908,/mnt/d/Photos/Z8/180-600mm/2025/2025-10-05/DSC_2915.NEF,694,3,Green,pick,neutral,0.8406,0.2817,0.9959,0.575,0.8141,0.8487,0.0074,0.0166,-0.0094,0.055,0.003,0.0148,0.0172,-0.0491,a photo with strong subject separation,blurry,0.4215,0.4444,0.4518,0.442,0.4164,0.4098,0.4369,0.4049,0.4538,0.3968,0.439,0.4017,0.3925,0.4859,v0,bioclip_2_image
5909,/mnt/d/Photos/Z8/180-600mm/2025/2025-10-05/DSC_2916.NEF,,4,Blue,neutral,picked,0.8792,0.176,0.9962,0.337,0.8007,0.7291,0.0094,0.0199,-0.0154,0.0558,-0.0068,0.0139,0.0099,-0.0466,a photo with strong subject separation,blurry,0.4111,0.4299,0.4449,0.429,0.4029,0.3968,0.4351,0.3913,0.4453,0.3891,0.4358,0.389,0.3869,0.4817,v0,bioclip_2_image
5910,/mnt/d/Photos/Z8/180-600mm/2025/2025-10-05/DSC_2919.NEF,,3,Green,neutral,neutral,0.8192,0.2603,0.9942,0.4965,0.77,0.83,0.0058,0.0151,-0.0104,0.0515,-0.0001,0.0121,0.0159,-0.0515,a photo with strong subject separation,blurry,0.4133,0.4372,0.4442,0.4349,0.4048,0.4015,0.4242,0.3982,0.4476,0.3927,0.4351,0.3927,0.3857,0.4757,v0,bioclip_2_image
5911,/mnt/d/Photos/Z8/180-600mm/2025/2025-10-05/DSC_2921.NEF,,3,Green,neutral,neutral,0.808,0.2516,0.9977,0.4602,0.7482,0.8053,0.0044,0.0144,-0.0109,0.0608,-0.0016,0.0109,0.0142,-0.0542,a photo with strong subject separation,blurry,0.4125,0.4364,0.4474,0.4306,0.4061,0.4002,0.4253,0.3981,0.4473,0.3867,0.4322,0.3953,0.386,0.4795,v0,bioclip_2_image
5912,/mnt/d/Photos/Z8/180-600mm/2025/2025-10-05/DSC_2923.NEF,,3,Green,neutral,neutral,0.8457,0.2658,0.9942,0.6028,0.8552,0.828,0.0052,0.017,-0.0102,0.0514,0.0042,0.0178,0.0157,-0.0526,a photo with strong subject separation,blurry,0.4239,0.4449,0.4513,0.4418,0.4195,0.4124,0.4335,0.4068,0.4551,0.3999,0.4376,0.4018,0.3967,0.4861,v0,bioclip_2_image
5913,/mnt/d/Photos/Z8/180-600mm/2025/2025-10-05/DSC_2924.NEF,,3,Green,neutral,neutral,0.8134,0.3118,0.9961,0.4856,0.66,0.7878,0.0037,0.0147,-0.0079,0.0555,-0.0006,0.0066,0.0131,-0.056,a photo with strong subject separation,blurry,0.4268,0.4495,0.458,0.4431,0.4221,0.4191,0.4369,0.4121,0.4574,0.4025,0.4436,0.4154,0.406,0.4929,v0,bioclip_2_image
5914,/mnt/d/Photos/Z8/180-600mm/2025/2025-10-05/DSC_2927.NEF,13695,4,Green,neutral,picked,0.87,0.2636,0.998,0.3023,0.807,0.8371,0.0043,0.019,-0.0103,0.0622,-0.0084,0.0143,0.0164,-0.0545,a photo with strong subject separation,blurry,0.4011,0.4261,0.4408,0.4128,0.4009,0.3918,0.4236,0.3821,0.4364,0.3786,0.4212,0.3866,0.3754,0.4781,v0,bioclip_2_image
5915,/mnt/d/Photos/Z8/180-600mm/2025/2025-10-05/DSC_2929.NEF,13695,4,Green,neutral,picked,0.8714,0.4432,0.9978,0.5321,0.7507,0.8923,0.0036,0.0191,-0.0023,0.0613,0.0013,0.011,0.0211,-0.0561,a photo with strong subject separation,blurry,0.4044,0.4303,0.4426,0.4212,0.4043,0.3964,0.4234,0.3853,0.4326,0.3813,0.42,0.3932,0.3752,0.4796,v0,bioclip_2_image
5916,/mnt/d/Photos/Z8/180-600mm/2025/2025-10-05/DSC_2930.NEF,13696,4,Green,pick,picked,0.8329,0.2802,0.9972,0.4363,0.7179,0.8524,0.0046,0.0161,-0.0094,0.0587,-0.0026,0.0093,0.0175,-0.0538,a photo with strong subject separation,blurry,0.417,0.4424,0.4527,0.4337,0.414,0.4075,0.4305,0.401,0.4518,0.394,0.4362,0.4047,0.3899,0.4843,v0,bioclip_2_image
5917,/mnt/d/Photos/Z8/180-600mm/2025/2025-10-05/DSC_2931.NEF,13696,4,Green,pick,picked,0.8504,0.3342,0.9986,0.4074,0.7124,0.8506,0.0055,0.0174,-0.0069,0.0659,-0.0037,0.0091,0.0174,-0.052,a photo with strong subject separation,blurry,0.4137,0.4441,0.4502,0.429,0.4077,0.3991,0.4278,0.3963,0.451,0.3843,0.4328,0.3986,0.3817,0.4798,v0,bioclip_2_image
5918,/mnt/d/Photos/Z8/180-600mm/2025/2025-10-05/DSC_2932.NEF,13697,4,Green,pick,picked,0.8357,0.2821,0.9979,0.4188,0.7983,0.8207,0.0062,0.0163,-0.0093,0.0616,-0.0033,0.0138,0.0152,-0.0508,a photo with strong subject separation,blurry,0.4143,0.4418,0.4509,0.4312,0.4093,0.4012,0.4348,0.398,0.4511,0.3893,0.4345,0.3955,0.386,0.4856,v0,bioclip_2_image
5919,/mnt/d/Photos/Z8/180-600mm/2025/2025-10-05/DSC_2933.NEF,13697,4,Green,pick,picked,0.8222,0.2347,0.9971,0.4747,0.8062,0.8666,0.0056,0.0153,-0.0118,0.0586,-0.001,0.0143,0.0187,-0.0517,a photo with strong subject separation,blurry,0.4182,0.4437,0.4535,0.4379,0.4104,0.4089,0.4339,0.4029,0.4555,0.3949,0.4389,0.3962,0.3902,0.4856,v0,bioclip_2_image
5920,/mnt/d/Photos/Z8/180-600mm/2025/2025-10-05/DSC_2934.NEF,13696,4,Green,neutral,picked,0.8876,0.3357,0.9974,0.3353,0.7736,0.8686,0.0053,0.0207,-0.0068,0.0597,-0.0068,0.0123,0.0189,-0.0524,a photo with strong subject separation,blurry,0.4144,0.4396,0.4507,0.4307,0.4177,0.4093,0.4344,0.3938,0.4464,0.3911,0.4376,0.4055,0.3904,0.4868,v0,bioclip_2_image
5921,/mnt/d/Photos/Z8/180-600mm/2025/2025-10-05/DSC_2935.NEF,,4,Blue,neutral,picked,0.8305,0.3654,0.9975,0.4432,0.7647,0.8147,0.0036,0.0159,-0.0055,0.0598,-0.0023,0.0118,0.0148,-0.0563,a photo with strong subject separation,blurry,0.4044,0.4307,0.4409,0.4221,0.4056,0.3953,0.4261,0.3886,0.4362,0.3811,0.4244,0.3938,0.3805,0.4824,v0,bioclip_2_image
5922,/mnt/d/Photos/Z8/180-600mm/2025/2025-10-05/DSC_2936.NEF,,4,Green,neutral,picked,0.8517,0.3634,0.9965,0.5216,0.675,0.8612,0.0043,0.0175,-0.0056,0.0564,0.0009,0.0073,0.0183,-0.0544,a photo with strong subject separation,blurry,0.4168,0.4407,0.4479,0.4343,0.4123,0.4069,0.427,0.3993,0.4463,0.3914,0.4335,0.405,0.3886,0.4814,v0,bioclip_2_image
5923,/mnt/d/Photos/Z8/180-600mm/2025/2025-10-05/DSC_2938.NEF,683,3,Green,pick,neutral,0.8142,0.3183,0.9977,0.446,0.8228,0.8041,0.0043,0.0148,-0.0076,0.0609,-0.0022,0.0154,0.0141,-0.0544,a photo with strong subject separation,blurry,0.4165,0.4437,0.4538,0.4366,0.4195,0.4083,0.4372,0.4017,0.4513,0.3929,0.4388,0.4042,0.3942,0.4916,v0,bioclip_2_image
5924,/mnt/d/Photos/Z8/180-600mm/2025/2025-10-05/DSC_2940.NEF,683,3,Green,pick,neutral,0.7987,0.3115,0.9975,0.3235,0.8047,0.7772,0.0035,0.0138,-0.0079,0.0598,-0.0074,0.0142,0.0125,-0.0564,a photo with strong subject separation,blurry,0.3922,0.4213,0.4287,0.4071,0.4017,0.3827,0.4203,0.3784,0.4293,0.369,0.4145,0.3876,0.3702,0.4767,v0,bioclip_2_image
5925,/mnt/d/Photos/Z8/180-600mm/2025/2025-10-05/DSC_2941.NEF,683,3,Green,pick,neutral,0.8254,0.3312,0.9979,0.4099,0.8338,0.8125,0.0046,0.0155,-0.007,0.0615,-0.0036,0.0161,0.0147,-0.0537,a photo with strong subject separation,blurry,0.3976,0.428,0.4313,0.4175,0.4003,0.3883,0.4258,0.382,0.435,0.3698,0.4211,0.3842,0.3737,0.4795,v0,bioclip_2_image
5926,/mnt/d/Photos/Z8/180-600mm/2025/2025-10-05/DSC_2949.NEF,,3,Green,neutral,neutral,0.8704,0.3742,0.9963,0.5785,0.7284,0.8973,0.0056,0.019,-0.0051,0.0559,0.0032,0.0099,0.0217,-0.0517,a photo with strong subject separation,blurry,0.4248,0.4475,0.4541,0.442,0.4195,0.4154,0.4382,0.4057,0.4527,0.3982,0.4389,0.4096,0.3937,0.4899,v0,bioclip_2_image
5927,/mnt/d/Photos/Z8/180-600mm/2025/2025-10-05/DSC_2952.NEF,13698,3,Green,pick,neutral,0.8266,0.3599,0.9934,0.6082,0.6362,0.8413,0.0031,0.0156,-0.0058,0.0502,0.0044,0.0056,0.0167,-0.0578,a photo with strong subject separation,blurry,0.4191,0.4394,0.4511,0.4387,0.4087,0.4071,0.4254,0.4034,0.4451,0.4009,0.4343,0.4032,0.3904,0.4832,v0,bioclip_2_image
5928,/mnt/d/Photos/Z8/180-600mm/2025/2025-10-05/DSC_2953.NEF,13698,3,Green,pick,neutral,0.889,0.3558,0.992,0.5917,0.7123,0.8694,0.0048,0.0208,-0.0059,0.0482,0.0037,0.0091,0.019,-0.0533,a photo with strong subject separation,blurry,0.4289,0.4483,0.457,0.4468,0.4179,0.4172,0.4421,0.4081,0.4542,0.4088,0.4431,0.4089,0.3982,0.4954,v0,bioclip_2_image
5929,/mnt/d/Photos/Z8/180-600mm/2025/2025-10-05/DSC_2954.NEF,680,3,Green,pick,neutral,0.8644,0.3305,0.9991,0.3763,0.7502,0.8518,0.0091,0.0185,-0.0071,0.0698,-0.0051,0.011,0.0175,-0.047,a photo with strong subject separation,blurry,0.4157,0.4429,0.452,0.4325,0.4066,0.4009,0.4332,0.3972,0.45,0.3823,0.4375,0.3956,0.3834,0.4802,v0,bioclip_2_image
5930,/mnt/d/Photos/Z8/180-600mm/2025/2025-10-05/DSC_2955.NEF,680,3,Green,pick,neutral,0.9203,0.3411,0.9989,0.5519,0.7769,0.9282,0.0062,0.0245,-0.0066,0.0685,0.0021,0.0125,0.0256,-0.0508,a photo with strong subject separation,blurry,0.4244,0.4475,0.4552,0.4425,0.4133,0.4133,0.4392,0.3999,0.4541,0.3867,0.4404,0.4008,0.3877,0.4901,v0,bioclip_2_image
5512,/mnt/d/Photos/Z8/180-600mm/2025/2025-10-05/DSC_1253.NEF,,3,Green,neutral,neutral,0.8495,0.2172,0.9961,0.2222,0.5638,0.9672,0.0012,0.0173,-0.0128,0.0554,-0.0125,0.0026,0.0338,-0.067,a photo with strong subject separation,a photo with no clear subject,0.3957,0.4146,0.413,0.4041,0.3984,0.3974,0.4048,0.3784,0.4275,0.3576,0.4166,0.3958,0.3635,0.4717,v0,bioclip_2_image
5531,/mnt/d/Photos/Z8/180-600mm/2025/2025-10-05/DSC_1337.NEF,13644,4,Green,pick,picked,0.9604,0.2854,0.9981,0.2266,0.5469,0.9803,0.0084,0.0319,-0.0092,0.0626,-0.0123,0.0019,0.0391,-0.0478,a photo with strong subject separation,blurry,0.4218,0.4328,0.4424,0.4245,0.4082,0.4187,0.4601,0.3899,0.442,0.3798,0.4368,0.4064,0.3796,0.5079,v0,bioclip_2_image
5537,/mnt/d/Photos/Z8/180-600mm/2025/2025-10-05/DSC_1352.NEF,,3,Green,neutral,neutral,0.8515,0.1667,0.9974,0.3744,0.6169,0.827,0.0062,0.0175,-0.0161,0.0595,-0.0051,0.0048,0.0156,-0.0508,high quality,blurry,0.4204,0.4366,0.4451,0.4375,0.4177,0.4125,0.4471,0.4029,0.4527,0.3856,0.4426,0.4129,0.3968,0.4979,v0,bioclip_2_image
5539,/mnt/d/Photos/Z8/180-600mm/2025/2025-10-05/DSC_1355.NEF,935,3,Green,pick,neutral,0.9839,0.2956,0.9979,0.2328,0.6893,0.9559,0.0149,0.0411,-0.0087,0.0614,-0.0119,0.008,0.0308,-0.0419,a photo with strong subject separation,blurry,0.4377,0.447,0.4471,0.432,0.4242,0.4218,0.4718,0.3966,0.4557,0.3857,0.4439,0.4163,0.391,0.5137,v0,bioclip_2_image
5542,/mnt/d/Photos/Z8/180-600mm/2025/2025-10-05/DSC_1360.NEF,,4,Green,neutral,picked,0.9317,0.0877,0.9988,0.2562,0.6026,0.998,0.0096,0.0261,-0.0234,0.067,-0.0107,0.0042,0.0623,-0.0464,a photo with strong subject separation,blurry,0.4179,0.4489,0.4459,0.4366,0.414,0.4269,0.4509,0.3918,0.4723,0.379,0.4472,0.4099,0.3646,0.4973,v0,bioclip_2_image
5543,/mnt/d/Photos/Z8/180-600mm/2025/2025-10-05/DSC_1361.NEF,,4,Blue,neutral,picked,0.9348,0.122,0.9993,0.4365,0.5437,0.9954,0.008,0.0266,-0.0197,0.0723,-0.0026,0.0018,0.0538,-0.0482,a photo with strong subject separation,blurry,0.4242,0.4485,0.4518,0.4493,0.4139,0.4286,0.4445,0.3976,0.4682,0.3794,0.4518,0.4122,0.3748,0.4927,v0,bioclip_2_image
5544,/mnt/d/Photos/Z8/180-600mm/2025/2025-10-05/DSC_1363.NEF,,4,Blue,neutral,picked,0.9572,0.1918,0.9992,0.4449,0.5491,0.9942,0.0042,0.0311,-0.0144,0.071,-0.0022,0.002,0.0514,-0.0547,a photo with strong subject separation,blurry,0.4299,0.455,0.4557,0.4539,0.4192,0.4308,0.4578,0.3989,0.4694,0.3847,0.4561,0.4172,0.3794,0.5125,v0,bioclip_2_image
5545,/mnt/d/Photos/Z8/180-600mm/2025/2025-10-05/DSC_1364.NEF,13647,4,Blue,neutral,picked,0.8706,0.1089,0.9994,0.1911,0.6299,0.9062,0.0025,0.0191,-0.021,0.0738,-0.0144,0.0053,0.0227,-0.0599,high quality,a photo with no clear subject,0.4016,0.4119,0.4375,0.4208,0.4049,0.3902,0.4316,0.3825,0.4329,0.3637,0.4353,0.3996,0.3675,0.4915,v0,bioclip_2_image
5546,/mnt/d/Photos/Z8/180-600mm/2025/2025-10-05/DSC_1365.NEF,13647,4,Blue,neutral,picked,0.8709,0.0824,0.9995,0.185,0.451,0.8489,0.0021,0.0191,-0.0241,0.0759,-0.0148,-0.002,0.0173,-0.0618,a photo with strong subject separation,a photo with no clear subject,0.3993,0.4076,0.4327,0.4162,0.3924,0.3821,0.4234,0.3803,0.4317,0.3569,0.431,0.3944,0.3648,0.4852,v0,bioclip_2_image
5547,/mnt/d/Photos/Z8/180-600mm/2025/2025-10-05/DSC_1368.NEF,,4,Green,neutral,picked,0.8991,0.1141,0.9992,0.2156,0.5583,0.9556,0.0332,0.0219,-0.0205,0.0714,-0.0129,0.0023,0.0307,-0.0337,natural colors,blurry,0.4182,0.4267,0.447,0.4307,0.4164,0.4099,0.4572,0.3963,0.4472,0.3756,0.4437,0.414,0.3792,0.491,v0,bioclip_2_image
5548,/mnt/d/Photos/Z8/180-600mm/2025/2025-10-05/DSC_1369.NEF,,4,Blue,neutral,picked,0.9421,0.1217,0.999,0.1834,0.7472,0.9878,0.0136,0.0279,-0.0198,0.0695,-0.0149,0.0108,0.0439,-0.0429,high quality,blurry,0.4119,0.4274,0.4359,0.4324,0.4099,0.4144,0.4595,0.384,0.4471,0.3664,0.4474,0.3991,0.3705,0.5024,v0,bioclip_2_image
5549,/mnt/d/Photos/Z8/180-600mm/2025/2025-10-05/DSC_1371.NEF,,3,Green,neutral,neutral,0.8845,0.1424,0.9977,0.1056,0.6461,0.9611,0.0152,0.0204,-0.018,0.0606,-0.0214,0.006,0.0321,-0.0417,a photo with a clear subject,a photo with no clear subject,0.4186,0.4332,0.443,0.4269,0.4175,0.4139,0.4452,0.3982,0.4512,0.3824,0.4482,0.4115,0.3818,0.4869,v0,bioclip_2_image
5550,/mnt/d/Photos/Z8/180-600mm/2025/2025-10-05/DSC_1374.NEF,,4,Blue,neutral,picked,0.8647,0.0979,0.9993,0.2095,0.6303,0.8906,0.002,0.0185,-0.0222,0.0723,-0.0133,0.0053,0.021,-0.0622,a photo with a clear subject,a photo with no clear subject,0.4218,0.4312,0.4546,0.4358,0.4244,0.4064,0.4415,0.4033,0.4534,0.3822,0.4491,0.4191,0.3854,0.5037,v0,bioclip_2_image
5551,/mnt/d/Photos/Z8/180-600mm/2025/2025-10-05/DSC_1375.NEF,,3,Green,neutral,neutral,0.9269,0.383,0.9898,0.3624,0.5269,0.9286,0.0057,0.0254,-0.0048,0.0457,-0.0056,0.0011,0.0257,-0.0516,a photo with strong subject separation,blurry,0.4152,0.4308,0.4249,0.4334,0.4031,0.3986,0.4392,0.3899,0.4356,0.3792,0.439,0.402,0.3729,0.4909,v0,bioclip_2_image
5552,/mnt/d/Photos/Z8/180-600mm/2025/2025-10-05/DSC_1382.NEF,925,3,Green,neutral,neutral,0.8144,0.0791,0.9976,0.1887,0.778,0.7292,0.0044,0.0148,-0.0245,0.0601,-0.0146,0.0125,0.0099,-0.0541,a photo with strong subject separation,a photo with no clear subject,0.4323,0.441,0.4649,0.4465,0.4303,0.4155,0.4511,0.4175,0.4655,0.4048,0.4611,0.4178,0.4056,0.5052,v0,bioclip_2_image
5553,/mnt/d/Photos/Z8/180-600mm/2025/2025-10-05/DSC_1383.NEF,925,3,Green,neutral,neutral,0.7375,0.0459,0.994,0.1558,0.7524,0.781,0.0024,0.0103,-0.0303,0.0511,-0.0169,0.0111,0.0127,-0.0603,a photo with strong subject separation,blurry,0.4314,0.4385,0.462,0.4466,0.4342,0.4233,0.4307,0.4211,0.4688,0.4109,0.4635,0.4231,0.4106,0.4911,v0,bioclip_2_image
5554,/mnt/d/Photos/Z8/180-600mm/2025/2025-10-05/DSC_1384.NEF,,3,Green,neutral,neutral,0.8711,0.1426,0.9977,0.1193,0.5307,0.9105,0.0034,0.0191,-0.0179,0.0606,-0.02,0.0012,0.0232,-0.0569,natural colors,blurry,0.4054,0.41,0.4278,0.4114,0.4169,0.3965,0.3983,0.3863,0.4279,0.3672,0.4314,0.4157,0.3733,0.4552,v0,bioclip_2_image
5555,/mnt/d/Photos/Z8/180-600mm/2025/2025-10-05/DSC_1392.NEF,,3,Green,neutral,neutral,0.9403,0.0719,0.9938,0.125,0.5689,0.9392,0.0007,0.0276,-0.0256,0.0508,-0.0195,0.0028,0.0274,-0.0722,a photo with strong subject separation,blurry,0.4376,0.4488,0.4488,0.4436,0.4208,0.4255,0.4446,0.41,0.4744,0.3979,0.4631,0.418,0.3981,0.5167,v0,bioclip_2_image
5578,/mnt/d/Photos/Z8/180-600mm/2025/2025-10-05/DSC_1479.NEF,13651,4,Green,pick,picked,0.8795,0.1456,0.9821,0.2211,0.578,0.8871,0.005,0.0199,-0.0177,0.04,-0.0126,0.0031,0.0206,-0.053,a photo with strong subject separation,a photo with no clear subject,0.4189,0.4265,0.4312,0.4211,0.4242,0.4153,0.4484,0.399,0.4442,0.3912,0.4337,0.4211,0.3947,0.5014,v0,bioclip_2_image
5579,/mnt/d/Photos/Z8/180-600mm/2025/2025-10-05/DSC_1491.NEF,13651,4,Green,pick,picked,0.8761,0.1446,0.9812,0.2175,0.5718,0.8766,0.0063,0.0196,-0.0178,0.0396,-0.0128,0.0029,0.0196,-0.0506,a photo with strong subject separation,a photo with no clear subject,0.4175,0.4247,0.4303,0.4198,0.4223,0.4121,0.4504,0.3979,0.4425,0.3908,0.4326,0.4194,0.3925,0.5011,v0,bioclip_2_image
5580,/mnt/d/Photos/Z8/180-600mm/2025/2025-10-05/DSC_1493.NEF,910,3,Green,pick,neutral,0.9144,0.426,0.9975,0.59,0.7736,0.9739,0.0079,0.0237,-0.003,0.06,0.0036,0.0123,0.0362,-0.0484,a photo with strong subject separation,a photo with no clear subject,0.4338,0.4497,0.4486,0.4441,0.4272,0.4225,0.423,0.4101,0.4527,0.3886,0.4404,0.415,0.3863,0.4714,v0,bioclip_2_image
5581,/mnt/d/Photos/Z8/180-600mm/2025/2025-10-05/DSC_1501.NEF,910,3,Green,pick,neutral,0.9156,0.4933,0.998,0.5821,0.7551,0.9776,0.0083,0.0238,-0.0003,0.0622,0.0033,0.0113,0.0378,-0.0479,a photo with strong subject separation,a photo with no clear subject,0.4311,0.4505,0.4485,0.4429,0.4253,0.4204,0.424,0.4073,0.4508,0.3862,0.4396,0.414,0.3826,0.4719,v0,bioclip_2_image
5582,/mnt/d/Photos/Z8/180-600mm/2025/2025-10-05/DSC_1510.NEF,908,3,Green,neutral,neutral,0.9273,0.3909,0.998,0.5586,0.7587,0.9764,0.0142,0.0255,-0.0044,0.0622,0.0024,0.0115,0.0372,-0.0424,a photo with strong subject separation,a photo with no clear subject,0.4335,0.4496,0.4473,0.441,0.4235,0.4206,0.4287,0.408,0.454,0.3851,0.4387,0.4121,0.3834,0.4711,v0,bioclip_2_image
5583,/mnt/d/Photos/Z8/180-600mm/2025/2025-10-05/DSC_1511.NEF,13652,4,Green,pick,picked,0.9167,0.4426,0.9982,0.5951,0.7226,0.9801,0.01,0.024,-0.0023,0.063,0.0039,0.0096,0.039,-0.046,a photo with strong subject separation,a photo with no clear subject,0.4274,0.4444,0.4452,0.4369,0.4223,0.4179,0.4213,0.4034,0.4467,0.3823,0.4331,0.4127,0.3789,0.4672,v0,bioclip_2_image
5584,/mnt/d/Photos/Z8/180-600mm/2025/2025-10-05/DSC_1512.NEF,13652,4,Green,pick,picked,0.9155,0.4251,0.9979,0.6276,0.7649,0.9775,0.0099,0.0238,-0.003,0.0617,0.0052,0.0118,0.0377,-0.046,a photo with strong subject separation,a photo with no clear subject,0.4304,0.4467,0.4477,0.4403,0.4248,0.4208,0.4253,0.4066,0.4497,0.386,0.4351,0.413,0.383,0.4713,v0,bioclip_2_image
5585,/mnt/d/Photos/Z8/180-600mm/2025/2025-10-05/DSC_1513.NEF,908,3,Green,pick,neutral,0.9272,0.4069,0.9977,0.5854,0.7446,0.9842,0.0121,0.0254,-0.0038,0.0608,0.0035,0.0107,0.0413,-0.044,a photo with strong subject separation,a photo with no clear subject,0.4317,0.4484,0.447,0.442,0.4188,0.4223,0.4302,0.4062,0.4522,0.3862,0.4385,0.4081,0.3809,0.4743,v0,bioclip_2_image
5586,/mnt/d/Photos/Z8/180-600mm/2025/2025-10-05/DSC_1514.NEF,908,3,Green,pick,neutral,0.9135,0.3653,0.9977,0.5635,0.7967,0.9818,0.0065,0.0236,-0.0055,0.0606,0.0026,0.0137,0.0399,-0.0503,a photo with strong subject separation,a photo with no clear subject,0.4375,0.4532,0.4543,0.4501,0.4264,0.4272,0.4289,0.4139,0.4587,0.3937,0.4476,0.4128,0.3874,0.4793,v0,bioclip_2_image
5587,/mnt/d/Photos/Z8/180-600mm/2025/2025-10-05/DSC_1515.NEF,,4,Green,neutral,picked,0.9224,0.4279,0.9982,0.6056,0.7884,0.9773,0.0097,0.0248,-0.0029,0.0633,0.0043,0.0132,0.0376,-0.0463,a photo with strong subject separation,a photo with no clear subject,0.4334,0.451,0.4491,0.4452,0.4256,0.4197,0.4279,0.4086,0.4539,0.3858,0.4409,0.4124,0.3821,0.4742,v0,bioclip_2_image
5588,/mnt/d/Photos/Z8/180-600mm/2025/2025-10-05/DSC_1516.NEF,13653,4,Green,pick,picked,0.9158,0.5057,0.9977,0.6243,0.7859,0.98,0.0102,0.0239,0.0002,0.0609,0.0051,0.013,0.0389,-0.0458,a photo with strong subject separation,a photo with no clear subject,0.4275,0.4456,0.4435,0.4364,0.4226,0.418,0.4227,0.4036,0.4454,0.3825,0.4313,0.4096,0.3791,0.4685,v0,bioclip_2_image
5589,/mnt/d/Photos/Z8/180-600mm/2025/2025-10-05/DSC_1517.NEF,13654,4,Blue,pick,picked,0.9311,0.4183,0.9984,0.5488,0.7849,0.9861,0.0122,0.026,-0.0033,0.0642,0.002,0.0129,0.0426,-0.0439,a photo with strong subject separation,a photo with no clear subject,0.4296,0.4464,0.4467,0.4388,0.4175,0.4177,0.4255,0.4036,0.4497,0.3825,0.4368,0.4046,0.3751,0.4694,v0,bioclip_2_image
5590,/mnt/d/Photos/Z8/180-600mm/2025/2025-10-05/DSC_1519.NEF,13654,4,Green,pick,picked,0.9374,0.4356,0.9984,0.5566,0.811,0.9844,0.0188,0.0271,-0.0026,0.0646,0.0023,0.0146,0.0415,-0.0396,a photo with strong subject separation,a photo with no clear subject,0.4318,0.4488,0.4487,0.4402,0.4209,0.4189,0.4337,0.4047,0.4514,0.384,0.4379,0.4063,0.3774,0.4732,v0,bioclip_2_image
5591,/mnt/d/Photos/Z8/180-600mm/2025/2025-10-05/DSC_1521.NEF,13653,4,Blue,pick,picked,0.9273,0.6041,0.9982,0.6294,0.7767,0.9849,0.0131,0.0255,0.0042,0.0632,0.0053,0.0125,0.0417,-0.0432,a photo with strong subject separation,a photo with no clear subject,0.4255,0.4449,0.4418,0.4347,0.4207,0.4162,0.4228,0.4,0.4407,0.3786,0.4294,0.4083,0.3744,0.466,v0,bioclip_2_image
5592,/mnt/d/Photos/Z8/180-600mm/2025/2025-10-05/DSC_1522.NEF,,4,Green,neutral,picked,0.9325,0.4013,0.9982,0.5295,0.8088,0.9879,0.0142,0.0263,-0.004,0.0635,0.0012,0.0144,0.044,-0.0424,a photo with strong subject separation,a photo with no clear subject,0.4278,0.4445,0.446,0.4386,0.4161,0.4163,0.427,0.4016,0.4485,0.3825,0.4374,0.4016,0.3723,0.4695,v0,bioclip_2_image
5593,/mnt/d/Photos/Z8/180-600mm/2025/2025-10-05/DSC_1524.NEF,,4,Blue,neutral,picked,0.9293,0.402,0.9987,0.4817,0.777,0.9897,0.0227,0.0258,-0.004,0.0665,-0.0007,0.0125,0.0457,-0.0376,a photo with strong subject separation,a photo with no clear subject,0.4191,0.4378,0.4387,0.4221,0.4077,0.4084,0.4274,0.3934,0.4418,0.3722,0.4229,0.3952,0.3628,0.4651,v0,bioclip_2_image
5594,/mnt/d/Photos/Z8/180-600mm/2025/2025-10-05/DSC_1525.NEF,,4,Green,neutral,picked,0.9209,0.4988,0.9981,0.5744,0.7475,0.9823,0.0143,0.0245,-0.0,0.0626,0.003,0.0109,0.0402,-0.0423,a photo with strong subject separation,a photo with no clear subject,0.4272,0.4439,0.4454,0.4365,0.4209,0.4183,0.4281,0.4027,0.4439,0.3828,0.4335,0.4101,0.3781,0.4704,v0,bioclip_2_image
5595,/mnt/d/Photos/Z8/180-600mm/2025/2025-10-05/DSC_1526.NEF,13655,4,Blue,pick,picked,0.9186,0.5019,0.9976,0.6228,0.78,0.9817,0.012,0.0242,0.0001,0.0604,0.005,0.0127,0.0398,-0.0441,a photo with strong subject separation,a photo with no clear subject,0.4277,0.4459,0.443,0.438,0.4213,0.4194,0.4213,0.4035,0.4458,0.3826,0.433,0.4086,0.3796,0.4654,v0,bioclip_2_image
5596,/mnt/d/Photos/Z8/180-600mm/2025/2025-10-05/DSC_1527.NEF,,4,Blue,neutral,picked,0.9143,0.4439,0.9981,0.5519,0.7491,0.9828,0.0167,0.0237,-0.0023,0.0625,0.0021,0.0109,0.0405,-0.0408,a photo with strong subject separation,a photo with no clear subject,0.4281,0.4457,0.4451,0.4366,0.4194,0.4153,0.4275,0.4044,0.4479,0.3827,0.4345,0.4085,0.3748,0.4683,v0,bioclip_2_image
5597,/mnt/d/Photos/Z8/180-600mm/2025/2025-10-05/DSC_1528.NEF,,4,Green,neutral,picked,0.9141,0.371,0.998,0.6105,0.7524,0.9789,0.0095,0.0237,-0.0053,0.0621,0.0045,0.0111,0.0383,-0.0465,a photo with strong subject separation,a photo with no clear subject,0.4344,0.45,0.4503,0.4456,0.4232,0.4228,0.4284,0.4107,0.4553,0.3882,0.4411,0.4121,0.3844,0.4749,v0,bioclip_2_image
5598,/mnt/d/Photos/Z8/180-600mm/2025/2025-10-05/DSC_1529.NEF,,4,Blue,neutral,picked,0.9373,0.6011,0.9985,0.6255,0.7835,0.9868,0.0181,0.0271,0.0041,0.0653,0.0051,0.0129,0.0431,-0.0399,a photo with strong subject separation,a photo with no clear subject,0.4279,0.4477,0.4445,0.4388,0.423,0.4191,0.4315,0.4009,0.4436,0.3793,0.4337,0.4101,0.3759,0.4714,v0,bioclip_2_image
5599,/mnt/d/Photos/Z8/180-600mm/2025/2025-10-05/DSC_1530.NEF,13655,4,Green,pick,picked,0.936,0.6248,0.9985,0.586,0.7638,0.9879,0.0174,0.0268,0.0051,0.065,0.0035,0.0117,0.044,-0.0403,a photo with strong subject separation,a photo with no clear subject,0.4249,0.4479,0.4436,0.4349,0.4221,0.4168,0.431,0.3981,0.4428,0.3786,0.4314,0.4104,0.3728,0.4713,v0,bioclip_2_image
5600,/mnt/d/Photos/Z8/180-600mm/2025/2025-10-05/DSC_1531.NEF,13656,4,Green,pick,picked,0.9234,0.6034,0.9982,0.5955,0.7662,0.9857,0.0152,0.0249,0.0042,0.0633,0.0039,0.0119,0.0424,-0.0417,a photo with strong subject separation,a photo with no clear subject,0.4196,0.4409,0.4365,0.4297,0.4168,0.4111,0.4211,0.3947,0.4367,0.3732,0.4258,0.4049,0.3687,0.4628,v0,bioclip_2_image
5601,/mnt/d/Photos/Z8/180-600mm/2025/2025-10-05/DSC_1532.NEF,13657,4,Green,reject,picked,0.9159,0.5256,0.9977,0.6387,0.78,0.9791,0.0115,0.0239,0.001,0.0607,0.0057,0.0127,0.0385,-0.0446,a photo with strong subject separation,a photo with no clear subject,0.4249,0.4448,0.4414,0.4361,0.4206,0.4157,0.423,0.4011,0.4438,0.3806,0.4304,0.4079,0.3772,0.4675,v0,bioclip_2_image
5602,/mnt/d/Photos/Z8/180-600mm/2025/2025-10-05/DSC_1533.NEF,13656,4,Green,pick,picked,0.9093,0.4384,0.9976,0.606,0.702,0.9774,0.0086,0.023,-0.0025,0.0604,0.0043,0.0086,0.0377,-0.0474,a photo with strong subject separation,a photo with no clear subject,0.4242,0.4421,0.441,0.4351,0.4183,0.4155,0.4184,0.4011,0.4445,0.3806,0.4308,0.4097,0.3779,0.4659,v0,bioclip_2_image
5603,/mnt/d/Photos/Z8/180-600mm/2025/2025-10-05/DSC_1534.NEF,13658,4,Green,pick,picked,0.9107,0.3854,0.9979,0.5956,0.7593,0.977,0.0053,0.0232,-0.0047,0.0614,0.0039,0.0115,0.0375,-0.0524,a photo with strong subject separation,a photo with no clear subject,0.4301,0.4472,0.4485,0.4422,0.4185,0.4188,0.4178,0.4069,0.4519,0.3871,0.4383,0.407,0.3813,0.4702,v0,bioclip_2_image
5604,/mnt/d/Photos/Z8/180-600mm/2025/2025-10-05/DSC_1535.NEF,13657,4,Green,reject,picked,0.9181,0.4846,0.9981,0.6189,0.786,0.9803,0.0105,0.0242,-0.0006,0.0625,0.0048,0.013,0.0391,-0.0454,a photo with strong subject separation,a photo with no clear subject,0.4275,0.4451,0.4429,0.4381,0.4225,0.417,0.4217,0.4033,0.4457,0.3804,0.4333,0.4095,0.3779,0.4671,v0,bioclip_2_image
5605,/mnt/d/Photos/Z8/180-600mm/2025/2025-10-05/DSC_1536.NEF,13657,4,Blue,pick,picked,0.9252,0.5934,0.9983,0.6194,0.803,0.9826,0.0159,0.0252,0.0038,0.0638,0.0049,0.014,0.0404,-0.0413,a photo with strong subject separation,a photo with no clear subject,0.4227,0.4427,0.44,0.4322,0.4202,0.4126,0.4216,0.3975,0.439,0.3763,0.4273,0.4062,0.3722,0.4629,v0,bioclip_2_image
5606,/mnt/d/Photos/Z8/180-600mm/2025/2025-10-05/DSC_1537.NEF,,4,Blue,neutral,picked,0.9313,0.4657,0.9988,0.5944,0.7718,0.9852,0.0116,0.0261,-0.0014,0.0671,0.0038,0.0122,0.042,-0.0445,a photo with strong subject separation,a photo with no clear subject,0.4283,0.447,0.4466,0.439,0.4216,0.4159,0.4245,0.4022,0.4484,0.3795,0.4352,0.4094,0.3739,0.469,v0,bioclip_2_image
5607,/mnt/d/Photos/Z8/180-600mm/2025/2025-10-05/DSC_1538.NEF,,4,Blue,neutral,picked,0.9232,0.4408,0.9981,0.5488,0.7683,0.9849,0.0077,0.0249,-0.0024,0.0626,0.002,0.012,0.0418,-0.0486,a photo with strong subject separation,a photo with no clear subject,0.4287,0.4486,0.4458,0.4413,0.418,0.4179,0.423,0.4038,0.4509,0.3832,0.4394,0.406,0.3762,0.4716,v0,bioclip_2_image
5608,/mnt/d/Photos/Z8/180-600mm/2025/2025-10-05/DSC_1539.NEF,13657,4,Blue,pick,picked,0.9227,0.5396,0.998,0.6142,0.8212,0.9809,0.0129,0.0248,0.0016,0.0624,0.0047,0.0152,0.0394,-0.0433,a photo with strong subject separation,a photo with no clear subject,0.4266,0.4457,0.4447,0.4367,0.4242,0.4179,0.4235,0.4018,0.4442,0.3824,0.4321,0.4089,0.3785,0.4668,v0,bioclip_2_image
5609,/mnt/d/Photos/Z8/180-600mm/2025/2025-10-05/DSC_1540.NEF,13659,4,Green,pick,picked,0.895,0.3551,0.9975,0.5591,0.7134,0.981,0.0063,0.0214,-0.006,0.0599,0.0024,0.0091,0.0394,-0.0505,a photo with strong subject separation,a photo with no clear subject,0.428,0.4477,0.4447,0.4378,0.4168,0.4139,0.4211,0.4066,0.4537,0.3849,0.4354,0.4077,0.3745,0.4717,v0,bioclip_2_image
5610,/mnt/d/Photos/Z8/180-600mm/2025/2025-10-05/DSC_1541.NEF,13658,4,Green,pick,picked,0.9052,0.4198,0.9977,0.5758,0.7509,0.9823,0.0074,0.0226,-0.0032,0.0606,0.0031,0.011,0.0402,-0.049,a photo with strong subject separation,a photo with no clear subject,0.4289,0.4474,0.4482,0.4415,0.4156,0.4186,0.4223,0.4063,0.4506,0.3876,0.4385,0.4046,0.3784,0.4713,v0,bioclip_2_image
5611,/mnt/d/Photos/Z8/180-600mm/2025/2025-10-05/DSC_1544.NEF,13660,4,Green,pick,picked,0.9172,0.3725,0.9977,0.5171,0.7605,0.9836,0.0055,0.0241,-0.0052,0.0605,0.0007,0.0116,0.041,-0.052,a photo with strong subject separation,a photo with no clear subject,0.4306,0.4475,0.4484,0.4406,0.4182,0.4207,0.4224,0.4065,0.4527,0.3879,0.4399,0.4066,0.3797,0.4744,v0,bioclip_2_image
5612,/mnt/d/Photos/Z8/180-600mm/2025/2025-10-05/DSC_1547.NEF,13659,4,Green,pick,picked,0.9143,0.4074,0.9986,0.4987,0.7247,0.987,0.0115,0.0237,-0.0037,0.066,-0.0001,0.0097,0.0433,-0.0445,a photo with strong subject separation,a photo with no clear subject,0.4276,0.4471,0.449,0.4368,0.4174,0.4176,0.4256,0.4039,0.4508,0.3829,0.4369,0.4077,0.3743,0.4702,v0,bioclip_2_image
5613,/mnt/d/Photos/Z8/180-600mm/2025/2025-10-05/DSC_1548.NEF,13657,4,Blue,pick,picked,0.9343,0.4938,0.9983,0.6133,0.7767,0.9853,0.0137,0.0266,-0.0002,0.0639,0.0046,0.0125,0.0421,-0.0428,a photo with strong subject separation,a photo with no clear subject,0.4273,0.4452,0.4454,0.4362,0.4218,0.4194,0.4257,0.4007,0.4454,0.3816,0.4315,0.4093,0.3773,0.4685,v0,bioclip_2_image
5614,/mnt/d/Photos/Z8/180-600mm/2025/2025-10-05/DSC_1549.NEF,,4,Green,neutral,picked,0.919,0.4037,0.9983,0.6107,0.7188,0.9806,0.0086,0.0243,-0.0039,0.0635,0.0045,0.0094,0.0392,-0.0475,a photo with strong subject separation,a photo with no clear subject,0.4284,0.4461,0.446,0.4392,0.4209,0.4186,0.4244,0.4041,0.45,0.3825,0.4347,0.4115,0.3794,0.4719,v0,bioclip_2_image
5615,/mnt/d/Photos/Z8/180-600mm/2025/2025-10-05/DSC_1550.NEF,13660,3,Green,pick,neutral,0.9386,0.6501,0.9994,0.3075,0.7922,0.9933,0.016,0.0273,0.0062,0.0735,-0.0081,0.0134,0.0499,-0.0412,a photo with strong subject separation,a photo with no clear subject,0.4043,0.4313,0.4303,0.411,0.4005,0.4011,0.4206,0.377,0.4251,0.3568,0.4191,0.3871,0.3512,0.4617,v0,bioclip_2_image
5616,/mnt/d/Photos/Z8/180-600mm/2025/2025-10-05/DSC_1551.NEF,,3,Green,neutral,neutral,0.8732,0.4553,0.9985,0.2471,0.5355,0.9678,0.0042,0.0193,-0.0018,0.0649,-0.0111,0.0014,0.034,-0.0546,a photo with strong subject separation,blurry,0.4095,0.4403,0.4266,0.4208,0.4108,0.415,0.4195,0.3902,0.4421,0.3617,0.4319,0.4094,0.381,0.4741,v0,bioclip_2_image
5617,/mnt/d/Photos/Z8/180-600mm/2025/2025-10-05/DSC_1554.NEF,,4,Green,neutral,picked,0.8994,0.3757,0.9967,0.6078,0.7464,0.9783,0.0043,0.0219,-0.0051,0.0572,0.0044,0.0108,0.0381,-0.0544,a photo with strong subject separation,a photo with no clear subject,0.4375,0.4536,0.4527,0.4505,0.4238,0.4253,0.4193,0.4156,0.4587,0.3955,0.4461,0.413,0.3873,0.4737,v0,bioclip_2_image
5618,/mnt/d/Photos/Z8/180-600mm/2025/2025-10-05/DSC_1555.NEF,,4,Green,neutral,picked,0.9327,0.3882,0.998,0.5419,0.7561,0.9863,0.0123,0.0263,-0.0046,0.0619,0.0017,0.0113,0.0428,-0.0439,a photo with strong subject separation,a photo with no clear subject,0.4294,0.4462,0.4446,0.4369,0.4132,0.4192,0.4246,0.4031,0.4507,0.3826,0.4352,0.4018,0.3764,0.4684,v0,bioclip_2_image
5619,/mnt/d/Photos/Z8/180-600mm/2025/2025-10-05/DSC_1556.NEF,,4,Green,neutral,picked,0.9111,0.5016,0.9976,0.6045,0.7228,0.9724,0.0082,0.0233,0.0001,0.0602,0.0042,0.0096,0.0356,-0.048,a photo with strong subject separation,a photo with no clear subject,0.4309,0.4495,0.4451,0.4406,0.4232,0.4199,0.4234,0.4076,0.4495,0.3849,0.4364,0.4136,0.3843,0.4713,v0,bioclip_2_image
5620,/mnt/d/Photos/Z8/180-600mm/2025/2025-10-05/DSC_1557.NEF,13661,4,Green,pick,picked,0.9081,0.495,0.9976,0.6386,0.7596,0.9745,0.0094,0.0229,-0.0002,0.0601,0.0057,0.0115,0.0364,-0.0465,a photo with strong subject separation,a photo with no clear subject,0.4252,0.4458,0.4414,0.4382,0.4211,0.4159,0.4217,0.4023,0.446,0.3813,0.4325,0.4096,0.3795,0.4682,v0,bioclip_2_image
5621,/mnt/d/Photos/Z8/180-600mm/2025/2025-10-05/DSC_1558.NEF,13662,3,Green,pick,neutral,0.918,0.3764,0.9976,0.6021,0.7845,0.9825,0.007,0.0242,-0.005,0.0603,0.0041,0.0129,0.0403,-0.0495,a photo with strong subject separation,a photo with no clear subject,0.4316,0.4477,0.4471,0.4442,0.4196,0.4193,0.4242,0.4075,0.4527,0.3869,0.44,0.4067,0.3791,0.4737,v0,bioclip_2_image
5622,/mnt/d/Photos/Z8/180-600mm/2025/2025-10-05/DSC_1559.NEF,13662,4,Green,pick,picked,0.9197,0.3473,0.998,0.5772,0.7632,0.9779,0.0095,0.0244,-0.0063,0.062,0.0031,0.0117,0.0379,-0.0465,a photo with strong subject separation,a photo with no clear subject,0.4292,0.4457,0.4465,0.4401,0.4161,0.415,0.4256,0.4048,0.452,0.3844,0.437,0.4044,0.3772,0.4721,v0,bioclip_2_image
5623,/mnt/d/Photos/Z8/180-600mm/2025/2025-10-05/DSC_1561.NEF,13661,4,Blue,pick,picked,0.9366,0.6069,0.9981,0.5507,0.7742,0.9837,0.019,0.0269,0.0043,0.0627,0.002,0.0123,0.041,-0.0394,a photo with strong subject separation,a photo with no clear subject,0.4193,0.44,0.4345,0.4276,0.416,0.4125,0.418,0.3924,0.4357,0.3718,0.4256,0.4037,0.3715,0.4575,v0,bioclip_2_image
5624,/mnt/d/Photos/Z8/180-600mm/2025/2025-10-05/DSC_1562.NEF,13661,4,Green,reject,picked,0.9066,0.5026,0.9975,0.6335,0.7852,0.977,0.0089,0.0227,0.0001,0.06,0.0055,0.013,0.0375,-0.0471,a photo with strong subject separation,a photo with no clear subject,0.4231,0.4428,0.4394,0.4351,0.4191,0.4145,0.4195,0.4003,0.4427,0.3794,0.4297,0.4061,0.377,0.4666,v0,bioclip_2_image
5625,/mnt/d/Photos/Z8/180-600mm/2025/2025-10-05/DSC_1563.NEF,13662,4,Green,pick,picked,0.9185,0.4195,0.9979,0.6015,0.7847,0.9818,0.0071,0.0242,-0.0032,0.0618,0.0041,0.0129,0.0399,-0.0494,a photo with strong subject separation,a photo with no clear subject,0.4319,0.4485,0.4499,0.4449,0.4218,0.4193,0.4237,0.4076,0.4517,0.3881,0.4407,0.4088,0.3795,0.4731,v0,bioclip_2_image
5626,/mnt/d/Photos/Z8/180-600mm/2025/2025-10-05/DSC_1565.NEF,13661,4,Green,pick,picked,0.9274,0.49,0.9985,0.6364,0.8143,0.9799,0.0134,0.0255,-0.0004,0.065,0.0056,0.0148,0.0388,-0.043,a photo with strong subject separation,a photo with no clear subject,0.426,0.445,0.4417,0.4383,0.4215,0.4137,0.4241,0.4005,0.4454,0.3766,0.4327,0.4067,0.3748,0.4671,v0,bioclip_2_image
5627,/mnt/d/Photos/Z8/180-600mm/2025/2025-10-05/DSC_1567.NEF,13663,4,Green,reject,picked,0.9156,0.3924,0.9979,0.5281,0.7933,0.9845,0.0078,0.0238,-0.0044,0.0615,0.0011,0.0135,0.0415,-0.0485,a photo with strong subject separation,a photo with no clear subject,0.4304,0.4467,0.4478,0.4408,0.4203,0.421,0.4227,0.4066,0.4511,0.3862,0.4397,0.4068,0.3795,0.4712,v0,bioclip_2_image
5628,/mnt/d/Photos/Z8/180-600mm/2025/2025-10-05/DSC_1568.NEF,13664,4,Blue,pick,picked,0.926,0.483,0.9984,0.6249,0.8005,0.982,0.0125,0.0253,-0.0007,0.0646,0.0051,0.0139,0.04,-0.0437,a photo with strong subject separation,a photo with no clear subject,0.4307,0.4499,0.4471,0.4419,0.4273,0.4204,0.4273,0.4054,0.4505,0.3825,0.4368,0.4134,0.3805,0.471,v0,bioclip_2_image
5629,/mnt/d/Photos/Z8/180-600mm/2025/2025-10-05/DSC_1569.NEF,13663,4,Green,pick,picked,0.9129,0.4388,0.9975,0.5587,0.791,0.9825,0.0086,0.0235,-0.0025,0.0598,0.0024,0.0133,0.0403,-0.0475,a photo with strong subject separation,a photo with no clear subject,0.4274,0.4446,0.4441,0.4395,0.4163,0.4163,0.4212,0.4039,0.447,0.3844,0.4371,0.403,0.376,0.4687,v0,bioclip_2_image
5630,/mnt/d/Photos/Z8/180-600mm/2025/2025-10-05/DSC_1571.NEF,13663,4,Green,reject,picked,0.9539,0.6743,0.9994,0.6089,0.8377,0.992,0.0267,0.0303,0.0073,0.0738,0.0044,0.0164,0.0481,-0.036,a photo with strong subject separation,a photo with no clear subject,0.416,0.4419,0.4377,0.4276,0.4138,0.4069,0.4273,0.3857,0.4346,0.3638,0.4232,0.3974,0.3588,0.4633,v0,bioclip_2_image
5631,/mnt/d/Photos/Z8/180-600mm/2025/2025-10-05/DSC_1573.NEF,13664,3,Green,pick,neutral,0.9365,0.5289,0.9988,0.5877,0.8227,0.9801,0.0156,0.0269,0.0012,0.0676,0.0035,0.0153,0.039,-0.0414,a photo with strong subject separation,a photo with no clear subject,0.4273,0.4474,0.4448,0.4384,0.4232,0.4142,0.4264,0.4004,0.4463,0.3772,0.4348,0.4079,0.3753,0.4679,v0,bioclip_2_image
5632,/mnt/d/Photos/Z8/180-600mm/2025/2025-10-05/DSC_1575.NEF,13663,4,Blue,pick,picked,0.9212,0.509,0.998,0.5775,0.8301,0.9881,0.0114,0.0246,0.0004,0.0622,0.0031,0.0159,0.0442,-0.0447,a photo with strong subject separation,a photo with no clear subject,0.43,0.4493,0.4469,0.4425,0.4211,0.4192,0.4282,0.4054,0.449,0.3847,0.4394,0.4052,0.375,0.4729,v0,bioclip_2_image
5633,/mnt/d/Photos/Z8/180-600mm/2025/2025-10-05/DSC_1582.NEF,,4,Green,neutral,picked,0.9263,0.4668,0.9982,0.5536,0.8125,0.9902,0.0108,0.0253,-0.0013,0.0632,0.0022,0.0147,0.0461,-0.0451,a photo with strong subject separation,a photo with no clear subject,0.4306,0.4491,0.448,0.4422,0.4209,0.422,0.4268,0.4053,0.4504,0.3847,0.4401,0.4063,0.3758,0.4719,v0,bioclip_2_image
5634,/mnt/d/Photos/Z8/180-600mm/2025/2025-10-05/DSC_1584.NEF,885,4,Green,pick,picked,0.9145,0.401,0.9973,0.5666,0.7588,0.9861,0.0066,0.0237,-0.004,0.0591,0.0027,0.0115,0.0426,-0.0502,a photo with strong subject separation,a photo with no clear subject,0.4356,0.4527,0.4517,0.4474,0.4233,0.4274,0.4261,0.4119,0.4567,0.3926,0.4447,0.4118,0.3847,0.4762,v0,bioclip_2_image
5635,/mnt/d/Photos/Z8/180-600mm/2025/2025-10-05/DSC_1585.NEF,885,4,Green,pick,picked,0.9058,0.5087,0.9972,0.4776,0.7438,0.9871,0.0082,0.0226,0.0003,0.0589,-0.0009,0.0107,0.0434,-0.0479,a photo with strong subject separation,a photo with no clear subject,0.4332,0.4539,0.4486,0.4422,0.4197,0.4236,0.4234,0.4106,0.4535,0.3898,0.4431,0.4091,0.3803,0.4713,v0,bioclip_2_image
5636,/mnt/d/Photos/Z8/180-600mm/2025/2025-10-05/DSC_1586.NEF,,4,Green,neutral,picked,0.8865,0.4263,0.9975,0.4806,0.7269,0.9854,0.0064,0.0206,-0.003,0.0599,-0.0008,0.0098,0.0421,-0.0504,a photo with strong subject separation,a photo with no clear subject,0.4322,0.4523,0.4496,0.4427,0.4204,0.4244,0.4204,0.4116,0.4553,0.3897,0.4435,0.4106,0.3823,0.4708,v0,bioclip_2_image
5637,/mnt/d/Photos/Z8/180-600mm/2025/2025-10-05/DSC_1588.NEF,13663,4,Green,pick,picked,0.9119,0.4071,0.9976,0.556,0.8152,0.9851,0.0074,0.0234,-0.0038,0.0603,0.0023,0.0148,0.0419,-0.049,a photo with strong subject separation,a photo with no clear subject,0.4311,0.4473,0.4477,0.4421,0.4214,0.4205,0.4217,0.4078,0.4511,0.3874,0.4398,0.4066,0.3785,0.4707,v0,bioclip_2_image
5640,/mnt/d/Photos/Z8/180-600mm/2025/2025-10-05/DSC_1645.NEF,,3,Green,neutral,neutral,0.8311,0.2847,0.9892,0.5509,0.5309,0.8813,0.0124,0.0159,-0.0092,0.0452,0.002,0.0012,0.0201,-0.0437,a photo with strong subject separation,a photo with no clear subject,0.4153,0.4258,0.4314,0.4231,0.4159,0.4118,0.4408,0.3994,0.435,0.3862,0.4211,0.4147,0.3917,0.4846,v0,bioclip_2_image
5659,/mnt/d/Photos/Z8/180-600mm/2025/2025-10-05/DSC_1747.NEF,,3,Green,neutral,neutral,0.8668,0.0686,0.9955,0.6104,0.4953,0.9252,0.001,0.0187,-0.0261,0.0539,0.0045,-0.0002,0.0252,-0.0689,a photo with strong subject separation,blurry,0.4172,0.4262,0.4379,0.4342,0.4147,0.4139,0.4238,0.3984,0.4523,0.384,0.4297,0.4149,0.3887,0.4926,v0,bioclip_2_image
5665,/mnt/d/Photos/Z8/180-600mm/2025/2025-10-05/DSC_1767.NEF,13667,3,Green,pick,neutral,0.8791,0.0645,0.9961,0.6719,0.5944,0.9519,0.0017,0.0198,-0.0267,0.0555,0.0072,0.0038,0.0299,-0.064,a photo with strong subject separation,blurry,0.4173,0.4227,0.4337,0.4342,0.4109,0.4157,0.4358,0.3975,0.4494,0.3781,0.427,0.4071,0.3859,0.4998,v0,bioclip_2_image
5666,/mnt/d/Photos/Z8/180-600mm/2025/2025-10-05/DSC_1769.NEF,13665,3,Green,pick,neutral,0.8863,0.0811,0.9969,0.6483,0.4829,0.9363,0.0012,0.0205,-0.0243,0.0576,0.0061,-0.0007,0.0269,-0.0675,a photo with strong subject separation,blurry,0.4125,0.4213,0.4319,0.4314,0.4093,0.4122,0.4253,0.3919,0.4455,0.3743,0.4253,0.41,0.3854,0.4928,v0,bioclip_2_image
5668,/mnt/d/Photos/Z8/180-600mm/2025/2025-10-05/DSC_1775.NEF,,3,Yellow,neutral,neutral,0.8805,0.1267,0.998,0.1008,0.5926,0.9909,0.0038,0.02,-0.0193,0.0619,-0.0219,0.0037,0.0469,-0.0556,natural colors,blurry,0.4306,0.4472,0.4588,0.432,0.4256,0.4251,0.4478,0.4106,0.4665,0.3969,0.4539,0.4218,0.3782,0.5034,v0,bioclip_2_image
5681,/mnt/d/Photos/Z8/180-600mm/2025/2025-10-05/DSC_1818.NEF,862,2,Yellow,reject,rejected,0.873,0.094,0.9959,0.5869,0.461,0.9462,0.0009,0.0193,-0.0227,0.0548,0.0035,-0.0016,0.0287,-0.0697,a photo with strong subject separation,blurry,0.4146,0.4239,0.4361,0.4334,0.4127,0.4146,0.4263,0.3953,0.4465,0.3812,0.4299,0.4142,0.3859,0.496,v0,bioclip_2_image
5682,/mnt/d/Photos/Z8/180-600mm/2025/2025-10-05/DSC_1820.NEF,13671,2,Yellow,pick,rejected,0.8505,0.0795,0.9948,0.6344,0.4683,0.9292,0.0009,0.0174,-0.0245,0.0525,0.0055,-0.0013,0.0257,-0.0701,a photo with strong subject separation,blurry,0.4143,0.4227,0.4346,0.4343,0.4145,0.4131,0.4238,0.397,0.4472,0.382,0.4288,0.4158,0.3874,0.4939,v0,bioclip_2_image
5685,/mnt/d/Photos/Z8/180-600mm/2025/2025-10-05/DSC_1837.NEF,,3,Green,neutral,neutral,0.9186,0.1674,0.9971,0.331,0.5254,0.8917,0.0045,0.0242,-0.016,0.0583,-0.007,0.001,0.0211,-0.054,a photo with a clear subject,a photo with no clear subject,0.4305,0.441,0.4552,0.445,0.4282,0.4229,0.4425,0.4062,0.457,0.3969,0.452,0.4272,0.4018,0.4965,v0,bioclip_2_image
5689,/mnt/d/Photos/Z8/180-600mm/2025/2025-10-05/DSC_1842.NEF,13673,3,Green,pick,neutral,0.8918,0.0944,0.9904,0.2494,0.6268,0.8357,0.0031,0.0211,-0.0226,0.0463,-0.011,0.0052,0.0163,-0.0576,high quality,blurry,0.434,0.4385,0.4536,0.4454,0.4291,0.4214,0.4339,0.4129,0.4611,0.4073,0.4564,0.4239,0.4051,0.4915,v0,bioclip_2_image
5702,/mnt/d/Photos/Z8/180-600mm/2025/2025-10-05/DSC_1866.NEF,13676,4,Green,pick,picked,0.9434,0.1264,0.9841,0.3421,0.7738,0.8653,0.0059,0.0281,-0.0193,0.0412,-0.0065,0.0123,0.0186,-0.0512,a photo with strong subject separation,blurry,0.44,0.4421,0.4519,0.4518,0.4329,0.4282,0.4414,0.4118,0.4614,0.4107,0.4583,0.4206,0.4096,0.4927,v0,bioclip_2_image
5706,/mnt/d/Photos/Z8/180-600mm/2025/2025-10-05/DSC_1875.NEF,13676,3,Green,neutral,neutral,0.9198,0.1383,0.9816,0.5059,0.661,0.859,0.0051,0.0244,-0.0183,0.0397,0.0002,0.0067,0.0181,-0.0528,a photo with strong subject separation,blurry,0.4329,0.4411,0.4444,0.4476,0.4273,0.4201,0.4401,0.4085,0.4594,0.4047,0.4474,0.4207,0.4021,0.4929,v0,bioclip_2_image
5707,/mnt/d/Photos/Z8/180-600mm/2025/2025-10-05/DSC_1877.NEF,,3,Green,neutral,neutral,0.924,0.1356,0.9809,0.4917,0.6365,0.88,0.0039,0.025,-0.0185,0.0394,-0.0003,0.0056,0.0199,-0.0554,a photo with strong subject separation,blurry,0.4323,0.4396,0.4418,0.4475,0.4256,0.4194,0.4372,0.4074,0.4581,0.4024,0.4478,0.42,0.3994,0.4926,v0,bioclip_2_image
5709,/mnt/d/Photos/Z8/180-600mm/2025/2025-10-05/DSC_1922.NEF,,4,Green,neutral,picked,0.9497,0.1811,0.9996,0.3256,0.5946,0.9932,0.0055,0.0294,-0.0151,0.0795,-0.0073,0.0038,0.0498,-0.052,a photo with a clear subject,blurry,0.4161,0.4295,0.4354,0.4207,0.4174,0.414,0.4212,0.3867,0.4446,0.3558,0.428,0.4136,0.3642,0.4732,v0,bioclip_2_image
5710,/mnt/d/Photos/Z8/180-600mm/2025/2025-10-05/DSC_1927.NEF,13677,4,Green,neutral,picked,0.9147,0.0807,0.9993,0.1958,0.6749,0.9579,0.0036,0.0237,-0.0243,0.0733,-0.0141,0.0073,0.0312,-0.0564,high quality,blurry,0.4071,0.4145,0.4308,0.4209,0.4234,0.409,0.4235,0.3834,0.4388,0.3575,0.435,0.416,0.3778,0.4799,v0,bioclip_2_image
5711,/mnt/d/Photos/Z8/180-600mm/2025/2025-10-05/DSC_1939.NEF,13677,4,Blue,neutral,picked,0.91,0.128,0.9992,0.3927,0.6974,0.9176,0.0041,0.0231,-0.0192,0.0708,-0.0044,0.0084,0.0241,-0.0549,a photo with a clear subject,blurry,0.4073,0.418,0.4233,0.4225,0.4246,0.4048,0.4279,0.3842,0.4372,0.3525,0.4269,0.4162,0.3807,0.4828,v0,bioclip_2_image
5712,/mnt/d/Photos/Z8/180-600mm/2025/2025-10-05/DSC_1945.NEF,,3,Green,neutral,neutral,0.8759,0.2685,0.999,0.3737,0.8343,0.9049,0.0067,0.0195,-0.01,0.0692,-0.0052,0.0162,0.0225,-0.0499,a photo with strong subject separation,blurry,0.4029,0.4184,0.4323,0.41,0.4171,0.399,0.4077,0.3834,0.4284,0.363,0.4151,0.401,0.3764,0.4576,v0,bioclip_2_image
5716,/mnt/d/Photos/Z8/180-600mm/2025/2025-10-05/DSC_2017.NEF,13679,3,Green,reject,neutral,0.9052,0.2304,0.9859,0.2083,0.6287,0.9524,0.0068,0.0226,-0.0121,0.0425,-0.0134,0.0053,0.03,-0.0499,a photo with strong subject separation,a photo with no clear subject,0.412,0.4234,0.4312,0.4134,0.4155,0.4102,0.443,0.3894,0.4355,0.3888,0.4267,0.4102,0.3803,0.4929,v0,bioclip_2_image
5729,/mnt/d/Photos/Z8/180-600mm/2025/2025-10-05/DSC_2217.NEF,,3,Green,neutral,neutral,0.9251,0.2653,0.9875,0.2371,0.5682,0.9296,0.0063,0.0251,-0.0102,0.0437,-0.0117,0.0027,0.0258,-0.0506,a photo with strong subject separation,a photo with no clear subject,0.4157,0.4263,0.4262,0.4165,0.4173,0.4107,0.4536,0.3905,0.4365,0.3825,0.4282,0.4146,0.3849,0.5042,v0,bioclip_2_image
5731,/mnt/d/Photos/Z8/180-600mm/2025/2025-10-05/DSC_2219.NEF,,3,Yellow,neutral,neutral,0.9044,0.1957,0.9911,0.2557,0.5531,0.9388,0.0044,0.0225,-0.0141,0.0472,-0.0107,0.0021,0.0273,-0.0543,a photo with strong subject separation,a photo with no clear subject,0.4148,0.4231,0.4286,0.4201,0.4182,0.4135,0.4513,0.3924,0.4373,0.3814,0.4307,0.416,0.3862,0.5056,v0,bioclip_2_image
5739,/mnt/d/Photos/Z8/180-600mm/2025/2025-10-05/DSC_2229.NEF,,3,Green,neutral,neutral,0.8709,0.1435,0.9986,0.5032,0.7419,0.9723,0.0165,0.0191,-0.0179,0.0658,0.0001,0.0106,0.0356,-0.0409,high quality,blurry,0.4015,0.4154,0.4269,0.429,0.3979,0.4031,0.4254,0.3824,0.4332,0.3611,0.4288,0.3873,0.3675,0.4662,v0,bioclip_2_image
5742,/mnt/d/Photos/Z8/180-600mm/2025/2025-10-05/DSC_2240.NEF,13681,4,Green,pick,picked,0.9792,0.5681,0.9996,0.5228,0.7026,0.9873,0.0155,0.0385,0.0027,0.0785,0.0009,0.0086,0.0436,-0.0415,high quality,a photo with no clear subject,0.4007,0.4146,0.4221,0.4188,0.4037,0.4046,0.4202,0.3622,0.4119,0.3436,0.4179,0.3951,0.361,0.4617,v0,bioclip_2_image
5743,/mnt/d/Photos/Z8/180-600mm/2025/2025-10-05/DSC_2243.NEF,13681,4,Blue,pick,picked,0.9858,0.6333,0.9994,0.6359,0.5877,0.9896,0.0194,0.0424,0.0055,0.0746,0.0056,0.0035,0.0456,-0.0392,high quality,a photo with no clear subject,0.4007,0.4097,0.4144,0.4185,0.4029,0.4049,0.4198,0.3583,0.4042,0.3398,0.413,0.3994,0.3593,0.4591,v0,bioclip_2_image
5744,/mnt/d/Photos/Z8/180-600mm/2025/2025-10-05/DSC_2246.NEF,,4,Green,neutral,picked,0.9679,0.426,0.9996,0.2588,0.5911,0.9836,0.0065,0.0341,-0.003,0.078,-0.0105,0.0037,0.0409,-0.0504,a photo with strong subject separation,a photo with no clear subject,0.4038,0.4183,0.4225,0.4093,0.4117,0.4061,0.4151,0.3697,0.4213,0.3444,0.4198,0.4081,0.3652,0.4655,v0,bioclip_2_image
5748,/mnt/d/Photos/Z8/180-600mm/2025/2025-10-05/DSC_2257.NEF,13682,3,Blue,neutral,neutral,0.9254,0.3406,0.9782,0.2687,0.6464,0.7658,0.0099,0.0252,-0.0066,0.0381,-0.01,0.006,0.0118,-0.0461,a photo with strong subject separation,a photo with no clear subject,0.4332,0.4407,0.4449,0.4351,0.4365,0.4237,0.4424,0.4081,0.4473,0.4069,0.4452,0.4305,0.4118,0.4885,v0,bioclip_2_image
5753,/mnt/d/Photos/Z8/180-600mm/2025/2025-10-05/DSC_2281.NEF,818,3,Green,neutral,neutral,0.9112,0.1376,0.9911,0.3334,0.6363,0.7896,0.0106,0.0233,-0.0184,0.0471,-0.0069,0.0056,0.0132,-0.0453,a photo with strong subject separation,blurry,0.4366,0.4362,0.452,0.4459,0.4271,0.4198,0.4422,0.4134,0.4546,0.4049,0.4529,0.4215,0.4066,0.4875,v0,bioclip_2_image
5764,/mnt/d/Photos/Z8/180-600mm/2025/2025-10-05/DSC_2323.NEF,,3,Yellow,neutral,neutral,0.8881,0.2103,0.9786,0.2591,0.5233,0.9184,0.0121,0.0207,-0.0132,0.0382,-0.0105,0.0009,0.0242,-0.044,a photo with strong subject separation,a photo with no clear subject,0.4121,0.4237,0.4312,0.4185,0.4113,0.4098,0.446,0.3914,0.4369,0.393,0.429,0.4104,0.3855,0.49,v0,bioclip_2_image
5767,/mnt/d/Photos/Z8/180-600mm/2025/2025-10-05/DSC_2327.NEF,,3,Yellow,neutral,neutral,0.9079,0.2321,0.9809,0.2684,0.6379,0.9491,0.011,0.0229,-0.012,0.0394,-0.01,0.0057,0.0293,-0.045,a photo with strong subject separation,a photo with no clear subject,0.409,0.4212,0.4289,0.4154,0.414,0.4088,0.4499,0.3861,0.4331,0.3895,0.4254,0.4083,0.3795,0.4949,v0,bioclip_2_image
5770,/mnt/d/Photos/Z8/180-600mm/2025/2025-10-05/DSC_2330.NEF,,3,Green,neutral,neutral,0.9238,0.2023,0.994,0.1536,0.7738,0.9666,0.0235,0.025,-0.0137,0.0511,-0.0171,0.0123,0.0336,-0.0373,a photo with strong subject separation,a photo with no clear subject,0.407,0.4166,0.4297,0.41,0.4156,0.4095,0.4596,0.382,0.4303,0.3786,0.427,0.4033,0.3759,0.4969,v0,bioclip_2_image
5772,/mnt/d/Photos/Z8/180-600mm/2025/2025-10-05/DSC_2332.NEF,,3,Green,neutral,neutral,0.912,0.1934,0.9896,0.2116,0.6283,0.9618,0.0204,0.0234,-0.0143,0.0456,-0.0132,0.0052,0.0323,-0.0387,a photo with strong subject separation,a photo with no clear subject,0.416,0.4266,0.4348,0.4186,0.4195,0.4154,0.465,0.3926,0.4408,0.3893,0.4317,0.4142,0.3831,0.5037,v0,bioclip_2_image
5776,/mnt/d/Photos/Z8/180-600mm/2025/2025-10-05/DSC_2336.NEF,,3,Green,neutral,neutral,0.9095,0.2172,0.9892,0.1836,0.6173,0.9528,0.0168,0.0231,-0.0128,0.0452,-0.0149,0.0048,0.03,-0.0407,a photo with strong subject separation,a photo with no clear subject,0.4138,0.4226,0.4351,0.4138,0.4159,0.4119,0.4585,0.3907,0.4354,0.39,0.4287,0.4111,0.3818,0.4992,v0,bioclip_2_image
5800,/mnt/d/Photos/Z8/180-600mm/2025/2025-10-05/DSC_2539.NEF,13685,4,Blue,pick,picked,0.8704,0.1564,0.9951,0.5946,0.6333,0.9053,0.0046,0.019,-0.0169,0.0531,0.0038,0.0055,0.0226,-0.0538,a photo with strong subject separation,blurry,0.4108,0.4243,0.43,0.4263,0.4137,0.4051,0.4336,0.3917,0.4411,0.3769,0.4225,0.4082,0.3825,0.4874,v0,bioclip_2_image
5835,/mnt/d/Photos/Z8/180-600mm/2025/2025-10-05/DSC_2713.NEF,,4,Green,neutral,picked,0.9173,0.0901,0.9951,0.2762,0.8706,0.7494,0.0004,0.0241,-0.0231,0.0532,-0.0096,0.0191,0.011,-0.078,a photo with strong subject separation,blurry,0.4522,0.4643,0.4754,0.4787,0.4408,0.4308,0.4387,0.4281,0.4874,0.4222,0.4883,0.4217,0.4199,0.5168,v0,bioclip_2_image
5892,/mnt/d/Photos/Z8/180-600mm/2025/2025-10-05/DSC_2817.NEF,,3,Green,neutral,neutral,0.8841,0.1776,0.984,0.2296,0.5091,0.89,0.004,0.0203,-0.0153,0.0412,-0.0121,0.0004,0.0209,-0.0553,a photo with strong subject separation,a photo with no clear subject,0.4217,0.4299,0.434,0.4273,0.4228,0.418,0.442,0.4014,0.4452,0.3929,0.4394,0.4224,0.3971,0.4973,v0,bioclip_2_image
5896,/mnt/d/Photos/Z8/180-600mm/2025/2025-10-05/DSC_2873.NEF,13693,3,Green,neutral,neutral,0.8211,0.1743,0.9983,0.3987,0.8017,0.7257,0.0083,0.0152,-0.0156,0.0638,-0.0041,0.014,0.0097,-0.0478,a photo with strong subject separation,blurry,0.413,0.4383,0.4517,0.4354,0.4096,0.4011,0.4474,0.3977,0.4538,0.3879,0.4395,0.3957,0.3913,0.4952,v0,bioclip_2_image
5897,/mnt/d/Photos/Z8/180-600mm/2025/2025-10-05/DSC_2874.NEF,,3,Green,neutral,neutral,0.785,0.2479,0.9964,0.5873,0.7265,0.7563,0.0074,0.013,-0.0111,0.0564,0.0035,0.0098,0.0113,-0.049,a photo with strong subject separation,blurry,0.4204,0.444,0.4553,0.446,0.4124,0.407,0.4394,0.4074,0.4551,0.3989,0.4424,0.4026,0.3956,0.4884,v0,bioclip_2_image
5898,/mnt/d/Photos/Z8/180-600mm/2025/2025-10-05/DSC_2875.NEF,13694,3,Green,pick,neutral,0.7877,0.1734,0.9979,0.3449,0.8046,0.7704,0.0105,0.0131,-0.0156,0.0615,-0.0064,0.0142,0.0121,-0.0455,a photo with strong subject separation,blurry,0.4094,0.4338,0.4489,0.4289,0.4075,0.397,0.4428,0.3962,0.4494,0.3874,0.4353,0.3934,0.3849,0.4882,v0,bioclip_2_image
5899,/mnt/d/Photos/Z8/180-600mm/2025/2025-10-05/DSC_2876.NEF,13694,3,Green,pick,neutral,0.7742,0.1622,0.9978,0.3837,0.7167,0.7013,0.0063,0.0123,-0.0164,0.0612,-0.0047,0.0093,0.0085,-0.0506,a photo with strong subject separation,blurry,0.4127,0.4376,0.4515,0.4322,0.4077,0.3994,0.4423,0.4004,0.454,0.3903,0.4369,0.3985,0.3909,0.4929,v0,bioclip_2_image
5900,/mnt/d/Photos/Z8/180-600mm/2025/2025-10-05/DSC_2879.NEF,13693,3,Green,neutral,neutral,0.8087,0.2588,0.9971,0.5007,0.6855,0.8213,0.0057,0.0144,-0.0105,0.0583,0.0,0.0078,0.0152,-0.0517,a photo with strong subject separation,blurry,0.419,0.4427,0.4528,0.4426,0.4037,0.4049,0.4326,0.4046,0.4532,0.3945,0.4426,0.396,0.3896,0.4842,v0,bioclip_2_image
6475,/mnt/d/Photos/Z6ii/28-400mm/2025/2025-08-31/DSC_4326.NEF,,2,Yellow,neutral,rejected,0.8345,0.0653,0.9944,0.0893,0.8458,0.8403,0.0054,0.0162,-0.0266,0.0519,-0.0232,0.017,0.0166,-0.0522,a photo with strong subject separation,blurry,0.4472,0.4715,0.4748,0.463,0.4478,0.4317,0.5009,0.4311,0.4981,0.423,0.4862,0.4307,0.4151,0.5531,v0,bioclip_2_image
6500,/mnt/d/Photos/Z6ii/28-400mm/2025/2025-08-31/DSC_4359.NEF,437,3,Green,neutral,neutral,0.8519,0.3787,0.9971,0.0986,0.8561,0.6639,0.0024,0.0175,-0.0049,0.0584,-0.0221,0.0178,0.0068,-0.0604,a photo with strong subject separation,blurry,0.3905,0.432,0.4238,0.4076,0.402,0.3829,0.48,0.373,0.4369,0.3654,0.4297,0.3842,0.3761,0.5405,v0,bioclip_2_image
6502,/mnt/d/Photos/Z6ii/28-400mm/2025/2025-08-31/DSC_4361.NEF,435,2,Yellow,neutral,rejected,0.8602,0.2945,0.9951,0.5043,0.8253,0.9869,0.001,0.0182,-0.0087,0.0532,0.0002,0.0155,0.0432,-0.0689,high quality,blurry,0.4103,0.4303,0.4282,0.4217,0.4039,0.4119,0.3774,0.3921,0.439,0.375,0.4215,0.3884,0.3688,0.4463,v0,bioclip_2_image
6503,/mnt/d/Photos/Z6ii/28-400mm/2025/2025-08-31/DSC_4362.NEF,435,2,Yellow,neutral,rejected,0.8555,0.2394,0.9976,0.4736,0.8041,0.9823,0.0009,0.0178,-0.0116,0.0603,-0.0011,0.0141,0.0402,-0.0702,high quality,blurry,0.4094,0.4302,0.4328,0.4209,0.4019,0.4074,0.3819,0.3917,0.4417,0.3725,0.4219,0.3878,0.3672,0.4521,v0,bioclip_2_image
6504,/mnt/d/Photos/Z6ii/28-400mm/2025/2025-08-31/DSC_4363.NEF,,2,Yellow,neutral,rejected,0.8732,0.1807,0.9969,0.5212,0.427,0.9734,0.0023,0.0193,-0.0151,0.0578,0.0008,-0.0029,0.036,-0.0607,a photo with strong subject separation,a photo with no clear subject,0.4174,0.4237,0.4341,0.436,0.4159,0.4206,0.4062,0.3981,0.4388,0.3763,0.4352,0.4189,0.3846,0.467,v0,bioclip_2_image
6505,/mnt/d/Photos/Z6ii/28-400mm/2025/2025-08-31/DSC_4364.NEF,,2,Yellow,neutral,rejected,0.8369,0.2154,0.9966,0.5044,0.3764,0.9629,0.0019,0.0164,-0.0129,0.057,0.0002,-0.0051,0.0326,-0.0626,a photo with strong subject separation,a photo with no clear subject,0.4203,0.4282,0.437,0.4389,0.4165,0.4184,0.4017,0.4039,0.4411,0.3801,0.4387,0.4215,0.3859,0.4644,v0,bioclip_2_image
6506,/mnt/d/Photos/Z6ii/28-400mm/2025/2025-08-31/DSC_4365.NEF,,3,Green,neutral,neutral,0.8955,0.1826,0.9967,0.532,0.5101,0.9463,0.0055,0.0215,-0.015,0.0572,0.0013,0.0004,0.0287,-0.052,high quality,a photo with no clear subject,0.4149,0.4204,0.4316,0.4226,0.409,0.4048,0.4362,0.3934,0.4354,0.3744,0.4213,0.4086,0.3761,0.4882,v0,bioclip_2_image
6509,/mnt/d/Photos/Z6ii/28-400mm/2025/2025-08-31/DSC_4368.NEF,,3,Green,neutral,neutral,0.9048,0.2257,0.9963,0.5715,0.5235,0.9336,0.0034,0.0225,-0.0123,0.056,0.0029,0.0009,0.0264,-0.0569,a photo with strong subject separation,a photo with no clear subject,0.4166,0.4258,0.4307,0.4266,0.4141,0.4066,0.4368,0.3941,0.4381,0.3747,0.4237,0.4132,0.3801,0.4937,v0,bioclip_2_image
6510,/mnt/d/Photos/Z6ii/28-400mm/2025/2025-08-31/DSC_4369.NEF,,2,Yellow,neutral,rejected,0.8406,0.1619,0.9941,0.5087,0.4418,0.8626,0.0032,0.0166,-0.0164,0.0513,0.0003,-0.0023,0.0184,-0.0575,a photo with strong subject separation,blurry,0.4203,0.4303,0.4339,0.4356,0.4173,0.4088,0.4414,0.4037,0.4468,0.3826,0.4353,0.4196,0.3904,0.4988,v0,bioclip_2_image
6511,/mnt/d/Photos/Z6ii/28-400mm/2025/2025-08-31/DSC_4370.NEF,,2,Yellow,neutral,rejected,0.8709,0.1315,0.9957,0.5818,0.431,0.9206,0.0023,0.0191,-0.0189,0.0544,0.0033,-0.0028,0.0245,-0.0607,a photo with strong subject separation,blurry,0.4206,0.426,0.4402,0.4328,0.4169,0.418,0.4342,0.4015,0.4449,0.3859,0.4295,0.4196,0.3935,0.4949,v0,bioclip_2_image
6512,/mnt/d/Photos/Z6ii/28-400mm/2025/2025-08-31/DSC_4371.NEF,,2,Yellow,neutral,rejected,0.8804,0.1604,0.9932,0.5033,0.4195,0.8734,0.0028,0.02,-0.0165,0.0499,0.0001,-0.0032,0.0193,-0.0587,a photo with strong subject separation,blurry,0.4242,0.4295,0.44,0.4352,0.4174,0.417,0.4362,0.4042,0.446,0.3901,0.4351,0.4207,0.3977,0.4949,v0,bioclip_2_image
6513,/mnt/d/Photos/Z6ii/28-400mm/2025/2025-08-31/DSC_4372.NEF,,2,Yellow,neutral,rejected,0.8535,0.1406,0.9951,0.5427,0.4467,0.8951,0.0013,0.0176,-0.0181,0.0531,0.0017,-0.0021,0.0214,-0.0663,a photo with strong subject separation,blurry,0.4159,0.4244,0.4335,0.4303,0.4126,0.4106,0.4221,0.3983,0.4425,0.3804,0.4286,0.4148,0.3892,0.4884,v0,bioclip_2_image
6514,/mnt/d/Photos/Z6ii/28-400mm/2025/2025-08-31/DSC_4373.NEF,,2,Yellow,neutral,rejected,0.8753,0.1787,0.9958,0.5501,0.4662,0.8954,0.0019,0.0195,-0.0153,0.0546,0.002,-0.0014,0.0215,-0.0627,a photo with strong subject separation,a photo with no clear subject,0.4188,0.4281,0.4352,0.4338,0.4149,0.4102,0.4266,0.3993,0.4434,0.3806,0.4318,0.4162,0.3887,0.4893,v0,bioclip_2_image
6515,/mnt/d/Photos/Z6ii/28-400mm/2025/2025-08-31/DSC_4374.NEF,,2,Yellow,neutral,rejected,0.9067,0.2276,0.9951,0.5912,0.5955,0.9202,0.0039,0.0227,-0.0122,0.0531,0.0037,0.0039,0.0245,-0.0554,high quality,blurry,0.4173,0.424,0.4291,0.426,0.4135,0.4076,0.4385,0.3946,0.4363,0.376,0.4223,0.4096,0.3832,0.4939,v0,bioclip_2_image
6516,/mnt/d/Photos/Z6ii/28-400mm/2025/2025-08-31/DSC_4377.NEF,,2,Yellow,neutral,rejected,0.9164,0.3032,0.9931,0.5808,0.565,0.9373,0.0089,0.0239,-0.0083,0.0498,0.0033,0.0026,0.027,-0.0471,high quality,blurry,0.4114,0.4194,0.4201,0.4241,0.404,0.4023,0.4473,0.3875,0.4277,0.3704,0.4208,0.4013,0.3752,0.4944,v0,bioclip_2_image
6517,/mnt/d/Photos/Z6ii/28-400mm/2025/2025-08-31/DSC_4380.NEF,,2,Yellow,neutral,rejected,0.9342,0.3,0.9932,0.5335,0.5745,0.9641,0.0049,0.0265,-0.0085,0.0498,0.0013,0.003,0.0329,-0.0531,a photo with strong subject separation,a photo with no clear subject,0.4059,0.4124,0.4135,0.4131,0.4109,0.403,0.4358,0.3793,0.4209,0.3636,0.4117,0.4079,0.3701,0.4888,v0,bioclip_2_image
6518,/mnt/d/Photos/Z6ii/28-400mm/2025/2025-08-31/DSC_4382.NEF,420,3,Green,pick,neutral,0.8875,0.1856,0.9951,0.6231,0.5125,0.9381,0.0018,0.0207,-0.0148,0.0532,0.005,0.0005,0.0272,-0.0631,a photo with strong subject separation,blurry,0.419,0.4314,0.4328,0.4339,0.4132,0.4125,0.4307,0.3984,0.4462,0.3796,0.4289,0.4127,0.3853,0.4938,v0,bioclip_2_image
6519,/mnt/d/Photos/Z6ii/28-400mm/2025/2025-08-31/DSC_4383.NEF,420,3,Green,pick,neutral,0.8519,0.1476,0.9941,0.5569,0.476,0.9353,0.0014,0.0175,-0.0175,0.0512,0.0023,-0.001,0.0267,-0.0659,a photo with strong subject separation,blurry,0.4157,0.4285,0.4302,0.4326,0.4121,0.4122,0.4242,0.3982,0.4461,0.379,0.4303,0.4131,0.3855,0.4901,v0,bioclip_2_image
6520,/mnt/d/Photos/Z6ii/28-400mm/2025/2025-08-31/DSC_4386.NEF,17469,3,Green,neutral,neutral,0.8654,0.2018,0.9942,0.5787,0.4758,0.9263,0.0019,0.0186,-0.0138,0.0514,0.0032,-0.001,0.0253,-0.0626,a photo with strong subject separation,a photo with no clear subject,0.4139,0.4255,0.4281,0.4275,0.4116,0.4085,0.4235,0.3953,0.4392,0.3767,0.4243,0.4125,0.3832,0.4861,v0,bioclip_2_image
6521,/mnt/d/Photos/Z6ii/28-400mm/2025/2025-08-31/DSC_4389.NEF,413,3,Green,pick,neutral,0.8694,0.1538,0.9933,0.5806,0.4848,0.9345,0.0016,0.019,-0.0171,0.0501,0.0033,-0.0006,0.0266,-0.0642,a photo with strong subject separation,blurry,0.4143,0.4267,0.4314,0.4302,0.4119,0.41,0.4233,0.3954,0.4437,0.3814,0.427,0.4125,0.3834,0.4876,v0,bioclip_2_image
6522,/mnt/d/Photos/Z6ii/28-400mm/2025/2025-08-31/DSC_4390.NEF,419,3,Green,pick,neutral,0.9006,0.2298,0.9929,0.6401,0.5375,0.968,0.0016,0.022,-0.0121,0.0494,0.0058,0.0015,0.0341,-0.0643,high quality,blurry,0.4199,0.4323,0.4288,0.435,0.4134,0.4149,0.4357,0.3979,0.4444,0.3794,0.4293,0.4119,0.3808,0.5,v0,bioclip_2_image
6523,/mnt/d/Photos/Z6ii/28-400mm/2025/2025-08-31/DSC_4391.NEF,419,3,Green,pick,neutral,0.8892,0.1788,0.9952,0.5309,0.4805,0.9316,0.0018,0.0208,-0.0152,0.0533,0.0012,-0.0008,0.0261,-0.0635,a photo with strong subject separation,blurry,0.4238,0.435,0.4375,0.4382,0.4182,0.417,0.4422,0.403,0.4502,0.3842,0.437,0.419,0.3909,0.5056,v0,bioclip_2_image
6524,/mnt/d/Photos/Z6ii/28-400mm/2025/2025-08-31/DSC_4392.NEF,419,3,Green,pick,neutral,0.8757,0.1694,0.9925,0.5571,0.4724,0.9368,0.0023,0.0195,-0.0159,0.0488,0.0023,-0.0011,0.027,-0.0606,a photo with strong subject separation,a photo with no clear subject,0.4197,0.4273,0.4312,0.4318,0.4166,0.4127,0.4373,0.4002,0.4432,0.3824,0.4295,0.4177,0.3857,0.4979,v0,bioclip_2_image
6525,/mnt/d/Photos/Z6ii/28-400mm/2025/2025-08-31/DSC_4393.NEF,413,3,Green,pick,neutral,0.848,0.1582,0.9915,0.5618,0.4352,0.9079,0.0015,0.0172,-0.0167,0.0476,0.0025,-0.0026,0.0229,-0.0653,a photo with strong subject separation,a photo with no clear subject,0.4142,0.4282,0.43,0.4301,0.4112,0.4082,0.421,0.397,0.4449,0.3825,0.4276,0.4139,0.3853,0.4863,v0,bioclip_2_image
6526,/mnt/d/Photos/Z6ii/28-400mm/2025/2025-08-31/DSC_4394.NEF,,3,Green,neutral,neutral,0.8944,0.2242,0.9955,0.577,0.4676,0.9524,0.002,0.0214,-0.0124,0.054,0.0031,-0.0013,0.03,-0.0623,a photo with strong subject separation,a photo with no clear subject,0.4149,0.4305,0.4295,0.43,0.412,0.4088,0.427,0.3936,0.4429,0.3755,0.4269,0.4133,0.3789,0.4893,v0,bioclip_2_image
6528,/mnt/d/Photos/Z6ii/28-400mm/2025/2025-08-31/DSC_4396.NEF,,3,Green,neutral,neutral,0.8459,0.1438,0.9922,0.5601,0.4711,0.9231,0.0015,0.017,-0.0178,0.0484,0.0024,-0.0012,0.0248,-0.0652,a photo with strong subject separation,a photo with no clear subject,0.4138,0.4284,0.4313,0.4322,0.4124,0.4106,0.4219,0.3967,0.4462,0.3829,0.4298,0.4136,0.3857,0.4871,v0,bioclip_2_image
6529,/mnt/d/Photos/Z6ii/28-400mm/2025/2025-08-31/DSC_4398.NEF,,3,Green,neutral,neutral,0.8846,0.226,0.9925,0.6063,0.4033,0.9469,0.0016,0.0204,-0.0123,0.0489,0.0043,-0.0039,0.0288,-0.0646,a photo with strong subject separation,a photo with no clear subject,0.4182,0.4292,0.4293,0.4347,0.4115,0.4149,0.434,0.3978,0.4415,0.3805,0.4304,0.4155,0.3861,0.4986,v0,bioclip_2_image
6530,/mnt/d/Photos/Z6ii/28-400mm/2025/2025-08-31/DSC_4399.NEF,,3,Green,neutral,neutral,0.8586,0.129,0.9924,0.5861,0.4836,0.9133,0.0014,0.018,-0.0191,0.0487,0.0035,-0.0007,0.0235,-0.0658,a photo with strong subject separation,a photo with no clear subject,0.4114,0.4211,0.4264,0.429,0.4118,0.4085,0.4204,0.3934,0.4402,0.3777,0.4255,0.4124,0.3849,0.4861,v0,bioclip_2_image
6531,/mnt/d/Photos/Z6ii/28-400mm/2025/2025-08-31/DSC_4400.NEF,17469,3,Green,neutral,neutral,0.8622,0.1478,0.9933,0.5458,0.4801,0.9406,0.0016,0.0183,-0.0175,0.05,0.0018,-0.0008,0.0276,-0.0645,a photo with strong subject separation,a photo with no clear subject,0.4132,0.4231,0.4291,0.4281,0.4115,0.4093,0.4231,0.3949,0.4407,0.3791,0.4262,0.4123,0.3817,0.4876,v0,bioclip_2_image
6532,/mnt/d/Photos/Z6ii/28-400mm/2025/2025-08-31/DSC_4403.NEF,17470,3,Green,pick,neutral,0.835,0.0764,0.9913,0.6211,0.585,0.8851,0.0009,0.0162,-0.0249,0.0473,0.0049,0.0034,0.0204,-0.0707,a photo with a clear subject,a photo with no clear subject,0.4192,0.4243,0.4343,0.4371,0.4203,0.4153,0.4243,0.403,0.4492,0.387,0.4322,0.4169,0.3948,0.4949,v0,bioclip_2_image
6533,/mnt/d/Photos/Z6ii/28-400mm/2025/2025-08-31/DSC_4404.NEF,17470,3,Green,pick,neutral,0.8711,0.0995,0.99,0.6888,0.524,0.9325,0.0014,0.0191,-0.022,0.0459,0.0079,0.001,0.0263,-0.066,high quality,blurry,0.4199,0.4266,0.4336,0.4356,0.4164,0.4181,0.4253,0.4008,0.4486,0.3876,0.4276,0.4155,0.3918,0.4913,v0,bioclip_2_image
6534,/mnt/d/Photos/Z6ii/28-400mm/2025/2025-08-31/DSC_4405.NEF,410,3,Green,neutral,neutral,0.8604,0.0736,0.9918,0.5671,0.599,0.8822,0.0019,0.0182,-0.0253,0.048,0.0027,0.004,0.0201,-0.0624,a photo with strong subject separation,a photo with no clear subject,0.4145,0.42,0.4302,0.4278,0.4178,0.4115,0.4295,0.3963,0.4453,0.3822,0.4251,0.4138,0.3913,0.4919,v0,bioclip_2_image
6535,/mnt/d/Photos/Z6ii/28-400mm/2025/2025-08-31/DSC_4407.NEF,,3,Green,neutral,neutral,0.9082,0.104,0.9909,0.5771,0.6376,0.9253,0.0029,0.0229,-0.0215,0.0469,0.0031,0.0056,0.0252,-0.0586,a photo with strong subject separation,a photo with no clear subject,0.4294,0.4325,0.4385,0.4365,0.4238,0.4227,0.445,0.4064,0.4541,0.3916,0.4334,0.4182,0.3975,0.5035,v0,bioclip_2_image
6536,/mnt/d/Photos/Z6ii/28-400mm/2025/2025-08-31/DSC_4408.NEF,,3,Green,neutral,neutral,0.8752,0.0573,0.9894,0.6208,0.6527,0.933,0.0021,0.0195,-0.028,0.0453,0.0049,0.0063,0.0263,-0.0616,a photo with strong subject separation,a photo with no clear subject,0.4169,0.4215,0.4286,0.4299,0.4185,0.4159,0.4331,0.3974,0.4495,0.3833,0.425,0.4122,0.3895,0.4947,v0,bioclip_2_image
6537,/mnt/d/Photos/Z6ii/28-400mm/2025/2025-08-31/DSC_4411.NEF,410,3,Green,pick,neutral,0.8372,0.1105,0.9935,0.5958,0.4868,0.9229,0.001,0.0164,-0.0209,0.0502,0.0039,-0.0005,0.0248,-0.0693,a photo with strong subject separation,a photo with no clear subject,0.4177,0.4278,0.435,0.4371,0.4152,0.4134,0.4157,0.4013,0.4487,0.3848,0.4332,0.4158,0.3886,0.485,v0,bioclip_2_image
6538,/mnt/d/Photos/Z6ii/28-400mm/2025/2025-08-31/DSC_4412.NEF,410,3,Green,pick,neutral,0.8355,0.0949,0.9925,0.6497,0.5662,0.9256,0.0013,0.0163,-0.0226,0.0488,0.0062,0.0027,0.0252,-0.0667,a photo with strong subject separation,blurry,0.4187,0.4284,0.436,0.4379,0.4166,0.4159,0.4208,0.4024,0.451,0.3872,0.4318,0.4139,0.3906,0.4876,v0,bioclip_2_image
6540,/mnt/d/Photos/Z6ii/28-400mm/2025/2025-08-31/DSC_4421.NEF,,2,Yellow,neutral,rejected,0.8193,0.1183,0.9886,0.531,0.5049,0.8556,0.0027,0.0151,-0.0201,0.0446,0.0012,0.0002,0.0178,-0.0591,a photo with strong subject separation,blurry,0.4186,0.4313,0.4338,0.4344,0.415,0.4111,0.4312,0.4034,0.4514,0.3892,0.4331,0.4148,0.3933,0.4903,v0,bioclip_2_image
6541,/mnt/d/Photos/Z6ii/28-400mm/2025/2025-08-31/DSC_4422.NEF,,2,Yellow,neutral,rejected,0.832,0.1498,0.9871,0.4693,0.6068,0.8,0.0044,0.016,-0.0174,0.0434,-0.0012,0.0043,0.0139,-0.0542,a photo with strong subject separation,blurry,0.4155,0.4277,0.4288,0.4284,0.4137,0.4068,0.4389,0.3995,0.445,0.3854,0.4297,0.4094,0.393,0.4931,v0,bioclip_2_image
6542,/mnt/d/Photos/Z6ii/28-400mm/2025/2025-08-31/DSC_4423.NEF,17471,2,Yellow,pick,rejected,0.8256,0.1432,0.988,0.505,0.524,0.8624,0.002,0.0155,-0.0179,0.0441,0.0002,0.001,0.0184,-0.0621,a photo with strong subject separation,blurry,0.4157,0.4294,0.429,0.4284,0.4135,0.4089,0.4311,0.4002,0.4473,0.3849,0.4282,0.4126,0.3905,0.4932,v0,bioclip_2_image
6543,/mnt/d/Photos/Z6ii/28-400mm/2025/2025-08-31/DSC_4424.NEF,17471,2,Yellow,pick,rejected,0.8262,0.1358,0.9867,0.5108,0.4952,0.8373,0.002,0.0156,-0.0185,0.0431,0.0004,-0.0002,0.0164,-0.062,a photo with strong subject separation,blurry,0.4128,0.425,0.4269,0.4291,0.4104,0.4072,0.4299,0.3972,0.4436,0.3838,0.4286,0.4106,0.3908,0.4919,v0,bioclip_2_image
6544,/mnt/d/Photos/Z6ii/28-400mm/2025/2025-08-31/DSC_4425.NEF,17472,3,Green,pick,neutral,0.8613,0.1239,0.9894,0.6813,0.6112,0.8941,0.0042,0.0183,-0.0196,0.0453,0.0076,0.0045,0.0213,-0.0547,a photo with strong subject separation,blurry,0.4176,0.4245,0.4298,0.432,0.414,0.4118,0.4353,0.3993,0.444,0.3845,0.4244,0.4095,0.3905,0.4901,v0,bioclip_2_image
6545,/mnt/d/Photos/Z6ii/28-400mm/2025/2025-08-31/DSC_4428.NEF,17472,3,Green,pick,neutral,0.8508,0.1422,0.9927,0.5691,0.5378,0.9119,0.0037,0.0174,-0.018,0.0491,0.0028,0.0015,0.0234,-0.0559,a photo with strong subject separation,a photo with no clear subject,0.4177,0.426,0.4325,0.4314,0.4158,0.4113,0.4409,0.4003,0.444,0.3834,0.4286,0.4143,0.3879,0.4967,v0,bioclip_2_image
6546,/mnt/d/Photos/Z6ii/28-400mm/2025/2025-08-31/DSC_4429.NEF,17472,3,Green,pick,neutral,0.8445,0.3249,0.9918,0.5453,0.5158,0.9308,0.0074,0.0169,-0.0073,0.048,0.0018,0.0006,0.026,-0.049,a photo with strong subject separation,a photo with no clear subject,0.4146,0.4266,0.4279,0.4248,0.4123,0.4087,0.4406,0.3977,0.434,0.3799,0.423,0.4116,0.3827,0.4896,v0,bioclip_2_image
6547,/mnt/d/Photos/Z6ii/28-400mm/2025/2025-08-31/DSC_4430.NEF,,3,Green,neutral,neutral,0.8562,0.239,0.9894,0.5919,0.621,0.9502,0.0104,0.0178,-0.0116,0.0453,0.0037,0.0049,0.0295,-0.0455,a photo with strong subject separation,a photo with no clear subject,0.4093,0.4193,0.4208,0.4213,0.4086,0.4084,0.4458,0.3915,0.4309,0.3754,0.4176,0.4036,0.3789,0.4914,v0,bioclip_2_image
6548,/mnt/d/Photos/Z6ii/28-400mm/2025/2025-08-31/DSC_4431.NEF,,3,Green,neutral,neutral,0.8516,0.1934,0.99,0.5442,0.4702,0.8871,0.0021,0.0175,-0.0143,0.0459,0.0018,-0.0012,0.0206,-0.0618,a photo with strong subject separation,a photo with no clear subject,0.4159,0.4275,0.4305,0.4323,0.4136,0.4098,0.4281,0.3984,0.4418,0.3846,0.4305,0.4148,0.3892,0.4899,v0,bioclip_2_image
6549,/mnt/d/Photos/Z6ii/28-400mm/2025/2025-08-31/DSC_4432.NEF,17472,3,Green,neutral,neutral,0.8669,0.1561,0.9912,0.5941,0.5322,0.9325,0.004,0.0187,-0.0169,0.0472,0.0038,0.0013,0.0263,-0.0553,a photo with strong subject separation,a photo with no clear subject,0.4061,0.4165,0.4218,0.4203,0.4085,0.4018,0.427,0.3874,0.4334,0.3746,0.4165,0.4072,0.3755,0.4823,v0,bioclip_2_image
6550,/mnt/d/Photos/Z6ii/28-400mm/2025/2025-08-31/DSC_4433.NEF,,3,Green,neutral,neutral,0.8337,0.117,0.9928,0.6361,0.5398,0.898,0.0024,0.0161,-0.0202,0.0493,0.0056,0.0016,0.0218,-0.0604,a photo with strong subject separation,a photo with no clear subject,0.4171,0.4272,0.4342,0.4347,0.4184,0.4108,0.4309,0.401,0.4474,0.3849,0.4291,0.4168,0.389,0.4912,v0,bioclip_2_image
6553,/mnt/d/Photos/Z6ii/28-400mm/2025/2025-08-31/DSC_4437.NEF,,3,Green,neutral,neutral,0.8723,0.1352,0.9931,0.7726,0.54,0.9269,0.0059,0.0192,-0.0186,0.0497,0.0122,0.0016,0.0254,-0.0513,a photo with strong subject separation,blurry,0.408,0.4149,0.4244,0.427,0.4058,0.407,0.4333,0.3888,0.4335,0.3747,0.4148,0.4042,0.3816,0.4846,v0,bioclip_2_image
6554,/mnt/d/Photos/Z6ii/28-400mm/2025/2025-08-31/DSC_4438.NEF,400,2,Yellow,neutral,rejected,0.9023,0.2694,0.9907,0.4974,0.4538,0.8901,0.0145,0.0222,-0.01,0.0467,-0.0001,-0.0019,0.0209,-0.0422,a photo with strong subject separation,a photo with no clear subject,0.4105,0.4198,0.4201,0.416,0.4046,0.4031,0.4455,0.3883,0.4298,0.3734,0.4161,0.4065,0.3822,0.4877,v0,bioclip_2_image
6559,/mnt/d/Photos/Z6ii/28-400mm/2025/2025-08-31/DSC_4443.NEF,395,3,Green,pick,neutral,0.8745,0.1383,0.9959,0.535,0.5631,0.8522,0.0042,0.0194,-0.0183,0.0549,0.0014,0.0025,0.0175,-0.0547,a photo with strong subject separation,blurry,0.4146,0.4214,0.4298,0.428,0.4155,0.4078,0.4343,0.3952,0.4397,0.3749,0.4266,0.413,0.3903,0.4891,v0,bioclip_2_image
6560,/mnt/d/Photos/Z6ii/28-400mm/2025/2025-08-31/DSC_4444.NEF,395,3,Green,pick,neutral,0.8797,0.2133,0.9907,0.5515,0.5095,0.892,0.0058,0.0199,-0.0131,0.0467,0.0021,0.0004,0.0211,-0.0514,a photo with strong subject separation,a photo with no clear subject,0.4079,0.4175,0.4192,0.4189,0.4094,0.4023,0.4326,0.388,0.4306,0.3725,0.4168,0.4091,0.3812,0.4839,v0,bioclip_2_image
6561,/mnt/d/Photos/Z6ii/28-400mm/2025/2025-08-31/DSC_4445.NEF,,3,Green,neutral,neutral,0.8648,0.1852,0.9932,0.6611,0.531,0.8425,0.0041,0.0186,-0.0148,0.0499,0.0067,0.0012,0.0168,-0.0548,a photo with strong subject separation,a photo with no clear subject,0.4064,0.4148,0.4229,0.4232,0.4068,0.4013,0.42,0.3879,0.4296,0.373,0.4166,0.4055,0.3845,0.4749,v0,bioclip_2_image
6565,/mnt/d/Photos/Z6ii/28-400mm/2025/2025-08-31/DSC_4449.NEF,,3,Yellow,neutral,neutral,0.8873,0.1083,0.9932,0.6632,0.5702,0.9048,0.006,0.0206,-0.0211,0.0498,0.0068,0.0028,0.0225,-0.0511,a photo with strong subject separation,blurry,0.4149,0.4203,0.4274,0.4304,0.4148,0.4117,0.4418,0.3942,0.4414,0.3776,0.4237,0.412,0.3891,0.4929,v0,bioclip_2_image
6567,/mnt/d/Photos/Z6ii/28-400mm/2025/2025-08-31/DSC_4451.NEF,,3,Green,neutral,neutral,0.8365,0.1599,0.9921,0.6364,0.6747,0.9109,0.0096,0.0163,-0.0166,0.0484,0.0056,0.0073,0.0232,-0.0463,a photo with strong subject separation,a photo with no clear subject,0.4124,0.4193,0.4258,0.4207,0.4118,0.4039,0.4429,0.3961,0.4359,0.3775,0.4151,0.4045,0.3806,0.4892,v0,bioclip_2_image
6569,/mnt/d/Photos/Z6ii/28-400mm/2025/2025-08-31/DSC_4453.NEF,17474,3,Green,pick,neutral,0.8569,0.1302,0.9912,0.6749,0.5565,0.9,0.0025,0.0179,-0.019,0.0472,0.0073,0.0023,0.022,-0.06,a photo with strong subject separation,blurry,0.4159,0.4237,0.4335,0.4329,0.415,0.4102,0.4262,0.398,0.4427,0.3862,0.4256,0.4127,0.3882,0.4862,v0,bioclip_2_image
6570,/mnt/d/Photos/Z6ii/28-400mm/2025/2025-08-31/DSC_4454.NEF,,3,Green,neutral,neutral,0.8259,0.089,0.9916,0.6517,0.6982,0.9012,0.0047,0.0156,-0.0233,0.0477,0.0063,0.0084,0.0221,-0.0535,a photo with strong subject separation,blurry,0.4162,0.4208,0.4345,0.4323,0.4192,0.4145,0.4398,0.4007,0.444,0.3868,0.426,0.4109,0.3924,0.4932,v0,bioclip_2_image
6571,/mnt/d/Photos/Z6ii/28-400mm/2025/2025-08-31/DSC_4455.NEF,17474,3,Green,pick,neutral,0.8297,0.1106,0.9921,0.57,0.5491,0.9068,0.0026,0.0158,-0.0209,0.0484,0.0028,0.002,0.0228,-0.0593,a photo with strong subject separation,a photo with no clear subject,0.413,0.4229,0.4322,0.4282,0.4132,0.4079,0.4252,0.3971,0.4437,0.3838,0.4254,0.4112,0.3851,0.4846,v0,bioclip_2_image
6572,/mnt/d/Photos/Z6ii/28-400mm/2025/2025-08-31/DSC_4456.NEF,17474,3,Green,pick,neutral,0.8439,0.1131,0.9927,0.559,0.5578,0.8951,0.0019,0.0169,-0.0206,0.0491,0.0024,0.0023,0.0214,-0.0625,a photo with strong subject separation,blurry,0.4133,0.4249,0.4324,0.4291,0.4154,0.4093,0.4237,0.3964,0.4455,0.3833,0.4268,0.4131,0.3879,0.4862,v0,bioclip_2_image
6573,/mnt/d/Photos/Z6ii/28-400mm/2025/2025-08-31/DSC_4458.NEF,17474,3,Green,reject,neutral,0.8176,0.13,0.9935,0.6549,0.5363,0.8956,0.0035,0.015,-0.019,0.0503,0.0064,0.0015,0.0215,-0.0565,a photo with strong subject separation,blurry,0.4143,0.4217,0.4328,0.4281,0.4154,0.4108,0.4337,0.3993,0.4407,0.3825,0.4217,0.414,0.3893,0.4901,v0,bioclip_2_image
6574,/mnt/d/Photos/Z6ii/28-400mm/2025/2025-08-31/DSC_4459.NEF,17474,3,Green,reject,neutral,0.8264,0.1268,0.9925,0.59,0.5178,0.8692,0.0021,0.0156,-0.0193,0.0489,0.0036,0.0007,0.0189,-0.0615,a photo with strong subject separation,blurry,0.4191,0.4311,0.4366,0.4371,0.4174,0.4133,0.429,0.4035,0.4504,0.3877,0.4334,0.4167,0.3944,0.4905,v0,bioclip_2_image
6575,/mnt/d/Photos/Z6ii/28-400mm/2025/2025-08-31/DSC_4460.NEF,,3,Green,neutral,neutral,0.8568,0.1677,0.9918,0.6587,0.601,0.9296,0.0058,0.0179,-0.016,0.0479,0.0066,0.0041,0.0258,-0.0514,a photo with strong subject separation,a photo with no clear subject,0.4167,0.426,0.4279,0.4276,0.4133,0.4112,0.4369,0.3988,0.4421,0.38,0.421,0.4092,0.3854,0.4884,v0,bioclip_2_image
6576,/mnt/d/Photos/Z6ii/28-400mm/2025/2025-08-31/DSC_4462.NEF,388,3,Green,neutral,neutral,0.8403,0.1363,0.9927,0.6178,0.5918,0.8988,0.0036,0.0166,-0.0185,0.0491,0.0048,0.0037,0.0218,-0.0561,a photo with strong subject separation,a photo with no clear subject,0.4208,0.4294,0.4349,0.4323,0.4201,0.4134,0.4315,0.4042,0.4479,0.3858,0.4275,0.4164,0.3916,0.4876,v0,bioclip_2_image
6577,/mnt/d/Photos/Z6ii/28-400mm/2025/2025-08-31/DSC_4465.NEF,,3,Green,neutral,neutral,0.8423,0.1076,0.993,0.6861,0.5882,0.9359,0.0027,0.0168,-0.0212,0.0495,0.0078,0.0036,0.0268,-0.0592,a photo with strong subject separation,a photo with no clear subject,0.4152,0.4234,0.4316,0.4313,0.4166,0.4114,0.4294,0.3984,0.4446,0.3821,0.4235,0.413,0.3846,0.4886,v0,bioclip_2_image
6578,/mnt/d/Photos/Z6ii/28-400mm/2025/2025-08-31/DSC_4469.NEF,386,3,Green,pick,neutral,0.8573,0.1069,0.9952,0.5661,0.5286,0.9199,0.0025,0.0179,-0.0212,0.0533,0.0027,0.0011,0.0244,-0.0598,a photo with strong subject separation,a photo with no clear subject,0.4138,0.422,0.4331,0.4302,0.4164,0.4111,0.4267,0.3959,0.4432,0.3798,0.4275,0.4152,0.3867,0.4865,v0,bioclip_2_image
6581,/mnt/d/Photos/Z6ii/28-400mm/2025/2025-08-31/DSC_4484.NEF,385,3,Green,pick,neutral,0.8414,0.1258,0.9924,0.5954,0.434,0.9067,0.002,0.0167,-0.0194,0.0487,0.0039,-0.0027,0.0227,-0.0623,a photo with strong subject separation,a photo with no clear subject,0.4148,0.4259,0.4294,0.4315,0.4138,0.408,0.4258,0.3981,0.4453,0.3807,0.4277,0.4165,0.3853,0.4881,v0,bioclip_2_image
6582,/mnt/d/Photos/Z6ii/28-400mm/2025/2025-08-31/DSC_4485.NEF,17475,3,Green,pick,neutral,0.8374,0.1129,0.9921,0.6201,0.4896,0.9186,0.0022,0.0164,-0.0206,0.0483,0.0049,-0.0004,0.0242,-0.0611,a photo with strong subject separation,blurry,0.4136,0.4243,0.4282,0.4308,0.4132,0.4095,0.4233,0.3972,0.4449,0.38,0.4259,0.4136,0.3853,0.4844,v0,bioclip_2_image
6583,/mnt/d/Photos/Z6ii/28-400mm/2025/2025-08-31/DSC_4486.NEF,17475,3,Green,pick,neutral,0.8356,0.122,0.9926,0.6077,0.4807,0.904,0.0023,0.0163,-0.0197,0.049,0.0044,-0.0008,0.0224,-0.0606,a photo with strong subject separation,blurry,0.4133,0.4251,0.4301,0.4316,0.4126,0.4086,0.4245,0.3971,0.4449,0.3811,0.4272,0.4134,0.3861,0.4851,v0,bioclip_2_image
6585,/mnt/d/Photos/Z6ii/28-400mm/2025/2025-08-31/DSC_4488.NEF,,3,Green,neutral,neutral,0.8308,0.0926,0.9907,0.5721,0.5807,0.8763,0.0028,0.0159,-0.0228,0.0467,0.0029,0.0033,0.0196,-0.0586,a photo with strong subject separation,a photo with no clear subject,0.4181,0.424,0.433,0.4306,0.4183,0.4126,0.4264,0.4022,0.4468,0.3863,0.4277,0.4151,0.393,0.485,v0,bioclip_2_image
6586,/mnt/d/Photos/Z6ii/28-400mm/2025/2025-08-31/DSC_4489.NEF,17475,3,Green,reject,neutral,0.8342,0.1088,0.9907,0.5111,0.4773,0.8678,0.0018,0.0162,-0.021,0.0467,0.0004,-0.0009,0.0188,-0.0634,a photo with strong subject separation,blurry,0.4153,0.4267,0.4317,0.4301,0.414,0.4079,0.4224,0.3991,0.4477,0.385,0.4296,0.4149,0.389,0.4858,v0,bioclip_2_image
6587,/mnt/d/Photos/Z6ii/28-400mm/2025/2025-08-31/DSC_4490.NEF,,2,Yellow,neutral,rejected,0.8374,0.0985,0.988,0.5377,0.5343,0.8678,0.0024,0.0164,-0.0221,0.0441,0.0015,0.0014,0.0188,-0.0603,a photo with strong subject separation,blurry,0.4172,0.4268,0.4306,0.4314,0.4136,0.4108,0.4289,0.4008,0.449,0.3865,0.4299,0.4123,0.392,0.4892,v0,bioclip_2_image
6588,/mnt/d/Photos/Z6ii/28-400mm/2025/2025-08-31/DSC_4491.NEF,17476,2,Yellow,pick,rejected,0.8305,0.102,0.9898,0.5311,0.5103,0.8703,0.002,0.0159,-0.0217,0.0458,0.0012,0.0004,0.019,-0.0619,a photo with strong subject separation,blurry,0.4191,0.4277,0.4332,0.4339,0.4159,0.4122,0.4278,0.4032,0.4495,0.3874,0.4326,0.4155,0.3932,0.4897,v0,bioclip_2_image
6590,/mnt/d/Photos/Z6ii/28-400mm/2025/2025-08-31/DSC_4493.NEF,17476,2,Yellow,reject,rejected,0.8487,0.1201,0.9898,0.5471,0.4662,0.8822,0.0029,0.0172,-0.0199,0.0458,0.0019,-0.0014,0.0201,-0.0585,a photo with strong subject separation,blurry,0.4155,0.4271,0.4276,0.4301,0.4125,0.4079,0.4307,0.3983,0.447,0.3818,0.4282,0.4138,0.3877,0.4892,v0,bioclip_2_image
6591,/mnt/d/Photos/Z6ii/28-400mm/2025/2025-08-31/DSC_4494.NEF,17476,2,Yellow,pick,rejected,0.8319,0.1596,0.9923,0.4969,0.3552,0.8526,0.0018,0.016,-0.0166,0.0486,-0.0001,-0.006,0.0175,-0.0629,a photo with strong subject separation,blurry,0.4104,0.4244,0.4255,0.4272,0.4079,0.4026,0.4224,0.3944,0.4411,0.3769,0.4273,0.4139,0.385,0.4853,v0,bioclip_2_image
6592,/mnt/d/Photos/Z6ii/28-400mm/2025/2025-08-31/DSC_4495.NEF,17477,2,Yellow,pick,rejected,0.8414,0.1232,0.9907,0.5621,0.5095,0.8683,0.0025,0.0167,-0.0196,0.0467,0.0025,0.0004,0.0189,-0.0598,a photo with strong subject separation,blurry,0.4142,0.4275,0.4301,0.4308,0.413,0.4089,0.4333,0.3975,0.4471,0.3834,0.4283,0.4126,0.39,0.4931,v0,bioclip_2_image
6593,/mnt/d/Photos/Z6ii/28-400mm/2025/2025-08-31/DSC_4496.NEF,17477,2,Yellow,pick,rejected,0.8407,0.1535,0.99,0.521,0.4106,0.8687,0.002,0.0166,-0.0171,0.046,0.0008,-0.0036,0.0189,-0.0623,a photo with strong subject separation,blurry,0.4142,0.428,0.428,0.4301,0.4106,0.4065,0.4255,0.3975,0.445,0.382,0.4292,0.4142,0.3876,0.4878,v0,bioclip_2_image
6594,/mnt/d/Photos/Z6ii/28-400mm/2025/2025-08-31/DSC_4498.NEF,,2,Yellow,neutral,rejected,0.8234,0.1347,0.9888,0.5563,0.4352,0.8671,0.0022,0.0154,-0.0186,0.0448,0.0023,-0.0026,0.0188,-0.0614,a photo with strong subject separation,blurry,0.415,0.4276,0.4304,0.4324,0.4117,0.4087,0.429,0.3996,0.4462,0.3856,0.4301,0.4143,0.3899,0.4903,v0,bioclip_2_image
6595,/mnt/d/Photos/Z6ii/28-400mm/2025/2025-08-31/DSC_4499.NEF,17478,3,Green,pick,neutral,0.8556,0.1139,0.9911,0.5484,0.5758,0.9004,0.0034,0.0178,-0.0205,0.0471,0.0019,0.0031,0.022,-0.0567,a photo with strong subject separation,blurry,0.4186,0.427,0.4383,0.4346,0.4191,0.4164,0.4351,0.4009,0.4475,0.3912,0.4326,0.4161,0.3944,0.4918,v0,bioclip_2_image
6596,/mnt/d/Photos/Z6ii/28-400mm/2025/2025-08-31/DSC_4500.NEF,17478,3,Green,pick,neutral,0.857,0.1142,0.9926,0.6392,0.6062,0.8975,0.0026,0.0179,-0.0205,0.049,0.0057,0.0043,0.0217,-0.0596,high quality,blurry,0.4226,0.4315,0.4413,0.4404,0.4218,0.4175,0.4381,0.4047,0.452,0.3922,0.4346,0.4175,0.3958,0.4977,v0,bioclip_2_image
6597,/mnt/d/Photos/Z6ii/28-400mm/2025/2025-08-31/DSC_4501.NEF,17479,2,Yellow,pick,rejected,0.8628,0.201,0.9908,0.572,0.5036,0.8953,0.0053,0.0184,-0.0138,0.0468,0.0029,0.0001,0.0215,-0.0523,a photo with strong subject separation,a photo with no clear subject,0.4174,0.4267,0.4299,0.4312,0.414,0.4119,0.4391,0.3991,0.4405,0.383,0.4283,0.4139,0.3905,0.4914,v0,bioclip_2_image
6598,/mnt/d/Photos/Z6ii/28-400mm/2025/2025-08-31/DSC_4502.NEF,17480,3,Green,pick,neutral,0.8742,0.1347,0.9916,0.4528,0.4141,0.915,0.0031,0.0194,-0.0186,0.0477,-0.0019,-0.0035,0.0238,-0.0576,a photo with strong subject separation,blurry,0.4181,0.4282,0.4318,0.4325,0.4164,0.4153,0.4281,0.3987,0.4468,0.3841,0.4344,0.4198,0.3915,0.4857,v0,bioclip_2_image
6599,/mnt/d/Photos/Z6ii/28-400mm/2025/2025-08-31/DSC_4503.NEF,17480,2,Yellow,reject,rejected,0.8568,0.1296,0.9902,0.5469,0.4509,0.9016,0.0025,0.0179,-0.019,0.0462,0.0019,-0.002,0.0221,-0.0598,a photo with strong subject separation,blurry,0.4161,0.4266,0.4318,0.434,0.413,0.4125,0.4274,0.3982,0.4456,0.3856,0.4322,0.415,0.3903,0.4872,v0,bioclip_2_image
6600,/mnt/d/Photos/Z6ii/28-400mm/2025/2025-08-31/DSC_4505.NEF,17480,2,Yellow,pick,rejected,0.844,0.1603,0.9916,0.5122,0.4356,0.8901,0.0025,0.0169,-0.0166,0.0477,0.0005,-0.0026,0.0209,-0.0598,a photo with strong subject separation,a photo with no clear subject,0.4143,0.4281,0.4323,0.4311,0.412,0.4097,0.426,0.3974,0.4447,0.3846,0.4306,0.4146,0.3888,0.4858,v0,bioclip_2_image
6601,/mnt/d/Photos/Z6ii/28-400mm/2025/2025-08-31/DSC_4506.NEF,17480,2,Yellow,pick,rejected,0.8458,0.1552,0.9907,0.5367,0.4508,0.894,0.002,0.017,-0.0169,0.0467,0.0015,-0.002,0.0213,-0.0619,a photo with strong subject separation,a photo with no clear subject,0.4123,0.4271,0.4288,0.4293,0.4113,0.4067,0.4231,0.3952,0.444,0.3821,0.4278,0.4132,0.3854,0.485,v0,bioclip_2_image
6602,/mnt/d/Photos/Z6ii/28-400mm/2025/2025-08-31/DSC_4507.NEF,17479,2,Yellow,pick,rejected,0.8511,0.144,0.9912,0.5264,0.478,0.896,0.0033,0.0174,-0.0178,0.0473,0.0011,-0.0009,0.0215,-0.0572,a photo with strong subject separation,blurry,0.4152,0.4274,0.4307,0.4309,0.4127,0.4101,0.4298,0.3978,0.4452,0.3834,0.4299,0.4135,0.3886,0.487,v0,bioclip_2_image
6603,/mnt/d/Photos/Z6ii/28-400mm/2025/2025-08-31/DSC_4508.NEF,17480,2,Yellow,reject,rejected,0.8454,0.1475,0.9904,0.5428,0.4571,0.8794,0.0021,0.017,-0.0175,0.0464,0.0017,-0.0017,0.0199,-0.0617,a photo with strong subject separation,blurry,0.4181,0.4315,0.4342,0.4367,0.4168,0.4128,0.4297,0.4011,0.4491,0.3879,0.4349,0.4186,0.393,0.4914,v0,bioclip_2_image
6604,/mnt/d/Photos/Z6ii/28-400mm/2025/2025-08-31/DSC_4509.NEF,17479,2,Yellow,reject,rejected,0.8632,0.157,0.9904,0.5104,0.4414,0.876,0.0026,0.0184,-0.0168,0.0464,0.0004,-0.0024,0.0195,-0.0593,a photo with strong subject separation,blurry,0.4163,0.4297,0.4323,0.4345,0.413,0.4107,0.4307,0.3978,0.4465,0.3859,0.4341,0.4154,0.3911,0.4901,v0,bioclip_2_image
6605,/mnt/d/Photos/Z6ii/28-400mm/2025/2025-08-31/DSC_4510.NEF,17480,2,Yellow,reject,rejected,0.8488,0.17,0.9903,0.5294,0.4158,0.8729,0.0024,0.0173,-0.0159,0.0462,0.0012,-0.0034,0.0193,-0.0603,a photo with strong subject separation,blurry,0.4162,0.4309,0.4312,0.4334,0.4136,0.4094,0.4293,0.399,0.4467,0.385,0.4322,0.417,0.3901,0.4896,v0,bioclip_2_image
6606,/mnt/d/Photos/Z6ii/28-400mm/2025/2025-08-31/DSC_4511.NEF,17480,2,Yellow,reject,rejected,0.8537,0.1376,0.9909,0.5492,0.4865,0.8884,0.0027,0.0176,-0.0184,0.0469,0.002,-0.0005,0.0207,-0.0592,a photo with strong subject separation,blurry,0.4156,0.4283,0.4315,0.4329,0.4143,0.4096,0.4287,0.3979,0.4466,0.3846,0.4309,0.4148,0.3888,0.4879,v0,bioclip_2_image
6607,/mnt/d/Photos/Z6ii/28-400mm/2025/2025-08-31/DSC_4512.NEF,17480,2,Yellow,reject,rejected,0.8662,0.1906,0.9908,0.5327,0.4265,0.8951,0.0023,0.0187,-0.0145,0.0468,0.0013,-0.003,0.0214,-0.0607,a photo with strong subject separation,a photo with no clear subject,0.4162,0.4301,0.4303,0.4326,0.413,0.4097,0.4256,0.3976,0.4446,0.3835,0.4313,0.4159,0.3882,0.4862,v0,bioclip_2_image
6608,/mnt/d/Photos/Z6ii/28-400mm/2025/2025-08-31/DSC_4513.NEF,17481,2,Yellow,pick,rejected,0.8434,0.1525,0.9914,0.5422,0.4003,0.872,0.0021,0.0168,-0.0172,0.0474,0.0017,-0.004,0.0192,-0.0619,a photo with strong subject separation,blurry,0.4177,0.4312,0.4337,0.4364,0.4141,0.4105,0.4264,0.4008,0.4483,0.3863,0.4347,0.4181,0.3914,0.4883,v0,bioclip_2_image
6609,/mnt/d/Photos/Z6ii/28-400mm/2025/2025-08-31/DSC_4514.NEF,17481,3,Yellow,pick,neutral,0.8659,0.179,0.9907,0.4997,0.4388,0.8976,0.0025,0.0187,-0.0152,0.0467,-0.0,-0.0025,0.0217,-0.0598,a photo with strong subject separation,blurry,0.4162,0.4309,0.4315,0.4329,0.4131,0.4112,0.428,0.3975,0.4462,0.3848,0.4329,0.4156,0.3895,0.4879,v0,bioclip_2_image
6610,/mnt/d/Photos/Z6ii/28-400mm/2025/2025-08-31/DSC_4515.NEF,17479,2,Yellow,pick,rejected,0.8611,0.1614,0.9913,0.5412,0.4358,0.8806,0.0026,0.0182,-0.0165,0.0473,0.0017,-0.0026,0.02,-0.0595,a photo with strong subject separation,blurry,0.4182,0.4315,0.432,0.4357,0.4153,0.4118,0.4302,0.3999,0.448,0.3847,0.4341,0.4179,0.3918,0.4897,v0,bioclip_2_image
6611,/mnt/d/Photos/Z6ii/28-400mm/2025/2025-08-31/DSC_4517.NEF,17482,2,Yellow,reject,rejected,0.8832,0.1633,0.9899,0.4928,0.4643,0.8982,0.0063,0.0202,-0.0163,0.0459,-0.0003,-0.0014,0.0218,-0.0506,a photo with strong subject separation,blurry,0.4164,0.4257,0.4282,0.4302,0.4138,0.4092,0.4427,0.3961,0.442,0.3824,0.4305,0.4152,0.3874,0.4933,v0,bioclip_2_image
6612,/mnt/d/Photos/Z6ii/28-400mm/2025/2025-08-31/DSC_4518.NEF,17482,3,Green,pick,neutral,0.8631,0.1038,0.9889,0.5654,0.4146,0.8624,0.004,0.0184,-0.0216,0.0449,0.0026,-0.0034,0.0184,-0.0552,high quality,blurry,0.4166,0.4236,0.4286,0.4358,0.4113,0.4113,0.4362,0.3982,0.4451,0.3838,0.4332,0.4148,0.3929,0.4914,v0,bioclip_2_image
6613,/mnt/d/Photos/Z6ii/28-400mm/2025/2025-08-31/DSC_4519.NEF,17482,2,Yellow,pick,rejected,0.8857,0.1075,0.9924,0.5139,0.4179,0.9143,0.0039,0.0205,-0.0212,0.0487,0.0006,-0.0033,0.0237,-0.0554,a photo with strong subject separation,blurry,0.4126,0.4225,0.4262,0.4275,0.4121,0.4094,0.434,0.3921,0.4437,0.3775,0.4269,0.4154,0.3857,0.4893,v0,bioclip_2_image
6614,/mnt/d/Photos/Z6ii/28-400mm/2025/2025-08-31/DSC_4520.NEF,17483,2,Yellow,pick,rejected,0.8829,0.0874,0.9905,0.4985,0.4708,0.9085,0.007,0.0202,-0.0235,0.0464,-0.0001,-0.0012,0.0229,-0.0496,high quality,blurry,0.4128,0.4179,0.4251,0.4261,0.4118,0.4073,0.4374,0.3926,0.4413,0.3786,0.4261,0.4129,0.3843,0.4869,v0,bioclip_2_image
6615,/mnt/d/Photos/Z6ii/28-400mm/2025/2025-08-31/DSC_4521.NEF,17482,2,Yellow,pick,rejected,0.8342,0.1166,0.9913,0.5054,0.4387,0.8198,0.0038,0.0162,-0.0203,0.0473,0.0002,-0.0025,0.0151,-0.0557,a photo with strong subject separation,blurry,0.4168,0.4236,0.4275,0.4314,0.4122,0.4081,0.4368,0.4006,0.4438,0.3802,0.4312,0.4147,0.393,0.4924,v0,bioclip_2_image
6616,/mnt/d/Photos/Z6ii/28-400mm/2025/2025-08-31/DSC_4522.NEF,17482,2,Yellow,reject,rejected,0.8737,0.129,0.9875,0.4923,0.4116,0.8778,0.0065,0.0193,-0.0191,0.0437,-0.0003,-0.0036,0.0197,-0.0502,high quality,blurry,0.4159,0.421,0.4262,0.4288,0.4104,0.4098,0.4374,0.3965,0.4401,0.3825,0.4291,0.414,0.3901,0.4876,v0,bioclip_2_image
6617,/mnt/d/Photos/Z6ii/28-400mm/2025/2025-08-31/DSC_4523.NEF,17483,3,Green,pick,neutral,0.8835,0.1398,0.9919,0.5578,0.4716,0.8968,0.0035,0.0203,-0.0182,0.0481,0.0023,-0.0011,0.0216,-0.0565,a photo with strong subject separation,blurry,0.4186,0.428,0.433,0.4338,0.4153,0.414,0.4329,0.3983,0.4462,0.3849,0.4315,0.4165,0.3924,0.4893,v0,bioclip_2_image
6618,/mnt/d/Photos/Z6ii/28-400mm/2025/2025-08-31/DSC_4525.NEF,17484,2,Yellow,pick,rejected,0.8593,0.1232,0.9891,0.5088,0.5678,0.8547,0.0075,0.0181,-0.0196,0.0451,0.0004,0.0027,0.0177,-0.0489,a photo with strong subject separation,blurry,0.4111,0.4158,0.4248,0.4219,0.4115,0.4039,0.4305,0.393,0.4354,0.3798,0.4215,0.4088,0.3862,0.4793,v0,bioclip_2_image
6619,/mnt/d/Photos/Z6ii/28-400mm/2025/2025-08-31/DSC_4526.NEF,17484,2,Green,pick,rejected,0.8564,0.0611,0.9931,0.5158,0.6646,0.8558,0.0039,0.0179,-0.0273,0.0496,0.0006,0.0068,0.0178,-0.0554,a photo with strong subject separation,blurry,0.4224,0.4241,0.4386,0.4348,0.4227,0.4152,0.4334,0.4045,0.4514,0.3889,0.4341,0.4159,0.3974,0.4888,v0,bioclip_2_image
6620,/mnt/d/Photos/Z6ii/28-400mm/2025/2025-08-31/DSC_4527.NEF,17485,3,Green,pick,neutral,0.8753,0.1318,0.9926,0.5591,0.4735,0.885,0.0031,0.0195,-0.0189,0.049,0.0024,-0.0011,0.0204,-0.0577,a photo with strong subject separation,blurry,0.4199,0.4265,0.4335,0.4347,0.4163,0.4128,0.429,0.4004,0.4454,0.3845,0.4323,0.4174,0.3924,0.4866,v0,bioclip_2_image
6621,/mnt/d/Photos/Z6ii/28-400mm/2025/2025-08-31/DSC_4532.NEF,17485,3,Green,reject,neutral,0.8373,0.0713,0.9904,0.5468,0.5432,0.8948,0.003,0.0164,-0.0257,0.0463,0.0019,0.0017,0.0214,-0.0581,a photo with strong subject separation,blurry,0.4154,0.4207,0.4302,0.4306,0.4155,0.4118,0.4311,0.3991,0.4463,0.3839,0.4287,0.4138,0.3904,0.4892,v0,bioclip_2_image
6622,/mnt/d/Photos/Z6ii/28-400mm/2025/2025-08-31/DSC_4536.NEF,17485,3,Green,pick,neutral,0.9116,0.1223,0.9917,0.5985,0.5745,0.9181,0.0052,0.0233,-0.0197,0.0478,0.004,0.003,0.0242,-0.0526,a photo with strong subject separation,blurry,0.415,0.4183,0.4267,0.4253,0.4144,0.4114,0.4344,0.3917,0.438,0.379,0.4213,0.4114,0.3872,0.487,v0,bioclip_2_image
6623,/mnt/d/Photos/Z6ii/28-400mm/2025/2025-08-31/DSC_4538.NEF,17485,3,Green,pick,neutral,0.8574,0.1142,0.9901,0.5722,0.4475,0.8915,0.0021,0.0179,-0.0205,0.046,0.0029,-0.0021,0.0211,-0.0615,a photo with strong subject separation,blurry,0.4143,0.4199,0.4291,0.4302,0.411,0.4097,0.4206,0.3963,0.4404,0.3831,0.4273,0.4131,0.3886,0.482,v0,bioclip_2_image
6624,/mnt/d/Photos/Z6ii/28-400mm/2025/2025-08-31/DSC_4541.NEF,,3,Green,neutral,neutral,0.8554,0.0947,0.9904,0.5889,0.5945,0.8828,0.0038,0.0178,-0.0226,0.0464,0.0036,0.0038,0.0202,-0.0557,a photo with strong subject separation,blurry,0.4168,0.4231,0.4326,0.4323,0.4179,0.4111,0.4325,0.399,0.4457,0.3862,0.4287,0.4141,0.3909,0.4881,v0,bioclip_2_image
6625,/mnt/d/Photos/Z6ii/28-400mm/2025/2025-08-31/DSC_4542.NEF,17486,3,Green,pick,neutral,0.8519,0.1421,0.9921,0.5954,0.4455,0.8875,0.0018,0.0175,-0.018,0.0484,0.0039,-0.0022,0.0207,-0.0634,a photo with strong subject separation,blurry,0.4112,0.4216,0.4271,0.4293,0.4106,0.4059,0.4176,0.3937,0.4395,0.3788,0.4254,0.4128,0.3852,0.481,v0,bioclip_2_image
6627,/mnt/d/Photos/Z6ii/28-400mm/2025/2025-08-31/DSC_4544.NEF,,3,Green,neutral,neutral,0.8367,0.118,0.9898,0.6356,0.5104,0.8886,0.0024,0.0163,-0.0201,0.0458,0.0056,0.0004,0.0208,-0.0604,a photo with strong subject separation,blurry,0.4175,0.427,0.4325,0.4343,0.4157,0.4114,0.4275,0.4011,0.4471,0.3867,0.4287,0.4153,0.3906,0.488,v0,bioclip_2_image
6631,/mnt/d/Photos/Z6ii/28-400mm/2025/2025-08-31/DSC_4548.NEF,17487,3,Green,pick,neutral,0.8593,0.1647,0.9918,0.5658,0.4559,0.8937,0.0043,0.0181,-0.0162,0.0479,0.0026,-0.0018,0.0213,-0.0545,a photo with strong subject separation,blurry,0.4155,0.4262,0.4333,0.4315,0.4131,0.4113,0.4323,0.3974,0.4424,0.3854,0.4289,0.4149,0.39,0.4868,v0,bioclip_2_image
6633,/mnt/d/Photos/Z6ii/28-400mm/2025/2025-08-31/DSC_4550.NEF,,3,Green,neutral,neutral,0.8861,0.1233,0.9925,0.7221,0.4663,0.9182,0.0035,0.0205,-0.0196,0.0488,0.0095,-0.0013,0.0242,-0.0566,a photo with strong subject separation,blurry,0.4117,0.4197,0.4254,0.4299,0.4102,0.4073,0.4272,0.3912,0.4393,0.3766,0.4204,0.4116,0.3831,0.4838,v0,bioclip_2_image
6634,/mnt/d/Photos/Z6ii/28-400mm/2025/2025-08-31/DSC_4551.NEF,372,3,Green,neutral,neutral,0.8277,0.1404,0.9794,0.4361,0.3043,0.8538,0.0081,0.0157,-0.0181,0.0386,-0.0026,-0.0083,0.0176,-0.0481,a photo with strong subject separation,blurry,0.4179,0.4218,0.4254,0.4262,0.4165,0.4119,0.4388,0.4022,0.4399,0.3868,0.4287,0.4248,0.3942,0.4869,v0,bioclip_2_image
6635,/mnt/d/Photos/Z6ii/28-400mm/2025/2025-08-31/DSC_4552.NEF,,3,Green,neutral,neutral,0.8707,0.1335,0.9899,0.5357,0.4628,0.8796,0.0044,0.0191,-0.0187,0.0458,0.0014,-0.0015,0.0199,-0.0542,a photo with strong subject separation,blurry,0.4146,0.4226,0.4279,0.4261,0.4118,0.408,0.4334,0.3955,0.4413,0.3821,0.4247,0.4133,0.3882,0.4877,v0,bioclip_2_image
6636,/mnt/d/Photos/Z6ii/28-400mm/2025/2025-08-31/DSC_4555.NEF,17487,3,Green,pick,neutral,0.8253,0.1437,0.9919,0.6045,0.5015,0.8849,0.0034,0.0155,-0.0178,0.048,0.0042,0.0001,0.0204,-0.0568,high quality,blurry,0.4114,0.4205,0.4295,0.4276,0.4103,0.4042,0.4269,0.3959,0.4383,0.3815,0.4234,0.4102,0.3838,0.4837,v0,bioclip_2_image
6637,/mnt/d/Photos/Z6ii/28-400mm/2025/2025-08-31/DSC_4556.NEF,372,3,Green,neutral,neutral,0.867,0.1017,0.9917,0.597,0.4785,0.9177,0.0022,0.0188,-0.0218,0.0479,0.0039,-0.0009,0.0241,-0.061,a photo with strong subject separation,blurry,0.4162,0.4227,0.4318,0.4346,0.4147,0.4139,0.4249,0.3974,0.4445,0.3839,0.4307,0.4155,0.3898,0.4859,v0,bioclip_2_image
6638,/mnt/d/Photos/Z6ii/28-400mm/2025/2025-08-31/DSC_4557.NEF,17487,3,Green,pick,neutral,0.8664,0.1293,0.9911,0.6627,0.4986,0.8741,0.0038,0.0187,-0.0191,0.0471,0.0068,-0.0001,0.0194,-0.0557,a photo with strong subject separation,blurry,0.4202,0.4301,0.4329,0.4351,0.4164,0.411,0.4379,0.4015,0.4492,0.3857,0.4284,0.4165,0.3917,0.4936,v0,bioclip_2_image
6639,/mnt/d/Photos/Z6ii/28-400mm/2025/2025-08-31/DSC_4558.NEF,17487,3,Green,pick,neutral,0.9047,0.147,0.9941,0.6535,0.5106,0.912,0.0042,0.0225,-0.0176,0.0512,0.0063,0.0004,0.0234,-0.0546,a photo with strong subject separation,blurry,0.4199,0.4287,0.4329,0.4339,0.4162,0.4145,0.432,0.3974,0.4463,0.3817,0.4276,0.4157,0.3911,0.4867,v0,bioclip_2_image
6640,/mnt/d/Photos/Z6ii/28-400mm/2025/2025-08-31/DSC_4561.NEF,17486,3,Green,pick,neutral,0.8812,0.1279,0.9919,0.6296,0.5117,0.8856,0.0037,0.02,-0.0192,0.0481,0.0053,0.0005,0.0205,-0.0558,a photo with strong subject separation,blurry,0.4207,0.4299,0.4348,0.4355,0.4179,0.4146,0.4343,0.4007,0.4491,0.3867,0.4302,0.4174,0.3941,0.4901,v0,bioclip_2_image
6685,/mnt/d/Photos/Z6ii/28-400mm/2025/2025-08-23/DSC_3987.NEF,,2,Yellow,neutral,rejected,0.7496,0.1263,0.9901,0.0251,0.7601,0.8223,0.0043,0.011,-0.0193,0.046,-0.0366,0.0115,0.0153,-0.0544,a photo with strong subject separation,blurry,0.4322,0.4596,0.4576,0.4377,0.4345,0.4213,0.463,0.4213,0.4789,0.4116,0.4743,0.4229,0.406,0.5174,v0,bioclip_2_image
6691,/mnt/d/Photos/Z6ii/28-400mm/2025/2025-08-23/DSC_3996.NEF,345,2,Yellow,neutral,rejected,0.9507,0.1697,0.998,0.4415,0.3515,0.7973,0.006,0.0296,-0.0159,0.062,-0.0024,-0.0061,0.0137,-0.0512,a photo with strong subject separation,blurry,0.4288,0.4462,0.4547,0.4522,0.4132,0.4204,0.4646,0.3992,0.4621,0.3927,0.4546,0.4193,0.4067,0.5158,v0,bioclip_2_image
6692,/mnt/d/Photos/Z6ii/28-400mm/2025/2025-08-23/DSC_3997.NEF,345,2,Yellow,neutral,rejected,0.9786,0.586,0.9958,0.7631,0.4599,0.9234,0.009,0.0382,0.0035,0.0547,0.0117,-0.0016,0.0249,-0.047,a photo with strong subject separation,blurry,0.4273,0.451,0.438,0.4503,0.4062,0.417,0.4659,0.389,0.4475,0.3833,0.4386,0.4078,0.3921,0.5129,v0,bioclip_2_image
6693,/mnt/d/Photos/Z6ii/28-400mm/2025/2025-08-23/DSC_3998.NEF,,2,Yellow,neutral,rejected,0.9706,0.3663,0.992,0.7146,0.5379,0.8504,0.004,0.035,-0.0055,0.0482,0.0092,0.0015,0.0174,-0.0553,a photo with strong subject separation,blurry,0.4362,0.4567,0.4475,0.4642,0.4178,0.4237,0.4709,0.4013,0.4621,0.3993,0.455,0.4163,0.4063,0.5262,v0,bioclip_2_image
6694,/mnt/d/Photos/Z6ii/28-400mm/2025/2025-08-23/DSC_3999.NEF,,2,Yellow,neutral,rejected,0.9833,0.5169,0.9975,0.7539,0.4845,0.9772,0.0088,0.0407,0.0007,0.0597,0.0112,-0.0006,0.0376,-0.0473,a photo with strong subject separation,blurry,0.431,0.4549,0.4496,0.4511,0.4163,0.428,0.4872,0.3902,0.4542,0.3899,0.4399,0.4169,0.3904,0.5345,v0,bioclip_2_image
6696,/mnt/d/Photos/Z6ii/28-400mm/2025/2025-08-23/DSC_4001.NEF,17429,2,Yellow,neutral,rejected,0.8341,0.4641,0.9897,0.4292,0.4568,0.8849,0.0028,0.0161,-0.0014,0.0457,-0.0029,-0.0017,0.0204,-0.0586,a photo with strong subject separation,blurry,0.4082,0.43,0.4281,0.4322,0.3968,0.4001,0.4371,0.392,0.4315,0.3824,0.435,0.3986,0.3797,0.4957,v0,bioclip_2_image
6701,/mnt/d/Photos/Z6ii/28-400mm/2025/2025-08-23/DSC_4006.NEF,,2,Yellow,neutral,rejected,0.9376,0.3271,0.9963,0.2041,0.7573,0.8384,0.0035,0.0271,-0.0072,0.0561,-0.0136,0.0114,0.0165,-0.0564,a photo with strong subject separation,a photo with no clear subject,0.4234,0.4355,0.4463,0.4295,0.4274,0.4152,0.4361,0.3963,0.4427,0.3903,0.4431,0.4161,0.3987,0.4925,v0,bioclip_2_image
6704,/mnt/d/Photos/Z6ii/28-400mm/2025/2025-08-23/DSC_4010.NEF,338,3,Green,pick,neutral,0.9628,0.4064,0.9965,0.5633,0.7925,0.9845,0.0055,0.0325,-0.0038,0.0564,0.0025,0.0134,0.0415,-0.0519,a photo with strong subject separation,a photo with no clear subject,0.4075,0.4195,0.4316,0.4228,0.4101,0.4107,0.4225,0.375,0.4233,0.3752,0.4202,0.3967,0.3692,0.4744,v0,bioclip_2_image
6715,/mnt/d/Photos/Z6ii/28-400mm/2025/2025-08-23/DSC_4022.NEF,333,2,Yellow,pick,rejected,0.9238,0.234,0.9947,0.417,0.5489,0.9216,0.0039,0.025,-0.0119,0.0524,-0.0034,0.002,0.0246,-0.0554,a photo with strong subject separation,blurry,0.4128,0.4285,0.4218,0.4186,0.4094,0.4029,0.426,0.3878,0.4403,0.3694,0.4219,0.4074,0.3783,0.4813,v0,bioclip_2_image
6716,/mnt/d/Photos/Z6ii/28-400mm/2025/2025-08-23/DSC_4023.NEF,333,2,Yellow,pick,rejected,0.9121,0.219,0.9949,0.3938,0.6005,0.9499,0.0022,0.0234,-0.0127,0.0528,-0.0043,0.0041,0.0294,-0.061,a photo with strong subject separation,blurry,0.4135,0.4268,0.4231,0.4189,0.4123,0.4098,0.4186,0.3901,0.4395,0.3703,0.4233,0.4082,0.3804,0.4795,v0,bioclip_2_image
6717,/mnt/d/Photos/Z6ii/28-400mm/2025/2025-08-23/DSC_4024.NEF,,3,Yellow,neutral,neutral,0.9707,0.525,0.9988,0.4726,0.7523,0.9722,0.0074,0.035,0.001,0.0674,-0.0011,0.0111,0.0355,-0.049,a photo with a clear subject,blurry,0.4317,0.4473,0.4381,0.4297,0.4286,0.425,0.4345,0.3967,0.4463,0.3707,0.4308,0.4175,0.3895,0.4835,v0,bioclip_2_image
6718,/mnt/d/Photos/Z6ii/28-400mm/2025/2025-08-23/DSC_4025.NEF,,3,Yellow,neutral,neutral,0.9229,0.3613,0.9906,0.305,0.5875,0.9612,0.0025,0.0248,-0.0057,0.0466,-0.0082,0.0035,0.0321,-0.0599,a photo with strong subject separation,blurry,0.4299,0.4467,0.4375,0.4291,0.4294,0.4301,0.4364,0.405,0.4524,0.3909,0.4373,0.4258,0.398,0.4963,v0,bioclip_2_image
6719,/mnt/d/Photos/Z6ii/28-400mm/2025/2025-08-23/DSC_4026.NEF,,2,Yellow,neutral,rejected,0.86,0.1856,0.9996,0.3378,0.448,0.8533,0.0055,0.0181,-0.0148,0.0779,-0.0067,-0.0021,0.0176,-0.052,a photo with strong subject separation,a photo with no clear subject,0.4126,0.4302,0.4454,0.4227,0.4195,0.4093,0.4259,0.3945,0.445,0.3675,0.4294,0.4216,0.3917,0.4779,v0,bioclip_2_image
6720,/mnt/d/Photos/Z6ii/28-400mm/2025/2025-08-23/DSC_4027.NEF,,2,Yellow,neutral,rejected,0.912,0.4271,0.9996,0.4689,0.5358,0.9057,0.0114,0.0234,-0.0029,0.0774,-0.0012,0.0014,0.0226,-0.0447,a photo with strong subject separation,a photo with no clear subject,0.4177,0.4357,0.4411,0.4217,0.423,0.4081,0.4286,0.3943,0.4386,0.3637,0.423,0.4216,0.3855,0.4733,v0,bioclip_2_image
6722,/mnt/d/Photos/Z6ii/28-400mm/2025/2025-08-23/DSC_4029.NEF,17433,2,Yellow,neutral,rejected,0.8512,0.1622,0.9982,0.4428,0.5223,0.8167,0.0119,0.0174,-0.0164,0.0631,-0.0023,0.0009,0.0149,-0.0442,a photo with strong subject separation,a photo with no clear subject,0.4246,0.436,0.4465,0.4294,0.4336,0.4144,0.4408,0.4072,0.4524,0.3834,0.4317,0.4327,0.3995,0.485,v0,bioclip_2_image
6723,/mnt/d/Photos/Z6ii/28-400mm/2025/2025-08-23/DSC_4031.NEF,327,2,Yellow,pick,rejected,0.9275,0.1892,0.9983,0.3642,0.5356,0.9494,0.0041,0.0255,-0.0146,0.0635,-0.0056,0.0014,0.0293,-0.055,a photo with strong subject separation,blurry,0.4372,0.4605,0.4691,0.4614,0.423,0.4337,0.4618,0.4117,0.4751,0.4057,0.467,0.4216,0.4044,0.5168,v0,bioclip_2_image
6724,/mnt/d/Photos/Z6ii/28-400mm/2025/2025-08-23/DSC_4032.NEF,327,2,Yellow,pick,rejected,0.9456,0.2193,0.9978,0.2627,0.6592,0.9529,0.004,0.0286,-0.0127,0.0613,-0.0103,0.0066,0.0301,-0.0553,a photo with strong subject separation,blurry,0.4358,0.4608,0.4655,0.4577,0.4242,0.4311,0.4665,0.4072,0.4735,0.4042,0.468,0.4176,0.401,0.5218,v0,bioclip_2_image
6726,/mnt/d/Photos/Z6ii/28-400mm/2025/2025-08-23/DSC_4035.NEF,,3,Green,neutral,neutral,0.8335,0.262,0.9953,0.2406,0.4432,0.8851,0.0026,0.0161,-0.0104,0.0536,-0.0115,-0.0023,0.0204,-0.0595,a photo with strong subject separation,a photo with no clear subject,0.4113,0.4272,0.4416,0.4233,0.4153,0.4077,0.4314,0.3951,0.4375,0.388,0.4348,0.4176,0.3873,0.4909,v0,bioclip_2_image
6730,/mnt/d/Photos/Z6ii/28-400mm/2025/2025-08-23/DSC_4039.NEF,,2,Yellow,neutral,rejected,0.8142,0.0984,0.9982,0.1291,0.2256,0.4996,0.001,0.0148,-0.0222,0.0629,-0.0191,-0.0123,-0.0,-0.0689,natural colors,blurry,0.4279,0.4347,0.458,0.4326,0.3974,0.4014,0.4016,0.4131,0.4568,0.395,0.4517,0.4097,0.4014,0.4705,v0,bioclip_2_image
6731,/mnt/d/Photos/Z6ii/28-400mm/2025/2025-08-23/DSC_4040.NEF,,3,Green,neutral,neutral,0.8187,0.071,0.9995,0.0913,0.1988,0.4867,0.0005,0.0151,-0.0257,0.076,-0.023,-0.0139,-0.0005,-0.0764,high quality,blurry,0.4308,0.4388,0.4679,0.4405,0.4055,0.4046,0.3999,0.4158,0.4645,0.3919,0.4635,0.4195,0.4051,0.4763,v0,bioclip_2_image
6732,/mnt/d/Photos/Z6ii/28-400mm/2025/2025-08-23/DSC_4041.NEF,,3,Green,neutral,neutral,0.8916,0.3837,0.9969,0.0562,0.4331,0.981,0.0027,0.0211,-0.0047,0.0578,-0.0282,-0.0027,0.0394,-0.0591,a photo with strong subject separation,a photo with no clear subject,0.4156,0.4412,0.4395,0.4163,0.4156,0.4114,0.4057,0.3945,0.4459,0.3816,0.4445,0.4183,0.3719,0.4648,v0,bioclip_2_image
6733,/mnt/d/Photos/Z6ii/28-400mm/2025/2025-08-23/DSC_4042.NEF,319,2,Yellow,neutral,rejected,0.9066,0.4666,0.9974,0.1133,0.535,0.9841,0.0035,0.0227,-0.0013,0.0597,-0.0206,0.0014,0.0413,-0.0566,a photo with strong subject separation,a photo with no clear subject,0.4233,0.4483,0.4471,0.4204,0.4225,0.4142,0.4103,0.4006,0.4496,0.3875,0.441,0.4211,0.373,0.4669,v0,bioclip_2_image
6734,/mnt/d/Photos/Z6ii/28-400mm/2025/2025-08-23/DSC_4043.NEF,319,3,Green,neutral,neutral,0.887,0.4252,0.9967,0.1238,0.3996,0.9748,0.0025,0.0206,-0.003,0.057,-0.0196,-0.0041,0.0365,-0.0597,a photo with strong subject separation,a photo with no clear subject,0.421,0.447,0.4444,0.4224,0.4171,0.4116,0.4055,0.4004,0.45,0.3874,0.4419,0.4211,0.375,0.4652,v0,bioclip_2_image
6735,/mnt/d/Photos/Z6ii/28-400mm/2025/2025-08-23/DSC_4045.NEF,318,3,Green,pick,neutral,0.9301,0.513,0.9973,0.0752,0.5652,0.9915,0.0037,0.0259,0.0005,0.0592,-0.0251,0.0026,0.0476,-0.056,a photo with strong subject separation,blurry,0.4235,0.4436,0.4444,0.4156,0.4182,0.417,0.4078,0.3976,0.4431,0.3852,0.4407,0.4155,0.3694,0.4638,v0,bioclip_2_image
6736,/mnt/d/Photos/Z6ii/28-400mm/2025/2025-08-23/DSC_4046.NEF,318,3,Green,pick,neutral,0.9203,0.5267,0.9972,0.0688,0.5125,0.9782,0.0028,0.0245,0.0011,0.0588,-0.026,0.0005,0.038,-0.0588,a photo with strong subject separation,a photo with no clear subject,0.4192,0.4444,0.4439,0.4165,0.4167,0.4097,0.4012,0.3947,0.4433,0.385,0.4425,0.4162,0.3717,0.46,v0,bioclip_2_image
6737,/mnt/d/Photos/Z6ii/28-400mm/2025/2025-08-23/DSC_4048.NEF,,3,Green,neutral,neutral,0.9214,0.5995,0.9969,0.0842,0.5292,0.9753,0.0034,0.0246,0.004,0.0577,-0.0239,0.0012,0.0368,-0.0567,a photo with strong subject separation,a photo with no clear subject,0.4256,0.4537,0.4483,0.4247,0.4233,0.416,0.4181,0.401,0.4497,0.3906,0.4485,0.4221,0.3793,0.4748,v0,bioclip_2_image
6738,/mnt/d/Photos/Z6ii/28-400mm/2025/2025-08-23/DSC_4049.NEF,316,2,Yellow,pick,rejected,0.9178,0.5486,0.9963,0.078,0.4902,0.9687,0.0031,0.0241,0.002,0.056,-0.0247,-0.0004,0.0343,-0.0578,a photo with strong subject separation,a photo with no clear subject,0.4189,0.4465,0.4431,0.4172,0.417,0.4083,0.4034,0.3948,0.4446,0.3871,0.4419,0.4173,0.374,0.4612,v0,bioclip_2_image
6739,/mnt/d/Photos/Z6ii/28-400mm/2025/2025-08-23/DSC_4050.NEF,316,2,Yellow,pick,rejected,0.9066,0.4175,0.9971,0.0727,0.4895,0.9769,0.0032,0.0227,-0.0033,0.0583,-0.0255,-0.0004,0.0375,-0.0573,a photo with strong subject separation,a photo with no clear subject,0.4194,0.4467,0.4442,0.415,0.4191,0.4107,0.4037,0.3966,0.45,0.3859,0.4404,0.4195,0.3732,0.461,v0,bioclip_2_image
6740,/mnt/d/Photos/Z6ii/28-400mm/2025/2025-08-23/DSC_4052.NEF,,1,Red,neutral,rejected,0.943,0.6396,0.997,0.1204,0.526,0.9874,0.0041,0.0281,0.0057,0.0579,-0.0199,0.001,0.0436,-0.0548,a photo with strong subject separation,a photo with no clear subject,0.4239,0.4507,0.4468,0.4185,0.4198,0.4162,0.4114,0.3959,0.4449,0.3888,0.4384,0.4188,0.3727,0.4662,v0,bioclip_2_image
6741,/mnt/d/Photos/Z6ii/28-400mm/2025/2025-08-23/DSC_4053.NEF,,1,Red,neutral,rejected,0.9363,0.4796,0.997,0.1126,0.55,0.9776,0.0051,0.0269,-0.0008,0.058,-0.0206,0.002,0.0377,-0.0527,a photo with strong subject separation,blurry,0.4285,0.452,0.4522,0.422,0.4261,0.4146,0.4097,0.4017,0.4528,0.3942,0.4427,0.4241,0.3768,0.4624,v0,bioclip_2_image
6742,/mnt/d/Photos/Z6ii/28-400mm/2025/2025-08-23/DSC_4054.NEF,,3,Green,neutral,neutral,0.9024,0.1521,0.9997,0.1429,0.5527,0.9924,0.0072,0.0222,-0.0172,0.0811,-0.0179,0.0021,0.0487,-0.0493,a photo with strong subject separation,a photo with no clear subject,0.4221,0.4414,0.4545,0.417,0.4237,0.419,0.4163,0.3999,0.4586,0.3734,0.4349,0.4216,0.3703,0.4656,v0,bioclip_2_image
6743,/mnt/d/Photos/Z6ii/28-400mm/2025/2025-08-23/DSC_4055.NEF,,3,Green,neutral,neutral,0.9314,0.7159,0.9988,0.0825,0.7688,0.9891,0.0101,0.0261,0.0092,0.0668,-0.0241,0.012,0.0451,-0.0458,a photo with strong subject separation,a photo with no clear subject,0.4112,0.4501,0.4445,0.4243,0.4063,0.4085,0.4304,0.3852,0.4409,0.3777,0.4483,0.3943,0.3634,0.4763,v0,bioclip_2_image
6744,/mnt/d/Photos/Z6ii/28-400mm/2025/2025-08-23/DSC_4056.NEF,17434,2,Yellow,pick,rejected,0.9001,0.6344,0.999,0.0591,0.5778,0.9937,0.0032,0.022,0.0055,0.0688,-0.0277,0.0031,0.0506,-0.0575,a photo with strong subject separation,a photo with no clear subject,0.3709,0.4113,0.4076,0.3661,0.3839,0.3839,0.3952,0.3489,0.4058,0.3389,0.3937,0.3807,0.3334,0.4527,v0,bioclip_2_image
6745,/mnt/d/Photos/Z6ii/28-400mm/2025/2025-08-23/DSC_4057.NEF,17434,2,Yellow,pick,rejected,0.8729,0.6563,0.9985,0.0771,0.5751,0.9895,0.0052,0.0193,0.0065,0.0651,-0.0248,0.003,0.0455,-0.0525,a photo with strong subject separation,a photo with no clear subject,0.381,0.4264,0.4179,0.3841,0.3892,0.3913,0.4113,0.3617,0.42,0.3528,0.409,0.3862,0.3458,0.4638,v0,bioclip_2_image
6746,/mnt/d/Photos/Z6ii/28-400mm/2025/2025-08-23/DSC_4058.NEF,,3,Green,neutral,neutral,0.9611,0.4282,0.9993,0.2271,0.8346,0.9966,0.0087,0.0321,-0.0029,0.0726,-0.0122,0.0162,0.0567,-0.0473,a photo with strong subject separation,a photo with no clear subject,0.422,0.4554,0.4548,0.4371,0.4255,0.4236,0.4446,0.3899,0.4582,0.3822,0.4494,0.4093,0.3669,0.4919,v0,bioclip_2_image
6747,/mnt/d/Photos/Z6ii/28-400mm/2025/2025-08-23/DSC_4062.NEF,,3,Green,neutral,neutral,0.9584,0.3406,0.9994,0.0944,0.637,0.9948,0.0065,0.0314,-0.0066,0.0748,-0.0226,0.0056,0.0525,-0.0503,a photo with strong subject separation,a photo with no clear subject,0.4218,0.4444,0.4461,0.4161,0.4217,0.4215,0.4224,0.3905,0.451,0.3712,0.4387,0.4161,0.369,0.4727,v0,bioclip_2_image
6748,/mnt/d/Photos/Z6ii/28-400mm/2025/2025-08-23/DSC_4065.NEF,,3,Green,neutral,neutral,0.8872,0.5477,0.9964,0.0988,0.5147,0.8848,0.0301,0.0206,0.0019,0.0563,-0.0221,0.0006,0.0204,-0.0347,a photo with strong subject separation,a photo with no clear subject,0.3826,0.4035,0.4198,0.3936,0.4019,0.3712,0.3968,0.362,0.4015,0.3635,0.4157,0.4013,0.3508,0.4315,v0,bioclip_2_image
6749,/mnt/d/Photos/Z6ii/28-400mm/2025/2025-08-23/DSC_4066.NEF,307,2,Green,pick,rejected,0.9237,0.6877,0.9979,0.0738,0.634,0.8932,0.0289,0.0249,0.0079,0.0617,-0.0253,0.0055,0.0212,-0.0351,a photo with strong subject separation,a photo with no clear subject,0.3736,0.4022,0.4107,0.385,0.3882,0.3601,0.397,0.3486,0.3943,0.349,0.4103,0.3827,0.3388,0.4322,v0,bioclip_2_image
6750,/mnt/d/Photos/Z6ii/28-400mm/2025/2025-08-23/DSC_4067.NEF,307,3,Green,pick,neutral,0.9486,0.7822,0.9985,0.1321,0.5959,0.8959,0.0431,0.0292,0.0128,0.0649,-0.0188,0.0039,0.0215,-0.031,a photo with strong subject separation,a photo with no clear subject,0.3706,0.398,0.407,0.3825,0.3889,0.3592,0.3965,0.3414,0.3852,0.3421,0.4013,0.385,0.3377,0.4275,v0,bioclip_2_image
6751,/mnt/d/Photos/Z6ii/28-400mm/2025/2025-08-23/DSC_4068.NEF,307,3,Green,pick,neutral,0.9236,0.7213,0.9984,0.0604,0.4796,0.8542,0.0297,0.0249,0.0095,0.0643,-0.0274,-0.0008,0.0177,-0.0349,a photo with strong subject separation,a photo with no clear subject,0.3645,0.3952,0.4073,0.3755,0.3838,0.3539,0.3925,0.3396,0.3857,0.343,0.403,0.3846,0.3363,0.4274,v0,bioclip_2_image
6752,/mnt/d/Photos/Z6ii/28-400mm/2025/2025-08-23/DSC_4069.NEF,17435,3,Green,pick,neutral,0.9083,0.5512,0.9993,0.0452,0.4082,0.9101,0.0139,0.0229,0.0021,0.0722,-0.0305,-0.0037,0.0232,-0.0427,a photo with strong subject separation,a photo with no clear subject,0.3613,0.3878,0.4127,0.3741,0.3761,0.358,0.3842,0.3384,0.3858,0.3405,0.4046,0.3798,0.3348,0.4269,v0,bioclip_2_image
6753,/mnt/d/Photos/Z6ii/28-400mm/2025/2025-08-23/DSC_4070.NEF,,3,Green,neutral,neutral,0.8795,0.5402,0.9991,0.0399,0.3049,0.895,0.009,0.0199,0.0016,0.0701,-0.0318,-0.0082,0.0214,-0.047,a photo with strong subject separation,a photo with no clear subject,0.357,0.3851,0.4083,0.3688,0.3748,0.3515,0.3725,0.3371,0.3835,0.3382,0.4006,0.3831,0.3301,0.4195,v0,bioclip_2_image
6754,/mnt/d/Photos/Z6ii/28-400mm/2025/2025-08-23/DSC_4071.NEF,17435,3,Green,pick,neutral,0.8928,0.5382,0.9991,0.0247,0.3148,0.9111,0.0088,0.0212,0.0015,0.07,-0.0368,-0.0078,0.0233,-0.0473,a photo with strong subject separation,a photo with no clear subject,0.3555,0.3821,0.4069,0.3621,0.3729,0.3521,0.3752,0.3343,0.3806,0.337,0.3988,0.3806,0.3289,0.4225,v0,bioclip_2_image
6755,/mnt/d/Photos/Z6ii/28-400mm/2025/2025-08-23/DSC_4072.NEF,17435,3,Green,reject,neutral,0.9012,0.5137,0.9991,0.0236,0.3678,0.8744,0.013,0.0221,0.0005,0.07,-0.0372,-0.0054,0.0194,-0.0433,a photo with strong subject separation,a photo with no clear subject,0.3605,0.3884,0.4124,0.3666,0.378,0.3552,0.3824,0.3384,0.3879,0.3424,0.4039,0.3834,0.3358,0.4257,v0,bioclip_2_image
6756,/mnt/d/Photos/Z6ii/28-400mm/2025/2025-08-23/DSC_4073.NEF,17435,3,Green,pick,neutral,0.8939,0.5863,0.999,0.0342,0.4099,0.9079,0.0111,0.0213,0.0035,0.0694,-0.0334,-0.0036,0.0229,-0.0449,a photo with strong subject separation,a photo with no clear subject,0.3581,0.3859,0.4089,0.3677,0.3787,0.3538,0.3787,0.3368,0.3825,0.3395,0.4011,0.3824,0.3309,0.4236,v0,bioclip_2_image
6757,/mnt/d/Photos/Z6ii/28-400mm/2025/2025-08-23/DSC_4074.NEF,,3,Green,neutral,neutral,0.8949,0.3438,0.9921,0.362,0.7755,0.6544,0.0103,0.0214,-0.0065,0.0483,-0.0057,0.0124,0.0064,-0.0457,a photo with strong subject separation,blurry,0.4419,0.4538,0.4558,0.4403,0.4379,0.419,0.4517,0.4204,0.4602,0.4075,0.446,0.4255,0.4126,0.4973,v0,bioclip_2_image
6766,/mnt/d/Photos/Z6ii/28-400mm/2025/2025-08-23/DSC_4083.NEF,,4,Blue,neutral,picked,0.8873,0.1747,0.9975,0.2647,0.4868,0.698,0.001,0.0206,-0.0155,0.0599,-0.0102,-0.0005,0.0084,-0.0687,natural colors,blurry,0.4314,0.44,0.4572,0.4389,0.4226,0.4018,0.3893,0.4108,0.4555,0.3973,0.4491,0.4231,0.3934,0.4581,v0,bioclip_2_image
6767,/mnt/d/Photos/Z6ii/28-400mm/2025/2025-08-23/DSC_4084.NEF,17437,1,Yellow,pick,rejected,0.8515,0.0983,0.9878,0.4653,0.5847,0.7525,0.0076,0.0175,-0.0222,0.0439,-0.0014,0.0034,0.0111,-0.0487,a photo with strong subject separation,blurry,0.4249,0.4288,0.4351,0.4302,0.4162,0.4106,0.4381,0.4075,0.451,0.3912,0.4316,0.4128,0.3995,0.4868,v0,bioclip_2_image
6768,/mnt/d/Photos/Z6ii/28-400mm/2025/2025-08-23/DSC_4085.NEF,17437,2,Yellow,pick,rejected,0.9218,0.0439,0.9956,0.1223,0.7833,0.8458,0.0046,0.0247,-0.0308,0.0542,-0.0197,0.0129,0.017,-0.0538,a photo with strong subject separation,blurry,0.4159,0.421,0.4376,0.417,0.4087,0.3998,0.4403,0.3913,0.4518,0.3834,0.4367,0.3958,0.3828,0.4941,v0,bioclip_2_image
6770,/mnt/d/Photos/Z6ii/28-400mm/2025/2025-08-23/DSC_4088.NEF,17438,2,Yellow,neutral,rejected,0.8327,0.2243,0.9814,0.2972,0.7225,0.8327,0.0078,0.0161,-0.0124,0.0397,-0.0086,0.0096,0.016,-0.0485,a photo with strong subject separation,blurry,0.4223,0.4243,0.425,0.4192,0.4123,0.4118,0.4356,0.4063,0.4368,0.3853,0.4278,0.4027,0.3957,0.4841,v0,bioclip_2_image
6771,/mnt/d/Photos/Z6ii/28-400mm/2025/2025-08-23/DSC_4089.NEF,17438,2,Yellow,neutral,rejected,0.8635,0.3309,0.984,0.5242,0.6231,0.7746,0.0103,0.0184,-0.007,0.0412,0.001,0.005,0.0123,-0.0456,a photo with strong subject separation,a photo with no clear subject,0.4276,0.4308,0.4256,0.4285,0.419,0.4098,0.4463,0.4092,0.4378,0.3844,0.4275,0.4139,0.3975,0.4919,v0,bioclip_2_image
6773,/mnt/d/Photos/Z6ii/28-400mm/2025/2025-08-23/DSC_4092.NEF,,1,Yellow,neutral,rejected,0.9192,0.0286,0.9996,0.0839,0.7937,0.9391,0.0008,0.0243,-0.0352,0.0776,-0.0239,0.0135,0.0274,-0.0711,a photo with strong subject separation,a photo with no clear subject,0.4262,0.4241,0.4488,0.4307,0.4378,0.4137,0.4359,0.4019,0.4593,0.3711,0.4546,0.4243,0.3864,0.507,v0,bioclip_2_image
6779,/mnt/d/Photos/Z6ii/28-400mm/2025/2025-08-23/DSC_4099.NEF,,2,Yellow,neutral,rejected,0.8803,0.1221,0.9784,0.7462,0.6417,0.6965,0.013,0.02,-0.0197,0.0381,0.0108,0.0058,0.0083,-0.0433,a photo with strong subject separation,blurry,0.4106,0.4134,0.409,0.4262,0.4053,0.3977,0.4499,0.3906,0.4331,0.3709,0.4154,0.3995,0.3894,0.4932,v0,bioclip_2_image
6788,/mnt/d/Photos/Z6ii/28-400mm/2025/2025-08-23/DSC_4109.NEF,17440,1,Red,reject,rejected,0.8598,0.1089,0.9858,0.5573,0.6326,0.8558,0.0052,0.0181,-0.021,0.0424,0.0023,0.0054,0.0178,-0.0526,a photo with strong subject separation,blurry,0.4192,0.4272,0.429,0.4319,0.4155,0.4132,0.4375,0.4011,0.4482,0.3866,0.4296,0.41,0.3954,0.4901,v0,bioclip_2_image
6789,/mnt/d/Photos/Z6ii/28-400mm/2025/2025-08-23/DSC_4110.NEF,17440,1,Red,pick,rejected,0.85,0.1706,0.9871,0.5875,0.5805,0.8577,0.0028,0.0173,-0.0158,0.0433,0.0035,0.0032,0.018,-0.0588,a photo with strong subject separation,blurry,0.4172,0.4287,0.4313,0.4345,0.416,0.4109,0.4329,0.3999,0.4445,0.3879,0.431,0.4128,0.3929,0.4916,v0,bioclip_2_image
6790,/mnt/d/Photos/Z6ii/28-400mm/2025/2025-08-23/DSC_4111.NEF,17440,1,Red,pick,rejected,0.8558,0.1312,0.9904,0.5358,0.6028,0.8747,0.0019,0.0178,-0.0189,0.0464,0.0014,0.0042,0.0194,-0.0626,a photo with strong subject separation,blurry,0.4183,0.4283,0.4332,0.4335,0.4171,0.4124,0.4273,0.4005,0.4472,0.3868,0.432,0.4129,0.3929,0.4898,v0,bioclip_2_image
6793,/mnt/d/Photos/Z6ii/28-400mm/2025/2025-08-23/DSC_4117.NEF,,2,Yellow,neutral,rejected,0.8639,0.5432,0.976,0.5831,0.7872,0.7432,0.0068,0.0185,0.0017,0.037,0.0034,0.0131,0.0106,-0.0499,a photo with strong subject separation,a photo with no clear subject,0.4286,0.4413,0.4348,0.4379,0.4349,0.4209,0.4424,0.4101,0.4396,0.3978,0.4346,0.4218,0.4102,0.4922,v0,bioclip_2_image
6835,/mnt/d/Photos/Z6ii/28-400mm/2025/2025-08-23/DSC_4166.NEF,258,2,Yellow,neutral,rejected,0.8612,0.121,0.9898,0.6965,0.656,0.87,0.0046,0.0183,-0.0198,0.0458,0.0083,0.0065,0.019,-0.0539,a photo with strong subject separation,blurry,0.4185,0.4291,0.4336,0.4369,0.4181,0.4106,0.4403,0.4003,0.4489,0.3878,0.4286,0.4116,0.3916,0.4942,v0,bioclip_2_image
6837,/mnt/d/Photos/Z6ii/28-400mm/2025/2025-08-23/DSC_4168.NEF,,4,Blue,neutral,picked,0.8253,0.2904,0.9952,0.2694,0.7839,0.7781,0.0038,0.0155,-0.0089,0.0533,-0.01,0.0129,0.0125,-0.0557,a photo with strong subject separation,a photo with no clear subject,0.4235,0.4339,0.444,0.4306,0.4274,0.4068,0.4167,0.408,0.4428,0.3906,0.4406,0.4145,0.3943,0.4723,v0,bioclip_2_image
6838,/mnt/d/Photos/Z6ii/28-400mm/2025/2025-08-23/DSC_4169.NEF,,4,Green,neutral,picked,0.8295,0.4817,0.99,0.3882,0.6802,0.7674,0.0043,0.0158,-0.0007,0.0459,-0.0045,0.0075,0.0119,-0.0544,a photo with strong subject separation,a photo with no clear subject,0.4332,0.443,0.446,0.4335,0.436,0.4247,0.4347,0.4173,0.4437,0.4001,0.438,0.4285,0.4127,0.4891,v0,bioclip_2_image
6842,/mnt/d/Photos/Z6ii/28-400mm/2025/2025-08-23/DSC_4176.NEF,,2,Yellow,neutral,rejected,0.8145,0.2819,0.9863,0.3266,0.6158,0.7343,0.0041,0.0148,-0.0094,0.0428,-0.0072,0.0047,0.0102,-0.055,a photo with strong subject separation,blurry,0.4277,0.4434,0.4496,0.4357,0.4169,0.4151,0.4332,0.4129,0.4528,0.4068,0.4429,0.4122,0.405,0.4882,v0,bioclip_2_image
6868,/mnt/d/Photos/Z6ii/28-400mm/2025/2025-08-23/DSC_4210.NEF,236,4,Blue,neutral,picked,0.9501,0.4149,0.9977,0.6501,0.4952,0.9522,0.0102,0.0295,-0.0034,0.0606,0.0062,-0.0002,0.0299,-0.0457,a photo with strong subject separation,grainy,0.4017,0.4229,0.4182,0.4305,0.3896,0.3893,0.4291,0.3723,0.4263,0.3577,0.4243,0.3898,0.3594,0.4748,v0,bioclip_2_image
6869,/mnt/d/Photos/Z6ii/28-400mm/2025/2025-08-23/DSC_4211.NEF,236,4,Blue,neutral,picked,0.9304,0.1756,0.9972,0.6117,0.4376,0.9507,0.004,0.0259,-0.0155,0.0588,0.0045,-0.0025,0.0296,-0.0553,a photo with strong subject separation,blurry,0.4196,0.4312,0.4391,0.4504,0.407,0.4123,0.449,0.3937,0.4467,0.3803,0.4459,0.4095,0.3827,0.5043,v0,bioclip_2_image
6870,/mnt/d/Photos/Z6ii/28-400mm/2025/2025-08-23/DSC_4213.NEF,,3,Green,neutral,neutral,0.9224,0.2176,0.998,0.4099,0.3021,0.9275,0.0037,0.0248,-0.0128,0.062,-0.0036,-0.0084,0.0255,-0.0558,a photo with strong subject separation,blurry,0.4251,0.4473,0.4542,0.4542,0.418,0.4178,0.4592,0.4004,0.4601,0.3922,0.4579,0.4264,0.3923,0.5151,v0,bioclip_2_image
6873,/mnt/d/Photos/Z6ii/28-400mm/2025/2025-08-23/DSC_4218.NEF,,3,Yellow,neutral,neutral,0.7652,0.1101,0.9701,0.1908,0.7492,0.8925,0.0057,0.0118,-0.0209,0.0348,-0.0145,0.0109,0.0212,-0.0517,a photo with strong subject separation,a photo with no clear subject,0.425,0.4338,0.4399,0.429,0.425,0.4095,0.447,0.4132,0.4547,0.4051,0.4434,0.4141,0.3884,0.4987,v0,bioclip_2_image
6884,/mnt/d/Photos/Z6ii/28-400mm/2025/2025-08-23/DSC_4233.NEF,17451,3,Green,pick,neutral,0.8389,0.3361,0.9979,0.5208,0.7726,0.9139,0.0111,0.0165,-0.0068,0.0617,0.0008,0.0122,0.0236,-0.0449,a photo with strong subject separation,a photo with no clear subject,0.4248,0.4472,0.4467,0.4405,0.4295,0.4194,0.4499,0.4083,0.454,0.3849,0.4397,0.4173,0.3957,0.4948,v0,bioclip_2_image
6894,/mnt/d/Photos/Z6ii/28-400mm/2025/2025-08-23/DSC_4251.NEF,225,2,Green,pick,rejected,0.8312,0.211,0.9952,0.0645,0.9619,0.936,0.0188,0.0159,-0.0132,0.0534,-0.0267,0.0323,0.0268,-0.0395,a photo with strong subject separation,a photo with no clear subject,0.4122,0.43,0.437,0.4236,0.4243,0.4106,0.4626,0.3963,0.4432,0.3836,0.4504,0.392,0.3837,0.5021,v0,bioclip_2_image
6907,/mnt/d/Photos/Z6ii/28-400mm/2025/2025-08-23/DSC_4266.NEF,17457,3,Green,neutral,neutral,0.7901,0.0778,0.9977,0.1255,0.7946,0.8701,0.0006,0.0133,-0.0247,0.0606,-0.0194,0.0135,0.019,-0.0737,high quality,blurry,0.4101,0.4317,0.4404,0.43,0.4107,0.4002,0.4636,0.3968,0.4564,0.3798,0.4494,0.3972,0.3812,0.5373,v0,bioclip_2_image
6908,/mnt/d/Photos/Z6ii/28-400mm/2025/2025-08-23/DSC_4267.NEF,,3,Green,neutral,neutral,0.8793,0.1423,0.9978,0.1679,0.8051,0.9636,0.0011,0.0199,-0.018,0.0612,-0.016,0.0142,0.0328,-0.068,high quality,blurry,0.4092,0.4347,0.4358,0.4244,0.4092,0.4029,0.47,0.3894,0.4527,0.3746,0.4404,0.395,0.3701,0.5379,v0,bioclip_2_image
6909,/mnt/d/Photos/Z6ii/28-400mm/2025/2025-08-23/DSC_4268.NEF,17457,3,Green,neutral,neutral,0.8083,0.0582,0.9986,0.1868,0.7483,0.9364,0.0004,0.0144,-0.0278,0.0658,-0.0147,0.0109,0.0269,-0.0771,high quality,blurry,0.417,0.4408,0.4453,0.4371,0.4126,0.4066,0.4659,0.4027,0.4686,0.3795,0.4518,0.4017,0.3797,0.5431,v0,bioclip_2_image
6910,/mnt/d/Photos/Z6ii/28-400mm/2025/2025-08-23/DSC_4269.NEF,17458,2,Yellow,neutral,rejected,0.8635,0.3625,0.9911,0.3869,0.4791,0.5578,0.0344,0.0184,-0.0056,0.0471,-0.0046,-0.0008,0.0023,-0.0334,a photo with strong subject separation,blurry,0.4292,0.4475,0.4469,0.4435,0.4187,0.4091,0.4743,0.4108,0.4531,0.3998,0.4481,0.4195,0.4067,0.5076,v0,bioclip_2_image
6911,/mnt/d/Photos/Z6ii/28-400mm/2025/2025-08-23/DSC_4271.NEF,17458,2,Yellow,neutral,rejected,0.8854,0.2101,0.9966,0.2499,0.5707,0.6527,0.0124,0.0204,-0.0132,0.0569,-0.011,0.0028,0.0063,-0.0438,a photo with strong subject separation,blurry,0.4275,0.4374,0.4522,0.4378,0.417,0.4099,0.4528,0.4071,0.4507,0.3954,0.4488,0.4142,0.4036,0.4966,v0,bioclip_2_image
23410,/mnt/d/Photos/Z6ii/28-400mm/2025/2025-08-31/DSC_4563.NEF,17488,3,Green,neutral,neutral,0.8671,0.1186,0.9907,0.4606,0.5623,0.8495,0.0048,0.0188,-0.0201,0.0467,-0.0016,0.0025,0.0173,-0.0534,high quality,blurry,0.4161,0.4195,0.4322,0.4255,0.4167,0.4103,0.433,0.3973,0.4395,0.3855,0.4271,0.4142,0.393,0.4864,v0,bioclip_2_image
23411,/mnt/d/Photos/Z6ii/28-400mm/2025/2025-08-31/DSC_4564.NEF,,3,Green,pick,neutral,0.8549,0.1358,0.9928,0.5262,0.4539,0.8312,0.0067,0.0177,-0.0185,0.0492,0.001,-0.0018,0.0159,-0.05,a photo with strong subject separation,blurry,0.4182,0.4262,0.4364,0.4316,0.4143,0.4099,0.4379,0.4005,0.4447,0.3872,0.4306,0.4162,0.394,0.4879,v0,bioclip_2_image
23412,/mnt/d/Photos/Z6ii/28-400mm/2025/2025-08-31/DSC_4565.NEF,17489,3,Green,neutral,neutral,0.8453,0.0925,0.9851,0.7687,0.4204,0.9076,0.0046,0.017,-0.0228,0.0419,0.012,-0.0032,0.0228,-0.0538,high quality,blurry,0.4124,0.4182,0.4228,0.4308,0.4088,0.4054,0.4362,0.3954,0.441,0.3808,0.4188,0.412,0.3826,0.49,v0,bioclip_2_image
23413,/mnt/d/Photos/Z6ii/28-400mm/2025/2025-08-31/DSC_4566.NEF,17490,3,Green,neutral,neutral,0.8497,0.0893,0.9889,0.6534,0.5483,0.9038,0.0048,0.0173,-0.0232,0.0449,0.0063,0.0019,0.0224,-0.0533,a photo with strong subject separation,blurry,0.422,0.43,0.4349,0.4373,0.4187,0.4159,0.4384,0.4047,0.4532,0.39,0.4309,0.4168,0.3935,0.4916,v0,bioclip_2_image
23417,/mnt/d/Photos/Z6ii/28-400mm/2025/2025-08-31/DSC_4570.NEF,,3,Green,neutral,neutral,0.8689,0.0787,0.9922,0.7118,0.4245,0.8799,0.0027,0.0189,-0.0246,0.0485,0.009,-0.003,0.0199,-0.0592,a photo with strong subject separation,blurry,0.4139,0.417,0.43,0.432,0.4091,0.4067,0.4233,0.3949,0.4416,0.3815,0.423,0.4121,0.3868,0.4825,v0,bioclip_2_image
23418,/mnt/d/Photos/Z6ii/28-400mm/2025/2025-08-31/DSC_4571.NEF,17488,3,Green,neutral,neutral,0.8677,0.1025,0.9897,0.733,0.4367,0.8765,0.0088,0.0188,-0.0217,0.0457,0.0101,-0.0025,0.0196,-0.0473,a photo with strong subject separation,blurry,0.4136,0.4167,0.4286,0.429,0.4108,0.4089,0.4373,0.3948,0.4384,0.383,0.4189,0.4134,0.3893,0.4846,v0,bioclip_2_image
23423,/mnt/d/Photos/Z6ii/28-400mm/2025/2025-08-31/DSC_4582.NEF,,3,Green,neutral,neutral,0.866,0.1323,0.9921,0.5044,0.5816,0.8603,0.0045,0.0187,-0.0188,0.0484,0.0002,0.0033,0.0182,-0.0539,a photo with strong subject separation,blurry,0.4188,0.4272,0.4337,0.4335,0.4178,0.4117,0.4349,0.4002,0.446,0.3854,0.4333,0.4145,0.3936,0.4888,v0,bioclip_2_image
23424,/mnt/d/Photos/Z6ii/28-400mm/2025/2025-08-31/DSC_4583.NEF,,3,Green,neutral,neutral,0.8684,0.0956,0.9912,0.6326,0.5902,0.8671,0.0044,0.0189,-0.0225,0.0473,0.0054,0.0036,0.0188,-0.0541,a photo with strong subject separation,blurry,0.4219,0.427,0.4383,0.438,0.4175,0.4146,0.435,0.403,0.4495,0.391,0.4326,0.4138,0.3958,0.4891,v0,bioclip_2_image
23428,/mnt/d/Photos/Z6ii/28-400mm/2025/2025-08-31/DSC_4587.NEF,,3,Green,pick,neutral,0.8697,0.1588,0.9904,0.5268,0.4602,0.8954,0.0027,0.019,-0.0167,0.0464,0.0011,-0.0016,0.0215,-0.059,a photo with strong subject separation,blurry,0.4177,0.4294,0.4304,0.4324,0.4141,0.4112,0.4311,0.3987,0.446,0.384,0.4313,0.4157,0.3897,0.4901,v0,bioclip_2_image
23429,/mnt/d/Photos/Z6ii/28-400mm/2025/2025-08-31/DSC_4588.NEF,,3,Green,pick,neutral,0.8571,0.1108,0.9903,0.5898,0.5076,0.8762,0.0034,0.0179,-0.0208,0.0463,0.0036,0.0003,0.0196,-0.0569,a photo with strong subject separation,blurry,0.417,0.4246,0.4336,0.4338,0.4148,0.4115,0.4314,0.3991,0.4455,0.3873,0.4302,0.4145,0.392,0.4883,v0,bioclip_2_image
23430,/mnt/d/Photos/Z6ii/28-400mm/2025/2025-08-31/DSC_4591.NEF,,3,Green,pick,neutral,0.907,0.1926,0.9937,0.4836,0.4368,0.8955,0.0064,0.0228,-0.0143,0.0507,-0.0007,-0.0025,0.0215,-0.0505,a photo with strong subject separation,a photo with no clear subject,0.4223,0.4274,0.4368,0.4306,0.42,0.4174,0.441,0.3995,0.4418,0.3861,0.4312,0.4226,0.3959,0.4915,v0,bioclip_2_image
23431,/mnt/d/Photos/Z6ii/28-400mm/2025/2025-08-31/DSC_4592.NEF,17492,3,Green,pick,neutral,0.876,0.1214,0.9909,0.6857,0.4759,0.8829,0.0058,0.0196,-0.0198,0.047,0.0078,-0.001,0.0202,-0.0515,a photo with strong subject separation,blurry,0.4191,0.4265,0.433,0.4349,0.4124,0.4143,0.4375,0.3996,0.4463,0.3861,0.4271,0.4134,0.3941,0.489,v0,bioclip_2_image
23432,/mnt/d/Photos/Z6ii/28-400mm/2025/2025-08-31/DSC_4593.NEF,,3,Green,pick,neutral,0.8967,0.1547,0.9914,0.5713,0.4562,0.9124,0.0071,0.0216,-0.017,0.0475,0.0029,-0.0018,0.0234,-0.0494,a photo with strong subject separation,blurry,0.4176,0.426,0.4277,0.4295,0.4142,0.4137,0.442,0.396,0.443,0.3802,0.4266,0.4159,0.3902,0.4914,v0,bioclip_2_image
23433,/mnt/d/Photos/Z6ii/28-400mm/2025/2025-08-31/DSC_4594.NEF,17492,3,Green,pick,neutral,0.8759,0.1624,0.9908,0.4946,0.6383,0.9077,0.0095,0.0195,-0.0164,0.0468,-0.0002,0.0057,0.0229,-0.0465,a photo with strong subject separation,blurry,0.4032,0.4106,0.4241,0.4123,0.4112,0.4032,0.4342,0.3837,0.427,0.3773,0.4125,0.4055,0.3804,0.4807,v0,bioclip_2_image
23434,/mnt/d/Photos/Z6ii/28-400mm/2025/2025-08-31/DSC_4595.NEF,17492,3,Green,pick,neutral,0.8991,0.1721,0.99,0.3972,0.4509,0.8715,0.0126,0.0219,-0.0157,0.0459,-0.0042,-0.002,0.0191,-0.0436,a photo with strong subject separation,blurry,0.4194,0.4245,0.4315,0.4258,0.413,0.4133,0.4455,0.3975,0.4402,0.3856,0.43,0.415,0.3942,0.4891,v0,bioclip_2_image
23435,/mnt/d/Photos/Z6ii/28-400mm/2025/2025-08-31/DSC_4596.NEF,17489,3,Green,neutral,neutral,0.8838,0.1649,0.9924,0.5296,0.4302,0.8773,0.0052,0.0203,-0.0162,0.0487,0.0012,-0.0028,0.0197,-0.0525,a photo with strong subject separation,blurry,0.4209,0.4272,0.4345,0.4333,0.4153,0.4141,0.4362,0.4006,0.4434,0.3858,0.4322,0.4181,0.3945,0.4887,v0,bioclip_2_image
23436,/mnt/d/Photos/Z6ii/28-400mm/2025/2025-08-31/DSC_4598.NEF,17492,3,Green,reject,neutral,0.888,0.2027,0.9951,0.506,0.3665,0.8437,0.0057,0.0207,-0.0137,0.0531,0.0002,-0.0055,0.0169,-0.0517,a photo with strong subject separation,blurry,0.4175,0.4274,0.4319,0.4284,0.4147,0.4108,0.4408,0.3968,0.4411,0.3788,0.4281,0.4202,0.394,0.4924,v0,bioclip_2_image
23437,/mnt/d/Photos/Z6ii/28-400mm/2025/2025-08-31/DSC_4599.NEF,17493,2,Yellow,neutral,rejected,0.8835,0.1433,0.9848,0.4731,0.4331,0.8364,0.0096,0.0203,-0.0179,0.0417,-0.0011,-0.0027,0.0163,-0.0464,a photo with strong subject separation,a photo with no clear subject,0.4121,0.416,0.4243,0.4211,0.4088,0.4056,0.4389,0.3919,0.4338,0.3826,0.4221,0.4115,0.3893,0.4853,v0,bioclip_2_image
23438,/mnt/d/Photos/Z6ii/28-400mm/2025/2025-08-31/DSC_4600.NEF,,2,Yellow,reject,rejected,0.8899,0.1523,0.9906,0.6687,0.5629,0.8886,0.0062,0.0209,-0.0172,0.0465,0.007,0.0025,0.0208,-0.0507,a photo with strong subject separation,blurry,0.4155,0.426,0.4275,0.4306,0.4111,0.4075,0.4372,0.3946,0.4432,0.381,0.4236,0.4086,0.3868,0.4879,v0,bioclip_2_image
23439,/mnt/d/Photos/Z6ii/28-400mm/2025/2025-08-31/DSC_4601.NEF,17493,2,Yellow,neutral,rejected,0.8415,0.1079,0.9899,0.5029,0.5644,0.897,0.0049,0.0167,-0.0211,0.0459,0.0001,0.0026,0.0216,-0.0531,a photo with strong subject separation,blurry,0.4101,0.4197,0.4256,0.4248,0.4077,0.4066,0.4315,0.3934,0.4408,0.3797,0.4247,0.4051,0.385,0.4846,v0,bioclip_2_image
23440,/mnt/d/Photos/Z6ii/28-400mm/2025/2025-08-31/DSC_4602.NEF,17494,2,Yellow,pick,rejected,0.8705,0.1181,0.989,0.5653,0.6203,0.8899,0.0061,0.0191,-0.0201,0.045,0.0026,0.0049,0.0209,-0.0509,a photo with strong subject separation,blurry,0.4196,0.4265,0.4305,0.4286,0.4199,0.4137,0.4435,0.4006,0.4467,0.3855,0.426,0.4149,0.3928,0.4944,v0,bioclip_2_image
23441,/mnt/d/Photos/Z6ii/28-400mm/2025/2025-08-31/DSC_4604.NEF,17494,3,Green,pick,neutral,0.8281,0.0984,0.9911,0.562,0.5704,0.8926,0.003,0.0157,-0.0222,0.0472,0.0025,0.0028,0.0212,-0.0582,a photo with strong subject separation,blurry,0.4131,0.4207,0.4309,0.4288,0.414,0.4087,0.4273,0.3973,0.4429,0.3837,0.4263,0.4112,0.3875,0.4855,v0,bioclip_2_image
23442,/mnt/d/Photos/Z6ii/28-400mm/2025/2025-08-31/DSC_4607.NEF,,3,Green,neutral,neutral,0.8133,0.0952,0.9882,0.6148,0.5143,0.8739,0.0023,0.0147,-0.0225,0.0443,0.0047,0.0006,0.0194,-0.0607,a photo with strong subject separation,blurry,0.4141,0.4238,0.4295,0.4323,0.4128,0.4083,0.4258,0.3994,0.4463,0.3852,0.4276,0.4122,0.3889,0.4865,v0,bioclip_2_image
23443,/mnt/d/Photos/Z6ii/28-400mm/2025/2025-08-31/DSC_4609.NEF,,3,Green,pick,neutral,0.8223,0.1,0.9892,0.6093,0.5101,0.8713,0.0023,0.0153,-0.022,0.0451,0.0044,0.0004,0.0191,-0.0608,high quality,blurry,0.4176,0.4259,0.4327,0.4356,0.4155,0.411,0.4265,0.4022,0.4479,0.3876,0.4311,0.4151,0.3918,0.4874,v0,bioclip_2_image
23444,/mnt/d/Photos/Z6ii/28-400mm/2025/2025-08-31/DSC_4610.NEF,,3,Green,pick,neutral,0.8449,0.0909,0.9915,0.6798,0.5225,0.9006,0.0034,0.0169,-0.023,0.0475,0.0075,0.0009,0.022,-0.0569,a photo with strong subject separation,blurry,0.4156,0.4225,0.4284,0.4323,0.4154,0.4093,0.4281,0.3986,0.4455,0.3809,0.4248,0.4145,0.3873,0.485,v0,bioclip_2_image
23445,/mnt/d/Photos/Z6ii/28-400mm/2025/2025-08-31/DSC_4612.NEF,,3,Green,pick,neutral,0.8446,0.1046,0.9919,0.5925,0.4874,0.8459,0.0021,0.0169,-0.0215,0.0481,0.0037,-0.0005,0.017,-0.0618,a photo with strong subject separation,a photo with no clear subject,0.4203,0.429,0.4363,0.4358,0.4212,0.4133,0.4306,0.4033,0.4505,0.3881,0.4321,0.4217,0.3963,0.4924,v0,bioclip_2_image
23446,/mnt/d/Photos/Z6ii/28-400mm/2025/2025-08-31/DSC_4625.NEF,17495,3,Green,pick,neutral,0.8501,0.0745,0.9903,0.6644,0.5399,0.8539,0.0026,0.0174,-0.0252,0.0462,0.0068,0.0016,0.0177,-0.0596,a photo with strong subject separation,blurry,0.4186,0.4264,0.4336,0.4362,0.4157,0.4118,0.4297,0.4013,0.4516,0.3873,0.4294,0.4141,0.3941,0.4893,v0,bioclip_2_image
23448,/mnt/d/Photos/Z6ii/28-400mm/2025/2025-08-31/DSC_4629.NEF,,3,Green,reject,neutral,0.8437,0.1128,0.9898,0.6275,0.4691,0.8558,0.0019,0.0169,-0.0206,0.0458,0.0052,-0.0012,0.0178,-0.0629,a photo with strong subject separation,blurry,0.4157,0.4254,0.43,0.4332,0.4126,0.4095,0.4231,0.3989,0.446,0.3842,0.428,0.4138,0.3917,0.486,v0,bioclip_2_image
23449,/mnt/d/Photos/Z6ii/28-400mm/2025/2025-08-31/DSC_4630.NEF,,3,Green,neutral,neutral,0.8289,0.0963,0.9891,0.643,0.4891,0.8558,0.0017,0.0158,-0.0224,0.0451,0.0059,-0.0004,0.0178,-0.0637,a photo with strong subject separation,blurry,0.4139,0.423,0.4289,0.4329,0.412,0.408,0.4185,0.3981,0.4454,0.3838,0.427,0.4124,0.3902,0.4822,v0,bioclip_2_image
23451,/mnt/d/Photos/Z6ii/28-400mm/2025/2025-08-31/DSC_4682.NEF,,2,Yellow,reject,rejected,0.8014,0.106,0.9905,0.5641,0.441,0.8374,0.0018,0.0139,-0.0213,0.0465,0.0026,-0.0024,0.0164,-0.0632,a photo with strong subject separation,blurry,0.4109,0.4222,0.4281,0.4291,0.4108,0.4043,0.4182,0.397,0.4435,0.3816,0.4265,0.4132,0.3879,0.4814,v0,bioclip_2_image
23454,/mnt/d/Photos/Z6ii/28-400mm/2025/2025-08-31/DSC_4688.NEF,17496,3,Green,pick,neutral,0.8612,0.1087,0.9934,0.565,0.5003,0.8926,0.0023,0.0183,-0.021,0.0501,0.0026,0.0,0.0212,-0.0608,a photo with strong subject separation,blurry,0.4199,0.4291,0.438,0.4387,0.4171,0.4157,0.4274,0.4016,0.4502,0.3879,0.4361,0.4171,0.3946,0.4882,v0,bioclip_2_image
23455,/mnt/d/Photos/Z6ii/28-400mm/2025/2025-08-31/DSC_4689.NEF,17496,3,Green,pick,neutral,0.8509,0.1187,0.9924,0.5332,0.5482,0.8881,0.0036,0.0174,-0.02,0.0488,0.0013,0.0019,0.0207,-0.0563,a photo with strong subject separation,a photo with no clear subject,0.4184,0.4272,0.4378,0.4339,0.4179,0.4162,0.4338,0.401,0.4472,0.3891,0.4326,0.416,0.3955,0.4901,v0,bioclip_2_image
23456,/mnt/d/Photos/Z6ii/28-400mm/2025/2025-08-31/DSC_4690.NEF,17497,3,Green,pick,neutral,0.8606,0.117,0.993,0.5925,0.5876,0.9158,0.0042,0.0182,-0.0202,0.0495,0.0037,0.0035,0.0239,-0.0548,a photo with strong subject separation,a photo with no clear subject,0.4182,0.4266,0.4359,0.4346,0.4173,0.4148,0.4342,0.4,0.4468,0.3864,0.4309,0.4138,0.3909,0.489,v0,bioclip_2_image
23457,/mnt/d/Photos/Z6ii/28-400mm/2025/2025-08-31/DSC_4691.NEF,17496,3,Green,pick,neutral,0.8579,0.1426,0.9903,0.5812,0.519,0.8972,0.0026,0.018,-0.0179,0.0463,0.0033,0.0008,0.0217,-0.0593,a photo with strong subject separation,a photo with no clear subject,0.4183,0.4288,0.4348,0.4346,0.4146,0.4153,0.4276,0.4003,0.4468,0.3885,0.4313,0.4138,0.3936,0.4869,v0,bioclip_2_image
23458,/mnt/d/Photos/Z6ii/28-400mm/2025/2025-08-31/DSC_4692.NEF,17497,3,Green,pick,neutral,0.8285,0.1079,0.9889,0.6032,0.5235,0.9054,0.0022,0.0158,-0.0211,0.0449,0.0042,0.0009,0.0226,-0.061,a photo with strong subject separation,blurry,0.4193,0.4303,0.4352,0.4361,0.4172,0.4167,0.4282,0.4035,0.4514,0.3902,0.4319,0.4162,0.3941,0.4892,v0,bioclip_2_image
23459,/mnt/d/Photos/Z6ii/28-400mm/2025/2025-08-31/DSC_4694.NEF,,3,Green,neutral,neutral,0.8879,0.1358,0.9875,0.4615,0.5442,0.9146,0.0051,0.0207,-0.0185,0.0437,-0.0015,0.0018,0.0237,-0.0528,a photo with strong subject separation,a photo with no clear subject,0.4259,0.4298,0.437,0.4337,0.4241,0.4214,0.4461,0.4052,0.4483,0.3934,0.4353,0.4223,0.3977,0.4988,v0,bioclip_2_image
23460,/mnt/d/Photos/Z6ii/28-400mm/2025/2025-08-31/DSC_4696.NEF,,3,Green,pick,neutral,0.8627,0.158,0.9925,0.6241,0.4614,0.9016,0.002,0.0184,-0.0167,0.0489,0.0051,-0.0015,0.0222,-0.062,a photo with strong subject separation,a photo with no clear subject,0.4143,0.4256,0.4312,0.4329,0.4121,0.4083,0.4229,0.396,0.4423,0.3823,0.4279,0.4136,0.3862,0.4849,v0,bioclip_2_image
23461,/mnt/d/Photos/Z6ii/28-400mm/2025/2025-08-31/DSC_4697.NEF,,3,Green,neutral,neutral,0.8544,0.1468,0.9914,0.5181,0.4287,0.9102,0.0015,0.0177,-0.0176,0.0475,0.0007,-0.0029,0.0232,-0.0653,a photo with strong subject separation,blurry,0.4105,0.4238,0.4275,0.429,0.4102,0.4079,0.4181,0.3928,0.4414,0.38,0.4283,0.4131,0.3848,0.4834,v0,bioclip_2_image
23462,/mnt/d/Photos/Z6ii/28-400mm/2025/2025-08-31/DSC_4699.NEF,,3,Green,neutral,neutral,0.8305,0.0905,0.9895,0.6441,0.5647,0.9107,0.0017,0.0159,-0.0231,0.0454,0.0059,0.0026,0.0232,-0.0635,a photo with strong subject separation,blurry,0.4104,0.419,0.4254,0.4283,0.4102,0.408,0.4212,0.3945,0.442,0.38,0.4224,0.4076,0.3848,0.4847,v0,bioclip_2_image
23463,/mnt/d/Photos/Z6ii/28-400mm/2025/2025-08-31/DSC_4707.NEF,,3,Green,neutral,neutral,0.8358,0.0977,0.992,0.6643,0.6903,0.9173,0.0029,0.0163,-0.0222,0.0482,0.0068,0.008,0.0241,-0.0584,a photo with strong subject separation,a photo with no clear subject,0.4114,0.4176,0.4263,0.4263,0.4171,0.4077,0.4277,0.3951,0.4398,0.3781,0.4195,0.4091,0.3836,0.4861,v0,bioclip_2_image
23465,/mnt/d/Photos/Z6ii/28-400mm/2025/2025-08-31/DSC_4713.NEF,,3,Green,reject,neutral,0.8355,0.1457,0.9922,0.6111,0.5871,0.9074,0.0025,0.0163,-0.0177,0.0485,0.0045,0.0035,0.0228,-0.0599,a photo with strong subject separation,blurry,0.4116,0.4238,0.4283,0.4292,0.4139,0.404,0.4269,0.3953,0.4415,0.3798,0.4246,0.4103,0.3811,0.4868,v0,bioclip_2_image
23468,/mnt/d/Photos/Z6ii/28-400mm/2025/2025-08-31/DSC_4717.NEF,,3,Green,neutral,neutral,0.8548,0.1585,0.9939,0.5568,0.4293,0.9151,0.0016,0.0177,-0.0167,0.0509,0.0023,-0.0028,0.0238,-0.0641,a photo with strong subject separation,blurry,0.4115,0.4257,0.4282,0.4286,0.41,0.4064,0.4202,0.3938,0.4424,0.3773,0.4263,0.4128,0.3826,0.4843,v0,bioclip_2_image
23469,/mnt/d/Photos/Z6ii/28-400mm/2025/2025-08-31/DSC_4718.NEF,17498,3,Green,pick,neutral,0.8539,0.1483,0.9913,0.5817,0.4841,0.8916,0.002,0.0177,-0.0175,0.0473,0.0033,-0.0006,0.0211,-0.062,a photo with strong subject separation,blurry,0.4168,0.4299,0.4307,0.4332,0.4137,0.4124,0.4295,0.3992,0.4474,0.3834,0.4299,0.4143,0.3914,0.4916,v0,bioclip_2_image
23470,/mnt/d/Photos/Z6ii/28-400mm/2025/2025-08-31/DSC_4719.NEF,,3,Green,neutral,neutral,0.8576,0.1298,0.9908,0.6466,0.5161,0.8962,0.0024,0.018,-0.019,0.0468,0.006,0.0006,0.0216,-0.0603,a photo with strong subject separation,blurry,0.4137,0.425,0.428,0.4325,0.411,0.4089,0.4261,0.3958,0.444,0.3813,0.4264,0.4104,0.3873,0.4864,v0,bioclip_2_image
23471,/mnt/d/Photos/Z6ii/28-400mm/2025/2025-08-31/DSC_4720.NEF,,3,Green,neutral,neutral,0.887,0.1337,0.9907,0.6297,0.4827,0.9129,0.0024,0.0206,-0.0187,0.0467,0.0053,-0.0007,0.0235,-0.0601,a photo with strong subject separation,blurry,0.413,0.4254,0.4264,0.4293,0.4105,0.4105,0.4285,0.3924,0.444,0.3797,0.424,0.4112,0.387,0.4886,v0,bioclip_2_image
23472,/mnt/d/Photos/Z6ii/28-400mm/2025/2025-08-31/DSC_4721.NEF,,3,Green,neutral,neutral,0.8943,0.1199,0.9909,0.5704,0.4914,0.92,0.0032,0.0214,-0.0199,0.0469,0.0028,-0.0003,0.0244,-0.0573,a photo with strong subject separation,blurry,0.4147,0.4231,0.4271,0.4303,0.4123,0.4127,0.431,0.3934,0.443,0.3802,0.4275,0.4126,0.3883,0.4884,v0,bioclip_2_image
23473,/mnt/d/Photos/Z6ii/28-400mm/2025/2025-08-31/DSC_4722.NEF,17498,3,Green,pick,neutral,0.8835,0.192,0.9918,0.6724,0.4676,0.9283,0.0032,0.0203,-0.0144,0.048,0.0072,-0.0013,0.0256,-0.0573,high quality,blurry,0.41,0.4205,0.4213,0.4277,0.406,0.4051,0.4286,0.3897,0.4349,0.3733,0.4205,0.4073,0.3795,0.4859,v0,bioclip_2_image
23474,/mnt/d/Photos/Z6ii/28-400mm/2025/2025-08-31/DSC_4725.NEF,,3,Green,neutral,neutral,0.8565,0.1127,0.9929,0.7055,0.6283,0.9101,0.0028,0.0179,-0.0206,0.0494,0.0087,0.0053,0.0231,-0.0586,a photo with strong subject separation,blurry,0.416,0.4261,0.4328,0.4334,0.4172,0.4118,0.429,0.3981,0.4467,0.3835,0.4247,0.412,0.3887,0.4876,v0,bioclip_2_image
23475,/mnt/d/Photos/Z6ii/28-400mm/2025/2025-08-31/DSC_4737.NEF,,3,Green,reject,neutral,0.8372,0.124,0.9901,0.5683,0.4052,0.9021,0.0012,0.0164,-0.0195,0.0461,0.0028,-0.0038,0.0222,-0.0669,a photo with strong subject separation,blurry,0.41,0.4218,0.4264,0.4269,0.4094,0.4064,0.4128,0.3937,0.4413,0.3803,0.4242,0.4132,0.3842,0.4797,v0,bioclip_2_image
23476,/mnt/d/Photos/Z6ii/28-400mm/2025/2025-08-31/DSC_4740.NEF,,3,Green,neutral,neutral,0.8606,0.1238,0.9922,0.6092,0.4464,0.902,0.0014,0.0182,-0.0196,0.0484,0.0044,-0.0022,0.0222,-0.0656,a photo with strong subject separation,blurry,0.4178,0.4293,0.4328,0.4342,0.4148,0.4119,0.4226,0.3996,0.4488,0.3843,0.4297,0.4169,0.3897,0.4883,v0,bioclip_2_image
23477,/mnt/d/Photos/Z6ii/28-400mm/2025/2025-08-31/DSC_4744.NEF,,3,Green,reject,neutral,0.8489,0.1531,0.9913,0.5784,0.4236,0.9016,0.0013,0.0173,-0.0171,0.0474,0.0032,-0.0031,0.0222,-0.0664,a photo with strong subject separation,a photo with no clear subject,0.4129,0.4262,0.4284,0.4301,0.4124,0.4074,0.4163,0.3956,0.4433,0.381,0.4269,0.4155,0.3852,0.4827,v0,bioclip_2_image
23478,/mnt/d/Photos/Z6ii/28-400mm/2025/2025-08-31/DSC_4751.NEF,,3,Green,pick,neutral,0.8553,0.1266,0.9913,0.5853,0.4427,0.8925,0.0014,0.0178,-0.0193,0.0474,0.0034,-0.0023,0.0212,-0.0657,a photo with strong subject separation,blurry,0.4182,0.4295,0.433,0.4344,0.4154,0.4117,0.4217,0.4004,0.4488,0.3856,0.431,0.4177,0.3905,0.4874,v0,bioclip_2_image
23479,/mnt/d/Photos/Z6ii/28-400mm/2025/2025-08-31/DSC_4752.NEF,,3,Green,reject,neutral,0.8524,0.153,0.9911,0.5982,0.4807,0.8996,0.0017,0.0175,-0.0171,0.0472,0.004,-0.0008,0.0219,-0.0639,a photo with strong subject separation,blurry,0.4157,0.4298,0.4327,0.4326,0.4131,0.4105,0.4221,0.3982,0.4469,0.3855,0.4287,0.4138,0.3886,0.486,v0,bioclip_2_image
23480,/mnt/d/Photos/Z6ii/28-400mm/2025/2025-08-31/DSC_4753.NEF,,3,Green,neutral,neutral,0.836,0.1399,0.9912,0.5366,0.4,0.8868,0.0014,0.0163,-0.0182,0.0473,0.0015,-0.0041,0.0206,-0.0654,a photo with strong subject separation,blurry,0.4137,0.428,0.4319,0.4299,0.4106,0.4085,0.4198,0.3974,0.4462,0.3846,0.4284,0.4147,0.3879,0.4852,v0,bioclip_2_image
23481,/mnt/d/Photos/Z6ii/28-400mm/2025/2025-08-31/DSC_4754.NEF,17499,3,Green,pick,neutral,0.8313,0.1544,0.9898,0.5291,0.3913,0.8766,0.0014,0.0159,-0.017,0.0458,0.0012,-0.0044,0.0196,-0.0654,a photo with strong subject separation,blurry,0.4141,0.429,0.4317,0.4315,0.4108,0.4088,0.4188,0.3982,0.446,0.3859,0.4303,0.4152,0.3892,0.4842,v0,bioclip_2_image
23482,/mnt/d/Photos/Z6ii/28-400mm/2025/2025-08-31/DSC_4756.NEF,17499,3,Green,pick,neutral,0.8305,0.1568,0.9907,0.5512,0.4018,0.8836,0.0013,0.0159,-0.0168,0.0467,0.0021,-0.004,0.0203,-0.0664,a photo with strong subject separation,blurry,0.4134,0.4276,0.431,0.4299,0.4111,0.4072,0.4168,0.3975,0.4444,0.3843,0.4279,0.4151,0.387,0.4832,v0,bioclip_2_image
23483,/mnt/d/Photos/Z6ii/28-400mm/2025/2025-08-31/DSC_4759.NEF,,3,Yellow,reject,neutral,0.8431,0.1457,0.9912,0.5595,0.3914,0.888,0.0015,0.0168,-0.0177,0.0472,0.0024,-0.0044,0.0207,-0.0649,a photo with strong subject separation,blurry,0.4154,0.4281,0.4319,0.4324,0.413,0.409,0.4203,0.3986,0.4458,0.3847,0.43,0.4174,0.3883,0.4853,v0,bioclip_2_image
23484,/mnt/d/Photos/Z6ii/28-400mm/2025/2025-08-31/DSC_4762.NEF,,3,Green,pick,neutral,0.8768,0.1202,0.9915,0.6312,0.5996,0.9441,0.0018,0.0196,-0.0199,0.0476,0.0054,0.004,0.0283,-0.0634,a photo with strong subject separation,blurry,0.4124,0.4236,0.4257,0.4307,0.4127,0.4108,0.4255,0.3927,0.4435,0.3781,0.4254,0.4086,0.3825,0.489,v0,bioclip_2_image
23485,/mnt/d/Photos/Z6ii/28-400mm/2025/2025-08-31/DSC_4767.NEF,17500,3,Green,pick,neutral,0.903,0.134,0.993,0.6674,0.5997,0.9191,0.0047,0.0223,-0.0187,0.0496,0.007,0.004,0.0243,-0.0535,a photo with strong subject separation,blurry,0.4199,0.4265,0.4312,0.4324,0.4204,0.4141,0.441,0.3976,0.4451,0.3816,0.4254,0.4164,0.3898,0.4945,v0,bioclip_2_image
23486,/mnt/d/Photos/Z6ii/28-400mm/2025/2025-08-31/DSC_4769.NEF,17501,3,Green,pick,neutral,0.8721,0.1753,0.9943,0.6284,0.4899,0.9304,0.0019,0.0192,-0.0155,0.0517,0.0053,-0.0004,0.0259,-0.0628,a photo with strong subject separation,a photo with no clear subject,0.4153,0.4286,0.4302,0.4317,0.4147,0.4113,0.4252,0.3961,0.444,0.3786,0.4264,0.4151,0.3854,0.488,v0,bioclip_2_image
23487,/mnt/d/Photos/Z6ii/28-400mm/2025/2025-08-31/DSC_4770.NEF,17501,3,Green,reject,neutral,0.8742,0.1659,0.9939,0.6391,0.5262,0.9464,0.0019,0.0194,-0.0161,0.0509,0.0057,0.001,0.0287,-0.0628,a photo with strong subject separation,a photo with no clear subject,0.4148,0.4272,0.431,0.4311,0.4142,0.4118,0.4278,0.3955,0.4433,0.3801,0.4254,0.4131,0.3831,0.4906,v0,bioclip_2_image
23488,/mnt/d/Photos/Z6ii/28-400mm/2025/2025-08-31/DSC_4774.NEF,17500,3,Green,pick,neutral,0.916,0.1744,0.9925,0.585,0.4478,0.9324,0.0033,0.0239,-0.0155,0.0489,0.0034,-0.0021,0.0262,-0.057,a photo with strong subject separation,a photo with no clear subject,0.4219,0.4299,0.4326,0.4323,0.4178,0.4179,0.4411,0.398,0.4454,0.3837,0.4289,0.4199,0.3916,0.4981,v0,bioclip_2_image
23490,/mnt/d/Photos/Z6ii/28-400mm/2025/2025-08-31/DSC_4777.NEF,17502,2,Green,pick,rejected,0.8556,0.1513,0.9939,0.5514,0.4372,0.9101,0.0011,0.0178,-0.0172,0.0509,0.0021,-0.0025,0.0231,-0.0683,a photo with strong subject separation,blurry,0.4182,0.4307,0.4355,0.4376,0.4141,0.4143,0.4212,0.4004,0.4479,0.3846,0.4356,0.4166,0.3911,0.4895,v0,bioclip_2_image
23491,/mnt/d/Photos/Z6ii/28-400mm/2025/2025-08-31/DSC_4778.NEF,,2,Green,reject,rejected,0.8999,0.1225,0.9949,0.6287,0.6135,0.9494,0.0022,0.022,-0.0197,0.0527,0.0053,0.0046,0.0293,-0.0613,a photo with strong subject separation,blurry,0.4162,0.4231,0.428,0.4275,0.4158,0.4145,0.4321,0.3942,0.4428,0.3753,0.4222,0.4112,0.3852,0.4933,v0,bioclip_2_image
23492,/mnt/d/Photos/Z6ii/28-400mm/2025/2025-08-31/DSC_4779.NEF,17502,2,Green,pick,rejected,0.8594,0.1647,0.9937,0.5588,0.4677,0.9197,0.0014,0.0181,-0.0162,0.0506,0.0024,-0.0013,0.0244,-0.0653,a photo with strong subject separation,a photo with no clear subject,0.4145,0.4277,0.4297,0.4316,0.4107,0.4106,0.4237,0.3964,0.444,0.3791,0.4292,0.412,0.3862,0.4891,v0,bioclip_2_image
23493,/mnt/d/Photos/Z6ii/28-400mm/2025/2025-08-31/DSC_4782.NEF,17503,2,Green,pick,rejected,0.8629,0.1543,0.9943,0.5843,0.4435,0.9231,0.0021,0.0184,-0.017,0.0516,0.0034,-0.0023,0.0248,-0.0618,a photo with strong subject separation,a photo with no clear subject,0.4158,0.4267,0.432,0.4285,0.4123,0.4112,0.4261,0.3974,0.4437,0.3804,0.4251,0.4146,0.3863,0.488,v0,bioclip_2_image
23494,/mnt/d/Photos/Z6ii/28-400mm/2025/2025-08-31/DSC_4783.NEF,17503,2,Green,pick,rejected,0.8511,0.1938,0.9932,0.6184,0.3933,0.8974,0.0017,0.0174,-0.0143,0.0499,0.0048,-0.0043,0.0217,-0.0636,a photo with strong subject separation,a photo with no clear subject,0.4176,0.4312,0.4308,0.4341,0.4111,0.4106,0.4279,0.4002,0.4454,0.3809,0.4293,0.4154,0.3889,0.4915,v0,bioclip_2_image
23495,/mnt/d/Photos/Z6ii/28-400mm/2025/2025-08-31/DSC_4784.NEF,17504,3,Green,pick,neutral,0.8653,0.1548,0.9943,0.6604,0.4927,0.8975,0.0027,0.0186,-0.017,0.0517,0.0066,-0.0003,0.0217,-0.059,a photo with strong subject separation,blurry,0.42,0.4306,0.434,0.4366,0.4144,0.414,0.4335,0.4014,0.4476,0.3824,0.43,0.4147,0.3923,0.4925,v0,bioclip_2_image
23496,/mnt/d/Photos/Z6ii/28-400mm/2025/2025-08-31/DSC_4785.NEF,17503,3,Green,pick,neutral,0.8479,0.202,0.9934,0.6269,0.4128,0.8917,0.002,0.0172,-0.0137,0.0502,0.0052,-0.0035,0.0211,-0.0621,a photo with strong subject separation,a photo with no clear subject,0.4183,0.4304,0.4313,0.4356,0.4118,0.4102,0.4298,0.4011,0.4441,0.3812,0.4304,0.4153,0.3891,0.4919,v0,bioclip_2_image
23497,/mnt/d/Photos/Z6ii/28-400mm/2025/2025-08-31/DSC_4786.NEF,,2,Yellow,reject,rejected,0.8534,0.218,0.9935,0.559,0.4742,0.9412,0.002,0.0176,-0.0128,0.0503,0.0024,-0.001,0.0277,-0.0624,a photo with strong subject separation,a photo with no clear subject,0.4172,0.4309,0.4323,0.4306,0.4165,0.4128,0.4309,0.3996,0.4436,0.382,0.4283,0.4175,0.3851,0.4932,v0,bioclip_2_image
23498,/mnt/d/Photos/Z6ii/28-400mm/2025/2025-08-31/DSC_4790.NEF,17504,2,Yellow,pick,rejected,0.885,0.2682,0.9949,0.6384,0.4851,0.9366,0.0037,0.0204,-0.01,0.0526,0.0057,-0.0006,0.0269,-0.056,a photo with strong subject separation,a photo with no clear subject,0.4117,0.4238,0.4247,0.4246,0.4101,0.408,0.4343,0.3913,0.4338,0.3721,0.4189,0.4107,0.3811,0.4902,v0,bioclip_2_image
23499,/mnt/d/Photos/Z6ii/28-400mm/2025/2025-08-31/DSC_4791.NEF,17501,3,Green,reject,neutral,0.8791,0.1244,0.9928,0.6042,0.4991,0.9472,0.0016,0.0198,-0.0195,0.0493,0.0042,-0.0,0.0289,-0.0644,a photo with strong subject separation,a photo with no clear subject,0.4138,0.4235,0.4263,0.4286,0.4104,0.4128,0.4224,0.394,0.443,0.377,0.4243,0.4104,0.3839,0.4868,v0,bioclip_2_image
23500,/mnt/d/Photos/Z6ii/28-400mm/2025/2025-08-31/DSC_4792.NEF,17501,3,Green,reject,neutral,0.8758,0.1626,0.9923,0.5749,0.5522,0.937,0.0023,0.0195,-0.0164,0.0486,0.003,0.0021,0.027,-0.0607,a photo with strong subject separation,a photo with no clear subject,0.4166,0.4274,0.4304,0.4301,0.4146,0.4126,0.4305,0.3971,0.4438,0.3818,0.4271,0.4125,0.3857,0.4912,v0,bioclip_2_image
23501,/mnt/d/Photos/Z6ii/28-400mm/2025/2025-08-31/DSC_4793.NEF,17501,3,Green,pick,neutral,0.882,0.1591,0.9937,0.6137,0.5066,0.969,0.0011,0.0201,-0.0167,0.0506,0.0046,0.0003,0.0344,-0.0685,a photo with strong subject separation,a photo with no clear subject,0.4096,0.4251,0.4272,0.4287,0.4098,0.4113,0.4243,0.3895,0.4418,0.3766,0.4241,0.4096,0.3769,0.4929,v0,bioclip_2_image
23502,/mnt/d/Photos/Z6ii/28-400mm/2025/2025-08-31/DSC_4794.NEF,,3,Green,neutral,neutral,0.8969,0.1731,0.9926,0.6452,0.5524,0.9646,0.0018,0.0216,-0.0156,0.049,0.006,0.0021,0.033,-0.0631,a photo with strong subject separation,blurry,0.4116,0.4233,0.4227,0.4279,0.4117,0.4112,0.4284,0.39,0.4389,0.3737,0.422,0.4096,0.3781,0.4915,v0,bioclip_2_image
23503,/mnt/d/Photos/Z6ii/28-400mm/2025/2025-08-31/DSC_4795.NEF,,3,Green,reject,neutral,0.88,0.1816,0.9939,0.5379,0.5041,0.9508,0.0011,0.0199,-0.0151,0.0509,0.0015,0.0002,0.0296,-0.0681,a photo with strong subject separation,blurry,0.4238,0.4383,0.437,0.4419,0.4211,0.422,0.4399,0.4039,0.4533,0.3861,0.4403,0.4209,0.3923,0.508,v0,bioclip_2_image
23504,/mnt/d/Photos/Z6ii/28-400mm/2025/2025-08-31/DSC_4796.NEF,,3,Green,neutral,neutral,0.8874,0.1744,0.9944,0.5751,0.5039,0.9471,0.0019,0.0206,-0.0155,0.0517,0.003,0.0002,0.0288,-0.0624,a photo with strong subject separation,blurry,0.4109,0.4236,0.4302,0.4254,0.4111,0.4108,0.4258,0.3902,0.4392,0.3785,0.4224,0.4109,0.382,0.4882,v0,bioclip_2_image
23505,/mnt/d/Photos/Z6ii/28-400mm/2025/2025-08-31/DSC_4797.NEF,,3,Green,neutral,neutral,0.8866,0.1463,0.9921,0.5286,0.5137,0.9381,0.0018,0.0206,-0.0176,0.0483,0.0011,0.0006,0.0272,-0.0631,a photo with strong subject separation,blurry,0.4168,0.4287,0.4273,0.4289,0.4135,0.4134,0.4325,0.3963,0.4463,0.379,0.4278,0.413,0.3863,0.4957,v0,bioclip_2_image
23506,/mnt/d/Photos/Z6ii/28-400mm/2025/2025-08-31/DSC_4806.NEF,,3,Green,reject,neutral,0.8537,0.135,0.9932,0.6422,0.4919,0.9222,0.0016,0.0176,-0.0186,0.0498,0.0059,-0.0003,0.0247,-0.0642,a photo with strong subject separation,blurry,0.4158,0.4288,0.4304,0.4329,0.4126,0.4115,0.4245,0.3981,0.4474,0.3806,0.427,0.4129,0.3868,0.4887,v0,bioclip_2_image
23507,/mnt/d/Photos/Z6ii/28-400mm/2025/2025-08-31/DSC_4808.NEF,17505,3,Green,pick,neutral,0.854,0.1393,0.9925,0.6155,0.4085,0.9359,0.0011,0.0177,-0.0182,0.0488,0.0047,-0.0037,0.0268,-0.0682,a photo with strong subject separation,blurry,0.4164,0.4296,0.4298,0.4353,0.4125,0.4139,0.4227,0.3988,0.4478,0.381,0.4306,0.4162,0.3871,0.4909,v0,bioclip_2_image
23508,/mnt/d/Photos/Z6ii/28-400mm/2025/2025-08-31/DSC_4810.NEF,,3,Green,pick,neutral,0.873,0.1577,0.9928,0.6076,0.4386,0.939,0.0013,0.0193,-0.0168,0.0492,0.0044,-0.0025,0.0273,-0.0665,a photo with strong subject separation,blurry,0.4181,0.4312,0.4312,0.4359,0.4129,0.4148,0.4255,0.3988,0.4479,0.382,0.4315,0.4153,0.3874,0.492,v0,bioclip_2_image
23509,/mnt/d/Photos/Z6ii/28-400mm/2025/2025-08-31/DSC_4812.NEF,17501,3,Green,pick,neutral,0.8778,0.1705,0.9932,0.5634,0.4986,0.9266,0.0016,0.0197,-0.0158,0.0499,0.0025,-0.0001,0.0254,-0.0643,a photo with strong subject separation,blurry,0.4158,0.4288,0.4288,0.4305,0.4135,0.4102,0.4243,0.3961,0.4446,0.3789,0.4279,0.4135,0.3849,0.4886,v0,bioclip_2_image
23510,/mnt/d/Photos/Z6ii/28-400mm/2025/2025-08-31/DSC_4814.NEF,17505,3,Green,pick,neutral,0.8773,0.1631,0.9932,0.6098,0.4854,0.9429,0.0016,0.0197,-0.0164,0.0499,0.0045,-0.0006,0.028,-0.0642,a photo with strong subject separation,blurry,0.4172,0.4309,0.4283,0.432,0.4123,0.4136,0.4286,0.3975,0.4472,0.3784,0.4275,0.4129,0.3856,0.4928,v0,bioclip_2_image
23511,/mnt/d/Photos/Z6ii/28-400mm/2025/2025-08-31/DSC_4817.NEF,17506,3,Green,neutral,neutral,0.8864,0.1796,0.9931,0.6128,0.5049,0.9337,0.0021,0.0205,-0.0152,0.0497,0.0046,0.0002,0.0264,-0.0618,a photo with strong subject separation,blurry,0.4156,0.4289,0.4277,0.4301,0.4119,0.4114,0.4282,0.395,0.4441,0.378,0.4255,0.4117,0.385,0.49,v0,bioclip_2_image
23512,/mnt/d/Photos/Z6ii/28-400mm/2025/2025-08-31/DSC_4820.NEF,,3,Green,pick,neutral,0.883,0.1576,0.9927,0.6054,0.5588,0.9452,0.0025,0.0202,-0.0168,0.0491,0.0043,0.0024,0.0285,-0.06,a photo with strong subject separation,a photo with no clear subject,0.4076,0.4191,0.422,0.4224,0.4063,0.4054,0.4224,0.3873,0.4358,0.3729,0.4181,0.4039,0.3769,0.4824,v0,bioclip_2_image
23513,/mnt/d/Photos/Z6ii/28-400mm/2025/2025-08-31/DSC_4822.NEF,17506,3,Green,neutral,neutral,0.8727,0.1245,0.9911,0.5885,0.58,0.9198,0.0021,0.0193,-0.0195,0.0471,0.0036,0.0032,0.0244,-0.0618,a photo with strong subject separation,blurry,0.4104,0.4219,0.4262,0.4272,0.4087,0.4076,0.4234,0.3912,0.4414,0.379,0.4236,0.4054,0.3832,0.4852,v0,bioclip_2_image
23514,/mnt/d/Photos/Z6ii/28-400mm/2025/2025-08-31/DSC_4825.NEF,17507,3,Green,pick,neutral,0.8704,0.1448,0.9915,0.5774,0.5502,0.9242,0.0025,0.019,-0.0178,0.0476,0.0031,0.002,0.025,-0.06,a photo with strong subject separation,a photo with no clear subject,0.4117,0.4223,0.4242,0.4267,0.4086,0.4081,0.4314,0.3927,0.4401,0.3766,0.4236,0.4066,0.3831,0.4914,v0,bioclip_2_image
23515,/mnt/d/Photos/Z6ii/28-400mm/2025/2025-08-31/DSC_4826.NEF,,3,Green,pick,neutral,0.8527,0.153,0.9911,0.5219,0.4678,0.9215,0.0015,0.0176,-0.0171,0.0471,0.0009,-0.0013,0.0246,-0.0647,a photo with strong subject separation,a photo with no clear subject,0.4115,0.4253,0.4275,0.4283,0.4097,0.4079,0.4231,0.3939,0.4424,0.3803,0.4274,0.411,0.3832,0.4878,v0,bioclip_2_image
23516,/mnt/d/Photos/Z6ii/28-400mm/2025/2025-08-31/DSC_4827.NEF,17507,3,Green,pick,neutral,0.8518,0.1217,0.9906,0.5588,0.5323,0.9203,0.0017,0.0175,-0.0198,0.0465,0.0024,0.0013,0.0245,-0.0638,a photo with strong subject separation,blurry,0.4123,0.4244,0.4276,0.4284,0.4096,0.4078,0.4223,0.3949,0.4442,0.3811,0.4261,0.4083,0.3833,0.4862,v0,bioclip_2_image
23517,/mnt/d/Photos/Z6ii/28-400mm/2025/2025-08-31/DSC_4828.NEF,17508,3,Green,pick,neutral,0.8693,0.1686,0.9917,0.4745,0.4521,0.9301,0.002,0.0189,-0.016,0.0478,-0.001,-0.0019,0.0259,-0.0623,a photo with strong subject separation,a photo with no clear subject,0.4146,0.4295,0.4291,0.4294,0.4113,0.41,0.4272,0.3956,0.4455,0.3813,0.4304,0.4132,0.3841,0.4895,v0,bioclip_2_image
23520,/mnt/d/Photos/Z6ii/28-400mm/2025/2025-08-31/DSC_4831.NEF,17509,3,Green,pick,neutral,0.8458,0.1684,0.9908,0.4762,0.4567,0.9127,0.0022,0.017,-0.016,0.0468,-0.001,-0.0017,0.0235,-0.0611,a photo with strong subject separation,a photo with no clear subject,0.4138,0.4279,0.4283,0.4263,0.4106,0.409,0.4259,0.3968,0.4438,0.3814,0.4273,0.4123,0.3855,0.487,v0,bioclip_2_image
23524,/mnt/d/Photos/Z6ii/28-400mm/2025/2025-08-31/DSC_4841.NEF,17510,3,Green,pick,neutral,0.8371,0.1585,0.9904,0.5188,0.5366,0.8935,0.0026,0.0164,-0.0167,0.0464,0.0008,0.0015,0.0213,-0.0595,a photo with strong subject separation,blurry,0.4089,0.4225,0.4242,0.4219,0.409,0.4023,0.4256,0.3925,0.4392,0.3778,0.4211,0.4075,0.381,0.4851,v0,bioclip_2_image
23525,/mnt/d/Photos/Z6ii/28-400mm/2025/2025-08-31/DSC_4845.NEF,17511,3,Green,pick,neutral,0.8541,0.1524,0.9916,0.457,0.4438,0.9153,0.0017,0.0177,-0.0172,0.0477,-0.0017,-0.0023,0.0238,-0.0635,a photo with strong subject separation,a photo with no clear subject,0.4077,0.422,0.4246,0.4208,0.4085,0.4043,0.4188,0.39,0.4392,0.3769,0.4226,0.4108,0.3805,0.4823,v0,bioclip_2_image
23526,/mnt/d/Photos/Z6ii/28-400mm/2025/2025-08-31/DSC_4849.NEF,17512,3,Green,reject,neutral,0.8502,0.1701,0.9899,0.4905,0.5286,0.9075,0.0024,0.0174,-0.0158,0.0458,-0.0004,0.0011,0.0228,-0.0602,a photo with strong subject separation,blurry,0.4094,0.4244,0.4253,0.422,0.41,0.4038,0.4251,0.3921,0.4402,0.3795,0.4224,0.4089,0.3809,0.4853,v0,bioclip_2_image
23527,/mnt/d/Photos/Z6ii/28-400mm/2025/2025-08-31/DSC_4850.NEF,17512,3,Green,pick,neutral,0.8437,0.1444,0.9911,0.5338,0.4575,0.9094,0.0017,0.0169,-0.0178,0.0471,0.0014,-0.0017,0.0231,-0.0639,a photo with strong subject separation,blurry,0.4076,0.4224,0.4231,0.4217,0.4079,0.4039,0.4195,0.3908,0.4402,0.3759,0.4203,0.4096,0.3808,0.4834,v0,bioclip_2_image
23529,/mnt/d/Photos/Z6ii/28-400mm/2025/2025-08-31/DSC_4852.NEF,17512,3,Green,pick,neutral,0.8321,0.1517,0.9909,0.4728,0.4584,0.8766,0.0016,0.016,-0.0172,0.0469,-0.0011,-0.0017,0.0196,-0.0641,a photo with strong subject separation,blurry,0.4111,0.4254,0.4282,0.4251,0.4128,0.404,0.4246,0.3951,0.4426,0.3813,0.4262,0.4144,0.3844,0.4888,v0,bioclip_2_image
23530,/mnt/d/Photos/Z6ii/28-400mm/2025/2025-08-31/DSC_4853.NEF,17512,3,Green,reject,neutral,0.8548,0.1934,0.9911,0.5324,0.5518,0.8995,0.0033,0.0177,-0.0143,0.0471,0.0013,0.0021,0.0219,-0.0571,a photo with strong subject separation,blurry,0.4032,0.4177,0.416,0.4151,0.405,0.3973,0.4289,0.3855,0.432,0.3689,0.4138,0.4029,0.3754,0.486,v0,bioclip_2_image
23533,/mnt/d/Photos/Z6ii/28-400mm/2025/2025-08-31/DSC_4864.NEF,17514,3,Green,pick,neutral,0.8537,0.1743,0.9892,0.4388,0.4165,0.8897,0.0022,0.0176,-0.0156,0.0452,-0.0025,-0.0034,0.0209,-0.061,a photo with strong subject separation,blurry,0.4134,0.4266,0.4261,0.4261,0.413,0.4085,0.4257,0.3958,0.4421,0.3809,0.4286,0.4164,0.3876,0.4867,v0,bioclip_2_image
23537,/mnt/d/Photos/Z6ii/28-400mm/2025/2025-08-31/DSC_4877.NEF,17516,3,Green,pick,neutral,0.8603,0.1968,0.9921,0.5493,0.4627,0.8952,0.0021,0.0182,-0.0141,0.0483,0.002,-0.0015,0.0214,-0.0617,a photo with strong subject separation,blurry,0.4086,0.4245,0.4259,0.4232,0.4088,0.4017,0.4217,0.3904,0.4385,0.3777,0.4212,0.4103,0.3803,0.4834,v0,bioclip_2_image
23542,/mnt/d/Photos/Z6ii/28-400mm/2025/2025-08-31/DSC_4891.NEF,17515,3,Green,reject,neutral,0.8424,0.1749,0.9899,0.529,0.4467,0.8722,0.0018,0.0168,-0.0155,0.0459,0.0012,-0.0021,0.0192,-0.0632,a photo with strong subject separation,a photo with no clear subject,0.405,0.4184,0.42,0.4198,0.4042,0.3988,0.418,0.3883,0.4339,0.3741,0.4187,0.4063,0.3796,0.4813,v0,bioclip_2_image
23543,/mnt/d/Photos/Z6ii/28-400mm/2025/2025-08-31/DSC_4892.NEF,17517,3,Green,pick,neutral,0.8836,0.1729,0.9897,0.5046,0.5379,0.9277,0.0025,0.0203,-0.0157,0.0456,0.0002,0.0015,0.0255,-0.06,a photo with strong subject separation,blurry,0.4012,0.4141,0.4141,0.4135,0.4047,0.4001,0.4228,0.3809,0.4298,0.3685,0.4134,0.4031,0.3746,0.4827,v0,bioclip_2_image
23544,/mnt/d/Photos/Z6ii/28-400mm/2025/2025-08-31/DSC_4899.NEF,17518,3,Green,pick,neutral,0.844,0.1641,0.9908,0.523,0.4543,0.8894,0.0021,0.0169,-0.0163,0.0468,0.0009,-0.0018,0.0208,-0.0618,a photo with strong subject separation,blurry,0.4081,0.4234,0.4246,0.4204,0.4094,0.4047,0.4254,0.3913,0.4397,0.3778,0.4195,0.4112,0.3838,0.4871,v0,bioclip_2_image
23545,/mnt/d/Photos/Z6ii/28-400mm/2025/2025-08-31/DSC_4900.NEF,17518,3,Green,pick,neutral,0.8322,0.1151,0.9889,0.495,0.4499,0.8842,0.0016,0.016,-0.0204,0.0449,-0.0002,-0.002,0.0203,-0.0647,a photo with strong subject separation,blurry,0.4094,0.4229,0.4251,0.4251,0.4084,0.4043,0.4237,0.3934,0.4433,0.3803,0.4253,0.4104,0.3839,0.4884,v0,bioclip_2_image
23548,/mnt/d/Photos/Z6ii/28-400mm/2025/2025-08-31/DSC_4904.NEF,17513,3,Green,pick,neutral,0.8623,0.1771,0.991,0.5523,0.3786,0.8774,0.002,0.0183,-0.0154,0.0471,0.0021,-0.005,0.0197,-0.0621,a photo with strong subject separation,blurry,0.416,0.4307,0.4307,0.4331,0.4113,0.4105,0.4264,0.3976,0.446,0.3836,0.431,0.4163,0.3908,0.4885,v0,bioclip_2_image
23550,/mnt/d/Photos/Z6ii/28-400mm/2025/2025-08-31/DSC_4908.NEF,17520,3,Green,pick,neutral,0.8534,0.1722,0.9885,0.5481,0.449,0.9023,0.002,0.0176,-0.0157,0.0445,0.0019,-0.002,0.0222,-0.0622,a photo with strong subject separation,a photo with no clear subject,0.4096,0.4254,0.4237,0.4268,0.4087,0.407,0.4241,0.392,0.4411,0.3792,0.4249,0.4108,0.3848,0.4863,v0,bioclip_2_image
23563,/mnt/d/Photos/Z6ii/28-400mm/2025/2025-08-31/DSC_4923.NEF,17526,3,Green,pick,neutral,0.8602,0.1696,0.9919,0.5399,0.4938,0.9132,0.0022,0.0182,-0.0159,0.0481,0.0016,-0.0002,0.0235,-0.0613,a photo with strong subject separation,a photo with no clear subject,0.4148,0.4288,0.4292,0.4293,0.414,0.4095,0.4258,0.3967,0.4446,0.3812,0.4277,0.4142,0.386,0.4872,v0,bioclip_2_image
23564,/mnt/d/Photos/Z6ii/28-400mm/2025/2025-08-31/DSC_4926.NEF,17526,3,Green,pick,neutral,0.8576,0.1532,0.9911,0.5179,0.47,0.9124,0.0017,0.018,-0.0171,0.0471,0.0007,-0.0012,0.0234,-0.0635,a photo with strong subject separation,a photo with no clear subject,0.4127,0.4266,0.4276,0.4282,0.4119,0.4085,0.4228,0.3948,0.4437,0.3805,0.4275,0.4131,0.385,0.4864,v0,bioclip_2_image
23566,/mnt/d/Photos/Z6ii/28-400mm/2025/2025-08-31/DSC_4933.NEF,17527,3,Green,pick,neutral,0.8642,0.1854,0.9908,0.564,0.4862,0.9056,0.0022,0.0185,-0.0148,0.0468,0.0026,-0.0006,0.0226,-0.0614,a photo with strong subject separation,blurry,0.4139,0.4292,0.4279,0.4279,0.4124,0.4081,0.4254,0.3954,0.444,0.3811,0.4254,0.413,0.3855,0.4868,v0,bioclip_2_image
23567,/mnt/d/Photos/Z6ii/28-400mm/2025/2025-08-31/DSC_4934.NEF,17527,3,Green,pick,neutral,0.8511,0.1824,0.9918,0.5234,0.4175,0.8957,0.0027,0.0174,-0.015,0.048,0.0009,-0.0033,0.0215,-0.0591,a photo with strong subject separation,a photo with no clear subject,0.411,0.4269,0.4286,0.428,0.4087,0.408,0.4258,0.3936,0.4419,0.3806,0.4271,0.412,0.3865,0.4848,v0,bioclip_2_image
23571,/mnt/d/Photos/Z6ii/28-400mm/2025/2025-08-31/DSC_4940.NEF,17528,3,Green,pick,neutral,0.8709,0.1855,0.9905,0.4952,0.4852,0.9047,0.0023,0.0191,-0.0148,0.0465,-0.0002,-0.0006,0.0225,-0.0606,a photo with strong subject separation,a photo with no clear subject,0.413,0.429,0.4262,0.4262,0.4138,0.4107,0.4278,0.3939,0.4438,0.3797,0.4264,0.4144,0.3882,0.4884,v0,bioclip_2_image
23573,/mnt/d/Photos/Z6ii/28-400mm/2025/2025-08-31/DSC_4943.NEF,17528,3,Green,reject,neutral,0.8659,0.1899,0.9922,0.5016,0.4223,0.8997,0.0021,0.0187,-0.0145,0.0485,0.0001,-0.0031,0.0219,-0.0616,a photo with strong subject separation,blurry,0.4107,0.4257,0.4266,0.4226,0.4113,0.4071,0.4253,0.392,0.4402,0.3781,0.4225,0.4144,0.3852,0.4869,v0,bioclip_2_image
23579,/mnt/d/Photos/Z6ii/28-400mm/2025/2025-08-31/DSC_4950.NEF,,3,Green,neutral,neutral,0.8493,0.1544,0.9889,0.5244,0.4937,0.8837,0.0025,0.0173,-0.017,0.0449,0.001,-0.0003,0.0203,-0.06,a photo with strong subject separation,blurry,0.4163,0.4321,0.4298,0.4288,0.4143,0.4108,0.4302,0.399,0.4491,0.3849,0.4278,0.4146,0.3905,0.4902,v0,bioclip_2_image
23585,/mnt/d/Photos/Z6ii/28-400mm/2025/2025-08-31/DSC_4959.NEF,17517,3,Green,pick,neutral,0.8571,0.1388,0.9895,0.5483,0.5054,0.8908,0.0016,0.0179,-0.0183,0.0455,0.0019,0.0002,0.021,-0.0641,a photo with strong subject separation,blurry,0.4087,0.421,0.4226,0.425,0.4099,0.4051,0.4234,0.3908,0.4392,0.3771,0.423,0.4097,0.3841,0.4875,v0,bioclip_2_image
23586,/mnt/d/Photos/Z6ii/28-400mm/2025/2025-08-31/DSC_4962.NEF,17519,3,Green,pick,neutral,0.8493,0.1446,0.9923,0.5415,0.4617,0.8858,0.0014,0.0173,-0.0178,0.0486,0.0017,-0.0015,0.0205,-0.0654,a photo with strong subject separation,blurry,0.4085,0.4222,0.4279,0.4244,0.4101,0.4032,0.4185,0.3912,0.44,0.3793,0.4227,0.4117,0.3827,0.4838,v0,bioclip_2_image
23587,/mnt/d/Photos/Z6ii/28-400mm/2025/2025-08-31/DSC_4964.NEF,17519,3,Green,pick,neutral,0.8447,0.1519,0.9901,0.528,0.4905,0.8729,0.0015,0.0169,-0.0172,0.0461,0.0011,-0.0004,0.0193,-0.0648,a photo with strong subject separation,blurry,0.4116,0.4245,0.4281,0.4253,0.4129,0.4045,0.4189,0.3946,0.4417,0.382,0.4242,0.4133,0.3853,0.4837,v0,bioclip_2_image
23591,/mnt/d/Photos/Z6ii/28-400mm/2025/2025-08-31/DSC_4976.NEF,17531,3,Green,pick,neutral,0.8166,0.1591,0.9918,0.46,0.3816,0.8946,0.0014,0.0149,-0.0166,0.048,-0.0016,-0.0048,0.0214,-0.0657,a photo with strong subject separation,a photo with no clear subject,0.4088,0.4244,0.4285,0.4226,0.4104,0.4048,0.4176,0.3939,0.4411,0.3805,0.4242,0.4152,0.3834,0.4833,v0,bioclip_2_image
23592,/mnt/d/Photos/Z6ii/28-400mm/2025/2025-08-31/DSC_4982.NEF,17532,3,Green,pick,neutral,0.8449,0.1479,0.9908,0.5109,0.418,0.8832,0.0015,0.017,-0.0175,0.0468,0.0004,-0.0033,0.0202,-0.0647,a photo with strong subject separation,blurry,0.4159,0.43,0.4312,0.4327,0.4144,0.4099,0.424,0.399,0.4475,0.3845,0.4323,0.4177,0.3897,0.4887,v0,bioclip_2_image
23593,/mnt/d/Photos/Z6ii/28-400mm/2025/2025-08-31/DSC_4991.NEF,17532,3,Yellow,pick,neutral,0.842,0.1453,0.9916,0.4721,0.3685,0.88,0.0015,0.0167,-0.0177,0.0477,-0.0011,-0.0054,0.0199,-0.0652,a photo with strong subject separation,blurry,0.4121,0.4273,0.4293,0.4265,0.4112,0.406,0.4206,0.3954,0.445,0.3817,0.4276,0.4166,0.3861,0.4858,v0,bioclip_2_image
23596,/mnt/d/Photos/Z6ii/28-400mm/2025/2025-08-31/DSC_4998.NEF,17517,3,Green,pick,neutral,0.8529,0.1546,0.9923,0.5884,0.4593,0.9188,0.002,0.0176,-0.017,0.0485,0.0036,-0.0016,0.0243,-0.0623,a photo with strong subject separation,a photo with no clear subject,0.4072,0.4197,0.4222,0.4206,0.4086,0.4039,0.4245,0.3897,0.4367,0.3736,0.4171,0.4103,0.3796,0.4867,v0,bioclip_2_image
23597,/mnt/d/Photos/Z6ii/28-400mm/2025/2025-08-31/DSC_5002.NEF,,3,Green,reject,neutral,0.8654,0.1634,0.9886,0.5164,0.4927,0.9266,0.0028,0.0186,-0.0163,0.0446,0.0007,-0.0003,0.0254,-0.0589,a photo with strong subject separation,blurry,0.4104,0.4247,0.4222,0.4246,0.4104,0.4072,0.4302,0.3918,0.441,0.3776,0.4239,0.4107,0.3819,0.4891,v0,bioclip_2_image
23598,/mnt/d/Photos/Z6ii/28-400mm/2025/2025-08-31/DSC_5004.NEF,17516,3,Green,pick,neutral,0.8388,0.1488,0.9898,0.4877,0.381,0.8862,0.0014,0.0165,-0.0174,0.0457,-0.0005,-0.0049,0.0205,-0.066,a photo with strong subject separation,blurry,0.4123,0.4268,0.428,0.4268,0.4107,0.4082,0.4203,0.3958,0.4443,0.3822,0.4273,0.4156,0.3877,0.4863,v0,bioclip_2_image
23604,/mnt/d/Photos/Z6ii/28-400mm/2025/2025-08-31/DSC_5012.NEF,17533,3,Green,pick,neutral,0.8843,0.1538,0.9915,0.5783,0.4432,0.911,0.003,0.0203,-0.0171,0.0476,0.0032,-0.0023,0.0233,-0.0579,a photo with strong subject separation,blurry,0.4168,0.4289,0.4292,0.4318,0.4125,0.4113,0.4349,0.3965,0.4459,0.3816,0.4286,0.4148,0.388,0.4928,v0,bioclip_2_image
23605,/mnt/d/Photos/Z6ii/28-400mm/2025/2025-08-31/DSC_5013.NEF,17533,3,Green,pick,neutral,0.8747,0.1675,0.9907,0.5225,0.4092,0.9076,0.0022,0.0194,-0.016,0.0466,0.0009,-0.0037,0.0228,-0.0611,a photo with strong subject separation,blurry,0.4147,0.4289,0.4275,0.4296,0.4108,0.4097,0.4274,0.3953,0.4449,0.3808,0.4287,0.4145,0.3869,0.4885,v0,bioclip_2_image
23606,/mnt/d/Photos/Z6ii/28-400mm/2025/2025-08-31/DSC_5014.NEF,17534,3,Green,neutral,neutral,0.8806,0.1759,0.9916,0.5778,0.5271,0.8966,0.0034,0.02,-0.0154,0.0477,0.0031,0.0011,0.0216,-0.0569,a photo with strong subject separation,blurry,0.411,0.424,0.4249,0.4252,0.4115,0.4053,0.4353,0.391,0.4395,0.3772,0.4221,0.4104,0.3837,0.4922,v0,bioclip_2_image
23608,/mnt/d/Photos/Z6ii/28-400mm/2025/2025-08-31/DSC_5016.NEF,17535,3,Green,reject,neutral,0.8646,0.1686,0.993,0.5229,0.4951,0.9176,0.0019,0.0185,-0.016,0.0495,0.0009,-0.0002,0.0241,-0.0626,a photo with strong subject separation,blurry,0.402,0.4165,0.4191,0.4137,0.406,0.3987,0.4176,0.3835,0.4325,0.3696,0.4128,0.4062,0.3746,0.4802,v0,bioclip_2_image
23609,/mnt/d/Photos/Z6ii/28-400mm/2025/2025-08-31/DSC_5019.NEF,,3,Green,pick,neutral,0.8419,0.157,0.9939,0.5833,0.4769,0.9054,0.0018,0.0167,-0.0168,0.0509,0.0034,-0.0009,0.0226,-0.0632,a photo with strong subject separation,a photo with no clear subject,0.4094,0.4217,0.4323,0.4252,0.4116,0.4064,0.4213,0.3926,0.4385,0.3814,0.4218,0.4125,0.3838,0.4845,v0,bioclip_2_image
23610,/mnt/d/Photos/Z6ii/28-400mm/2025/2025-08-31/DSC_5020.NEF,17535,3,Green,reject,neutral,0.8561,0.1466,0.9918,0.5406,0.5134,0.9184,0.0019,0.0178,-0.0176,0.048,0.0016,0.0005,0.0242,-0.0624,a photo with strong subject separation,blurry,0.4126,0.4259,0.429,0.4263,0.4125,0.4085,0.4216,0.3948,0.4435,0.381,0.4247,0.412,0.3843,0.4841,v0,bioclip_2_image
23611,/mnt/d/Photos/Z6ii/28-400mm/2025/2025-08-31/DSC_5021.NEF,17522,3,Green,reject,neutral,0.8601,0.194,0.9924,0.5564,0.4409,0.8974,0.0018,0.0182,-0.0142,0.0488,0.0023,-0.0024,0.0217,-0.0631,a photo with strong subject separation,a photo with no clear subject,0.4127,0.4289,0.4297,0.4279,0.4115,0.4073,0.4218,0.3946,0.4432,0.381,0.4257,0.4139,0.3856,0.4849,v0,bioclip_2_image
23613,/mnt/d/Photos/Z6ii/28-400mm/2025/2025-08-31/DSC_5026.NEF,17536,3,Green,pick,neutral,0.8501,0.1299,0.9916,0.4974,0.4058,0.8892,0.0011,0.0174,-0.019,0.0477,-0.0001,-0.0038,0.0208,-0.0677,a photo with strong subject separation,blurry,0.4099,0.4239,0.4267,0.4245,0.4107,0.4057,0.4165,0.3925,0.4429,0.379,0.4246,0.4145,0.3848,0.4842,v0,bioclip_2_image
23614,/mnt/d/Photos/Z6ii/28-400mm/2025/2025-08-31/DSC_5030.NEF,17536,3,Green,pick,neutral,0.8944,0.2324,0.9929,0.6393,0.4782,0.9267,0.0032,0.0214,-0.0119,0.0494,0.0057,-0.0009,0.0254,-0.0575,a photo with strong subject separation,a photo with no clear subject,0.4029,0.4148,0.4168,0.414,0.4043,0.3998,0.4175,0.3816,0.4267,0.3674,0.4083,0.4052,0.3744,0.4751,v0,bioclip_2_image
23615,/mnt/d/Photos/Z6ii/28-400mm/2025/2025-08-31/DSC_5032.NEF,17522,4,Green,pick,picked,0.8691,0.2046,0.9926,0.5783,0.5627,0.922,0.0028,0.0189,-0.0136,0.049,0.0032,0.0025,0.0247,-0.0588,a photo with strong subject separation,blurry,0.4134,0.4291,0.4278,0.4272,0.4146,0.4072,0.4284,0.3944,0.4426,0.3788,0.424,0.412,0.3825,0.4872,v0,bioclip_2_image
23619,/mnt/d/Photos/Z6ii/28-400mm/2025/2025-08-31/DSC_5038.NEF,17522,3,Green,reject,neutral,0.8436,0.1881,0.9897,0.4993,0.4428,0.891,0.0021,0.0169,-0.0146,0.0456,-0.0,-0.0023,0.021,-0.0615,a photo with strong subject separation,a photo with no clear subject,0.4159,0.4335,0.4311,0.4301,0.4151,0.411,0.4292,0.3991,0.4481,0.3854,0.4301,0.4174,0.39,0.4907,v0,bioclip_2_image
23621,/mnt/d/Photos/Z6ii/28-400mm/2025/2025-08-31/DSC_5048.NEF,17527,3,Green,reject,neutral,0.8426,0.1831,0.9898,0.5171,0.4229,0.8645,0.0016,0.0168,-0.015,0.0457,0.0007,-0.0031,0.0185,-0.0644,a photo with strong subject separation,blurry,0.4145,0.4298,0.4298,0.4304,0.4121,0.4083,0.422,0.3977,0.4447,0.384,0.4297,0.4152,0.3897,0.4865,v0,bioclip_2_image
23624,/mnt/d/Photos/Z6ii/28-400mm/2025/2025-08-31/DSC_5056.NEF,17522,3,Green,reject,neutral,0.8678,0.1772,0.9925,0.5787,0.5359,0.9234,0.0024,0.0188,-0.0154,0.0489,0.0032,0.0014,0.0249,-0.0604,a photo with strong subject separation,blurry,0.4117,0.4269,0.4272,0.4257,0.4136,0.4076,0.4278,0.3929,0.4423,0.3783,0.4225,0.4122,0.3827,0.4882,v0,bioclip_2_image
23625,/mnt/d/Photos/Z6ii/28-400mm/2025/2025-08-31/DSC_5058.NEF,17535,3,Green,reject,neutral,0.868,0.159,0.9923,0.5963,0.6216,0.9241,0.0033,0.0188,-0.0167,0.0486,0.0039,0.005,0.025,-0.0571,a photo with strong subject separation,blurry,0.4109,0.4232,0.4266,0.4242,0.4133,0.405,0.43,0.3921,0.4398,0.378,0.4204,0.4084,0.38,0.4871,v0,bioclip_2_image
23626,/mnt/d/Photos/Z6ii/28-400mm/2025/2025-08-31/DSC_5059.NEF,17535,4,Green,pick,picked,0.8393,0.1505,0.9928,0.5497,0.5076,0.9041,0.0016,0.0165,-0.0173,0.0492,0.002,0.0003,0.0224,-0.0645,a photo with strong subject separation,a photo with no clear subject,0.4064,0.4208,0.4253,0.4213,0.4105,0.4023,0.4165,0.3899,0.4381,0.3761,0.4193,0.4102,0.3798,0.481,v0,bioclip_2_image
23627,/mnt/d/Photos/Z6ii/28-400mm/2025/2025-08-31/DSC_5061.NEF,17535,3,Green,reject,neutral,0.8617,0.1367,0.9927,0.605,0.5643,0.9309,0.0018,0.0183,-0.0184,0.0491,0.0043,0.0026,0.026,-0.0629,a photo with strong subject separation,a photo with no clear subject,0.4067,0.4195,0.424,0.422,0.4105,0.4053,0.4175,0.3884,0.4379,0.3749,0.4177,0.4079,0.3793,0.4804,v0,bioclip_2_image
23628,/mnt/d/Photos/Z6ii/28-400mm/2025/2025-08-31/DSC_5062.NEF,17522,4,Green,pick,picked,0.8628,0.1243,0.9911,0.5855,0.6317,0.915,0.003,0.0184,-0.0195,0.0471,0.0035,0.0054,0.0238,-0.0579,a photo with strong subject separation,blurry,0.4138,0.426,0.4293,0.4286,0.4151,0.4107,0.43,0.3954,0.4455,0.3822,0.4252,0.4097,0.387,0.4879,v0,bioclip_2_image
23629,/mnt/d/Photos/Z6ii/28-400mm/2025/2025-08-31/DSC_5063.NEF,17522,3,Green,reject,neutral,0.8575,0.2137,0.9926,0.5455,0.4131,0.9157,0.0022,0.0179,-0.013,0.049,0.0018,-0.0035,0.0239,-0.0613,a photo with strong subject separation,a photo with no clear subject,0.4085,0.4248,0.4258,0.4259,0.4062,0.4052,0.4211,0.3905,0.4378,0.3768,0.4241,0.4098,0.3814,0.4824,v0,bioclip_2_image
23630,/mnt/d/Photos/Z6ii/28-400mm/2025/2025-08-31/DSC_5065.NEF,17537,3,Green,pick,neutral,0.8588,0.1383,0.9891,0.5845,0.6419,0.9066,0.0034,0.0181,-0.0183,0.0451,0.0034,0.0058,0.0227,-0.0569,a photo with strong subject separation,blurry,0.4147,0.4265,0.4273,0.4288,0.4159,0.4111,0.4326,0.3967,0.4448,0.3822,0.4254,0.41,0.3884,0.4895,v0,bioclip_2_image
23631,/mnt/d/Photos/Z6ii/28-400mm/2025/2025-08-31/DSC_5066.NEF,17535,4,Green,pick,picked,0.8596,0.1381,0.9934,0.5692,0.5022,0.9222,0.0018,0.0181,-0.0183,0.0501,0.0028,0.0001,0.0247,-0.0631,a photo with strong subject separation,a photo with no clear subject,0.409,0.4219,0.4253,0.4237,0.4102,0.4061,0.4202,0.3908,0.4402,0.3752,0.4209,0.4101,0.3814,0.4833,v0,bioclip_2_image
23632,/mnt/d/Photos/Z6ii/28-400mm/2025/2025-08-31/DSC_5067.NEF,17535,4,Green,pick,picked,0.8673,0.1587,0.994,0.5398,0.4884,0.9313,0.002,0.0188,-0.0167,0.051,0.0016,-0.0005,0.0261,-0.062,a photo with strong subject separation,a photo with no clear subject,0.4091,0.4223,0.4257,0.4224,0.4108,0.4061,0.4211,0.3903,0.439,0.3747,0.4208,0.4113,0.38,0.4831,v0,bioclip_2_image
23633,/mnt/d/Photos/Z6ii/28-400mm/2025/2025-08-31/DSC_5068.NEF,17537,3,Green,pick,neutral,0.8796,0.1627,0.9906,0.6429,0.6138,0.9123,0.0037,0.0199,-0.0164,0.0466,0.0059,0.0046,0.0234,-0.0559,a photo with strong subject separation,blurry,0.4178,0.4298,0.4308,0.4305,0.4166,0.4132,0.4355,0.398,0.4461,0.3842,0.4247,0.412,0.3898,0.4914,v0,bioclip_2_image
23634,/mnt/d/Photos/Z6ii/28-400mm/2025/2025-08-31/DSC_5069.NEF,17535,3,Green,reject,neutral,0.865,0.1573,0.9941,0.5999,0.544,0.9338,0.0025,0.0186,-0.0168,0.0512,0.004,0.0018,0.0265,-0.06,a photo with strong subject separation,a photo with no clear subject,0.4086,0.4211,0.4248,0.4229,0.4098,0.4047,0.4228,0.39,0.4379,0.3736,0.4189,0.408,0.3782,0.4828,v0,bioclip_2_image
23635,/mnt/d/Photos/Z6ii/28-400mm/2025/2025-08-31/DSC_5070.NEF,17535,3,Green,reject,neutral,0.8544,0.1404,0.9935,0.532,0.4702,0.9342,0.0017,0.0177,-0.0181,0.0504,0.0013,-0.0012,0.0265,-0.0639,a photo with strong subject separation,a photo with no clear subject,0.4082,0.4218,0.4253,0.423,0.4094,0.4067,0.4179,0.3906,0.4399,0.3749,0.4217,0.4106,0.3802,0.4818,v0,bioclip_2_image
23636,/mnt/d/Photos/Z6ii/28-400mm/2025/2025-08-31/DSC_5071.NEF,17535,3,Green,reject,neutral,0.8734,0.1636,0.994,0.6668,0.6036,0.9318,0.0031,0.0193,-0.0163,0.0511,0.0069,0.0042,0.0262,-0.0579,a photo with strong subject separation,a photo with no clear subject,0.4095,0.4226,0.4242,0.4233,0.4131,0.4055,0.4256,0.3902,0.439,0.3731,0.4164,0.4089,0.3793,0.4835,v0,bioclip_2_image
23637,/mnt/d/Photos/Z6ii/28-400mm/2025/2025-08-31/DSC_5073.NEF,,3,Green,pick,neutral,0.8601,0.1391,0.9939,0.5445,0.5406,0.9263,0.002,0.0182,-0.0182,0.051,0.0018,0.0016,0.0253,-0.0622,a photo with strong subject separation,blurry,0.4123,0.425,0.4291,0.426,0.4142,0.4077,0.4267,0.3942,0.4433,0.3781,0.4242,0.4126,0.3824,0.4889,v0,bioclip_2_image
23638,/mnt/d/Photos/Z6ii/28-400mm/2025/2025-08-31/DSC_5074.NEF,,3,Green,reject,neutral,0.8333,0.1239,0.9918,0.5299,0.4747,0.9133,0.0015,0.0161,-0.0196,0.0479,0.0012,-0.001,0.0235,-0.0649,a photo with strong subject separation,blurry,0.4147,0.428,0.4322,0.4302,0.4142,0.4104,0.4222,0.3986,0.4476,0.3843,0.429,0.4152,0.3869,0.4872,v0,bioclip_2_image
23639,/mnt/d/Photos/Z6ii/28-400mm/2025/2025-08-31/DSC_5076.NEF,17535,3,Green,reject,neutral,0.8454,0.1579,0.9932,0.5248,0.4533,0.9223,0.0019,0.017,-0.0167,0.0498,0.001,-0.0019,0.0247,-0.0627,a photo with strong subject separation,blurry,0.4102,0.4251,0.4265,0.4246,0.4105,0.4054,0.422,0.3932,0.4418,0.3767,0.4236,0.4124,0.3806,0.4847,v0,bioclip_2_image
23640,/mnt/d/Photos/Z6ii/28-400mm/2025/2025-08-31/DSC_5078.NEF,,3,Green,pick,neutral,0.8328,0.1564,0.9924,0.5222,0.4127,0.907,0.0016,0.0161,-0.0169,0.0487,0.0009,-0.0035,0.0228,-0.0645,a photo with strong subject separation,a photo with no clear subject,0.4092,0.4233,0.4264,0.4235,0.4089,0.4038,0.4187,0.3932,0.4401,0.3777,0.4226,0.4124,0.381,0.4832,v0,bioclip_2_image
23641,/mnt/d/Photos/Z6ii/28-400mm/2025/2025-08-31/DSC_5079.NEF,17538,2,Green,neutral,rejected,0.6733,0.6736,0.9962,0.083,0.6485,0.8679,0.0004,0.0072,0.0072,0.0556,-0.024,0.0061,0.0188,-0.0772,a photo with strong subject separation,a photo with no clear subject,0.3927,0.4362,0.4251,0.4145,0.4065,0.3775,0.4041,0.3855,0.4289,0.3694,0.4385,0.4003,0.3586,0.4814,v0,bioclip_2_image
23642,/mnt/d/Photos/Z6ii/28-400mm/2025/2025-08-31/DSC_5080.NEF,17538,2,Yellow,pick,rejected,0.7241,0.4342,0.9958,0.1693,0.7162,0.9337,0.0002,0.0096,-0.0026,0.0547,-0.0159,0.0093,0.0265,-0.0865,a photo with a clear subject,a photo with no clear subject,0.3885,0.4221,0.4167,0.411,0.4024,0.3797,0.3757,0.3788,0.4248,0.362,0.4269,0.3931,0.3533,0.4622,v0,bioclip_2_image
23643,/mnt/d/Photos/Z6ii/28-400mm/2025/2025-08-31/DSC_5081.NEF,17539,2,Green,pick,rejected,0.6801,0.6617,0.9917,0.0678,0.6744,0.8113,0.0004,0.0075,0.0067,0.0479,-0.0262,0.0073,0.0146,-0.0777,a photo with a clear subject,a photo with no clear subject,0.3844,0.4207,0.4138,0.4072,0.3952,0.3675,0.3884,0.3769,0.414,0.3659,0.4334,0.3879,0.3529,0.4661,v0,bioclip_2_image
23644,/mnt/d/Photos/Z6ii/28-400mm/2025/2025-08-31/DSC_5082.NEF,17539,2,Yellow,neutral,rejected,0.7465,0.6043,0.9977,0.134,0.7823,0.9322,0.0004,0.0108,0.0042,0.0608,-0.0187,0.0128,0.0262,-0.0794,a photo with a clear subject,a photo with no clear subject,0.3973,0.4369,0.4282,0.4164,0.4069,0.382,0.3835,0.3865,0.4326,0.3674,0.435,0.3941,0.3558,0.4629,v0,bioclip_2_image
23645,/mnt/d/Photos/Z6ii/28-400mm/2025/2025-08-31/DSC_5083.NEF,17539,2,Green,pick,rejected,0.7718,0.572,0.9982,0.1188,0.8286,0.9345,0.0004,0.0122,0.0029,0.0633,-0.02,0.0158,0.0266,-0.0776,a photo with strong subject separation,a photo with no clear subject,0.3946,0.4365,0.4249,0.4177,0.4076,0.3811,0.3878,0.3824,0.4336,0.3617,0.4378,0.3918,0.3545,0.4655,v0,bioclip_2_image
23646,/mnt/d/Photos/Z6ii/28-400mm/2025/2025-08-31/DSC_5084.NEF,17539,2,Yellow,pick,rejected,0.7539,0.5996,0.9978,0.1622,0.6567,0.9409,0.0005,0.0112,0.004,0.0612,-0.0164,0.0065,0.0277,-0.0752,a photo with a clear subject,a photo with no clear subject,0.3944,0.4325,0.4274,0.413,0.3988,0.3794,0.3912,0.3832,0.4284,0.3662,0.4294,0.3923,0.3517,0.4664,v0,bioclip_2_image
23647,/mnt/d/Photos/Z6ii/28-400mm/2025/2025-08-31/DSC_5085.NEF,17538,2,Green,pick,rejected,0.7435,0.5477,0.9973,0.1961,0.7081,0.9377,0.0004,0.0106,0.0019,0.0591,-0.0141,0.0089,0.0271,-0.0792,a photo with strong subject separation,a photo with no clear subject,0.3961,0.4341,0.4246,0.415,0.4028,0.383,0.3818,0.3854,0.4322,0.3655,0.4291,0.394,0.3559,0.4611,v0,bioclip_2_image
23648,/mnt/d/Photos/Z6ii/28-400mm/2025/2025-08-31/DSC_5086.NEF,17539,2,Yellow,reject,rejected,0.7792,0.6169,0.9976,0.1656,0.7666,0.9376,0.0006,0.0126,0.0048,0.0603,-0.0162,0.0119,0.0271,-0.0739,a photo with strong subject separation,a photo with no clear subject,0.3939,0.4347,0.4243,0.418,0.4055,0.3813,0.3954,0.3813,0.4299,0.3641,0.4342,0.3936,0.3542,0.4693,v0,bioclip_2_image
23649,/mnt/d/Photos/Z6ii/28-400mm/2025/2025-08-31/DSC_5087.NEF,17540,2,Green,reject,rejected,0.789,0.3853,0.9987,0.1758,0.8101,0.8989,0.0005,0.0132,-0.0047,0.0662,-0.0155,0.0145,0.0219,-0.0769,a photo with strong subject separation,blurry,0.3875,0.4186,0.4232,0.4066,0.396,0.3711,0.3857,0.3744,0.4233,0.357,0.422,0.3815,0.3492,0.4625,v0,bioclip_2_image
23650,/mnt/d/Photos/Z6ii/28-400mm/2025/2025-08-31/DSC_5088.NEF,17540,2,Green,pick,rejected,0.7781,0.4939,0.9982,0.3153,0.7703,0.938,0.0004,0.0125,-0.0002,0.0633,-0.0078,0.0121,0.0272,-0.0773,a photo with strong subject separation,a photo with no clear subject,0.3735,0.4069,0.409,0.3961,0.3819,0.3624,0.3713,0.3609,0.4071,0.3456,0.4038,0.3698,0.3353,0.4486,v0,bioclip_2_image
23651,/mnt/d/Photos/Z6ii/28-400mm/2025/2025-08-31/DSC_5089.NEF,17540,2,Green,reject,rejected,0.8167,0.5898,0.9974,0.2076,0.8342,0.9005,0.0005,0.0149,0.0036,0.0595,-0.0134,0.0162,0.022,-0.076,high quality,a photo with no clear subject,0.3746,0.4103,0.4076,0.3956,0.3859,0.3603,0.3799,0.3597,0.4066,0.3481,0.409,0.3697,0.3382,0.4559,v0,bioclip_2_image
23652,/mnt/d/Photos/Z6ii/28-400mm/2025/2025-08-31/DSC_5090.NEF,17540,2,Green,pick,rejected,0.7873,0.5292,0.9991,0.234,0.7859,0.935,0.0004,0.0131,0.0012,0.0697,-0.0119,0.013,0.0267,-0.0782,high quality,blurry,0.3707,0.408,0.4107,0.3929,0.3821,0.3622,0.3737,0.3576,0.4068,0.341,0.4047,0.3691,0.3355,0.4519,v0,bioclip_2_image
23653,/mnt/d/Photos/Z6ii/28-400mm/2025/2025-08-31/DSC_5091.NEF,17540,2,Green,reject,rejected,0.7848,0.423,0.9986,0.4102,0.8336,0.9504,0.0004,0.0129,-0.0031,0.0657,-0.0036,0.0161,0.0295,-0.0773,high quality,a photo with no clear subject,0.3794,0.4103,0.4159,0.4053,0.3897,0.3697,0.3773,0.3665,0.4134,0.3502,0.4089,0.3736,0.3402,0.4546,v0,bioclip_2_image
23654,/mnt/d/Photos/Z6ii/28-400mm/2025/2025-08-31/DSC_5092.NEF,17541,2,Green,pick,rejected,0.7525,0.3777,0.9987,0.4032,0.8271,0.9363,0.0006,0.0111,-0.005,0.0662,-0.0039,0.0156,0.0269,-0.074,a photo with strong subject separation,a photo with no clear subject,0.3851,0.4171,0.4172,0.41,0.394,0.3734,0.3802,0.3739,0.4221,0.351,0.4139,0.3783,0.3465,0.4542,v0,bioclip_2_image
23655,/mnt/d/Photos/Z6ii/28-400mm/2025/2025-08-31/DSC_5093.NEF,,2,Green,reject,rejected,0.8057,0.4111,0.9983,0.2866,0.7503,0.956,0.0003,0.0142,-0.0036,0.0635,-0.0091,0.011,0.0308,-0.0812,a photo with strong subject separation,a photo with no clear subject,0.3873,0.4178,0.4208,0.4093,0.3947,0.3792,0.3714,0.3731,0.4214,0.3573,0.4184,0.3837,0.3484,0.4526,v0,bioclip_2_image
23656,/mnt/d/Photos/Z6ii/28-400mm/2025/2025-08-31/DSC_5094.NEF,17541,2,Green,pick,rejected,0.7591,0.3711,0.9974,0.2857,0.7341,0.933,0.0003,0.0115,-0.0053,0.0595,-0.0092,0.0102,0.0263,-0.0802,a photo with a clear subject,a photo with no clear subject,0.3871,0.4208,0.4203,0.411,0.3926,0.3745,0.3781,0.3756,0.4261,0.3608,0.4201,0.3824,0.3482,0.4584,v0,bioclip_2_image
23657,/mnt/d/Photos/Z6ii/28-400mm/2025/2025-08-31/DSC_5095.NEF,,2,Green,reject,rejected,0.7819,0.2695,0.9974,0.328,0.6647,0.9399,0.0004,0.0128,-0.01,0.0595,-0.0072,0.0068,0.0275,-0.0794,a photo with a clear subject,a photo with no clear subject,0.386,0.4121,0.418,0.408,0.3878,0.3763,0.3722,0.3733,0.4221,0.3584,0.4152,0.381,0.3488,0.4516,v0,bioclip_2_image
23658,/mnt/d/Photos/Z6ii/28-400mm/2025/2025-08-31/DSC_5096.NEF,17540,2,Green,pick,rejected,0.8115,0.3444,0.9978,0.296,0.7046,0.9323,0.0004,0.0146,-0.0064,0.061,-0.0087,0.0087,0.0262,-0.0781,a photo with strong subject separation,a photo with no clear subject,0.3906,0.4191,0.4234,0.4115,0.3916,0.3796,0.3765,0.376,0.4255,0.3624,0.4201,0.3829,0.3534,0.4546,v0,bioclip_2_image
23659,/mnt/d/Photos/Z6ii/28-400mm/2025/2025-08-31/DSC_5097.NEF,17542,3,Green,pick,neutral,0.9042,0.7113,0.9993,0.2886,0.8074,0.9858,0.0042,0.0225,0.009,0.072,-0.009,0.0143,0.0424,-0.0548,a photo with strong subject separation,blurry,0.4181,0.4621,0.449,0.4356,0.4118,0.4068,0.4319,0.3956,0.4531,0.377,0.4446,0.3974,0.3643,0.4866,v0,bioclip_2_image
23660,/mnt/d/Photos/Z6ii/28-400mm/2025/2025-08-31/DSC_5098.NEF,17542,3,Green,pick,neutral,0.9159,0.7697,0.9993,0.491,0.8786,0.9891,0.003,0.0239,0.0121,0.0733,-0.0004,0.0198,0.0451,-0.058,a photo with strong subject separation,blurry,0.4256,0.4739,0.4511,0.4496,0.4226,0.4141,0.4425,0.4017,0.4619,0.3778,0.4499,0.4028,0.369,0.5004,v0,bioclip_2_image
23661,/mnt/d/Photos/Z6ii/28-400mm/2025/2025-08-31/DSC_5099.NEF,,4,Green,pick,picked,0.8689,0.6183,0.9989,0.209,0.724,0.9826,0.0015,0.0189,0.0048,0.0685,-0.0133,0.0096,0.0404,-0.0652,a photo with strong subject separation,blurry,0.399,0.4467,0.43,0.4189,0.3979,0.3915,0.4132,0.3801,0.4419,0.3615,0.4322,0.3883,0.3511,0.4784,v0,bioclip_2_image
23662,/mnt/d/Photos/Z6ii/28-400mm/2025/2025-08-31/DSC_5100.NEF,,3,Green,pick,neutral,0.8267,0.6693,0.9978,0.19,0.7551,0.9621,0.0007,0.0156,0.007,0.0613,-0.0145,0.0113,0.0324,-0.073,a photo with strong subject separation,blurry,0.3811,0.4299,0.4119,0.407,0.3869,0.3691,0.397,0.3655,0.4229,0.3506,0.4215,0.3757,0.3368,0.47,v0,bioclip_2_image
23663,/mnt/d/Photos/Z6ii/28-400mm/2025/2025-08-31/DSC_5102.NEF,,3,Green,pick,neutral,0.8453,0.6997,0.9986,0.1229,0.7882,0.8758,0.0017,0.017,0.0085,0.066,-0.0196,0.0131,0.0195,-0.0636,a photo with strong subject separation,blurry,0.4201,0.4615,0.4511,0.4331,0.4182,0.3997,0.4203,0.4031,0.453,0.3851,0.4527,0.405,0.3802,0.4839,v0,bioclip_2_image
23664,/mnt/d/Photos/Z6ii/28-400mm/2025/2025-08-31/DSC_5106.NEF,,2,Green,reject,rejected,0.7381,0.6055,0.9979,0.0869,0.7106,0.9679,0.0011,0.0104,0.0043,0.0616,-0.0235,0.009,0.0341,-0.0683,a photo with strong subject separation,blurry,0.3734,0.4221,0.4125,0.3916,0.3819,0.3674,0.404,0.363,0.4178,0.3509,0.4151,0.3729,0.3334,0.4723,v0,bioclip_2_image
23665,/mnt/d/Photos/Z6ii/28-400mm/2025/2025-08-31/DSC_5112.NEF,,3,Green,neutral,neutral,0.8149,0.584,0.999,0.1866,0.8046,0.9687,0.0013,0.0148,0.0034,0.0688,-0.0147,0.0142,0.0343,-0.0668,a photo with strong subject separation,blurry,0.3631,0.408,0.4075,0.3806,0.3719,0.3553,0.3901,0.3483,0.4046,0.3387,0.3953,0.3578,0.321,0.4569,v0,bioclip_2_image
48107,/mnt/d/Photos/Z8/180-600mm/2026/2026-03-01/DSC_1543.NEF,,1,Red,reject,rejected,0.9074,0.2527,0.997,0.0862,0.3094,0.8627,0.0012,0.0228,-0.0108,0.0581,-0.0236,-0.008,0.0184,-0.0674,natural colors,blurry,0.4165,0.439,0.4559,0.4403,0.3979,0.4094,0.4167,0.3937,0.4499,0.3978,0.4639,0.4059,0.3911,0.4841,v0,bioclip_2_image
48143,/mnt/d/Photos/Z8/180-600mm/2026/2026-03-01/DSC_1579.NEF,23258,3,Yellow,neutral,neutral,0.9506,0.1531,0.9938,0.5931,0.8141,0.9951,0.0038,0.0296,-0.0171,0.0507,0.0038,0.0148,0.0531,-0.0557,high quality,blurry,0.4345,0.4577,0.4477,0.4603,0.4206,0.4364,0.4751,0.405,0.4748,0.3969,0.4565,0.4058,0.3833,0.5308,v0,bioclip_2_image
48158,/mnt/d/Photos/Z8/180-600mm/2026/2026-03-01/DSC_1594.NEF,23257,3,Green,pick,neutral,0.9465,0.1836,0.9897,0.5422,0.7792,0.9834,0.0033,0.0287,-0.0149,0.0456,0.0017,0.0126,0.0408,-0.057,high quality,blurry,0.4407,0.4572,0.452,0.4595,0.4224,0.4289,0.4687,0.412,0.4721,0.4064,0.4578,0.4098,0.3881,0.5257,v0,bioclip_2_image
48159,/mnt/d/Photos/Z8/180-600mm/2026/2026-03-01/DSC_1595.NEF,23257,3,Green,pick,neutral,0.9279,0.3816,0.9949,0.382,0.7303,0.9795,0.0042,0.0255,-0.0048,0.0526,-0.0048,0.01,0.0387,-0.0547,a photo with strong subject separation,noisy,0.4299,0.458,0.4532,0.4476,0.4214,0.4221,0.4793,0.4043,0.4628,0.4005,0.4524,0.4114,0.3834,0.534,v0,bioclip_2_image
48160,/mnt/d/Photos/Z8/180-600mm/2026/2026-03-01/DSC_1596.NEF,23257,3,Green,neutral,neutral,0.9216,0.282,0.9915,0.3853,0.7307,0.9685,0.0046,0.0246,-0.0093,0.0476,-0.0047,0.01,0.0343,-0.0537,a photo with strong subject separation,noisy,0.4321,0.4544,0.4499,0.4484,0.4178,0.4218,0.4747,0.4075,0.4637,0.4023,0.4531,0.4078,0.3876,0.5284,v0,bioclip_2_image
48161,/mnt/d/Photos/Z8/180-600mm/2026/2026-03-01/DSC_1597.NEF,23257,3,Yellow,reject,neutral,0.9291,0.4651,0.993,0.4042,0.7755,0.9587,0.0043,0.0257,-0.0014,0.0496,-0.0039,0.0124,0.0314,-0.0544,a photo with strong subject separation,noisy,0.4278,0.4555,0.4464,0.4466,0.42,0.4162,0.4699,0.4021,0.4569,0.3968,0.4505,0.4076,0.3847,0.5244,v0,bioclip_2_image
48162,/mnt/d/Photos/Z8/180-600mm/2026/2026-03-01/DSC_1598.NEF,23257,3,Green,pick,neutral,0.9296,0.3565,0.9964,0.5068,0.7099,0.9602,0.0039,0.0258,-0.0059,0.0561,0.0003,0.009,0.0318,-0.0555,a photo with strong subject separation,blurry,0.4388,0.4623,0.458,0.4579,0.425,0.4261,0.4839,0.413,0.4682,0.4019,0.4576,0.4161,0.3943,0.5394,v0,bioclip_2_image
48163,/mnt/d/Photos/Z8/180-600mm/2026/2026-03-01/DSC_1599.NEF,23257,3,Yellow,reject,neutral,0.9284,0.1,0.9932,0.3093,0.564,0.9512,0.0015,0.0256,-0.022,0.0499,-0.008,0.0026,0.0297,-0.0653,high quality,blurry,0.438,0.4537,0.4528,0.468,0.4169,0.426,0.4593,0.4123,0.4757,0.4029,0.476,0.4143,0.3963,0.5246,v0,bioclip_2_image
