image_id,file_path,stack_id,rating,label,cull_decision,picked_or_rejected,clip_quality_v0,clip_focus_v0,clip_exposure_v0,clip_noise_v0,clip_misshot_v0,clip_composition_v0,clip_wildlife_quality_v0,clip_quality_v0__margin,clip_focus_v0__margin,clip_exposure_v0__margin,clip_noise_v0__margin,clip_misshot_v0__margin,clip_composition_v0__margin,clip_wildlife_quality_v0__margin,top_positive_prompt,top_negative_prompt,clip_quality_v0__pos_sim,clip_focus_v0__pos_sim,clip_exposure_v0__pos_sim,clip_noise_v0__pos_sim,clip_misshot_v0__pos_sim,clip_composition_v0__pos_sim,clip_wildlife_quality_v0__pos_sim,clip_quality_v0__neg_sim,clip_focus_v0__neg_sim,clip_exposure_v0__neg_sim,clip_noise_v0__neg_sim,clip_misshot_v0__neg_sim,clip_composition_v0__neg_sim,clip_wildlife_quality_v0__neg_sim,prompt_set_version,space
5512,/mnt/d/Photos/Z8/180-600mm/2025/2025-10-05/DSC_1253.NEF,,3,Green,neutral,neutral,0.7196,0.8547,0.8508,0.3467,0.2876,0.6797,0.3265,0.0094,0.0177,0.0174,-0.0063,-0.0091,0.0075,-0.0072,crisp details,misfocused,0.2145,0.2267,0.2194,0.2072,0.1975,0.2144,0.2256,0.2051,0.209,0.202,0.2136,0.2066,0.2069,0.2328,v0,clip_vit_b32_image
5514,/mnt/d/Photos/Z8/180-600mm/2025/2025-10-05/DSC_1276.NEF,,3,Green,neutral,neutral,0.5332,0.7611,0.689,0.2497,0.4054,0.6558,0.2987,0.0013,0.0116,0.008,-0.011,-0.0038,0.0064,-0.0085,natural colors,noisy,0.2205,0.226,0.2237,0.2149,0.2176,0.2233,0.253,0.2191,0.2144,0.2157,0.2259,0.2214,0.2168,0.2615,v0,clip_vit_b32_image
5516,/mnt/d/Photos/Z8/180-600mm/2025/2025-10-05/DSC_1278.NEF,13641,4,Blue,neutral,picked,0.564,0.7856,0.7305,0.3592,0.4386,0.7105,0.338,0.0026,0.013,0.01,-0.0058,-0.0025,0.009,-0.0067,natural colors,noisy,0.2262,0.2338,0.2303,0.2216,0.2245,0.2278,0.2657,0.2236,0.2208,0.2203,0.2273,0.227,0.2189,0.2725,v0,clip_vit_b32_image
5518,/mnt/d/Photos/Z8/180-600mm/2025/2025-10-05/DSC_1283.NEF,13641,4,Green,pick,picked,0.4751,0.6834,0.6628,0.2398,0.4121,0.6521,0.1866,-0.001,0.0077,0.0068,-0.0115,-0.0036,0.0063,-0.0147,a photo with strong subject separation,noisy,0.2188,0.2269,0.2216,0.2153,0.2199,0.2236,0.2597,0.2198,0.2192,0.2148,0.2268,0.2235,0.2173,0.2745,v0,clip_vit_b32_image
5522,/mnt/d/Photos/Z8/180-600mm/2025/2025-10-05/DSC_1293.NEF,13642,3,Green,pick,neutral,0.5215,0.6678,0.7782,0.2266,0.3685,0.7056,0.1627,0.0009,0.007,0.0125,-0.0123,-0.0054,0.0087,-0.0164,a photo with strong subject separation,noisy,0.214,0.2235,0.223,0.2118,0.2123,0.2198,0.2594,0.2132,0.2165,0.2105,0.2241,0.2176,0.2111,0.2757,v0,clip_vit_b32_image
5520,/mnt/d/Photos/Z8/180-600mm/2025/2025-10-05/DSC_1290.NEF,13642,3,Green,pick,neutral,0.4598,0.5947,0.7487,0.2293,0.3632,0.7085,0.1578,-0.0016,0.0038,0.0109,-0.0121,-0.0056,0.0089,-0.0167,natural colors,out of focus,0.2134,0.2212,0.222,0.2085,0.2124,0.2198,0.2569,0.215,0.2173,0.2111,0.2206,0.218,0.2109,0.2737,v0,clip_vit_b32_image
5526,/mnt/d/Photos/Z8/180-600mm/2025/2025-10-05/DSC_1316.NEF,,4,Green,neutral,picked,0.6002,0.6448,0.8231,0.5631,0.4967,0.8021,0.3,0.0041,0.006,0.0154,0.0025,-0.0001,0.014,-0.0085,good dynamic range,out of focus,0.2226,0.2305,0.226,0.2263,0.2171,0.229,0.2524,0.2186,0.2245,0.2106,0.2237,0.2172,0.215,0.2609,v0,clip_vit_b32_image
5524,/mnt/d/Photos/Z8/180-600mm/2025/2025-10-05/DSC_1309.NEF,13643,3,Green,pick,neutral,0.5314,0.7325,0.8338,0.2046,0.4932,0.6933,0.528,0.0013,0.0101,0.0161,-0.0136,-0.0003,0.0082,0.0011,well focused,out of focus,0.2107,0.2256,0.2143,0.209,0.2115,0.2153,0.2587,0.2095,0.2155,0.1981,0.2225,0.2118,0.2071,0.2576,v0,clip_vit_b32_image
5530,/mnt/d/Photos/Z8/180-600mm/2025/2025-10-05/DSC_1329.NEF,,3,Green,neutral,neutral,0.5888,0.7056,0.8035,0.222,0.5035,0.8052,0.244,0.0036,0.0087,0.0141,-0.0125,0.0001,0.0142,-0.0113,good dynamic range,out of focus,0.2153,0.2286,0.222,0.2113,0.2138,0.2231,0.2622,0.2117,0.2199,0.2079,0.2239,0.2136,0.2089,0.2735,v0,clip_vit_b32_image
5528,/mnt/d/Photos/Z8/180-600mm/2025/2025-10-05/DSC_1322.NEF,940,3,Green,pick,neutral,0.4124,0.3598,0.7528,0.1363,0.3419,0.6476,0.1289,-0.0035,-0.0058,0.0111,-0.0185,-0.0065,0.0061,-0.0191,natural colors,out of focus,0.2116,0.2185,0.2214,0.2066,0.2107,0.2183,0.2503,0.2151,0.2243,0.2103,0.2251,0.2172,0.2122,0.2694,v0,clip_vit_b32_image
5532,/mnt/d/Photos/Z8/180-600mm/2025/2025-10-05/DSC_1338.NEF,13644,4,Green,pick,picked,0.6878,0.779,0.8522,0.4462,0.4432,0.7125,0.3316,0.0079,0.0126,0.0175,-0.0022,-0.0023,0.0091,-0.007,crisp details,out of focus,0.2231,0.2333,0.2326,0.2178,0.2156,0.2251,0.2589,0.2152,0.2207,0.2151,0.2199,0.2179,0.216,0.2659,v0,clip_vit_b32_image
5534,/mnt/d/Photos/Z8/180-600mm/2025/2025-10-05/DSC_1344.NEF,13645,4,Green,pick,picked,0.6473,0.8367,0.8137,0.1949,0.5655,0.7118,0.4667,0.0061,0.0163,0.0147,-0.0142,0.0026,0.009,-0.0013,detailed,noisy,0.2097,0.22,0.2146,0.2017,0.2112,0.2093,0.2508,0.2037,0.2036,0.1999,0.2159,0.2085,0.2002,0.2521,v0,clip_vit_b32_image
5537,/mnt/d/Photos/Z8/180-600mm/2025/2025-10-05/DSC_1352.NEF,,3,Green,neutral,neutral,0.5309,0.4962,0.7434,0.5374,0.4403,0.6063,0.5451,0.0012,-0.0002,0.0106,0.0015,-0.0024,0.0043,0.0018,good dynamic range,misfocused,0.2123,0.21,0.2124,0.2082,0.2113,0.213,0.2176,0.2111,0.2101,0.2018,0.2067,0.2137,0.2087,0.2158,v0,clip_vit_b32_image
5533,/mnt/d/Photos/Z8/180-600mm/2025/2025-10-05/DSC_1339.NEF,13644,4,Green,neutral,picked,0.6383,0.7344,0.7822,0.372,0.333,0.6739,0.3112,0.0057,0.0102,0.0128,-0.0052,-0.0069,0.0073,-0.0079,crisp details,misfocused,0.2209,0.2315,0.2309,0.2175,0.2087,0.2239,0.2437,0.2152,0.2213,0.2181,0.2227,0.2157,0.2167,0.2517,v0,clip_vit_b32_image
5536,/mnt/d/Photos/Z8/180-600mm/2025/2025-10-05/DSC_1351.NEF,13646,3,Green,pick,neutral,0.4682,0.4861,0.7448,0.1869,0.2006,0.548,0.1676,-0.0013,-0.0006,0.0107,-0.0147,-0.0138,0.0019,-0.016,natural colors,noisy,0.2158,0.2186,0.2278,0.216,0.204,0.2174,0.2348,0.2171,0.2192,0.2171,0.2307,0.2178,0.2155,0.2508,v0,clip_vit_b32_image
5535,/mnt/d/Photos/Z8/180-600mm/2025/2025-10-05/DSC_1345.NEF,13645,4,Green,pick,picked,0.5831,0.7703,0.8479,0.1939,0.5107,0.7281,0.3181,0.0034,0.0121,0.0172,-0.0142,0.0004,0.0099,-0.0076,detailed,noisy,0.2093,0.2221,0.2172,0.2032,0.2101,0.211,0.2567,0.2059,0.21,0.2,0.2175,0.2097,0.2012,0.2643,v0,clip_vit_b32_image
5519,/mnt/d/Photos/Z8/180-600mm/2025/2025-10-05/DSC_1289.NEF,13642,3,Green,reject,neutral,0.4919,0.6834,0.763,0.2073,0.3671,0.7077,0.1832,-0.0003,0.0077,0.0117,-0.0134,-0.0054,0.0088,-0.0149,natural colors,noisy,0.2115,0.2216,0.2187,0.207,0.2102,0.2179,0.2568,0.2118,0.2139,0.207,0.2205,0.2157,0.2091,0.2717,v0,clip_vit_b32_image
5521,/mnt/d/Photos/Z8/180-600mm/2025/2025-10-05/DSC_1292.NEF,13642,3,Green,pick,neutral,0.4787,0.6653,0.7818,0.2103,0.3446,0.683,0.166,-0.0009,0.0069,0.0128,-0.0132,-0.0064,0.0077,-0.0161,a photo with strong subject separation,noisy,0.2133,0.2228,0.2238,0.2104,0.2119,0.2177,0.2569,0.2141,0.2159,0.211,0.2236,0.2183,0.21,0.273,v0,clip_vit_b32_image
5517,/mnt/d/Photos/Z8/180-600mm/2025/2025-10-05/DSC_1279.NEF,13641,4,Green,pick,picked,0.5382,0.7512,0.7391,0.2989,0.4685,0.646,0.3151,0.0015,0.011,0.0104,-0.0085,-0.0013,0.006,-0.0078,a photo with strong subject separation,noisy,0.2175,0.225,0.2208,0.2132,0.2207,0.2194,0.2604,0.216,0.2139,0.2103,0.2217,0.2219,0.2134,0.2682,v0,clip_vit_b32_image
5529,/mnt/d/Photos/Z8/180-600mm/2025/2025-10-05/DSC_1325.NEF,940,3,Green,pick,neutral,0.4488,0.516,0.7637,0.1051,0.3133,0.7019,0.2158,-0.0021,0.0006,0.0117,-0.0214,-0.0078,0.0086,-0.0129,natural colors,out of focus,0.2089,0.2191,0.2198,0.2035,0.2065,0.2183,0.2521,0.2109,0.2185,0.2081,0.2249,0.2143,0.2097,0.265,v0,clip_vit_b32_image
5513,/mnt/d/Photos/Z8/180-600mm/2025/2025-10-05/DSC_1265.NEF,,4,Green,neutral,picked,0.7057,0.8323,0.8088,0.4513,0.6148,0.7386,0.5357,0.0087,0.016,0.0144,-0.002,0.0047,0.0104,0.0014,balanced contrast,noisy,0.2331,0.2362,0.238,0.2272,0.2303,0.2353,0.2608,0.2244,0.2202,0.2236,0.2292,0.2256,0.2249,0.2594,v0,clip_vit_b32_image
5523,/mnt/d/Photos/Z8/180-600mm/2025/2025-10-05/DSC_1300.NEF,,4,Green,neutral,picked,0.4778,0.7451,0.6403,0.311,0.3989,0.7488,0.2372,-0.0009,0.0107,0.0058,-0.008,-0.0041,0.0109,-0.0117,a photo with strong subject separation,noisy,0.2184,0.2301,0.2213,0.221,0.2169,0.2271,0.2584,0.2193,0.2194,0.2155,0.229,0.221,0.2161,0.2701,v0,clip_vit_b32_image
5527,/mnt/d/Photos/Z8/180-600mm/2025/2025-10-05/DSC_1319.NEF,,3,Green,neutral,neutral,0.4904,0.3922,0.769,0.454,0.5223,0.8051,0.2076,-0.0004,-0.0044,0.012,-0.0018,0.0009,0.0142,-0.0134,good dynamic range,out of focus,0.2253,0.2331,0.2269,0.228,0.2228,0.2338,0.2608,0.2257,0.2375,0.2148,0.2298,0.2219,0.2196,0.2742,v0,clip_vit_b32_image
5531,/mnt/d/Photos/Z8/180-600mm/2025/2025-10-05/DSC_1337.NEF,13644,4,Green,pick,picked,0.6877,0.8225,0.8234,0.4152,0.3694,0.644,0.3581,0.0079,0.0153,0.0154,-0.0034,-0.0053,0.0059,-0.0058,good dynamic range,technically flawed,0.2212,0.2302,0.231,0.218,0.2093,0.2231,0.2327,0.2134,0.2149,0.2156,0.2215,0.2146,0.2172,0.2386,v0,clip_vit_b32_image
5577,/mnt/d/Photos/Z8/180-600mm/2025/2025-10-05/DSC_1430.NEF,,3,Green,neutral,neutral,0.3512,0.5185,0.4411,0.6914,0.4424,0.4947,0.4479,-0.0061,0.0007,-0.0024,0.0081,-0.0023,-0.0002,-0.0021,good dynamic range,technically flawed,0.2192,0.2201,0.2171,0.2264,0.2165,0.2166,0.2469,0.2253,0.2193,0.2195,0.2184,0.2188,0.2168,0.249,v0,clip_vit_b32_image
5561,/mnt/d/Photos/Z8/180-600mm/2025/2025-10-05/DSC_1408.NEF,920,3,Green,neutral,neutral,0.4626,0.5807,0.7645,0.2423,0.231,0.4173,0.1371,-0.0015,0.0033,0.0118,-0.0114,-0.012,-0.0033,-0.0184,detailed,noisy,0.2241,0.2277,0.237,0.2242,0.2191,0.2239,0.25,0.2256,0.2244,0.2252,0.2356,0.2311,0.2272,0.2684,v0,clip_vit_b32_image
5540,/mnt/d/Photos/Z8/180-600mm/2025/2025-10-05/DSC_1358.NEF,13646,3,Green,pick,neutral,0.4591,0.5471,0.7516,0.1899,0.2507,0.4855,0.2171,-0.0016,0.0019,0.0111,-0.0145,-0.0109,-0.0006,-0.0128,detailed,noisy,0.2102,0.2134,0.2197,0.2071,0.2044,0.2071,0.2416,0.2119,0.2116,0.2086,0.2216,0.2154,0.2076,0.2544,v0,clip_vit_b32_image
5542,/mnt/d/Photos/Z8/180-600mm/2025/2025-10-05/DSC_1360.NEF,,4,Green,neutral,picked,0.5038,0.5518,0.7639,0.2411,0.1835,0.7609,0.2841,0.0002,0.0021,0.0117,-0.0115,-0.0149,0.0116,-0.0092,good dynamic range,noisy,0.2113,0.2196,0.2231,0.2102,0.1972,0.2243,0.2078,0.2111,0.2175,0.2114,0.2216,0.2121,0.2127,0.217,v0,clip_vit_b32_image
5546,/mnt/d/Photos/Z8/180-600mm/2025/2025-10-05/DSC_1365.NEF,13647,4,Blue,neutral,picked,0.5326,0.6147,0.7789,0.4531,0.2049,0.3849,0.3551,0.0013,0.0047,0.0126,-0.0019,-0.0136,-0.0047,-0.006,good dynamic range,dull,0.2092,0.2083,0.2148,0.2071,0.1984,0.2081,0.1839,0.2079,0.2037,0.2022,0.209,0.212,0.2128,0.1899,v0,clip_vit_b32_image
5544,/mnt/d/Photos/Z8/180-600mm/2025/2025-10-05/DSC_1363.NEF,,4,Blue,neutral,picked,0.6218,0.726,0.8006,0.5187,0.2773,0.773,0.3493,0.005,0.0097,0.0139,0.0007,-0.0096,0.0123,-0.0062,natural colors,misfocused,0.2179,0.227,0.2234,0.2202,0.2031,0.2286,0.2106,0.2129,0.2173,0.2095,0.2194,0.2127,0.2163,0.2168,v0,clip_vit_b32_image
5550,/mnt/d/Photos/Z8/180-600mm/2025/2025-10-05/DSC_1374.NEF,,4,Blue,neutral,picked,0.5271,0.6335,0.8178,0.3726,0.1656,0.3519,0.2749,0.0011,0.0055,0.015,-0.0052,-0.0162,-0.0061,-0.0097,good dynamic range,misfocused,0.1979,0.1974,0.2062,0.1956,0.1852,0.1963,0.1745,0.1969,0.192,0.1912,0.2008,0.2014,0.2024,0.1842,v0,clip_vit_b32_image
5548,/mnt/d/Photos/Z8/180-600mm/2025/2025-10-05/DSC_1369.NEF,,4,Blue,neutral,picked,0.685,0.7155,0.8856,0.448,0.3603,0.7216,0.6377,0.0078,0.0092,0.0205,-0.0021,-0.0057,0.0095,0.0057,good dynamic range,noisy,0.224,0.2311,0.2293,0.2237,0.2135,0.2292,0.2187,0.2162,0.2219,0.2088,0.2258,0.2193,0.2197,0.2131,v0,clip_vit_b32_image
5554,/mnt/d/Photos/Z8/180-600mm/2025/2025-10-05/DSC_1384.NEF,,3,Green,neutral,neutral,0.627,0.5496,0.7615,0.7238,0.4533,0.5331,0.3902,0.0052,0.002,0.0116,0.0096,-0.0019,0.0013,-0.0045,a keeper photo,a photo with no clear subject,0.2134,0.209,0.2147,0.2127,0.2173,0.2165,0.184,0.2082,0.207,0.2031,0.2031,0.2192,0.2152,0.1885,v0,clip_vit_b32_image
5552,/mnt/d/Photos/Z8/180-600mm/2025/2025-10-05/DSC_1382.NEF,925,3,Green,neutral,neutral,0.4806,0.5564,0.7428,0.2569,0.2475,0.2768,0.5581,-0.0008,0.0023,0.0106,-0.0106,-0.0111,-0.0096,0.0023,detailed,technically flawed,0.2039,0.204,0.2163,0.1993,0.1998,0.1987,0.1862,0.2047,0.2017,0.2057,0.2099,0.2109,0.2083,0.1838,v0,clip_vit_b32_image
5556,/mnt/d/Photos/Z8/180-600mm/2025/2025-10-05/DSC_1397.NEF,916,3,Green,neutral,neutral,0.4046,0.4398,0.7606,0.1044,0.203,0.5082,0.1362,-0.0039,-0.0024,0.0116,-0.0215,-0.0137,0.0003,-0.0185,detailed,noisy,0.217,0.2213,0.2325,0.2144,0.2116,0.2187,0.245,0.2209,0.2237,0.2209,0.2359,0.2253,0.2184,0.2635,v0,clip_vit_b32_image
5558,/mnt/d/Photos/Z8/180-600mm/2025/2025-10-05/DSC_1404.NEF,13648,3,Green,neutral,neutral,0.5061,0.5225,0.7824,0.1313,0.2006,0.5467,0.1674,0.0002,0.0009,0.0128,-0.0189,-0.0138,0.0019,-0.016,natural colors,noisy,0.2219,0.2259,0.2376,0.2173,0.2141,0.2244,0.2523,0.2217,0.225,0.2248,0.2362,0.228,0.2226,0.2683,v0,clip_vit_b32_image
5560,/mnt/d/Photos/Z8/180-600mm/2025/2025-10-05/DSC_1406.NEF,13648,3,Green,pick,neutral,0.5216,0.5794,0.7505,0.2578,0.2632,0.4787,0.2156,0.0009,0.0032,0.011,-0.0106,-0.0103,-0.0009,-0.0129,natural colors,noisy,0.2214,0.2226,0.2299,0.2194,0.215,0.2202,0.2375,0.2205,0.2194,0.2189,0.23,0.2253,0.221,0.2504,v0,clip_vit_b32_image
5562,/mnt/d/Photos/Z8/180-600mm/2025/2025-10-05/DSC_1410.NEF,,3,Green,neutral,neutral,0.4681,0.5025,0.755,0.1574,0.3249,0.4618,0.2525,-0.0013,0.0001,0.0113,-0.0168,-0.0073,-0.0015,-0.0109,detailed,noisy,0.2115,0.2113,0.2202,0.2043,0.2084,0.2073,0.2354,0.2127,0.2112,0.209,0.2211,0.2157,0.2089,0.2462,v0,clip_vit_b32_image
5566,/mnt/d/Photos/Z8/180-600mm/2025/2025-10-05/DSC_1417.NEF,,3,Green,neutral,neutral,0.43,0.3915,0.7419,0.2268,0.2866,0.5155,0.1349,-0.0028,-0.0044,0.0106,-0.0123,-0.0091,0.0006,-0.0186,detailed,misfocused,0.2147,0.2154,0.2225,0.211,0.2111,0.2133,0.2406,0.2175,0.2198,0.2119,0.2233,0.2202,0.2126,0.2592,v0,clip_vit_b32_image
5564,/mnt/d/Photos/Z8/180-600mm/2025/2025-10-05/DSC_1413.NEF,,3,Green,neutral,neutral,0.5219,0.4904,0.6823,0.2299,0.3003,0.4544,0.2515,0.0009,-0.0004,0.0076,-0.0121,-0.0085,-0.0018,-0.0109,a photo with strong subject separation,a missed shot,0.2187,0.2192,0.2242,0.2133,0.2168,0.216,0.2446,0.2178,0.2196,0.2165,0.2254,0.2252,0.2178,0.2555,v0,clip_vit_b32_image
5568,/mnt/d/Photos/Z8/180-600mm/2025/2025-10-05/DSC_1419.NEF,916,3,Green,neutral,neutral,0.4114,0.4437,0.7944,0.1726,0.1889,0.4898,0.1311,-0.0036,-0.0023,0.0135,-0.0157,-0.0146,-0.0004,-0.0189,detailed,noisy,0.2176,0.2236,0.2353,0.2182,0.2134,0.22,0.2452,0.2212,0.2258,0.2217,0.2339,0.2279,0.2205,0.2641,v0,clip_vit_b32_image
5574,/mnt/d/Photos/Z8/180-600mm/2025/2025-10-05/DSC_1425.NEF,,2,Green,neutral,rejected,0.3413,0.2806,0.5968,0.1211,0.2844,0.4321,0.0741,-0.0066,-0.0094,0.0039,-0.0198,-0.0092,-0.0027,-0.0253,detailed,out of focus,0.2137,0.2123,0.2197,0.2085,0.2097,0.2106,0.2339,0.2203,0.2217,0.2158,0.2284,0.2189,0.2133,0.2592,v0,clip_vit_b32_image
5572,/mnt/d/Photos/Z8/180-600mm/2025/2025-10-05/DSC_1423.NEF,,2,Green,neutral,rejected,0.3817,0.4285,0.7129,0.1376,0.2934,0.4809,0.1205,-0.0048,-0.0029,0.0091,-0.0184,-0.0088,-0.0008,-0.0199,detailed,overexposed,0.2112,0.214,0.2215,0.2059,0.2091,0.2087,0.2399,0.216,0.2169,0.2124,0.2243,0.2179,0.2095,0.2598,v0,clip_vit_b32_image
5576,/mnt/d/Photos/Z8/180-600mm/2025/2025-10-05/DSC_1427.NEF,13650,2,Green,pick,rejected,0.4001,0.378,0.6945,0.1469,0.2144,0.4975,0.1141,-0.0041,-0.005,0.0082,-0.0176,-0.013,-0.0001,-0.0205,detailed,misfocused,0.2112,0.2106,0.2212,0.207,0.2038,0.2099,0.2312,0.2153,0.2156,0.213,0.2246,0.2168,0.21,0.2517,v0,clip_vit_b32_image
5578,/mnt/d/Photos/Z8/180-600mm/2025/2025-10-05/DSC_1479.NEF,13651,4,Green,pick,picked,0.6921,0.8258,0.9008,0.4493,0.4849,0.7168,0.6915,0.0081,0.0156,0.0221,-0.002,-0.0006,0.0093,0.0081,detailed,noisy,0.2149,0.2283,0.224,0.2143,0.2114,0.2173,0.2501,0.2068,0.2127,0.2019,0.2163,0.212,0.208,0.2421,v0,clip_vit_b32_image
5582,/mnt/d/Photos/Z8/180-600mm/2025/2025-10-05/DSC_1510.NEF,908,3,Green,neutral,neutral,0.5722,0.6213,0.749,0.2898,0.3571,0.7024,0.3559,0.0029,0.0049,0.0109,-0.009,-0.0059,0.0086,-0.0059,natural colors,out of focus,0.2154,0.2243,0.2187,0.2106,0.2107,0.2244,0.2237,0.2125,0.2193,0.2078,0.2195,0.2166,0.2158,0.2296,v0,clip_vit_b32_image
5580,/mnt/d/Photos/Z8/180-600mm/2025/2025-10-05/DSC_1493.NEF,910,3,Green,pick,neutral,0.5309,0.5343,0.6712,0.2368,0.3643,0.7339,0.5595,0.0012,0.0014,0.0071,-0.0117,-0.0056,0.0101,0.0024,natural colors,out of focus,0.2125,0.2184,0.2178,0.2049,0.2029,0.2178,0.2344,0.2113,0.217,0.2106,0.2166,0.2085,0.2077,0.232,v0,clip_vit_b32_image
5586,/mnt/d/Photos/Z8/180-600mm/2025/2025-10-05/DSC_1514.NEF,908,3,Green,pick,neutral,0.5881,0.6237,0.846,0.2042,0.4355,0.6738,0.5895,0.0036,0.0051,0.017,-0.0136,-0.0026,0.0073,0.0036,natural colors,misfocused,0.2154,0.2241,0.2229,0.207,0.2102,0.2178,0.2222,0.2119,0.219,0.2058,0.2206,0.2128,0.2105,0.2186,v0,clip_vit_b32_image
5584,/mnt/d/Photos/Z8/180-600mm/2025/2025-10-05/DSC_1512.NEF,13652,4,Green,pick,picked,0.7271,0.7653,0.8461,0.3531,0.4587,0.8408,0.6088,0.0098,0.0118,0.017,-0.0061,-0.0017,0.0166,0.0044,natural colors,out of focus,0.2165,0.226,0.2216,0.2099,0.2086,0.225,0.2222,0.2067,0.2142,0.2046,0.216,0.2103,0.2084,0.2178,v0,clip_vit_b32_image
5588,/mnt/d/Photos/Z8/180-600mm/2025/2025-10-05/DSC_1516.NEF,13653,4,Green,pick,picked,0.6452,0.7291,0.861,0.1834,0.4885,0.8877,0.6361,0.006,0.0099,0.0182,-0.0149,-0.0005,0.0207,0.0056,natural colors,out of focus,0.2123,0.2256,0.224,0.2057,0.2065,0.2256,0.2244,0.2064,0.2157,0.2058,0.2206,0.2069,0.205,0.2188,v0,clip_vit_b32_image
5590,/mnt/d/Photos/Z8/180-600mm/2025/2025-10-05/DSC_1519.NEF,13654,4,Green,pick,picked,0.7333,0.8031,0.9078,0.1665,0.6131,0.8512,0.7072,0.0101,0.0141,0.0229,-0.0161,0.0046,0.0174,0.0088,natural colors,noisy,0.2185,0.2324,0.2273,0.2089,0.2165,0.2276,0.2411,0.2084,0.2184,0.2045,0.225,0.2119,0.2102,0.2323,v0,clip_vit_b32_image
5594,/mnt/d/Photos/Z8/180-600mm/2025/2025-10-05/DSC_1525.NEF,,4,Green,neutral,picked,0.7411,0.7737,0.9005,0.2778,0.5458,0.892,0.6413,0.0105,0.0123,0.022,-0.0096,0.0018,0.0211,0.0058,natural colors,out of focus,0.2158,0.2286,0.223,0.2088,0.2091,0.2277,0.2319,0.2053,0.2163,0.201,0.2184,0.2073,0.2066,0.2261,v0,clip_vit_b32_image
5592,/mnt/d/Photos/Z8/180-600mm/2025/2025-10-05/DSC_1522.NEF,,4,Green,neutral,picked,0.7205,0.6898,0.9112,0.2187,0.6016,0.8452,0.6562,0.0095,0.008,0.0233,-0.0127,0.0041,0.017,0.0065,natural colors,out of focus,0.2148,0.2256,0.223,0.2069,0.2125,0.2241,0.2322,0.2053,0.2176,0.1997,0.2196,0.2084,0.2072,0.2258,v0,clip_vit_b32_image
5598,/mnt/d/Photos/Z8/180-600mm/2025/2025-10-05/DSC_1529.NEF,,4,Blue,neutral,picked,0.7437,0.7639,0.8668,0.3164,0.582,0.9007,0.7345,0.0107,0.0117,0.0187,-0.0077,0.0033,0.022,0.0102,natural colors,out of focus,0.2143,0.2268,0.2185,0.2079,0.2064,0.2253,0.2344,0.2036,0.215,0.1998,0.2156,0.2031,0.2032,0.2242,v0,clip_vit_b32_image
5596,/mnt/d/Photos/Z8/180-600mm/2025/2025-10-05/DSC_1527.NEF,,4,Blue,neutral,picked,0.7684,0.8569,0.8983,0.3217,0.5889,0.8505,0.7381,0.012,0.0179,0.0218,-0.0075,0.0036,0.0174,0.0104,natural colors,noisy,0.2193,0.2333,0.2236,0.2121,0.2139,0.2263,0.2376,0.2073,0.2154,0.2018,0.2196,0.2103,0.2089,0.2272,v0,clip_vit_b32_image
5602,/mnt/d/Photos/Z8/180-600mm/2025/2025-10-05/DSC_1533.NEF,13656,4,Green,pick,picked,0.6655,0.6523,0.8772,0.2478,0.5141,0.9027,0.6095,0.0069,0.0063,0.0197,-0.0111,0.0006,0.0223,0.0045,natural colors,out of focus,0.2116,0.2242,0.2201,0.2068,0.2063,0.2266,0.2267,0.2047,0.2179,0.2004,0.2179,0.2057,0.2043,0.2223,v0,clip_vit_b32_image
5600,/mnt/d/Photos/Z8/180-600mm/2025/2025-10-05/DSC_1531.NEF,13656,4,Green,pick,picked,0.6629,0.636,0.88,0.199,0.51,0.9013,0.6539,0.0068,0.0056,0.0199,-0.0139,0.0004,0.0221,0.0064,natural colors,out of focus,0.2143,0.2255,0.2236,0.2085,0.2066,0.2271,0.2266,0.2075,0.2199,0.2036,0.2224,0.2062,0.205,0.2203,v0,clip_vit_b32_image
5604,/mnt/d/Photos/Z8/180-600mm/2025/2025-10-05/DSC_1535.NEF,13657,4,Green,reject,picked,0.6507,0.6522,0.8824,0.1729,0.4613,0.883,0.6535,0.0062,0.0063,0.0202,-0.0157,-0.0016,0.0202,0.0063,natural colors,out of focus,0.2103,0.2224,0.2213,0.2043,0.202,0.2231,0.222,0.204,0.2161,0.2011,0.2199,0.2036,0.2029,0.2156,v0,clip_vit_b32_image
5606,/mnt/d/Photos/Z8/180-600mm/2025/2025-10-05/DSC_1537.NEF,,4,Blue,neutral,picked,0.7163,0.7271,0.9101,0.2206,0.5022,0.9007,0.66,0.0093,0.0098,0.0231,-0.0126,0.0001,0.0221,0.0066,natural colors,out of focus,0.2183,0.2324,0.2297,0.2126,0.2109,0.2315,0.2324,0.209,0.2226,0.2066,0.2253,0.2108,0.2095,0.2258,v0,clip_vit_b32_image
5608,/mnt/d/Photos/Z8/180-600mm/2025/2025-10-05/DSC_1539.NEF,13657,4,Blue,pick,picked,0.6667,0.571,0.8366,0.2581,0.5529,0.891,0.775,0.0069,0.0029,0.0163,-0.0106,0.0021,0.021,0.0124,natural colors,out of focus,0.2104,0.2194,0.2136,0.203,0.2032,0.2219,0.2303,0.2035,0.2166,0.1973,0.2135,0.201,0.2009,0.2179,v0,clip_vit_b32_image
5610,/mnt/d/Photos/Z8/180-600mm/2025/2025-10-05/DSC_1541.NEF,13658,4,Green,pick,picked,0.6816,0.6542,0.8573,0.2447,0.5574,0.8705,0.7376,0.0076,0.0064,0.0179,-0.0113,0.0023,0.0191,0.0103,natural colors,out of focus,0.2098,0.2202,0.2118,0.2034,0.2053,0.2198,0.2228,0.2022,0.2138,0.1939,0.2147,0.203,0.2008,0.2124,v0,clip_vit_b32_image
5612,/mnt/d/Photos/Z8/180-600mm/2025/2025-10-05/DSC_1547.NEF,13659,4,Green,pick,picked,0.5497,0.4878,0.8415,0.1397,0.4629,0.8224,0.5921,0.002,-0.0005,0.0167,-0.0182,-0.0015,0.0153,0.0037,natural colors,out of focus,0.2158,0.2263,0.2228,0.2085,0.2096,0.2236,0.2393,0.2138,0.2268,0.2061,0.2267,0.2111,0.2083,0.2356,v0,clip_vit_b32_image
5614,/mnt/d/Photos/Z8/180-600mm/2025/2025-10-05/DSC_1549.NEF,,4,Green,neutral,picked,0.6379,0.6813,0.8834,0.2047,0.4358,0.8953,0.5921,0.0057,0.0076,0.0203,-0.0136,-0.0026,0.0215,0.0037,natural colors,out of focus,0.2167,0.2295,0.2295,0.2113,0.2091,0.2295,0.2321,0.211,0.2219,0.2092,0.2248,0.2117,0.2081,0.2284,v0,clip_vit_b32_image
5618,/mnt/d/Photos/Z8/180-600mm/2025/2025-10-05/DSC_1555.NEF,,4,Green,neutral,picked,0.6367,0.6793,0.8329,0.269,0.5116,0.7928,0.606,0.0056,0.0075,0.0161,-0.01,0.0005,0.0134,0.0043,natural colors,out of focus,0.2109,0.223,0.2154,0.2047,0.2057,0.2202,0.2265,0.2053,0.2155,0.1993,0.2147,0.2053,0.2068,0.2222,v0,clip_vit_b32_image
5616,/mnt/d/Photos/Z8/180-600mm/2025/2025-10-05/DSC_1551.NEF,,3,Green,neutral,neutral,0.7128,0.8319,0.86,0.5999,0.4894,0.7018,0.7296,0.0091,0.016,0.0182,0.004,-0.0004,0.0086,0.0099,natural colors,out of focus,0.2218,0.2311,0.2286,0.2179,0.2146,0.2233,0.2278,0.2127,0.2151,0.2105,0.2138,0.215,0.2148,0.2179,v0,clip_vit_b32_image
5571,/mnt/d/Photos/Z8/180-600mm/2025/2025-10-05/DSC_1422.NEF,916,2,Green,neutral,rejected,0.3605,0.3237,0.6705,0.1882,0.2291,0.5131,0.1038,-0.0057,-0.0074,0.0071,-0.0146,-0.0121,0.0005,-0.0216,detailed,overexposed,0.2111,0.2097,0.2206,0.2079,0.2035,0.2097,0.2326,0.2169,0.2171,0.2135,0.2225,0.2156,0.2092,0.2541,v0,clip_vit_b32_image
5567,/mnt/d/Photos/Z8/180-600mm/2025/2025-10-05/DSC_1418.NEF,916,2,Green,neutral,rejected,0.397,0.4062,0.6734,0.1957,0.2667,0.4728,0.1512,-0.0042,-0.0038,0.0072,-0.0141,-0.0101,-0.0011,-0.0173,detailed,out of focus,0.2127,0.2149,0.2193,0.2093,0.2098,0.2106,0.2427,0.2169,0.2187,0.2121,0.2234,0.2199,0.2117,0.26,v0,clip_vit_b32_image
5585,/mnt/d/Photos/Z8/180-600mm/2025/2025-10-05/DSC_1513.NEF,908,3,Green,pick,neutral,0.6397,0.6807,0.8605,0.1879,0.4646,0.7759,0.5647,0.0057,0.0076,0.0182,-0.0146,-0.0014,0.0124,0.0026,natural colors,noisy,0.2155,0.2235,0.224,0.2066,0.2114,0.2233,0.2264,0.2097,0.2159,0.2058,0.2212,0.2129,0.2109,0.2238,v0,clip_vit_b32_image
5581,/mnt/d/Photos/Z8/180-600mm/2025/2025-10-05/DSC_1501.NEF,910,3,Green,pick,neutral,0.4877,0.5313,0.7236,0.1199,0.3353,0.6543,0.4593,-0.0005,0.0013,0.0096,-0.0199,-0.0068,0.0064,-0.0016,natural colors,noisy,0.2094,0.213,0.2177,0.1995,0.2029,0.2154,0.2108,0.2098,0.2117,0.2081,0.2194,0.2098,0.209,0.2124,v0,clip_vit_b32_image
5547,/mnt/d/Photos/Z8/180-600mm/2025/2025-10-05/DSC_1368.NEF,,4,Green,neutral,picked,0.697,0.6905,0.8977,0.4049,0.3288,0.669,0.6361,0.0083,0.008,0.0217,-0.0039,-0.0071,0.007,0.0056,natural colors,noisy,0.2121,0.2151,0.2226,0.2102,0.2036,0.2165,0.2054,0.2038,0.2071,0.2009,0.2141,0.2108,0.2094,0.1998,v0,clip_vit_b32_image
5617,/mnt/d/Photos/Z8/180-600mm/2025/2025-10-05/DSC_1554.NEF,,4,Green,neutral,picked,0.6498,0.6675,0.8411,0.3027,0.515,0.8053,0.6368,0.0062,0.007,0.0167,-0.0083,0.0006,0.0142,0.0056,natural colors,out of focus,0.2132,0.2245,0.2164,0.2069,0.2088,0.2221,0.228,0.2071,0.2175,0.1998,0.2152,0.2082,0.2079,0.2224,v0,clip_vit_b32_image
5545,/mnt/d/Photos/Z8/180-600mm/2025/2025-10-05/DSC_1364.NEF,13647,4,Blue,neutral,picked,0.5091,0.5326,0.7532,0.4678,0.1874,0.33,0.2909,0.0004,0.0013,0.0112,-0.0013,-0.0147,-0.0071,-0.0089,good dynamic range,misfocused,0.1999,0.1978,0.2042,0.1978,0.1878,0.1966,0.1746,0.1995,0.1965,0.193,0.1991,0.2024,0.2037,0.1835,v0,clip_vit_b32_image
5543,/mnt/d/Photos/Z8/180-600mm/2025/2025-10-05/DSC_1361.NEF,,4,Blue,neutral,picked,0.7194,0.828,0.8376,0.5426,0.3185,0.7686,0.4972,0.0094,0.0157,0.0164,0.0017,-0.0076,0.012,-0.0001,natural colors,noisy,0.2115,0.2185,0.217,0.2123,0.1975,0.2212,0.2046,0.2021,0.2028,0.2006,0.2106,0.2051,0.2092,0.2047,v0,clip_vit_b32_image
5538,/mnt/d/Photos/Z8/180-600mm/2025/2025-10-05/DSC_1353.NEF,13646,3,Green,pick,neutral,0.5697,0.646,0.7274,0.2444,0.2376,0.56,0.2868,0.0028,0.006,0.0098,-0.0113,-0.0117,0.0024,-0.0091,detailed,noisy,0.2083,0.2101,0.2152,0.206,0.1981,0.207,0.2331,0.2055,0.2041,0.2054,0.2173,0.2097,0.2046,0.2422,v0,clip_vit_b32_image
5549,/mnt/d/Photos/Z8/180-600mm/2025/2025-10-05/DSC_1371.NEF,,3,Green,neutral,neutral,0.6252,0.6934,0.8259,0.5001,0.231,0.5798,0.4671,0.0051,0.0082,0.0156,0.0,-0.012,0.0032,-0.0013,good dynamic range,misfocused,0.2,0.2049,0.206,0.1989,0.191,0.2058,0.213,0.1949,0.1968,0.1904,0.1989,0.2031,0.2026,0.2143,v0,clip_vit_b32_image
5551,/mnt/d/Photos/Z8/180-600mm/2025/2025-10-05/DSC_1375.NEF,,3,Green,neutral,neutral,0.6546,0.7484,0.7915,0.6032,0.5523,0.5845,0.8312,0.0064,0.0109,0.0133,0.0042,0.0021,0.0034,0.0159,detailed,technically flawed,0.2114,0.2168,0.2111,0.2072,0.2099,0.2047,0.2346,0.205,0.2059,0.1978,0.2031,0.2078,0.2013,0.2187,v0,clip_vit_b32_image
5553,/mnt/d/Photos/Z8/180-600mm/2025/2025-10-05/DSC_1383.NEF,925,3,Green,neutral,neutral,0.4891,0.4281,0.7528,0.3339,0.3021,0.3434,0.5936,-0.0004,-0.0029,0.0111,-0.0069,-0.0084,-0.0065,0.0038,detailed,misfocused,0.2027,0.1994,0.212,0.1937,0.1983,0.1963,0.1825,0.2031,0.2023,0.2009,0.2006,0.2066,0.2028,0.1787,v0,clip_vit_b32_image
5541,/mnt/d/Photos/Z8/180-600mm/2025/2025-10-05/DSC_1359.NEF,935,3,Green,pick,neutral,0.4754,0.4865,0.6685,0.2042,0.2128,0.5167,0.2035,-0.001,-0.0005,0.007,-0.0136,-0.0131,0.0007,-0.0136,natural colors,misfocused,0.2106,0.2109,0.2175,0.2078,0.2017,0.2093,0.2321,0.2116,0.2114,0.2105,0.2214,0.2148,0.2086,0.2458,v0,clip_vit_b32_image
5539,/mnt/d/Photos/Z8/180-600mm/2025/2025-10-05/DSC_1355.NEF,935,3,Green,pick,neutral,0.4387,0.5034,0.7391,0.171,0.2526,0.4857,0.1893,-0.0025,0.0001,0.0104,-0.0158,-0.0108,-0.0006,-0.0145,detailed,noisy,0.213,0.2159,0.2234,0.2103,0.2096,0.2109,0.2425,0.2155,0.2158,0.213,0.2261,0.2204,0.2115,0.257,v0,clip_vit_b32_image
5615,/mnt/d/Photos/Z8/180-600mm/2025/2025-10-05/DSC_1550.NEF,13660,3,Green,pick,neutral,0.7,0.7468,0.8749,0.2876,0.5788,0.8034,0.7394,0.0085,0.0108,0.0194,-0.0091,0.0032,0.0141,0.0104,natural colors,out of focus,0.2183,0.2302,0.2218,0.2098,0.215,0.2225,0.2345,0.2098,0.2194,0.2023,0.2189,0.2118,0.2084,0.224,v0,clip_vit_b32_image
5611,/mnt/d/Photos/Z8/180-600mm/2025/2025-10-05/DSC_1544.NEF,13660,4,Green,pick,picked,0.6842,0.7362,0.8489,0.2195,0.5102,0.845,0.6826,0.0077,0.0103,0.0173,-0.0127,0.0004,0.017,0.0077,natural colors,noisy,0.2141,0.2253,0.219,0.207,0.2076,0.2223,0.2303,0.2064,0.2151,0.2018,0.2197,0.2072,0.2054,0.2226,v0,clip_vit_b32_image
5609,/mnt/d/Photos/Z8/180-600mm/2025/2025-10-05/DSC_1540.NEF,13659,4,Green,pick,picked,0.6568,0.6041,0.8674,0.1871,0.529,0.883,0.7163,0.0065,0.0042,0.0188,-0.0147,0.0012,0.0202,0.0093,natural colors,out of focus,0.2139,0.2241,0.2204,0.2061,0.2089,0.2243,0.2267,0.2074,0.2199,0.2016,0.2208,0.2078,0.2041,0.2174,v0,clip_vit_b32_image
5603,/mnt/d/Photos/Z8/180-600mm/2025/2025-10-05/DSC_1534.NEF,13658,4,Green,pick,picked,0.6815,0.6069,0.8259,0.2822,0.6329,0.8454,0.6404,0.0076,0.0043,0.0156,-0.0093,0.0054,0.017,0.0058,natural colors,out of focus,0.2162,0.224,0.2181,0.2081,0.215,0.2253,0.2375,0.2086,0.2197,0.2025,0.2174,0.2095,0.2083,0.2317,v0,clip_vit_b32_image
5601,/mnt/d/Photos/Z8/180-600mm/2025/2025-10-05/DSC_1532.NEF,13657,4,Green,reject,picked,0.63,0.5652,0.8198,0.2401,0.5242,0.8656,0.6605,0.0053,0.0026,0.0152,-0.0115,0.001,0.0186,0.0067,natural colors,out of focus,0.2072,0.2159,0.2108,0.2008,0.2024,0.2196,0.2302,0.2019,0.2133,0.1956,0.2123,0.2014,0.201,0.2235,v0,clip_vit_b32_image
5605,/mnt/d/Photos/Z8/180-600mm/2025/2025-10-05/DSC_1536.NEF,13657,4,Blue,pick,picked,0.6574,0.6209,0.848,0.2458,0.5126,0.8859,0.7046,0.0065,0.0049,0.0172,-0.0112,0.0005,0.0205,0.0087,natural colors,out of focus,0.2125,0.2245,0.2197,0.2073,0.2041,0.2253,0.2326,0.206,0.2196,0.2026,0.2185,0.2036,0.2048,0.2239,v0,clip_vit_b32_image
5613,/mnt/d/Photos/Z8/180-600mm/2025/2025-10-05/DSC_1548.NEF,13657,4,Blue,pick,picked,0.5618,0.485,0.8059,0.192,0.4446,0.8776,0.6574,0.0025,-0.0006,0.0142,-0.0144,-0.0022,0.0197,0.0065,natural colors,out of focus,0.2112,0.2221,0.2189,0.2059,0.2038,0.2239,0.2372,0.2088,0.2227,0.2047,0.2203,0.206,0.2042,0.2307,v0,clip_vit_b32_image
5599,/mnt/d/Photos/Z8/180-600mm/2025/2025-10-05/DSC_1530.NEF,13655,4,Green,pick,picked,0.7467,0.7419,0.8631,0.2437,0.5315,0.8688,0.7266,0.0108,0.0106,0.0184,-0.0113,0.0013,0.0189,0.0098,natural colors,noisy,0.2117,0.2215,0.2164,0.2027,0.2048,0.2221,0.2288,0.2009,0.211,0.198,0.2141,0.2035,0.2032,0.219,v0,clip_vit_b32_image
5595,/mnt/d/Photos/Z8/180-600mm/2025/2025-10-05/DSC_1526.NEF,13655,4,Blue,pick,picked,0.7023,0.8021,0.8874,0.2047,0.5409,0.8899,0.7396,0.0086,0.014,0.0206,-0.0136,0.0016,0.0209,0.0104,natural colors,noisy,0.2082,0.223,0.2183,0.2017,0.2019,0.2212,0.2248,0.1996,0.209,0.1977,0.2153,0.2003,0.2003,0.2144,v0,clip_vit_b32_image
5589,/mnt/d/Photos/Z8/180-600mm/2025/2025-10-05/DSC_1517.NEF,13654,4,Blue,pick,picked,0.7237,0.7676,0.8857,0.2608,0.6305,0.8757,0.7356,0.0096,0.0119,0.0205,-0.0104,0.0053,0.0195,0.0102,natural colors,noisy,0.215,0.228,0.2227,0.2071,0.2122,0.2238,0.2336,0.2054,0.216,0.2023,0.2175,0.2069,0.2043,0.2234,v0,clip_vit_b32_image
5583,/mnt/d/Photos/Z8/180-600mm/2025/2025-10-05/DSC_1511.NEF,13652,4,Green,pick,picked,0.6659,0.6681,0.8159,0.2874,0.4573,0.7302,0.564,0.0069,0.007,0.0149,-0.0091,-0.0017,0.01,0.0026,natural colors,out of focus,0.2135,0.2224,0.2177,0.2054,0.2078,0.2188,0.2252,0.2067,0.2154,0.2028,0.2145,0.2095,0.2088,0.2227,v0,clip_vit_b32_image
5579,/mnt/d/Photos/Z8/180-600mm/2025/2025-10-05/DSC_1491.NEF,13651,4,Green,pick,picked,0.7008,0.8383,0.8871,0.4859,0.4793,0.699,0.6489,0.0085,0.0165,0.0206,-0.0006,-0.0008,0.0084,0.0061,detailed,noisy,0.2192,0.2326,0.228,0.2204,0.2177,0.2211,0.2555,0.2107,0.2161,0.2074,0.221,0.2185,0.2127,0.2493,v0,clip_vit_b32_image
5575,/mnt/d/Photos/Z8/180-600mm/2025/2025-10-05/DSC_1426.NEF,13650,2,Green,pick,rejected,0.3212,0.2603,0.6267,0.134,0.2195,0.4371,0.0779,-0.0075,-0.0104,0.0052,-0.0187,-0.0127,-0.0025,-0.0247,detailed,out of focus,0.2096,0.2075,0.2168,0.2057,0.2015,0.2069,0.2269,0.2171,0.2179,0.2116,0.2244,0.2142,0.2094,0.2516,v0,clip_vit_b32_image
5573,/mnt/d/Photos/Z8/180-600mm/2025/2025-10-05/DSC_1424.NEF,13649,2,Green,pick,rejected,0.3795,0.3187,0.632,0.2075,0.2911,0.4162,0.0912,-0.0049,-0.0076,0.0054,-0.0134,-0.0089,-0.0034,-0.023,detailed,out of focus,0.2132,0.2097,0.2174,0.2089,0.2075,0.2077,0.23,0.2181,0.2173,0.212,0.2223,0.2164,0.2111,0.253,v0,clip_vit_b32_image
5559,/mnt/d/Photos/Z8/180-600mm/2025/2025-10-05/DSC_1405.NEF,13648,3,Green,pick,neutral,0.4554,0.4688,0.6783,0.1953,0.2592,0.499,0.2112,-0.0018,-0.0012,0.0075,-0.0142,-0.0105,-0.0,-0.0132,natural colors,noisy,0.2168,0.216,0.2232,0.2133,0.2088,0.2167,0.2304,0.2186,0.2173,0.2158,0.2275,0.2193,0.2167,0.2436,v0,clip_vit_b32_image
5555,/mnt/d/Photos/Z8/180-600mm/2025/2025-10-05/DSC_1392.NEF,,3,Green,neutral,neutral,0.5123,0.5416,0.7609,0.2462,0.2109,0.5319,0.2584,0.0005,0.0017,0.0116,-0.0112,-0.0132,0.0013,-0.0105,detailed,noisy,0.2152,0.2189,0.2264,0.2136,0.2084,0.2193,0.2271,0.2147,0.2173,0.2148,0.2248,0.2216,0.2181,0.2376,v0,clip_vit_b32_image
5557,/mnt/d/Photos/Z8/180-600mm/2025/2025-10-05/DSC_1401.NEF,,3,Green,neutral,neutral,0.5176,0.5556,0.6872,0.23,0.2449,0.5162,0.1819,0.0007,0.0022,0.0079,-0.0121,-0.0113,0.0006,-0.015,natural colors,noisy,0.224,0.2261,0.2343,0.2211,0.219,0.2246,0.2527,0.2233,0.2239,0.2264,0.2332,0.2302,0.2239,0.2677,v0,clip_vit_b32_image
5565,/mnt/d/Photos/Z8/180-600mm/2025/2025-10-05/DSC_1414.NEF,,3,Green,neutral,neutral,0.4538,0.4782,0.7397,0.3214,0.3363,0.3994,0.1408,-0.0019,-0.0009,0.0104,-0.0075,-0.0068,-0.0041,-0.0181,detailed,noisy,0.2184,0.2197,0.2234,0.2175,0.2163,0.2138,0.2441,0.2203,0.2206,0.213,0.225,0.2231,0.2179,0.2622,v0,clip_vit_b32_image
5569,/mnt/d/Photos/Z8/180-600mm/2025/2025-10-05/DSC_1420.NEF,,2,Yellow,neutral,rejected,0.3862,0.3839,0.6321,0.1296,0.2297,0.5391,0.1127,-0.0046,-0.0047,0.0054,-0.019,-0.0121,0.0016,-0.0206,natural colors,noisy,0.2144,0.2147,0.2219,0.2091,0.2085,0.2156,0.24,0.219,0.2195,0.2165,0.2282,0.2206,0.214,0.2607,v0,clip_vit_b32_image
5587,/mnt/d/Photos/Z8/180-600mm/2025/2025-10-05/DSC_1515.NEF,,4,Green,neutral,picked,0.7045,0.7484,0.8928,0.3101,0.5297,0.7898,0.6632,0.0087,0.0109,0.0212,-0.008,0.0012,0.0132,0.0068,natural colors,noisy,0.2236,0.2348,0.2354,0.2171,0.2206,0.2304,0.2403,0.2149,0.2239,0.2142,0.2251,0.2194,0.2172,0.2336,v0,clip_vit_b32_image
5597,/mnt/d/Photos/Z8/180-600mm/2025/2025-10-05/DSC_1528.NEF,,4,Green,neutral,picked,0.7243,0.8046,0.91,0.2688,0.5923,0.8157,0.7454,0.0097,0.0142,0.0231,-0.01,0.0037,0.0149,0.0107,natural colors,noisy,0.218,0.2319,0.2229,0.2107,0.2142,0.2229,0.2459,0.2083,0.2177,0.1998,0.2207,0.2105,0.208,0.2352,v0,clip_vit_b32_image
5607,/mnt/d/Photos/Z8/180-600mm/2025/2025-10-05/DSC_1538.NEF,,4,Blue,neutral,picked,0.7009,0.6827,0.8898,0.2993,0.5349,0.8574,0.6203,0.0085,0.0077,0.0209,-0.0085,0.0014,0.0179,0.0049,natural colors,out of focus,0.2245,0.2377,0.2321,0.2183,0.2174,0.2322,0.2359,0.216,0.23,0.2112,0.2268,0.216,0.2142,0.231,v0,clip_vit_b32_image
5647,/mnt/d/Photos/Z8/180-600mm/2025/2025-10-05/DSC_1703.NEF,,2,Yellow,neutral,rejected,0.5823,0.6965,0.7816,0.2717,0.4385,0.7706,0.2542,0.0033,0.0083,0.0128,-0.0099,-0.0025,0.0121,-0.0108,crisp details,out of focus,0.2118,0.2246,0.2192,0.2073,0.2075,0.2165,0.2518,0.2085,0.2163,0.2064,0.2171,0.21,0.2044,0.2625,v0,clip_vit_b32_image
5649,/mnt/d/Photos/Z8/180-600mm/2025/2025-10-05/DSC_1705.NEF,,3,Yellow,neutral,neutral,0.5494,0.5462,0.663,0.3674,0.4502,0.7021,0.3173,0.002,0.0019,0.0068,-0.0054,-0.002,0.0086,-0.0077,well focused,out of focus,0.2146,0.2208,0.2126,0.2121,0.2138,0.2195,0.2497,0.2127,0.219,0.2058,0.2175,0.2158,0.2109,0.2574,v0,clip_vit_b32_image
5651,/mnt/d/Photos/Z8/180-600mm/2025/2025-10-05/DSC_1707.NEF,,3,Green,neutral,neutral,0.6266,0.6323,0.7767,0.4142,0.5916,0.7899,0.361,0.0052,0.0054,0.0125,-0.0035,0.0037,0.0132,-0.0057,natural colors,out of focus,0.2132,0.2189,0.2142,0.2091,0.2129,0.2176,0.2518,0.208,0.2135,0.2018,0.2126,0.2092,0.2043,0.2575,v0,clip_vit_b32_image
5657,/mnt/d/Photos/Z8/180-600mm/2025/2025-10-05/DSC_1736.NEF,,3,Green,neutral,neutral,0.5338,0.5358,0.7686,0.51,0.5009,0.4525,0.517,0.0014,0.0014,0.012,0.0004,0.0,-0.0019,0.0007,good dynamic range,out of focus,0.2133,0.2125,0.2124,0.2057,0.2149,0.208,0.2304,0.212,0.2111,0.2004,0.2053,0.2149,0.2099,0.2297,v0,clip_vit_b32_image
5659,/mnt/d/Photos/Z8/180-600mm/2025/2025-10-05/DSC_1747.NEF,,3,Green,neutral,neutral,0.5093,0.5404,0.6625,0.2834,0.3655,0.6797,0.1247,0.0004,0.0016,0.0067,-0.0093,-0.0055,0.0075,-0.0195,well focused,out of focus,0.2176,0.2257,0.2221,0.2154,0.2151,0.2205,0.26,0.2172,0.2241,0.2154,0.2247,0.2206,0.213,0.2795,v0,clip_vit_b32_image
5668,/mnt/d/Photos/Z8/180-600mm/2025/2025-10-05/DSC_1775.NEF,,3,Yellow,neutral,neutral,0.3996,0.3134,0.5951,0.4638,0.3151,0.5592,0.1625,-0.0041,-0.0078,0.0039,-0.0014,-0.0078,0.0024,-0.0164,a photo with strong subject separation,out of focus,0.2247,0.2222,0.2273,0.2187,0.2234,0.2238,0.2117,0.2288,0.2301,0.2235,0.2201,0.2312,0.2215,0.2281,v0,clip_vit_b32_image
5661,/mnt/d/Photos/Z8/180-600mm/2025/2025-10-05/DSC_1755.NEF,13665,3,Green,pick,neutral,0.4112,0.426,0.633,0.1674,0.3604,0.6066,0.0976,-0.0036,-0.003,0.0055,-0.016,-0.0057,0.0043,-0.0222,natural colors,out of focus,0.2158,0.2184,0.2207,0.2116,0.2126,0.2167,0.2502,0.2194,0.2213,0.2152,0.2276,0.2184,0.2124,0.2724,v0,clip_vit_b32_image
5674,/mnt/d/Photos/Z8/180-600mm/2025/2025-10-05/DSC_1809.NEF,13668,3,Yellow,pick,neutral,0.3933,0.3213,0.5505,0.2912,0.3482,0.5592,0.1002,-0.0043,-0.0075,0.002,-0.0089,-0.0063,0.0024,-0.022,well focused,out of focus,0.2208,0.2233,0.2226,0.2162,0.2212,0.2217,0.2559,0.2251,0.2307,0.2206,0.2251,0.2275,0.2193,0.2778,v0,clip_vit_b32_image
5696,/mnt/d/Photos/Z8/180-600mm/2025/2025-10-05/DSC_1856.NEF,,3,Green,neutral,neutral,0.6105,0.7309,0.898,0.3419,0.5433,0.6236,0.5253,0.0045,0.01,0.0217,-0.0065,0.0017,0.005,0.001,good dynamic range,noisy,0.2142,0.2193,0.2187,0.2094,0.2149,0.2159,0.2326,0.2098,0.2093,0.1969,0.2159,0.2132,0.2109,0.2315,v0,clip_vit_b32_image
5694,/mnt/d/Photos/Z8/180-600mm/2025/2025-10-05/DSC_1848.NEF,,4,Green,neutral,picked,0.681,0.7868,0.8805,0.3644,0.4745,0.6293,0.6436,0.0076,0.0131,0.02,-0.0056,-0.001,0.0053,0.0059,good dynamic range,noisy,0.2149,0.2192,0.2162,0.2068,0.2126,0.2169,0.2333,0.2074,0.2061,0.1962,0.2124,0.2136,0.2116,0.2274,v0,clip_vit_b32_image
5692,/mnt/d/Photos/Z8/180-600mm/2025/2025-10-05/DSC_1846.NEF,,3,Green,neutral,neutral,0.5307,0.7131,0.8885,0.2388,0.4946,0.4795,0.5063,0.0012,0.0091,0.0208,-0.0116,-0.0002,-0.0008,0.0003,detailed,noisy,0.2116,0.2202,0.2199,0.2032,0.2137,0.2081,0.2334,0.2104,0.2111,0.1991,0.2148,0.2139,0.2089,0.2332,v0,clip_vit_b32_image
5684,/mnt/d/Photos/Z8/180-600mm/2025/2025-10-05/DSC_1822.NEF,,2,Red,neutral,rejected,0.4327,0.3344,0.6027,0.1515,0.3217,0.5613,0.1496,-0.0027,-0.0069,0.0042,-0.0172,-0.0075,0.0025,-0.0174,detailed,out of focus,0.2092,0.2113,0.2121,0.2026,0.2018,0.2085,0.2351,0.2119,0.2182,0.2079,0.2198,0.2092,0.206,0.2524,v0,clip_vit_b32_image
5673,/mnt/d/Photos/Z8/180-600mm/2025/2025-10-05/DSC_1808.NEF,862,2,Yellow,pick,rejected,0.4314,0.3815,0.5603,0.317,0.3637,0.6419,0.0904,-0.0028,-0.0048,0.0024,-0.0077,-0.0056,0.0058,-0.0231,well focused,out of focus,0.218,0.2216,0.2201,0.215,0.2166,0.221,0.2532,0.2207,0.2264,0.2177,0.2227,0.2222,0.2152,0.2763,v0,clip_vit_b32_image
5675,/mnt/d/Photos/Z8/180-600mm/2025/2025-10-05/DSC_1810.NEF,13669,3,Green,pick,neutral,0.4662,0.4586,0.6138,0.2397,0.3181,0.7143,0.1639,-0.0014,-0.0017,0.0046,-0.0115,-0.0076,0.0092,-0.0163,well focused,out of focus,0.2171,0.2233,0.2205,0.2133,0.2119,0.2229,0.2536,0.2185,0.225,0.2158,0.2248,0.2195,0.2138,0.2699,v0,clip_vit_b32_image
5677,/mnt/d/Photos/Z8/180-600mm/2025/2025-10-05/DSC_1814.NEF,862,3,Green,pick,neutral,0.4331,0.3392,0.6079,0.387,0.2279,0.5975,0.1401,-0.0027,-0.0067,0.0044,-0.0046,-0.0122,0.0039,-0.0181,detailed,out of focus,0.223,0.2261,0.2274,0.2207,0.213,0.2257,0.2417,0.2256,0.2328,0.223,0.2253,0.2252,0.2217,0.2599,v0,clip_vit_b32_image
5679,/mnt/d/Photos/Z8/180-600mm/2025/2025-10-05/DSC_1816.NEF,13670,2,Green,pick,rejected,0.519,0.3884,0.7119,0.456,0.3079,0.7145,0.1011,0.0008,-0.0045,0.009,-0.0018,-0.0081,0.0092,-0.0219,crisp details,out of focus,0.2202,0.2251,0.2277,0.2185,0.2118,0.2247,0.2459,0.2194,0.2297,0.2187,0.2203,0.2199,0.2155,0.2677,v0,clip_vit_b32_image
5687,/mnt/d/Photos/Z8/180-600mm/2025/2025-10-05/DSC_1840.NEF,13672,3,Green,pick,neutral,0.6236,0.7862,0.9135,0.3027,0.5366,0.5967,0.5845,0.005,0.013,0.0236,-0.0083,0.0015,0.0039,0.0034,detailed,noisy,0.2099,0.2202,0.217,0.2048,0.2103,0.2103,0.2407,0.2048,0.2072,0.1935,0.2132,0.2089,0.2064,0.2373,v0,clip_vit_b32_image
5685,/mnt/d/Photos/Z8/180-600mm/2025/2025-10-05/DSC_1837.NEF,,3,Green,neutral,neutral,0.6019,0.7812,0.8787,0.3107,0.4939,0.5681,0.5038,0.0041,0.0127,0.0198,-0.008,-0.0002,0.0027,0.0002,good dynamic range,noisy,0.2144,0.222,0.2193,0.2098,0.2146,0.2144,0.2337,0.2102,0.2093,0.1995,0.2178,0.2149,0.2117,0.2336,v0,clip_vit_b32_image
5689,/mnt/d/Photos/Z8/180-600mm/2025/2025-10-05/DSC_1842.NEF,13673,3,Green,pick,neutral,0.5636,0.6495,0.8862,0.3231,0.5063,0.6495,0.5835,0.0026,0.0062,0.0205,-0.0074,0.0003,0.0062,0.0034,good dynamic range,out of focus,0.2121,0.2211,0.2143,0.2074,0.2134,0.2127,0.2444,0.2095,0.2149,0.1938,0.2148,0.2132,0.2065,0.2411,v0,clip_vit_b32_image
5691,/mnt/d/Photos/Z8/180-600mm/2025/2025-10-05/DSC_1845.NEF,13674,3,Green,neutral,neutral,0.4746,0.6164,0.8812,0.1763,0.4684,0.5498,0.4012,-0.001,0.0047,0.02,-0.0154,-0.0013,0.002,-0.004,good dynamic range,noisy,0.2047,0.2126,0.214,0.1973,0.2062,0.2055,0.2267,0.2057,0.2078,0.194,0.2127,0.2075,0.2035,0.2307,v0,clip_vit_b32_image
5693,/mnt/d/Photos/Z8/180-600mm/2025/2025-10-05/DSC_1847.NEF,13674,3,Green,neutral,neutral,0.5555,0.6882,0.8801,0.2591,0.4309,0.5992,0.3843,0.0022,0.0079,0.0199,-0.0105,-0.0028,0.004,-0.0047,good dynamic range,out of focus,0.2178,0.226,0.224,0.2117,0.2163,0.2165,0.2389,0.2156,0.2181,0.2041,0.2222,0.2191,0.2125,0.2436,v0,clip_vit_b32_image
5695,/mnt/d/Photos/Z8/180-600mm/2025/2025-10-05/DSC_1852.NEF,,4,Green,neutral,picked,0.6758,0.778,0.8501,0.3365,0.579,0.6538,0.6414,0.0073,0.0125,0.0174,-0.0068,0.0032,0.0064,0.0058,good dynamic range,noisy,0.2159,0.2194,0.215,0.2072,0.2183,0.2187,0.2352,0.2086,0.2069,0.1977,0.214,0.2151,0.2124,0.2294,v0,clip_vit_b32_image
5697,/mnt/d/Photos/Z8/180-600mm/2025/2025-10-05/DSC_1857.NEF,13675,4,Green,pick,picked,0.6779,0.8031,0.9182,0.3227,0.5734,0.6506,0.6009,0.0074,0.0141,0.0242,-0.0074,0.003,0.0062,0.0041,good dynamic range,noisy,0.2096,0.216,0.2155,0.2031,0.2099,0.2107,0.2298,0.2022,0.202,0.1913,0.2106,0.207,0.2045,0.2257,v0,clip_vit_b32_image
5699,/mnt/d/Photos/Z8/180-600mm/2025/2025-10-05/DSC_1859.NEF,13675,4,Green,pick,picked,0.6878,0.8459,0.9196,0.2986,0.5171,0.6158,0.5684,0.0079,0.017,0.0244,-0.0085,0.0007,0.0047,0.0028,detailed,noisy,0.2116,0.2184,0.2163,0.203,0.2089,0.2132,0.2242,0.2037,0.2013,0.1919,0.2115,0.2083,0.2085,0.2214,v0,clip_vit_b32_image
5620,/mnt/d/Photos/Z8/180-600mm/2025/2025-10-05/DSC_1557.NEF,13661,4,Green,pick,picked,0.6362,0.608,0.8315,0.361,0.501,0.9148,0.6178,0.0056,0.0044,0.016,-0.0057,0.0,0.0237,0.0048,natural colors,out of focus,0.2154,0.2286,0.223,0.2125,0.2085,0.2324,0.232,0.2098,0.2242,0.207,0.2182,0.2084,0.2086,0.2272,v0,clip_vit_b32_image
5622,/mnt/d/Photos/Z8/180-600mm/2025/2025-10-05/DSC_1559.NEF,13662,4,Green,pick,picked,0.6561,0.5671,0.8417,0.3945,0.4995,0.8897,0.6018,0.0065,0.0027,0.0167,-0.0043,-0.0,0.0209,0.0041,natural colors,out of focus,0.2173,0.2315,0.2255,0.2158,0.2097,0.2316,0.2358,0.2108,0.2287,0.2088,0.2201,0.2097,0.2107,0.2316,v0,clip_vit_b32_image
5626,/mnt/d/Photos/Z8/180-600mm/2025/2025-10-05/DSC_1565.NEF,13661,4,Green,pick,picked,0.7069,0.7025,0.8101,0.4219,0.5055,0.9074,0.7258,0.0088,0.0086,0.0145,-0.0032,0.0002,0.0228,0.0097,natural colors,out of focus,0.2169,0.2294,0.2215,0.2155,0.2059,0.2305,0.2337,0.2081,0.2208,0.207,0.2186,0.2057,0.2076,0.224,v0,clip_vit_b32_image
5624,/mnt/d/Photos/Z8/180-600mm/2025/2025-10-05/DSC_1562.NEF,13661,4,Green,reject,picked,0.7351,0.7613,0.8778,0.4651,0.5443,0.9325,0.712,0.0102,0.0116,0.0197,-0.0014,0.0018,0.0263,0.0091,natural colors,out of focus,0.2193,0.2337,0.2278,0.2182,0.211,0.2351,0.2359,0.2091,0.2221,0.2081,0.2196,0.2092,0.2088,0.2268,v0,clip_vit_b32_image
5630,/mnt/d/Photos/Z8/180-600mm/2025/2025-10-05/DSC_1571.NEF,13663,4,Green,reject,picked,0.6574,0.6065,0.7867,0.4322,0.4756,0.8626,0.7501,0.0065,0.0043,0.0131,-0.0027,-0.001,0.0184,0.011,natural colors,out of focus,0.2149,0.2243,0.2196,0.2118,0.206,0.2252,0.2315,0.2084,0.2199,0.2065,0.2146,0.2069,0.2069,0.2205,v0,clip_vit_b32_image
5628,/mnt/d/Photos/Z8/180-600mm/2025/2025-10-05/DSC_1568.NEF,13664,4,Blue,pick,picked,0.6547,0.5964,0.7723,0.4873,0.4413,0.8429,0.75,0.0064,0.0039,0.0122,-0.0005,-0.0024,0.0168,0.011,natural colors,out of focus,0.2159,0.225,0.22,0.215,0.2023,0.2231,0.2263,0.2095,0.2211,0.2078,0.2155,0.2046,0.2063,0.2153,v0,clip_vit_b32_image
5634,/mnt/d/Photos/Z8/180-600mm/2025/2025-10-05/DSC_1584.NEF,885,4,Green,pick,picked,0.6789,0.7307,0.8316,0.333,0.4918,0.8267,0.7047,0.0075,0.01,0.016,-0.0069,-0.0003,0.0156,0.0087,natural colors,out of focus,0.2145,0.226,0.2201,0.2086,0.2084,0.2246,0.2298,0.207,0.216,0.2042,0.2156,0.2087,0.209,0.2212,v0,clip_vit_b32_image
5632,/mnt/d/Photos/Z8/180-600mm/2025/2025-10-05/DSC_1575.NEF,13663,4,Blue,pick,picked,0.697,0.6794,0.8064,0.3553,0.5283,0.8674,0.7055,0.0083,0.0075,0.0143,-0.006,0.0011,0.0188,0.0087,natural colors,out of focus,0.2156,0.2252,0.2207,0.2106,0.2107,0.2283,0.2272,0.2072,0.2177,0.2064,0.2166,0.2096,0.2095,0.2184,v0,clip_vit_b32_image
5636,/mnt/d/Photos/Z8/180-600mm/2025/2025-10-05/DSC_1586.NEF,,4,Green,neutral,picked,0.5886,0.681,0.775,0.3911,0.4553,0.5966,0.683,0.0036,0.0076,0.0124,-0.0044,-0.0018,0.0039,0.0077,natural colors,out of focus,0.2166,0.2243,0.221,0.2112,0.2126,0.2173,0.2232,0.213,0.2167,0.2086,0.2156,0.2143,0.2133,0.2155,v0,clip_vit_b32_image
5638,/mnt/d/Photos/Z8/180-600mm/2025/2025-10-05/DSC_1615.NEF,,3,Green,neutral,neutral,0.5498,0.6059,0.7921,0.2847,0.4486,0.5678,0.5079,0.002,0.0043,0.0134,-0.0092,-0.0021,0.0027,0.0003,good dynamic range,out of focus,0.2064,0.2088,0.2091,0.196,0.2068,0.2054,0.2244,0.2044,0.2045,0.1957,0.2052,0.2089,0.2027,0.2241,v0,clip_vit_b32_image
5642,/mnt/d/Photos/Z8/180-600mm/2025/2025-10-05/DSC_1659.NEF,880,3,Green,neutral,neutral,0.4372,0.3704,0.6615,0.2124,0.3098,0.5055,0.1466,-0.0025,-0.0053,0.0067,-0.0131,-0.008,0.0002,-0.0176,detailed,out of focus,0.2178,0.2162,0.2229,0.2109,0.2127,0.2144,0.2434,0.2203,0.2215,0.2162,0.224,0.2208,0.2142,0.261,v0,clip_vit_b32_image
5640,/mnt/d/Photos/Z8/180-600mm/2025/2025-10-05/DSC_1645.NEF,,3,Green,neutral,neutral,0.5509,0.5389,0.7395,0.3702,0.3721,0.6145,0.5124,0.002,0.0016,0.0104,-0.0053,-0.0052,0.0047,0.0005,good dynamic range,misfocused,0.2085,0.2079,0.2094,0.2021,0.2031,0.2078,0.2198,0.2065,0.2064,0.199,0.2074,0.2084,0.2032,0.2193,v0,clip_vit_b32_image
5646,/mnt/d/Photos/Z8/180-600mm/2025/2025-10-05/DSC_1702.NEF,,3,Green,neutral,neutral,0.629,0.7296,0.8306,0.4085,0.5022,0.7868,0.2211,0.0053,0.0099,0.0159,-0.0037,0.0001,0.0131,-0.0126,natural colors,out of focus,0.2216,0.2353,0.2328,0.2204,0.22,0.2262,0.2615,0.2164,0.2253,0.2169,0.2241,0.2199,0.2132,0.2741,v0,clip_vit_b32_image
5644,/mnt/d/Photos/Z8/180-600mm/2025/2025-10-05/DSC_1666.NEF,879,2,Yellow,pick,rejected,0.3974,0.4762,0.7092,0.0659,0.3612,0.6496,0.3494,-0.0042,-0.001,0.0089,-0.0265,-0.0057,0.0062,-0.0062,detailed,noisy,0.206,0.2089,0.2162,0.1973,0.2068,0.2106,0.229,0.2101,0.2099,0.2073,0.2238,0.2125,0.2045,0.2352,v0,clip_vit_b32_image
5650,/mnt/d/Photos/Z8/180-600mm/2025/2025-10-05/DSC_1706.NEF,,4,Green,neutral,picked,0.5955,0.5045,0.7905,0.5235,0.4012,0.8727,0.203,0.0039,0.0002,0.0133,0.0009,-0.004,0.0193,-0.0137,natural colors,out of focus,0.2202,0.2308,0.2262,0.2205,0.21,0.2301,0.2494,0.2163,0.2306,0.2129,0.2195,0.214,0.2109,0.2631,v0,clip_vit_b32_image
5648,/mnt/d/Photos/Z8/180-600mm/2025/2025-10-05/DSC_1704.NEF,,3,Green,neutral,neutral,0.626,0.7207,0.8384,0.2527,0.5226,0.7898,0.3057,0.0051,0.0095,0.0165,-0.0108,0.0009,0.0132,-0.0082,natural colors,out of focus,0.2129,0.2251,0.2204,0.207,0.21,0.2168,0.251,0.2078,0.2156,0.2039,0.2179,0.2091,0.2036,0.2592,v0,clip_vit_b32_image
5652,/mnt/d/Photos/Z8/180-600mm/2025/2025-10-05/DSC_1708.NEF,,3,Green,neutral,neutral,0.6259,0.6197,0.7324,0.3882,0.5395,0.7961,0.3486,0.0051,0.0049,0.0101,-0.0046,0.0016,0.0136,-0.0063,good dynamic range,out of focus,0.2137,0.2204,0.2106,0.2092,0.2132,0.2192,0.2519,0.2086,0.2155,0.2006,0.2138,0.2116,0.2056,0.2582,v0,clip_vit_b32_image
5658,/mnt/d/Photos/Z8/180-600mm/2025/2025-10-05/DSC_1744.NEF,867,3,Green,pick,neutral,0.4188,0.4435,0.5976,0.1911,0.3886,0.6156,0.121,-0.0033,-0.0023,0.004,-0.0144,-0.0045,0.0047,-0.0198,well focused,out of focus,0.2088,0.2124,0.2138,0.2052,0.2067,0.2105,0.2459,0.2121,0.2147,0.2098,0.2196,0.2113,0.2058,0.2657,v0,clip_vit_b32_image
5656,/mnt/d/Photos/Z8/180-600mm/2025/2025-10-05/DSC_1723.NEF,869,3,Green,pick,neutral,0.3999,0.4283,0.5936,0.1963,0.3704,0.5553,0.1116,-0.0041,-0.0029,0.0038,-0.0141,-0.0053,0.0022,-0.0207,a photo with strong subject separation,noisy,0.2089,0.209,0.2121,0.2039,0.21,0.2093,0.2456,0.213,0.2119,0.2084,0.218,0.2153,0.2071,0.2663,v0,clip_vit_b32_image
5660,/mnt/d/Photos/Z8/180-600mm/2025/2025-10-05/DSC_1753.NEF,867,3,Green,pick,neutral,0.4841,0.563,0.649,0.2848,0.4034,0.6449,0.1488,-0.0006,0.0025,0.0061,-0.0092,-0.0039,0.006,-0.0174,well focused,out of focus,0.2136,0.22,0.2155,0.2111,0.2106,0.2141,0.2548,0.2142,0.2175,0.2094,0.2203,0.2146,0.2081,0.2722,v0,clip_vit_b32_image
5662,/mnt/d/Photos/Z8/180-600mm/2025/2025-10-05/DSC_1757.NEF,13665,3,Green,pick,neutral,0.4092,0.4419,0.6347,0.2355,0.3475,0.5731,0.0916,-0.0037,-0.0023,0.0055,-0.0118,-0.0063,0.0029,-0.0229,detailed,out of focus,0.2148,0.2196,0.2202,0.2128,0.2108,0.2145,0.2547,0.2184,0.2219,0.2147,0.2246,0.2171,0.2115,0.2776,v0,clip_vit_b32_image
5672,/mnt/d/Photos/Z8/180-600mm/2025/2025-10-05/DSC_1806.NEF,862,3,Yellow,pick,neutral,0.5306,0.569,0.7125,0.3539,0.4034,0.6679,0.1127,0.0012,0.0028,0.0091,-0.006,-0.0039,0.007,-0.0206,well focused,out of focus,0.2164,0.2247,0.2219,0.2137,0.213,0.2192,0.256,0.2152,0.2219,0.2129,0.2197,0.2169,0.2123,0.2766,v0,clip_vit_b32_image
5655,/mnt/d/Photos/Z8/180-600mm/2025/2025-10-05/DSC_1721.NEF,869,3,Green,pick,neutral,0.3927,0.4219,0.6012,0.2097,0.358,0.6007,0.1076,-0.0044,-0.0032,0.0041,-0.0133,-0.0058,0.0041,-0.0212,well focused,out of focus,0.2131,0.2167,0.2159,0.2113,0.2136,0.2153,0.254,0.2175,0.2199,0.2118,0.2245,0.2194,0.2112,0.2751,v0,clip_vit_b32_image
5670,/mnt/d/Photos/Z8/180-600mm/2025/2025-10-05/DSC_1799.NEF,864,3,Green,pick,neutral,0.3877,0.3891,0.6354,0.1519,0.3349,0.5885,0.1172,-0.0046,-0.0045,0.0056,-0.0172,-0.0069,0.0036,-0.0202,detailed,out of focus,0.2114,0.216,0.22,0.2077,0.2082,0.2116,0.2506,0.216,0.2205,0.2144,0.2249,0.2151,0.208,0.2708,v0,clip_vit_b32_image
5643,/mnt/d/Photos/Z8/180-600mm/2025/2025-10-05/DSC_1665.NEF,879,2,Yellow,pick,rejected,0.4478,0.614,0.7012,0.0945,0.3843,0.5878,0.3933,-0.0021,0.0046,0.0085,-0.0226,-0.0047,0.0036,-0.0043,detailed,noisy,0.2083,0.2133,0.2134,0.1998,0.2108,0.2118,0.2354,0.2104,0.2087,0.2049,0.2224,0.2155,0.2083,0.2397,v0,clip_vit_b32_image
5635,/mnt/d/Photos/Z8/180-600mm/2025/2025-10-05/DSC_1585.NEF,885,4,Green,pick,picked,0.5871,0.6005,0.776,0.3352,0.443,0.7592,0.6897,0.0035,0.0041,0.0124,-0.0068,-0.0023,0.0115,0.008,natural colors,out of focus,0.2121,0.2212,0.215,0.2062,0.2059,0.2186,0.2289,0.2086,0.2171,0.2026,0.2131,0.2082,0.2071,0.221,v0,clip_vit_b32_image
5653,/mnt/d/Photos/Z8/180-600mm/2025/2025-10-05/DSC_1710.NEF,,3,Green,neutral,neutral,0.5574,0.5434,0.7523,0.2754,0.5499,0.7328,0.321,0.0023,0.0017,0.0111,-0.0097,0.002,0.0101,-0.0075,natural colors,noisy,0.2092,0.2131,0.21,0.2041,0.2098,0.2117,0.2493,0.2069,0.2114,0.1989,0.2138,0.2078,0.2016,0.2567,v0,clip_vit_b32_image
5641,/mnt/d/Photos/Z8/180-600mm/2025/2025-10-05/DSC_1654.NEF,880,3,Green,neutral,neutral,0.4035,0.3384,0.7004,0.2268,0.2571,0.512,0.0994,-0.0039,-0.0067,0.0085,-0.0123,-0.0106,0.0005,-0.022,detailed,out of focus,0.2213,0.2201,0.2291,0.2155,0.2162,0.2189,0.2466,0.2252,0.2268,0.2206,0.2278,0.2268,0.2184,0.2686,v0,clip_vit_b32_image
5633,/mnt/d/Photos/Z8/180-600mm/2025/2025-10-05/DSC_1582.NEF,,4,Green,neutral,picked,0.7023,0.7295,0.8142,0.2817,0.5754,0.8541,0.7292,0.0086,0.0099,0.0148,-0.0094,0.003,0.0177,0.0099,natural colors,out of focus,0.2145,0.2257,0.2181,0.2074,0.2107,0.2257,0.2275,0.206,0.2157,0.2033,0.2168,0.2076,0.208,0.2175,v0,clip_vit_b32_image
5619,/mnt/d/Photos/Z8/180-600mm/2025/2025-10-05/DSC_1556.NEF,,4,Green,neutral,picked,0.6397,0.6421,0.785,0.4709,0.4704,0.7606,0.7446,0.0057,0.0058,0.013,-0.0012,-0.0012,0.0116,0.0107,natural colors,out of focus,0.2094,0.2172,0.2093,0.2036,0.2028,0.2143,0.2168,0.2037,0.2113,0.1964,0.2048,0.204,0.2028,0.2061,v0,clip_vit_b32_image
5698,/mnt/d/Photos/Z8/180-600mm/2025/2025-10-05/DSC_1858.NEF,13675,4,Blue,pick,picked,0.638,0.7867,0.9235,0.3083,0.5035,0.6413,0.4833,0.0057,0.0131,0.0249,-0.0081,0.0001,0.0058,-0.0007,detailed,noisy,0.2117,0.219,0.22,0.2048,0.2111,0.2145,0.2296,0.206,0.206,0.1951,0.2129,0.211,0.2087,0.2303,v0,clip_vit_b32_image
5690,/mnt/d/Photos/Z8/180-600mm/2025/2025-10-05/DSC_1844.NEF,13673,3,Green,pick,neutral,0.5524,0.7255,0.8991,0.2316,0.4762,0.5417,0.4832,0.0021,0.0097,0.0219,-0.012,-0.001,0.0017,-0.0007,detailed,noisy,0.2113,0.2196,0.2209,0.2039,0.2118,0.2103,0.2314,0.2092,0.2099,0.199,0.2159,0.2127,0.2086,0.232,v0,clip_vit_b32_image
5688,/mnt/d/Photos/Z8/180-600mm/2025/2025-10-05/DSC_1841.NEF,13672,3,Green,pick,neutral,0.6143,0.7694,0.8879,0.3237,0.542,0.5694,0.5728,0.0047,0.012,0.0207,-0.0074,0.0017,0.0028,0.0029,detailed,noisy,0.2149,0.2238,0.2215,0.2096,0.2184,0.2143,0.2475,0.2103,0.2118,0.2008,0.217,0.2167,0.2115,0.2445,v0,clip_vit_b32_image
5686,/mnt/d/Photos/Z8/180-600mm/2025/2025-10-05/DSC_1839.NEF,13672,3,Green,neutral,neutral,0.619,0.7715,0.8901,0.3477,0.5521,0.6263,0.5888,0.0049,0.0122,0.0209,-0.0063,0.0021,0.0052,0.0036,good dynamic range,noisy,0.2087,0.2155,0.2134,0.2028,0.2116,0.2106,0.2348,0.2038,0.2033,0.1925,0.2091,0.2096,0.2054,0.2312,v0,clip_vit_b32_image
5682,/mnt/d/Photos/Z8/180-600mm/2025/2025-10-05/DSC_1820.NEF,13671,2,Yellow,pick,rejected,0.4892,0.3983,0.6795,0.3333,0.288,0.6212,0.1406,-0.0004,-0.0041,0.0075,-0.0069,-0.0091,0.0049,-0.0181,crisp details,out of focus,0.2159,0.2196,0.2232,0.2114,0.2092,0.216,0.2438,0.2163,0.2237,0.2157,0.2183,0.2182,0.2111,0.2619,v0,clip_vit_b32_image
5678,/mnt/d/Photos/Z8/180-600mm/2025/2025-10-05/DSC_1815.NEF,13670,2,Yellow,pick,rejected,0.5586,0.5415,0.7563,0.3462,0.3715,0.7431,0.1518,0.0024,0.0017,0.0113,-0.0064,-0.0053,0.0106,-0.0172,a photo with strong subject separation,out of focus,0.2153,0.2208,0.2198,0.2091,0.2096,0.2204,0.2467,0.2129,0.2191,0.2085,0.2155,0.2149,0.2098,0.2639,v0,clip_vit_b32_image
5680,/mnt/d/Photos/Z8/180-600mm/2025/2025-10-05/DSC_1817.NEF,13669,3,Green,pick,neutral,0.5034,0.3952,0.7094,0.4954,0.2982,0.6924,0.0726,0.0001,-0.0043,0.0089,-0.0002,-0.0086,0.0081,-0.0255,crisp details,out of focus,0.2225,0.2271,0.2285,0.2203,0.2141,0.2266,0.2454,0.2224,0.2313,0.2195,0.2205,0.2227,0.2185,0.2708,v0,clip_vit_b32_image
5676,/mnt/d/Photos/Z8/180-600mm/2025/2025-10-05/DSC_1811.NEF,13668,3,Green,pick,neutral,0.5131,0.5662,0.6946,0.1909,0.4159,0.7526,0.1882,0.0005,0.0027,0.0082,-0.0144,-0.0034,0.0111,-0.0146,well focused,out of focus,0.2114,0.2194,0.2141,0.2048,0.2087,0.2174,0.2504,0.2109,0.2167,0.2059,0.2193,0.2121,0.2062,0.265,v0,clip_vit_b32_image
5664,/mnt/d/Photos/Z8/180-600mm/2025/2025-10-05/DSC_1759.NEF,13666,3,Green,pick,neutral,0.41,0.407,0.6756,0.3452,0.3053,0.4939,0.0768,-0.0036,-0.0038,0.0073,-0.0064,-0.0082,-0.0002,-0.0249,detailed,out of focus,0.2207,0.2244,0.2273,0.218,0.2173,0.2188,0.257,0.2243,0.2281,0.22,0.2244,0.2255,0.219,0.2819,v0,clip_vit_b32_image
5663,/mnt/d/Photos/Z8/180-600mm/2025/2025-10-05/DSC_1758.NEF,13666,3,Green,pick,neutral,0.4208,0.4554,0.6253,0.2413,0.3569,0.5548,0.0912,-0.0032,-0.0018,0.0051,-0.0115,-0.0059,0.0022,-0.023,detailed,out of focus,0.2133,0.2175,0.2173,0.2101,0.2102,0.2107,0.2529,0.2165,0.2193,0.2121,0.2215,0.2161,0.2085,0.2759,v0,clip_vit_b32_image
5665,/mnt/d/Photos/Z8/180-600mm/2025/2025-10-05/DSC_1767.NEF,13667,3,Green,pick,neutral,0.4065,0.4088,0.6499,0.3094,0.2523,0.4977,0.107,-0.0038,-0.0037,0.0062,-0.008,-0.0109,-0.0001,-0.0212,crisp details,overexposed,0.2164,0.2191,0.2254,0.2152,0.21,0.2132,0.2479,0.2202,0.2228,0.2192,0.2232,0.2208,0.2133,0.2691,v0,clip_vit_b32_image
5667,/mnt/d/Photos/Z8/180-600mm/2025/2025-10-05/DSC_1772.NEF,13667,3,Green,pick,neutral,0.4569,0.3531,0.6486,0.4319,0.2826,0.605,0.0801,-0.0017,-0.0061,0.0061,-0.0027,-0.0093,0.0043,-0.0244,natural colors,out of focus,0.2218,0.2223,0.2291,0.2231,0.2142,0.2212,0.249,0.2236,0.2283,0.223,0.2258,0.2235,0.2169,0.2734,v0,clip_vit_b32_image
5671,/mnt/d/Photos/Z8/180-600mm/2025/2025-10-05/DSC_1803.NEF,,3,Green,neutral,neutral,0.5542,0.6233,0.7278,0.1493,0.3353,0.5438,0.3166,0.0022,0.005,0.0098,-0.0174,-0.0068,0.0018,-0.0077,detailed,noisy,0.2158,0.2203,0.2241,0.2061,0.2093,0.2125,0.252,0.2136,0.2153,0.2143,0.2235,0.2161,0.2107,0.2597,v0,clip_vit_b32_image
5669,/mnt/d/Photos/Z8/180-600mm/2025/2025-10-05/DSC_1798.NEF,864,3,Green,pick,neutral,0.4264,0.5303,0.6507,0.1057,0.3689,0.557,0.1916,-0.003,0.0012,0.0062,-0.0214,-0.0054,0.0023,-0.0144,detailed,noisy,0.2048,0.2105,0.2099,0.1969,0.2027,0.205,0.244,0.2078,0.2093,0.2036,0.2183,0.2081,0.2027,0.2584,v0,clip_vit_b32_image
5631,/mnt/d/Photos/Z8/180-600mm/2025/2025-10-05/DSC_1573.NEF,13664,3,Green,pick,neutral,0.6294,0.6473,0.7849,0.2728,0.4511,0.8672,0.6693,0.0053,0.0061,0.0129,-0.0098,-0.002,0.0188,0.0071,natural colors,out of focus,0.2154,0.2267,0.2226,0.211,0.2056,0.2283,0.2283,0.2101,0.2206,0.2097,0.2208,0.2075,0.2095,0.2213,v0,clip_vit_b32_image
5627,/mnt/d/Photos/Z8/180-600mm/2025/2025-10-05/DSC_1567.NEF,13663,4,Green,reject,picked,0.5844,0.5096,0.8054,0.2645,0.449,0.8476,0.625,0.0034,0.0004,0.0142,-0.0102,-0.002,0.0172,0.0051,natural colors,out of focus,0.2168,0.2289,0.2261,0.214,0.2097,0.2291,0.2287,0.2134,0.2285,0.2119,0.2242,0.2117,0.2119,0.2236,v0,clip_vit_b32_image
5629,/mnt/d/Photos/Z8/180-600mm/2025/2025-10-05/DSC_1569.NEF,13663,4,Green,pick,picked,0.7269,0.759,0.8374,0.4015,0.5384,0.8796,0.7032,0.0098,0.0115,0.0164,-0.004,0.0015,0.0199,0.0086,natural colors,out of focus,0.2165,0.2301,0.2238,0.2128,0.2103,0.2296,0.2302,0.2067,0.2186,0.2074,0.2168,0.2088,0.2097,0.2216,v0,clip_vit_b32_image
5637,/mnt/d/Photos/Z8/180-600mm/2025/2025-10-05/DSC_1588.NEF,13663,4,Green,pick,picked,0.7008,0.694,0.7929,0.4001,0.538,0.8696,0.663,0.0085,0.0082,0.0134,-0.004,0.0015,0.019,0.0068,natural colors,out of focus,0.2209,0.2324,0.2264,0.2171,0.2159,0.2322,0.2323,0.2124,0.2242,0.213,0.2212,0.2144,0.2133,0.2255,v0,clip_vit_b32_image
5621,/mnt/d/Photos/Z8/180-600mm/2025/2025-10-05/DSC_1558.NEF,13662,3,Green,pick,neutral,0.6326,0.6619,0.8447,0.3058,0.5379,0.8443,0.6367,0.0054,0.0067,0.0169,-0.0082,0.0015,0.0169,0.0056,natural colors,out of focus,0.2122,0.2264,0.218,0.2087,0.2077,0.224,0.2275,0.2067,0.2197,0.2011,0.2169,0.2062,0.2071,0.2219,v0,clip_vit_b32_image
5625,/mnt/d/Photos/Z8/180-600mm/2025/2025-10-05/DSC_1563.NEF,13662,4,Green,pick,picked,0.7299,0.7172,0.8552,0.4145,0.5772,0.9022,0.6027,0.0099,0.0093,0.0178,-0.0035,0.0031,0.0222,0.0042,natural colors,out of focus,0.2195,0.2327,0.2255,0.2154,0.215,0.2336,0.2315,0.2096,0.2234,0.2078,0.2188,0.2119,0.2114,0.2273,v0,clip_vit_b32_image
5623,/mnt/d/Photos/Z8/180-600mm/2025/2025-10-05/DSC_1561.NEF,13661,4,Blue,pick,picked,0.6281,0.5232,0.8403,0.3019,0.4453,0.9042,0.5704,0.0052,0.0009,0.0166,-0.0084,-0.0022,0.0224,0.0028,natural colors,out of focus,0.2128,0.2247,0.2218,0.2094,0.2044,0.2286,0.2289,0.2076,0.2238,0.2052,0.2178,0.2066,0.2061,0.2261,v0,clip_vit_b32_image
5639,/mnt/d/Photos/Z8/180-600mm/2025/2025-10-05/DSC_1638.NEF,,3,Green,neutral,neutral,0.5287,0.5746,0.8504,0.381,0.3953,0.6141,0.4323,0.0012,0.003,0.0174,-0.0049,-0.0043,0.0046,-0.0027,good dynamic range,out of focus,0.2096,0.2137,0.2156,0.2046,0.204,0.211,0.223,0.2085,0.2107,0.1982,0.2094,0.2082,0.2063,0.2257,v0,clip_vit_b32_image
5681,/mnt/d/Photos/Z8/180-600mm/2025/2025-10-05/DSC_1818.NEF,862,2,Yellow,reject,rejected,0.4452,0.371,0.7115,0.4629,0.2493,0.5911,0.0886,-0.0022,-0.0053,0.009,-0.0015,-0.011,0.0037,-0.0233,crisp details,out of focus,0.2257,0.2317,0.2327,0.2258,0.2205,0.2298,0.2474,0.2279,0.237,0.2236,0.2273,0.2316,0.2261,0.2708,v0,clip_vit_b32_image
5708,/mnt/d/Photos/Z8/180-600mm/2025/2025-10-05/DSC_1916.NEF,,2,Yellow,neutral,rejected,0.4275,0.3072,0.681,0.2774,0.3249,0.7738,0.1131,-0.0029,-0.0081,0.0076,-0.0096,-0.0073,0.0123,-0.0206,natural colors,out of focus,0.2213,0.229,0.2228,0.2211,0.219,0.2337,0.2612,0.2242,0.2372,0.2152,0.2307,0.2263,0.2214,0.2818,v0,clip_vit_b32_image
5720,/mnt/d/Photos/Z8/180-600mm/2025/2025-10-05/DSC_2031.NEF,,3,Green,neutral,neutral,0.5071,0.663,0.6841,0.181,0.4468,0.6779,0.2186,0.0003,0.0068,0.0077,-0.0151,-0.0021,0.0074,-0.0127,good dynamic range,out of focus,0.2103,0.2208,0.2134,0.2035,0.2128,0.2152,0.2571,0.21,0.214,0.2057,0.2186,0.2149,0.2077,0.2699,v0,clip_vit_b32_image
5778,/mnt/d/Photos/Z8/180-600mm/2025/2025-10-05/DSC_2354.NEF,,3,Green,neutral,neutral,0.624,0.7208,0.7973,0.4072,0.4804,0.6573,0.3559,0.0051,0.0095,0.0137,-0.0038,-0.0008,0.0065,-0.0059,a photo with strong subject separation,noisy,0.2209,0.2284,0.2271,0.2196,0.2235,0.2243,0.2549,0.2158,0.2189,0.2134,0.2234,0.2243,0.2177,0.2608,v0,clip_vit_b32_image
5712,/mnt/d/Photos/Z8/180-600mm/2025/2025-10-05/DSC_1945.NEF,,3,Green,neutral,neutral,0.5669,0.6047,0.808,0.4409,0.5156,0.5264,0.6678,0.0027,0.0042,0.0144,-0.0024,0.0006,0.0011,0.007,detailed,out of focus,0.2089,0.2092,0.2116,0.2007,0.21,0.2043,0.2176,0.2062,0.205,0.1972,0.2031,0.2094,0.2033,0.2106,v0,clip_vit_b32_image
5704,/mnt/d/Photos/Z8/180-600mm/2025/2025-10-05/DSC_1872.NEF,850,3,Green,pick,neutral,0.6309,0.7921,0.8398,0.2804,0.4921,0.6006,0.5227,0.0054,0.0134,0.0166,-0.0094,-0.0003,0.0041,0.0009,good dynamic range,noisy,0.2119,0.2177,0.2132,0.2036,0.2114,0.2124,0.2268,0.2065,0.2044,0.1966,0.213,0.2118,0.2083,0.2258,v0,clip_vit_b32_image
5703,/mnt/d/Photos/Z8/180-600mm/2025/2025-10-05/DSC_1870.NEF,850,3,Green,pick,neutral,0.5901,0.7107,0.8581,0.2961,0.4747,0.5807,0.4642,0.0036,0.009,0.018,-0.0087,-0.001,0.0033,-0.0014,good dynamic range,out of focus,0.2127,0.2195,0.2175,0.2062,0.2122,0.2136,0.2336,0.2091,0.2105,0.1995,0.2149,0.2132,0.2104,0.235,v0,clip_vit_b32_image
5701,/mnt/d/Photos/Z8/180-600mm/2025/2025-10-05/DSC_1865.NEF,13676,4,Blue,pick,picked,0.5689,0.5927,0.8172,0.3493,0.5135,0.6378,0.4922,0.0028,0.0037,0.015,-0.0062,0.0005,0.0057,-0.0003,good dynamic range,out of focus,0.2155,0.2191,0.2174,0.2085,0.2133,0.2148,0.2329,0.2127,0.2153,0.2024,0.2147,0.2128,0.2091,0.2332,v0,clip_vit_b32_image
5705,/mnt/d/Photos/Z8/180-600mm/2025/2025-10-05/DSC_1873.NEF,,3,Green,neutral,neutral,0.5641,0.6799,0.8335,0.2638,0.5219,0.5394,0.5145,0.0026,0.0075,0.0161,-0.0103,0.0009,0.0016,0.0006,good dynamic range,noisy,0.2112,0.2157,0.2106,0.2027,0.214,0.2104,0.2317,0.2087,0.2082,0.1945,0.2129,0.2131,0.2088,0.2312,v0,clip_vit_b32_image
5707,/mnt/d/Photos/Z8/180-600mm/2025/2025-10-05/DSC_1877.NEF,,3,Green,neutral,neutral,0.6378,0.7111,0.8527,0.3805,0.5482,0.5848,0.6069,0.0057,0.009,0.0176,-0.0049,0.0019,0.0034,0.0043,good dynamic range,noisy,0.2179,0.2233,0.2191,0.2146,0.2175,0.2159,0.2425,0.2123,0.2143,0.2016,0.2195,0.2156,0.2125,0.2382,v0,clip_vit_b32_image
5711,/mnt/d/Photos/Z8/180-600mm/2025/2025-10-05/DSC_1939.NEF,13677,4,Blue,neutral,picked,0.6689,0.6864,0.826,0.4423,0.4026,0.6162,0.2301,0.007,0.0078,0.0156,-0.0023,-0.0039,0.0047,-0.0121,a photo with strong subject separation,out of focus,0.192,0.1951,0.2027,0.1885,0.1945,0.1991,0.1805,0.185,0.1872,0.1872,0.1908,0.1984,0.1944,0.1926,v0,clip_vit_b32_image
5709,/mnt/d/Photos/Z8/180-600mm/2025/2025-10-05/DSC_1922.NEF,,4,Green,neutral,picked,0.7195,0.7114,0.7614,0.7608,0.425,0.7403,0.2769,0.0094,0.009,0.0116,0.0116,-0.003,0.0105,-0.0096,a photo with strong subject separation,out of focus,0.2045,0.2097,0.2074,0.2075,0.2067,0.2143,0.1893,0.1951,0.2007,0.1958,0.196,0.2097,0.2038,0.1989,v0,clip_vit_b32_image
5713,/mnt/d/Photos/Z8/180-600mm/2025/2025-10-05/DSC_2001.NEF,13678,3,Green,pick,neutral,0.436,0.5778,0.7111,0.1051,0.4143,0.6381,0.2208,-0.0026,0.0031,0.009,-0.0214,-0.0035,0.0057,-0.0126,well focused,noisy,0.203,0.2132,0.2088,0.1964,0.2032,0.2066,0.252,0.2056,0.2101,0.1998,0.2179,0.2067,0.2009,0.2647,v0,clip_vit_b32_image
5715,/mnt/d/Photos/Z8/180-600mm/2025/2025-10-05/DSC_2016.NEF,13679,3,Green,pick,neutral,0.5017,0.7155,0.7032,0.1273,0.4194,0.6557,0.2155,0.0001,0.0092,0.0086,-0.0192,-0.0033,0.0064,-0.0129,well focused,noisy,0.2079,0.2184,0.2127,0.2006,0.2089,0.2121,0.2536,0.2078,0.2091,0.2041,0.2199,0.2121,0.2057,0.2665,v0,clip_vit_b32_image
5719,/mnt/d/Photos/Z8/180-600mm/2025/2025-10-05/DSC_2023.NEF,13679,3,Green,pick,neutral,0.5174,0.6924,0.7632,0.1687,0.4363,0.6466,0.2623,0.0007,0.0081,0.0117,-0.016,-0.0026,0.006,-0.0103,a photo with strong subject separation,noisy,0.213,0.225,0.219,0.2072,0.2153,0.2162,0.2616,0.2123,0.2169,0.2073,0.2231,0.2178,0.2102,0.2719,v0,clip_vit_b32_image
5717,/mnt/d/Photos/Z8/180-600mm/2025/2025-10-05/DSC_2019.NEF,13679,3,Green,reject,neutral,0.5527,0.746,0.7279,0.2031,0.4661,0.6572,0.3127,0.0021,0.0108,0.0098,-0.0137,-0.0014,0.0065,-0.0079,well focused,noisy,0.2104,0.2228,0.2146,0.2041,0.2125,0.213,0.2589,0.2082,0.212,0.2048,0.2178,0.2139,0.2065,0.2668,v0,clip_vit_b32_image
5721,/mnt/d/Photos/Z8/180-600mm/2025/2025-10-05/DSC_2071.NEF,840,3,Green,pick,neutral,0.6532,0.6525,0.8095,0.3849,0.4282,0.8126,0.3153,0.0063,0.0063,0.0145,-0.0047,-0.0029,0.0147,-0.0078,good dynamic range,out of focus,0.2092,0.2171,0.2173,0.2066,0.2001,0.2147,0.247,0.2029,0.2108,0.2028,0.2113,0.203,0.2,0.2548,v0,clip_vit_b32_image
5723,/mnt/d/Photos/Z8/180-600mm/2025/2025-10-05/DSC_2134.NEF,,3,Yellow,neutral,neutral,0.3852,0.3532,0.6955,0.2905,0.4321,0.6034,0.3914,-0.0047,-0.0061,0.0083,-0.0089,-0.0027,0.0042,-0.0044,good dynamic range,out of focus,0.2135,0.2146,0.2175,0.2066,0.2131,0.2149,0.2304,0.2182,0.2206,0.2093,0.2156,0.2158,0.2107,0.2348,v0,clip_vit_b32_image
5725,/mnt/d/Photos/Z8/180-600mm/2025/2025-10-05/DSC_2213.NEF,,3,Green,neutral,neutral,0.542,0.4847,0.8073,0.3966,0.4179,0.7101,0.1825,0.0017,-0.0006,0.0143,-0.0042,-0.0033,0.009,-0.015,natural colors,overexposed,0.221,0.2256,0.2331,0.2183,0.2159,0.2219,0.2535,0.2193,0.2262,0.2187,0.2225,0.2193,0.2129,0.2685,v0,clip_vit_b32_image
5729,/mnt/d/Photos/Z8/180-600mm/2025/2025-10-05/DSC_2217.NEF,,3,Green,neutral,neutral,0.6313,0.7945,0.8295,0.3554,0.4587,0.7585,0.3935,0.0054,0.0135,0.0158,-0.006,-0.0017,0.0114,-0.0043,detailed,noisy,0.2128,0.2243,0.2208,0.211,0.2105,0.2163,0.254,0.2074,0.2108,0.205,0.2169,0.2122,0.2048,0.2583,v0,clip_vit_b32_image
5731,/mnt/d/Photos/Z8/180-600mm/2025/2025-10-05/DSC_2219.NEF,,3,Yellow,neutral,neutral,0.6165,0.7744,0.7862,0.2498,0.5184,0.7927,0.5422,0.0047,0.0123,0.013,-0.011,0.0007,0.0134,0.0017,natural colors,noisy,0.2082,0.2203,0.2168,0.2061,0.2066,0.2126,0.2548,0.2035,0.208,0.2038,0.2171,0.2059,0.1992,0.2531,v0,clip_vit_b32_image
5733,/mnt/d/Photos/Z8/180-600mm/2025/2025-10-05/DSC_2221.NEF,,3,Yellow,neutral,neutral,0.5385,0.5504,0.6979,0.2648,0.4457,0.7873,0.2774,0.0015,0.002,0.0084,-0.0102,-0.0022,0.0131,-0.0096,natural colors,overexposed,0.2214,0.2297,0.2288,0.2194,0.2167,0.227,0.2613,0.2198,0.2276,0.2204,0.2296,0.2189,0.2139,0.2709,v0,clip_vit_b32_image
5735,/mnt/d/Photos/Z8/180-600mm/2025/2025-10-05/DSC_2223.NEF,,2,Yellow,neutral,rejected,0.5386,0.4889,0.7233,0.2672,0.4466,0.7911,0.1966,0.0015,-0.0004,0.0096,-0.0101,-0.0021,0.0133,-0.0141,detailed,out of focus,0.2232,0.2314,0.2327,0.2198,0.216,0.2278,0.2599,0.2216,0.2318,0.2231,0.2299,0.2182,0.2145,0.274,v0,clip_vit_b32_image
5780,/mnt/d/Photos/Z8/180-600mm/2025/2025-10-05/DSC_2413.NEF,793,3,Green,pick,neutral,0.6954,0.6037,0.8516,0.4727,0.5323,0.7861,0.597,0.0083,0.0042,0.0175,-0.0011,0.0013,0.013,0.0039,good dynamic range,misfocused,0.2117,0.2152,0.2167,0.2089,0.21,0.2178,0.2266,0.2035,0.211,0.1992,0.21,0.2087,0.2048,0.2226,v0,clip_vit_b32_image
5764,/mnt/d/Photos/Z8/180-600mm/2025/2025-10-05/DSC_2323.NEF,,3,Yellow,neutral,neutral,0.3168,0.3324,0.4701,0.6781,0.4365,0.5187,0.4538,-0.0077,-0.007,-0.0012,0.0075,-0.0026,0.0007,-0.0019,good dynamic range,misfocused,0.2218,0.2201,0.2185,0.2287,0.219,0.2187,0.2399,0.2295,0.2271,0.2197,0.2212,0.2215,0.2179,0.2417,v0,clip_vit_b32_image
5760,/mnt/d/Photos/Z8/180-600mm/2025/2025-10-05/DSC_2319.NEF,,3,Green,neutral,neutral,0.4008,0.5132,0.5669,0.5891,0.5081,0.6375,0.5702,-0.004,0.0005,0.0027,0.0036,0.0003,0.0056,0.0028,good dynamic range,technically flawed,0.2219,0.2245,0.2178,0.2263,0.2221,0.2239,0.2512,0.2259,0.2239,0.2151,0.2227,0.2217,0.2183,0.2484,v0,clip_vit_b32_image
5744,/mnt/d/Photos/Z8/180-600mm/2025/2025-10-05/DSC_2246.NEF,,4,Green,neutral,picked,0.7858,0.848,0.8849,0.6275,0.546,0.6631,0.6424,0.013,0.0172,0.0204,0.0052,0.0018,0.0068,0.0059,a photo with strong subject separation,technically flawed,0.1969,0.2021,0.1991,0.1924,0.2022,0.2002,0.1805,0.1839,0.1849,0.1787,0.1872,0.2003,0.1935,0.1746,v0,clip_vit_b32_image
5738,/mnt/d/Photos/Z8/180-600mm/2025/2025-10-05/DSC_2226.NEF,,2,Yellow,neutral,rejected,0.4852,0.5195,0.689,0.2513,0.3999,0.7296,0.3002,-0.0006,0.0008,0.008,-0.0109,-0.0041,0.0099,-0.0085,good dynamic range,underexposed,0.2196,0.225,0.2282,0.216,0.2156,0.2221,0.2582,0.2202,0.2243,0.2203,0.2269,0.2197,0.2122,0.2667,v0,clip_vit_b32_image
5736,/mnt/d/Photos/Z8/180-600mm/2025/2025-10-05/DSC_2224.NEF,,2,Yellow,neutral,rejected,0.4932,0.4758,0.5907,0.2961,0.3727,0.6379,0.2435,-0.0003,-0.001,0.0037,-0.0087,-0.0052,0.0057,-0.0113,a photo with strong subject separation,underexposed,0.2248,0.2267,0.2303,0.2225,0.2213,0.2248,0.2614,0.225,0.2277,0.2266,0.2312,0.2265,0.2191,0.2727,v0,clip_vit_b32_image
5730,/mnt/d/Photos/Z8/180-600mm/2025/2025-10-05/DSC_2218.NEF,,3,Green,neutral,neutral,0.6843,0.7944,0.7709,0.4152,0.5881,0.7859,0.5114,0.0077,0.0135,0.0121,-0.0034,0.0036,0.013,0.0005,natural colors,noisy,0.2209,0.2296,0.2272,0.2169,0.2201,0.2234,0.2639,0.2132,0.2161,0.2151,0.2203,0.2165,0.2104,0.2634,v0,clip_vit_b32_image
5734,/mnt/d/Photos/Z8/180-600mm/2025/2025-10-05/DSC_2222.NEF,,2,Yellow,neutral,rejected,0.5349,0.3983,0.7048,0.3615,0.4404,0.7436,0.1431,0.0014,-0.0041,0.0087,-0.0057,-0.0024,0.0106,-0.0179,good dynamic range,out of focus,0.2244,0.2293,0.2312,0.2212,0.2168,0.2289,0.2549,0.223,0.2335,0.2225,0.2269,0.2192,0.2182,0.2728,v0,clip_vit_b32_image
5754,/mnt/d/Photos/Z8/180-600mm/2025/2025-10-05/DSC_2285.NEF,818,4,Blue,neutral,picked,0.6218,0.6642,0.8847,0.5186,0.5789,0.7103,0.5754,0.005,0.0068,0.0204,0.0007,0.0032,0.009,0.003,well focused,out of focus,0.2103,0.2173,0.2132,0.2076,0.2125,0.2124,0.2454,0.2053,0.2105,0.1929,0.2068,0.2094,0.2034,0.2424,v0,clip_vit_b32_image
5739,/mnt/d/Photos/Z8/180-600mm/2025/2025-10-05/DSC_2229.NEF,,3,Green,neutral,neutral,0.6355,0.6926,0.6958,0.4776,0.5771,0.6303,0.8126,0.0056,0.0081,0.0083,-0.0009,0.0031,0.0053,0.0147,good dynamic range,technically flawed,0.2197,0.2221,0.2193,0.2123,0.2165,0.2139,0.2359,0.2142,0.214,0.211,0.2132,0.2134,0.2085,0.2213,v0,clip_vit_b32_image
5737,/mnt/d/Photos/Z8/180-600mm/2025/2025-10-05/DSC_2225.NEF,,2,Yellow,neutral,rejected,0.4499,0.4079,0.6651,0.2342,0.4067,0.708,0.1689,-0.002,-0.0037,0.0069,-0.0118,-0.0038,0.0089,-0.0159,a photo with strong subject separation,out of focus,0.2244,0.2317,0.2323,0.2234,0.2231,0.2298,0.2611,0.2265,0.2354,0.2255,0.2352,0.2268,0.221,0.2771,v0,clip_vit_b32_image
5741,/mnt/d/Photos/Z8/180-600mm/2025/2025-10-05/DSC_2236.NEF,13680,3,Green,neutral,neutral,0.5114,0.4588,0.6999,0.3762,0.5043,0.6002,0.5183,0.0005,-0.0017,0.0085,-0.0051,0.0002,0.0041,0.0007,well focused,out of focus,0.2044,0.204,0.2001,0.1965,0.2067,0.2042,0.2192,0.2039,0.2056,0.1916,0.2015,0.2065,0.2001,0.2185,v0,clip_vit_b32_image
5743,/mnt/d/Photos/Z8/180-600mm/2025/2025-10-05/DSC_2243.NEF,13681,4,Blue,pick,picked,0.7889,0.8538,0.8701,0.5454,0.598,0.6108,0.7101,0.0132,0.0176,0.019,0.0018,0.004,0.0045,0.009,a photo with strong subject separation,technically flawed,0.1921,0.1967,0.1904,0.1844,0.2009,0.194,0.1824,0.1789,0.1791,0.1714,0.1826,0.1969,0.1895,0.1734,v0,clip_vit_b32_image
5747,/mnt/d/Photos/Z8/180-600mm/2025/2025-10-05/DSC_2256.NEF,13682,3,Green,neutral,neutral,0.5561,0.5499,0.8026,0.3951,0.5462,0.636,0.5477,0.0023,0.002,0.014,-0.0043,0.0019,0.0056,0.0019,good dynamic range,out of focus,0.2031,0.2047,0.2038,0.1952,0.2049,0.2049,0.2254,0.2008,0.2027,0.1898,0.1995,0.203,0.1993,0.2235,v0,clip_vit_b32_image
5745,/mnt/d/Photos/Z8/180-600mm/2025/2025-10-05/DSC_2250.NEF,13682,3,Green,neutral,neutral,0.567,0.4842,0.7472,0.52,0.5917,0.649,0.5988,0.0027,-0.0006,0.0108,0.0008,0.0037,0.0061,0.004,good dynamic range,out of focus,0.2108,0.2102,0.2064,0.204,0.2114,0.209,0.2251,0.2081,0.2108,0.1956,0.2032,0.2077,0.2029,0.2211,v0,clip_vit_b32_image
5751,/mnt/d/Photos/Z8/180-600mm/2025/2025-10-05/DSC_2267.NEF,,4,Blue,neutral,picked,0.5346,0.5192,0.7032,0.4485,0.5174,0.6416,0.5749,0.0014,0.0008,0.0086,-0.0021,0.0007,0.0058,0.003,good dynamic range,out of focus,0.1983,0.1964,0.1929,0.1868,0.1989,0.1984,0.2132,0.1969,0.1956,0.1843,0.1888,0.1982,0.1926,0.2102,v0,clip_vit_b32_image
5749,/mnt/d/Photos/Z8/180-600mm/2025/2025-10-05/DSC_2260.NEF,,3,Green,neutral,neutral,0.4468,0.4751,0.7047,0.2658,0.4493,0.464,0.5059,-0.0021,-0.001,0.0087,-0.0102,-0.002,-0.0014,0.0002,good dynamic range,out of focus,0.191,0.1912,0.1905,0.1799,0.1918,0.1886,0.2062,0.1932,0.1922,0.1818,0.19,0.1938,0.19,0.206,v0,clip_vit_b32_image
5753,/mnt/d/Photos/Z8/180-600mm/2025/2025-10-05/DSC_2281.NEF,818,3,Green,neutral,neutral,0.6311,0.6025,0.8768,0.4878,0.5448,0.5701,0.5823,0.0054,0.0042,0.0196,-0.0005,0.0018,0.0028,0.0033,good dynamic range,out of focus,0.2061,0.2067,0.2074,0.1998,0.206,0.2026,0.2263,0.2007,0.2025,0.1877,0.2003,0.2042,0.1998,0.223,v0,clip_vit_b32_image
5755,/mnt/d/Photos/Z8/180-600mm/2025/2025-10-05/DSC_2309.NEF,,2,Yellow,neutral,rejected,0.4952,0.3637,0.7639,0.524,0.5011,0.5649,0.3632,-0.0002,-0.0056,0.0117,0.001,0.0,0.0026,-0.0056,a photo with strong subject separation,out of focus,0.2179,0.2192,0.217,0.2152,0.2203,0.2172,0.2424,0.2181,0.2248,0.2052,0.2143,0.2202,0.2145,0.248,v0,clip_vit_b32_image
5759,/mnt/d/Photos/Z8/180-600mm/2025/2025-10-05/DSC_2318.NEF,,3,Yellow,neutral,neutral,0.336,0.3844,0.4984,0.564,0.4489,0.5777,0.5111,-0.0068,-0.0047,-0.0001,0.0026,-0.0021,0.0031,0.0004,good dynamic range,misfocused,0.2256,0.2266,0.2222,0.2321,0.2241,0.2263,0.2536,0.2324,0.2313,0.2223,0.2296,0.2261,0.2232,0.2531,v0,clip_vit_b32_image
5763,/mnt/d/Photos/Z8/180-600mm/2025/2025-10-05/DSC_2322.NEF,,3,Green,neutral,neutral,0.3205,0.478,0.329,0.6527,0.4697,0.4209,0.5625,-0.0075,-0.0009,-0.0071,0.0063,-0.0012,-0.0032,0.0025,good dynamic range,underexposed,0.2174,0.2143,0.2102,0.2252,0.2166,0.2127,0.2455,0.2249,0.2152,0.2173,0.2189,0.2178,0.2159,0.243,v0,clip_vit_b32_image
5761,/mnt/d/Photos/Z8/180-600mm/2025/2025-10-05/DSC_2320.NEF,,2,Yellow,neutral,rejected,0.4532,0.5405,0.6789,0.5756,0.4832,0.6995,0.531,-0.0019,0.0016,0.0075,0.003,-0.0007,0.0084,0.0012,good dynamic range,misfocused,0.2333,0.2343,0.2341,0.2357,0.2316,0.2333,0.2569,0.2351,0.2327,0.2266,0.2326,0.2323,0.2249,0.2557,v0,clip_vit_b32_image
5765,/mnt/d/Photos/Z8/180-600mm/2025/2025-10-05/DSC_2325.NEF,808,3,Green,pick,neutral,0.4342,0.6051,0.4329,0.7245,0.4817,0.605,0.57,-0.0026,0.0043,-0.0027,0.0097,-0.0007,0.0043,0.0028,good dynamic range,underexposed,0.2254,0.2235,0.2209,0.2315,0.2228,0.2256,0.2525,0.2281,0.2192,0.2236,0.2219,0.2235,0.2213,0.2496,v0,clip_vit_b32_image
5767,/mnt/d/Photos/Z8/180-600mm/2025/2025-10-05/DSC_2327.NEF,,3,Yellow,neutral,neutral,0.4015,0.4821,0.49,0.688,0.528,0.5581,0.7032,-0.004,-0.0007,-0.0004,0.0079,0.0011,0.0023,0.0086,good dynamic range,technically flawed,0.2182,0.2142,0.2107,0.223,0.2149,0.2131,0.2465,0.2222,0.2149,0.2111,0.2151,0.2138,0.2108,0.2379,v0,clip_vit_b32_image
5771,/mnt/d/Photos/Z8/180-600mm/2025/2025-10-05/DSC_2331.NEF,,3,Yellow,neutral,neutral,0.5754,0.6771,0.6364,0.5674,0.5604,0.6896,0.6379,0.003,0.0074,0.0056,0.0027,0.0024,0.008,0.0057,balanced contrast,noisy,0.2306,0.2321,0.2301,0.2316,0.2278,0.23,0.2565,0.2276,0.2247,0.2245,0.2289,0.2254,0.222,0.2509,v0,clip_vit_b32_image
5769,/mnt/d/Photos/Z8/180-600mm/2025/2025-10-05/DSC_2329.NEF,,2,Yellow,neutral,rejected,0.5613,0.6941,0.799,0.3446,0.4716,0.7414,0.4219,0.0025,0.0082,0.0138,-0.0064,-0.0011,0.0105,-0.0031,good dynamic range,noisy,0.2132,0.2235,0.2208,0.2106,0.2107,0.216,0.255,0.2107,0.2153,0.207,0.2171,0.2118,0.2054,0.2581,v0,clip_vit_b32_image
5775,/mnt/d/Photos/Z8/180-600mm/2025/2025-10-05/DSC_2335.NEF,,3,Green,neutral,neutral,0.5594,0.6075,0.785,0.2539,0.5025,0.7287,0.2934,0.0024,0.0044,0.0129,-0.0108,0.0001,0.0099,-0.0088,good dynamic range,noisy,0.2153,0.2202,0.2203,0.2064,0.2139,0.2161,0.2507,0.2129,0.2159,0.2073,0.2172,0.2138,0.2062,0.2594,v0,clip_vit_b32_image
5773,/mnt/d/Photos/Z8/180-600mm/2025/2025-10-05/DSC_2333.NEF,,3,Green,neutral,neutral,0.6217,0.7289,0.7757,0.3724,0.5227,0.839,0.5098,0.005,0.0099,0.0124,-0.0052,0.0009,0.0165,0.0004,good dynamic range,underexposed,0.2122,0.2216,0.2157,0.2078,0.2079,0.2155,0.2529,0.2072,0.2117,0.2033,0.213,0.207,0.199,0.2525,v0,clip_vit_b32_image
5777,/mnt/d/Photos/Z8/180-600mm/2025/2025-10-05/DSC_2339.NEF,,3,Green,neutral,neutral,0.595,0.4557,0.8023,0.3118,0.3934,0.7368,0.4572,0.0038,-0.0018,0.014,-0.0079,-0.0043,0.0103,-0.0017,good dynamic range,misfocused,0.2069,0.2086,0.2119,0.2022,0.2004,0.2133,0.2157,0.203,0.2104,0.1979,0.2101,0.2048,0.203,0.2174,v0,clip_vit_b32_image
5779,/mnt/d/Photos/Z8/180-600mm/2025/2025-10-05/DSC_2355.NEF,,3,Green,neutral,neutral,0.4725,0.669,0.7801,0.1374,0.4022,0.5056,0.2882,-0.0011,0.007,0.0127,-0.0184,-0.004,0.0002,-0.009,a photo with strong subject separation,noisy,0.2087,0.2182,0.217,0.2023,0.2113,0.2078,0.2503,0.2098,0.2111,0.2043,0.2207,0.2153,0.2075,0.2594,v0,clip_vit_b32_image
5722,/mnt/d/Photos/Z8/180-600mm/2025/2025-10-05/DSC_2085.NEF,840,3,Green,pick,neutral,0.6789,0.6973,0.7968,0.4312,0.4466,0.8038,0.2609,0.0075,0.0083,0.0137,-0.0028,-0.0021,0.0141,-0.0104,crisp details,out of focus,0.2115,0.2177,0.2177,0.2058,0.2064,0.218,0.2486,0.204,0.2094,0.2041,0.2086,0.2086,0.2039,0.259,v0,clip_vit_b32_image
5740,/mnt/d/Photos/Z8/180-600mm/2025/2025-10-05/DSC_2235.NEF,13680,3,Green,pick,neutral,0.4944,0.3894,0.7304,0.3636,0.5075,0.6409,0.5509,-0.0002,-0.0045,0.01,-0.0056,0.0003,0.0058,0.002,good dynamic range,out of focus,0.2015,0.2007,0.1992,0.1936,0.2016,0.2024,0.2182,0.2018,0.2052,0.1892,0.1992,0.2013,0.1966,0.2161,v0,clip_vit_b32_image
5732,/mnt/d/Photos/Z8/180-600mm/2025/2025-10-05/DSC_2220.NEF,,2,Yellow,neutral,rejected,0.5799,0.6407,0.654,0.338,0.5031,0.7741,0.4223,0.0032,0.0058,0.0064,-0.0067,0.0001,0.0123,-0.0031,good dynamic range,underexposed,0.2166,0.2222,0.2184,0.2137,0.2154,0.2202,0.2547,0.2133,0.2164,0.2121,0.2204,0.2153,0.2079,0.2579,v0,clip_vit_b32_image
5746,/mnt/d/Photos/Z8/180-600mm/2025/2025-10-05/DSC_2252.NEF,13680,3,Green,pick,neutral,0.4971,0.4162,0.7081,0.3919,0.5277,0.6637,0.5003,-0.0001,-0.0034,0.0089,-0.0044,0.0011,0.0068,0.0,well focused,out of focus,0.2014,0.203,0.196,0.1934,0.2018,0.2028,0.221,0.2016,0.2064,0.1872,0.1978,0.2007,0.196,0.221,v0,clip_vit_b32_image
5748,/mnt/d/Photos/Z8/180-600mm/2025/2025-10-05/DSC_2257.NEF,13682,3,Blue,neutral,neutral,0.5012,0.4077,0.6868,0.3901,0.5742,0.531,0.5581,0.0,-0.0037,0.0079,-0.0045,0.003,0.0012,0.0023,well focused,out of focus,0.1955,0.1929,0.1884,0.1813,0.1998,0.1915,0.2121,0.1955,0.1966,0.1805,0.1858,0.1968,0.1902,0.2097,v0,clip_vit_b32_image
5742,/mnt/d/Photos/Z8/180-600mm/2025/2025-10-05/DSC_2240.NEF,13681,4,Green,pick,picked,0.7909,0.8388,0.8577,0.6096,0.5776,0.6188,0.7045,0.0133,0.0165,0.018,0.0045,0.0031,0.0048,0.0087,a photo with strong subject separation,technically flawed,0.1927,0.1965,0.1921,0.185,0.2,0.1946,0.186,0.1794,0.18,0.1741,0.1805,0.1968,0.1898,0.1773,v0,clip_vit_b32_image
5750,/mnt/d/Photos/Z8/180-600mm/2025/2025-10-05/DSC_2263.NEF,13682,3,Green,neutral,neutral,0.5543,0.5528,0.7916,0.368,0.5732,0.6387,0.5606,0.0022,0.0021,0.0133,-0.0054,0.0029,0.0057,0.0024,good dynamic range,out of focus,0.2034,0.2045,0.2012,0.193,0.2048,0.2033,0.2193,0.2013,0.2024,0.1878,0.1984,0.2019,0.1976,0.2169,v0,clip_vit_b32_image
5716,/mnt/d/Photos/Z8/180-600mm/2025/2025-10-05/DSC_2017.NEF,13679,3,Green,reject,neutral,0.5404,0.7606,0.7593,0.1376,0.4233,0.6524,0.292,0.0016,0.0116,0.0115,-0.0184,-0.0031,0.0063,-0.0089,well focused,out of focus,0.2065,0.2212,0.2124,0.1993,0.2083,0.2096,0.2564,0.2049,0.2097,0.2009,0.2177,0.2114,0.2033,0.2652,v0,clip_vit_b32_image
5718,/mnt/d/Photos/Z8/180-600mm/2025/2025-10-05/DSC_2020.NEF,13679,3,Green,pick,neutral,0.5198,0.7102,0.7578,0.1913,0.4328,0.6558,0.2597,0.0008,0.009,0.0114,-0.0144,-0.0027,0.0064,-0.0105,a photo with strong subject separation,noisy,0.2085,0.2209,0.2145,0.2043,0.2096,0.2109,0.2565,0.2077,0.2119,0.2031,0.2187,0.2123,0.2045,0.2669,v0,clip_vit_b32_image
5714,/mnt/d/Photos/Z8/180-600mm/2025/2025-10-05/DSC_2005.NEF,13678,3,Green,pick,neutral,0.536,0.7554,0.7653,0.1282,0.4339,0.7228,0.359,0.0014,0.0113,0.0118,-0.0192,-0.0027,0.0096,-0.0058,natural colors,noisy,0.2001,0.211,0.2066,0.1935,0.1984,0.2052,0.2459,0.1987,0.1997,0.1947,0.2127,0.2011,0.1956,0.2516,v0,clip_vit_b32_image
5706,/mnt/d/Photos/Z8/180-600mm/2025/2025-10-05/DSC_1875.NEF,13676,3,Green,neutral,neutral,0.6353,0.7615,0.8879,0.3053,0.52,0.5646,0.5763,0.0055,0.0116,0.0207,-0.0082,0.0008,0.0026,0.0031,good dynamic range,noisy,0.2198,0.2268,0.2253,0.2138,0.2202,0.2194,0.2417,0.2143,0.2152,0.2046,0.222,0.2194,0.2168,0.2386,v0,clip_vit_b32_image
5702,/mnt/d/Photos/Z8/180-600mm/2025/2025-10-05/DSC_1866.NEF,13676,4,Green,pick,picked,0.6107,0.6824,0.8313,0.3307,0.5126,0.649,0.5205,0.0045,0.0076,0.0159,-0.0071,0.0005,0.0061,0.0008,good dynamic range,out of focus,0.2121,0.2153,0.2128,0.2026,0.2101,0.2119,0.2238,0.2076,0.2077,0.1969,0.2096,0.2096,0.2058,0.223,v0,clip_vit_b32_image
5710,/mnt/d/Photos/Z8/180-600mm/2025/2025-10-05/DSC_1927.NEF,13677,4,Green,neutral,picked,0.6642,0.7137,0.8188,0.5019,0.3455,0.6401,0.2086,0.0068,0.0091,0.0151,0.0001,-0.0064,0.0058,-0.0133,a keeper photo,out of focus,0.2042,0.2093,0.215,0.2035,0.2073,0.2122,0.1968,0.1974,0.2002,0.1999,0.2034,0.2137,0.2065,0.2101,v0,clip_vit_b32_image
5776,/mnt/d/Photos/Z8/180-600mm/2025/2025-10-05/DSC_2336.NEF,,3,Green,neutral,neutral,0.5519,0.6798,0.781,0.2925,0.5038,0.7985,0.3708,0.0021,0.0075,0.0127,-0.0088,0.0002,0.0138,-0.0053,good dynamic range,out of focus,0.2103,0.2194,0.2133,0.2045,0.2085,0.2128,0.2496,0.2082,0.2118,0.2006,0.2133,0.2083,0.199,0.2549,v0,clip_vit_b32_image
5774,/mnt/d/Photos/Z8/180-600mm/2025/2025-10-05/DSC_2334.NEF,,2,Yellow,neutral,rejected,0.4563,0.5062,0.7564,0.2205,0.4352,0.7675,0.2201,-0.0018,0.0002,0.0113,-0.0126,-0.0026,0.0119,-0.0127,good dynamic range,out of focus,0.2156,0.2224,0.2235,0.21,0.214,0.2203,0.2521,0.2173,0.2221,0.2121,0.2226,0.2166,0.2084,0.2648,v0,clip_vit_b32_image
5768,/mnt/d/Photos/Z8/180-600mm/2025/2025-10-05/DSC_2328.NEF,,3,Green,neutral,neutral,0.5031,0.7176,0.7567,0.3417,0.4818,0.7531,0.4287,0.0001,0.0093,0.0113,-0.0066,-0.0007,0.0112,-0.0029,good dynamic range,underexposed,0.2138,0.2223,0.2174,0.2114,0.2127,0.2168,0.2522,0.2137,0.213,0.2061,0.218,0.2134,0.2057,0.2551,v0,clip_vit_b32_image
5770,/mnt/d/Photos/Z8/180-600mm/2025/2025-10-05/DSC_2330.NEF,,3,Green,neutral,neutral,0.4692,0.6171,0.5547,0.5673,0.5012,0.7058,0.5507,-0.0012,0.0048,0.0022,0.0027,0.0,0.0088,0.002,good dynamic range,noisy,0.2244,0.2317,0.226,0.2306,0.221,0.2261,0.2613,0.2256,0.2269,0.2238,0.2279,0.2209,0.2173,0.2592,v0,clip_vit_b32_image
5762,/mnt/d/Photos/Z8/180-600mm/2025/2025-10-05/DSC_2321.NEF,808,3,Green,pick,neutral,0.3835,0.4337,0.5369,0.4824,0.4538,0.6971,0.5032,-0.0047,-0.0027,0.0015,-0.0007,-0.0019,0.0083,0.0001,good dynamic range,underexposed,0.2225,0.2232,0.224,0.2266,0.2187,0.2245,0.2536,0.2272,0.2259,0.2226,0.2273,0.2206,0.2161,0.2535,v0,clip_vit_b32_image
5766,/mnt/d/Photos/Z8/180-600mm/2025/2025-10-05/DSC_2326.NEF,,3,Green,neutral,neutral,0.445,0.6101,0.5015,0.6982,0.5282,0.567,0.6947,-0.0022,0.0045,0.0001,0.0084,0.0011,0.0027,0.0082,good dynamic range,technically flawed,0.2124,0.2094,0.2041,0.2201,0.2111,0.2109,0.2417,0.2146,0.2049,0.204,0.2117,0.21,0.2082,0.2335,v0,clip_vit_b32_image
5758,/mnt/d/Photos/Z8/180-600mm/2025/2025-10-05/DSC_2317.NEF,,3,Yellow,neutral,neutral,0.5057,0.28,0.7865,0.3939,0.6005,0.7154,0.4857,0.0002,-0.0094,0.013,-0.0043,0.0041,0.0092,-0.0006,good dynamic range,out of focus,0.2119,0.2134,0.2054,0.2079,0.2127,0.2137,0.2416,0.2117,0.2228,0.1923,0.2122,0.2086,0.2045,0.2422,v0,clip_vit_b32_image
5756,/mnt/d/Photos/Z8/180-600mm/2025/2025-10-05/DSC_2313.NEF,,2,Red,neutral,rejected,0.5588,0.4676,0.6999,0.4321,0.5796,0.7258,0.5711,0.0024,-0.0013,0.0085,-0.0027,0.0032,0.0097,0.0029,good dynamic range,out of focus,0.2091,0.2095,0.2056,0.2019,0.2083,0.2076,0.2347,0.2067,0.2108,0.1971,0.2047,0.2051,0.1979,0.2318,v0,clip_vit_b32_image
5728,/mnt/d/Photos/Z8/180-600mm/2025/2025-10-05/DSC_2216.NEF,,3,Green,neutral,neutral,0.6669,0.7569,0.7933,0.3644,0.5419,0.8229,0.4865,0.0069,0.0114,0.0135,-0.0056,0.0017,0.0154,-0.0005,good dynamic range,out of focus,0.2135,0.2228,0.2163,0.2106,0.2094,0.2193,0.2502,0.2065,0.2114,0.2028,0.2162,0.2077,0.2039,0.2507,v0,clip_vit_b32_image
5724,/mnt/d/Photos/Z8/180-600mm/2025/2025-10-05/DSC_2205.NEF,,3,Green,neutral,neutral,0.5631,0.505,0.7647,0.3345,0.4244,0.6224,0.5486,0.0025,0.0002,0.0118,-0.0069,-0.003,0.005,0.002,good dynamic range,misfocused,0.2177,0.2201,0.2229,0.2087,0.2126,0.2167,0.2343,0.2152,0.2199,0.2112,0.2156,0.2157,0.2117,0.2324,v0,clip_vit_b32_image
5726,/mnt/d/Photos/Z8/180-600mm/2025/2025-10-05/DSC_2214.NEF,,3,Green,neutral,neutral,0.5829,0.5675,0.7277,0.3506,0.4733,0.7537,0.2737,0.0033,0.0027,0.0098,-0.0062,-0.0011,0.0112,-0.0098,natural colors,out of focus,0.216,0.2244,0.2219,0.214,0.2126,0.2201,0.2614,0.2126,0.2217,0.2121,0.2202,0.2137,0.2089,0.2711,v0,clip_vit_b32_image
5752,/mnt/d/Photos/Z8/180-600mm/2025/2025-10-05/DSC_2273.NEF,13682,3,Green,neutral,neutral,0.5959,0.5454,0.7575,0.5327,0.6161,0.594,0.4528,0.0039,0.0018,0.0114,0.0013,0.0047,0.0038,-0.0019,well focused,out of focus,0.206,0.2056,0.2014,0.1971,0.2068,0.203,0.2207,0.2022,0.2038,0.19,0.1958,0.2021,0.1992,0.2226,v0,clip_vit_b32_image
5852,/mnt/d/Photos/Z8/180-600mm/2025/2025-10-05/DSC_2755.NEF,735,3,Green,pick,neutral,0.5721,0.3267,0.7119,0.6274,0.5933,0.8895,0.2695,0.0029,-0.0072,0.009,0.0052,0.0038,0.0209,-0.01,natural colors,out of focus,0.2256,0.2307,0.2227,0.2263,0.221,0.2345,0.2586,0.2227,0.2379,0.2136,0.2211,0.2172,0.2136,0.2685,v0,clip_vit_b32_image
5844,/mnt/d/Photos/Z8/180-600mm/2025/2025-10-05/DSC_2740.NEF,741,3,Yellow,pick,neutral,0.5193,0.3451,0.7239,0.4711,0.472,0.8196,0.3006,0.0008,-0.0064,0.0096,-0.0012,-0.0011,0.0151,-0.0084,good dynamic range,out of focus,0.2135,0.2209,0.2141,0.2123,0.2057,0.2195,0.2422,0.2128,0.2273,0.2045,0.2135,0.2068,0.2043,0.2506,v0,clip_vit_b32_image
5836,/mnt/d/Photos/Z8/180-600mm/2025/2025-10-05/DSC_2719.NEF,,3,Green,neutral,neutral,0.5586,0.4485,0.7413,0.3841,0.407,0.6997,0.4118,0.0024,-0.0021,0.0105,-0.0047,-0.0038,0.0085,-0.0036,good dynamic range,misfocused,0.204,0.2067,0.2064,0.2014,0.1984,0.2101,0.2209,0.2016,0.2088,0.1958,0.2062,0.2022,0.2016,0.2244,v0,clip_vit_b32_image
5824,/mnt/d/Photos/Z8/180-600mm/2025/2025-10-05/DSC_2579.NEF,,4,Green,neutral,picked,0.559,0.4991,0.8045,0.6623,0.6069,0.7821,0.3237,0.0024,-0.0,0.0141,0.0067,0.0043,0.0128,-0.0074,well focused,out of focus,0.2258,0.2357,0.2229,0.2284,0.2285,0.232,0.2642,0.2235,0.2357,0.2087,0.2216,0.2242,0.2192,0.2716,v0,clip_vit_b32_image
5806,/mnt/d/Photos/Z8/180-600mm/2025/2025-10-05/DSC_2559.NEF,771,3,Green,pick,neutral,0.6023,0.5852,0.6899,0.531,0.5906,0.8186,0.4386,0.0042,0.0034,0.008,0.0012,0.0037,0.0151,-0.0025,natural colors,out of focus,0.2181,0.2271,0.2165,0.2189,0.2152,0.2224,0.2564,0.214,0.2237,0.2085,0.2176,0.2116,0.2074,0.2589,v0,clip_vit_b32_image
5814,/mnt/d/Photos/Z8/180-600mm/2025/2025-10-05/DSC_2568.NEF,,2,Yellow,neutral,rejected,0.4988,0.3671,0.7019,0.3429,0.5172,0.7828,0.311,-0.0,-0.0054,0.0086,-0.0065,0.0007,0.0128,-0.008,natural colors,out of focus,0.2191,0.2248,0.2211,0.2153,0.2173,0.2223,0.2553,0.2192,0.2302,0.2125,0.2218,0.2166,0.2095,0.2633,v0,clip_vit_b32_image
5798,/mnt/d/Photos/Z8/180-600mm/2025/2025-10-05/DSC_2527.NEF,,4,Blue,neutral,picked,0.7758,0.8516,0.8612,0.5707,0.6721,0.7791,0.7553,0.0124,0.0175,0.0183,0.0028,0.0072,0.0126,0.0113,good dynamic range,noisy,0.214,0.2216,0.2146,0.2086,0.2146,0.2191,0.2413,0.2016,0.2041,0.1963,0.2058,0.2074,0.2065,0.23,v0,clip_vit_b32_image
5804,/mnt/d/Photos/Z8/180-600mm/2025/2025-10-05/DSC_2557.NEF,,3,Yellow,neutral,neutral,0.499,0.4478,0.8131,0.3944,0.5402,0.7994,0.3116,-0.0,-0.0021,0.0147,-0.0043,0.0016,0.0138,-0.0079,natural colors,out of focus,0.2158,0.2256,0.2173,0.2165,0.2149,0.2228,0.2531,0.2158,0.2277,0.2026,0.2208,0.2133,0.209,0.261,v0,clip_vit_b32_image
5790,/mnt/d/Photos/Z8/180-600mm/2025/2025-10-05/DSC_2465.NEF,,3,Blue,neutral,neutral,0.6147,0.4633,0.8357,0.5563,0.5073,0.8146,0.4678,0.0047,-0.0015,0.0163,0.0023,0.0003,0.0148,-0.0013,good dynamic range,out of focus,0.2177,0.2232,0.2187,0.2185,0.2149,0.2263,0.2413,0.213,0.2247,0.2025,0.2163,0.2146,0.2115,0.2426,v0,clip_vit_b32_image
5808,/mnt/d/Photos/Z8/180-600mm/2025/2025-10-05/DSC_2561.NEF,,3,Yellow,neutral,neutral,0.6117,0.5242,0.7457,0.622,0.5489,0.8379,0.3842,0.0045,0.001,0.0108,0.005,0.002,0.0164,-0.0047,good dynamic range,out of focus,0.2235,0.2329,0.2223,0.2234,0.2192,0.2279,0.2596,0.219,0.2319,0.2115,0.2184,0.2173,0.2115,0.2643,v0,clip_vit_b32_image
5782,/mnt/d/Photos/Z8/180-600mm/2025/2025-10-05/DSC_2440.NEF,792,4,Blue,pick,picked,0.6375,0.6222,0.7397,0.3521,0.4779,0.6923,0.606,0.0056,0.005,0.0104,-0.0061,-0.0009,0.0081,0.0043,good dynamic range,misfocused,0.2139,0.2168,0.2162,0.209,0.2106,0.2171,0.2344,0.2083,0.2118,0.2058,0.2151,0.2115,0.209,0.2301,v0,clip_vit_b32_image
5800,/mnt/d/Photos/Z8/180-600mm/2025/2025-10-05/DSC_2539.NEF,13685,4,Blue,pick,picked,0.7164,0.8089,0.85,0.4946,0.4991,0.7578,0.5969,0.0093,0.0144,0.0173,-0.0002,-0.0,0.0114,0.0039,good dynamic range,out of focus,0.2152,0.2261,0.2185,0.2139,0.2106,0.2187,0.2508,0.2059,0.2117,0.2011,0.2141,0.2106,0.2073,0.2469,v0,clip_vit_b32_image
5786,/mnt/d/Photos/Z8/180-600mm/2025/2025-10-05/DSC_2455.NEF,790,3,Green,pick,neutral,0.5883,0.3904,0.7912,0.4279,0.4336,0.6195,0.4826,0.0036,-0.0045,0.0133,-0.0029,-0.0027,0.0049,-0.0007,good dynamic range,out of focus,0.2028,0.2032,0.2043,0.1992,0.1987,0.2069,0.216,0.1992,0.2077,0.191,0.2021,0.2013,0.202,0.2167,v0,clip_vit_b32_image
5784,/mnt/d/Photos/Z8/180-600mm/2025/2025-10-05/DSC_2447.NEF,792,3,Blue,neutral,neutral,0.5933,0.6126,0.7681,0.3168,0.4499,0.6378,0.6144,0.0038,0.0046,0.012,-0.0077,-0.002,0.0057,0.0047,good dynamic range,noisy,0.212,0.2156,0.2156,0.2073,0.2087,0.2137,0.2337,0.2082,0.211,0.2036,0.215,0.2108,0.208,0.2291,v0,clip_vit_b32_image
5848,/mnt/d/Photos/Z8/180-600mm/2025/2025-10-05/DSC_2746.NEF,,3,Green,neutral,neutral,0.6596,0.5333,0.8042,0.5186,0.5639,0.8866,0.4393,0.0066,0.0013,0.0141,0.0007,0.0026,0.0206,-0.0024,natural colors,out of focus,0.2149,0.223,0.2147,0.2119,0.2086,0.2243,0.2445,0.2083,0.2217,0.2006,0.2112,0.206,0.2037,0.2469,v0,clip_vit_b32_image
5783,/mnt/d/Photos/Z8/180-600mm/2025/2025-10-05/DSC_2441.NEF,792,4,Blue,pick,picked,0.6028,0.5561,0.7357,0.3837,0.4316,0.7319,0.5547,0.0042,0.0023,0.0102,-0.0047,-0.0028,0.01,0.0022,good dynamic range,misfocused,0.2161,0.2195,0.2209,0.2135,0.2107,0.2215,0.2334,0.212,0.2172,0.2106,0.2182,0.2135,0.2115,0.2312,v0,clip_vit_b32_image
5781,/mnt/d/Photos/Z8/180-600mm/2025/2025-10-05/DSC_2423.NEF,793,3,Green,pick,neutral,0.6618,0.5293,0.8232,0.4389,0.5129,0.7618,0.6278,0.0067,0.0012,0.0154,-0.0025,0.0005,0.0116,0.0052,good dynamic range,out of focus,0.2142,0.2149,0.2152,0.2084,0.2087,0.2193,0.224,0.2075,0.2138,0.1998,0.2108,0.2082,0.2076,0.2188,v0,clip_vit_b32_image
5785,/mnt/d/Photos/Z8/180-600mm/2025/2025-10-05/DSC_2452.NEF,,3,Blue,neutral,neutral,0.545,0.5124,0.8298,0.3777,0.4313,0.6625,0.4263,0.0018,0.0005,0.0158,-0.005,-0.0028,0.0067,-0.003,good dynamic range,out of focus,0.2072,0.2126,0.212,0.2045,0.2035,0.2122,0.2296,0.2054,0.2121,0.1962,0.2095,0.2062,0.2055,0.2326,v0,clip_vit_b32_image
5791,/mnt/d/Photos/Z8/180-600mm/2025/2025-10-05/DSC_2471.NEF,,3,Green,neutral,neutral,0.6536,0.4954,0.8481,0.5247,0.6122,0.7838,0.5572,0.0064,-0.0002,0.0172,0.001,0.0046,0.0129,0.0023,good dynamic range,out of focus,0.2188,0.2236,0.2192,0.2164,0.2164,0.2222,0.2418,0.2125,0.2238,0.202,0.2154,0.2118,0.2093,0.2395,v0,clip_vit_b32_image
5789,/mnt/d/Photos/Z8/180-600mm/2025/2025-10-05/DSC_2463.NEF,,3,Blue,neutral,neutral,0.6002,0.5425,0.7238,0.3908,0.545,0.6322,0.5683,0.0041,0.0017,0.0096,-0.0044,0.0018,0.0054,0.0027,good dynamic range,misfocused,0.2147,0.2174,0.217,0.2116,0.2136,0.2174,0.2398,0.2106,0.2157,0.2073,0.216,0.2118,0.212,0.237,v0,clip_vit_b32_image
5793,/mnt/d/Photos/Z8/180-600mm/2025/2025-10-05/DSC_2487.NEF,13683,3,Green,pick,neutral,0.6831,0.6722,0.7531,0.48,0.5756,0.7163,0.6643,0.0077,0.0072,0.0112,-0.0008,0.003,0.0093,0.0068,good dynamic range,out of focus,0.2111,0.212,0.2082,0.2068,0.208,0.2156,0.2319,0.2035,0.2049,0.1971,0.2076,0.205,0.2064,0.2251,v0,clip_vit_b32_image
5795,/mnt/d/Photos/Z8/180-600mm/2025/2025-10-05/DSC_2506.NEF,13684,3,Green,pick,neutral,0.6167,0.5116,0.7771,0.4081,0.5681,0.601,0.7088,0.0048,0.0005,0.0125,-0.0037,0.0027,0.0041,0.0089,good dynamic range,misfocused,0.207,0.2074,0.2095,0.2005,0.2032,0.2043,0.2265,0.2023,0.2069,0.197,0.2043,0.2005,0.2002,0.2176,v0,clip_vit_b32_image
5799,/mnt/d/Photos/Z8/180-600mm/2025/2025-10-05/DSC_2535.NEF,13685,4,Blue,pick,picked,0.7411,0.7948,0.863,0.6766,0.5468,0.6689,0.617,0.0105,0.0135,0.0184,0.0074,0.0019,0.007,0.0048,detailed,technically flawed,0.2132,0.2181,0.2147,0.2115,0.2129,0.2137,0.2467,0.2027,0.2045,0.1963,0.2041,0.211,0.2067,0.2419,v0,clip_vit_b32_image
5797,/mnt/d/Photos/Z8/180-600mm/2025/2025-10-05/DSC_2521.NEF,,4,Blue,neutral,picked,0.6717,0.6846,0.8119,0.5001,0.6263,0.8012,0.6989,0.0072,0.0077,0.0146,0.0,0.0052,0.0139,0.0084,good dynamic range,out of focus,0.2145,0.2237,0.2121,0.2122,0.2123,0.2175,0.2504,0.2074,0.2159,0.1975,0.2122,0.2071,0.2036,0.242,v0,clip_vit_b32_image
5801,/mnt/d/Photos/Z8/180-600mm/2025/2025-10-05/DSC_2543.NEF,13686,4,Blue,pick,picked,0.674,0.7056,0.7976,0.3793,0.5546,0.802,0.6182,0.0073,0.0087,0.0137,-0.0049,0.0022,0.014,0.0048,good dynamic range,out of focus,0.209,0.2153,0.2073,0.2041,0.2046,0.2168,0.2345,0.2017,0.2066,0.1936,0.209,0.2024,0.2028,0.2297,v0,clip_vit_b32_image
5803,/mnt/d/Photos/Z8/180-600mm/2025/2025-10-05/DSC_2556.NEF,,3,Green,neutral,neutral,0.6489,0.7015,0.7255,0.4421,0.6046,0.7907,0.6317,0.0061,0.0085,0.0097,-0.0023,0.0042,0.0133,0.0054,natural colors,noisy,0.2188,0.2291,0.2182,0.2177,0.2145,0.2199,0.2545,0.2126,0.2205,0.2085,0.2201,0.2103,0.2066,0.2491,v0,clip_vit_b32_image
5807,/mnt/d/Photos/Z8/180-600mm/2025/2025-10-05/DSC_2560.NEF,,3,Green,neutral,neutral,0.59,0.5036,0.7289,0.6018,0.5897,0.8505,0.3136,0.0036,0.0001,0.0099,0.0041,0.0036,0.0174,-0.0078,well focused,out of focus,0.224,0.2339,0.2236,0.2246,0.2201,0.2297,0.2593,0.2203,0.2337,0.2137,0.2205,0.2165,0.2123,0.2671,v0,clip_vit_b32_image
5805,/mnt/d/Photos/Z8/180-600mm/2025/2025-10-05/DSC_2558.NEF,,3,Green,neutral,neutral,0.5968,0.5996,0.7539,0.5436,0.549,0.8177,0.4631,0.0039,0.004,0.0112,0.0018,0.002,0.015,-0.0015,good dynamic range,out of focus,0.2173,0.2283,0.2163,0.2181,0.2138,0.2207,0.258,0.2134,0.2243,0.2051,0.2164,0.2118,0.2057,0.2595,v0,clip_vit_b32_image
5809,/mnt/d/Photos/Z8/180-600mm/2025/2025-10-05/DSC_2562.NEF,,3,Green,neutral,neutral,0.6901,0.6445,0.8029,0.6765,0.6563,0.851,0.5288,0.008,0.006,0.014,0.0074,0.0065,0.0174,0.0012,natural colors,out of focus,0.2236,0.2324,0.2191,0.2254,0.221,0.2272,0.2566,0.2155,0.2265,0.2051,0.218,0.2145,0.2098,0.2555,v0,clip_vit_b32_image
5811,/mnt/d/Photos/Z8/180-600mm/2025/2025-10-05/DSC_2564.NEF,,3,Yellow,neutral,neutral,0.5571,0.5078,0.6512,0.5144,0.5128,0.8045,0.3936,0.0023,0.0003,0.0062,0.0006,0.0005,0.0141,-0.0043,natural colors,out of focus,0.225,0.2353,0.2266,0.2249,0.2205,0.2289,0.2656,0.2227,0.235,0.2204,0.2244,0.22,0.2148,0.27,v0,clip_vit_b32_image
5813,/mnt/d/Photos/Z8/180-600mm/2025/2025-10-05/DSC_2567.NEF,771,3,Yellow,pick,neutral,0.5169,0.3784,0.6278,0.4862,0.5373,0.7887,0.3145,0.0007,-0.005,0.0052,-0.0006,0.0015,0.0132,-0.0078,well focused,out of focus,0.2252,0.2331,0.224,0.2258,0.2219,0.2293,0.2662,0.2246,0.2381,0.2188,0.2264,0.2204,0.2161,0.274,v0,clip_vit_b32_image
5815,/mnt/d/Photos/Z8/180-600mm/2025/2025-10-05/DSC_2569.NEF,13688,3,Yellow,pick,neutral,0.6054,0.6245,0.8274,0.5865,0.5258,0.7996,0.3992,0.0043,0.0051,0.0157,0.0035,0.001,0.0138,-0.0041,good dynamic range,out of focus,0.2266,0.2362,0.2282,0.2255,0.2253,0.2316,0.2616,0.2223,0.2311,0.2125,0.222,0.2243,0.2178,0.2657,v0,clip_vit_b32_image
5819,/mnt/d/Photos/Z8/180-600mm/2025/2025-10-05/DSC_2573.NEF,,4,Blue,neutral,picked,0.7508,0.7881,0.7715,0.7609,0.594,0.8611,0.4892,0.011,0.0131,0.0122,0.0116,0.0038,0.0182,-0.0004,natural colors,out of focus,0.2216,0.2332,0.2205,0.2243,0.2169,0.2286,0.2575,0.2105,0.2201,0.2083,0.2127,0.2131,0.2104,0.258,v0,clip_vit_b32_image
5817,/mnt/d/Photos/Z8/180-600mm/2025/2025-10-05/DSC_2571.NEF,,3,Green,neutral,neutral,0.6564,0.6544,0.7965,0.6066,0.5422,0.8617,0.3954,0.0065,0.0064,0.0136,0.0043,0.0017,0.0183,-0.0042,natural colors,out of focus,0.2243,0.2362,0.224,0.225,0.2199,0.2317,0.2651,0.2179,0.2298,0.2103,0.2207,0.2182,0.2134,0.2693,v0,clip_vit_b32_image
5823,/mnt/d/Photos/Z8/180-600mm/2025/2025-10-05/DSC_2577.NEF,,4,Blue,neutral,picked,0.545,0.5082,0.7296,0.6291,0.5133,0.7826,0.4426,0.0018,0.0003,0.0099,0.0053,0.0005,0.0128,-0.0023,good dynamic range,out of focus,0.2243,0.2342,0.2225,0.228,0.2233,0.2316,0.259,0.2225,0.2339,0.2126,0.2227,0.2227,0.2188,0.2613,v0,clip_vit_b32_image
5821,/mnt/d/Photos/Z8/180-600mm/2025/2025-10-05/DSC_2575.NEF,,3,Green,neutral,neutral,0.5812,0.5719,0.794,0.4911,0.5089,0.7806,0.4234,0.0033,0.0029,0.0135,-0.0004,0.0004,0.0127,-0.0031,good dynamic range,out of focus,0.2152,0.2249,0.2168,0.2123,0.2104,0.2187,0.2537,0.212,0.222,0.2033,0.2126,0.2101,0.206,0.2568,v0,clip_vit_b32_image
5827,/mnt/d/Photos/Z8/180-600mm/2025/2025-10-05/DSC_2582.NEF,,3,Green,neutral,neutral,0.5759,0.4765,0.7938,0.6363,0.5905,0.8359,0.3258,0.0031,-0.0009,0.0135,0.0056,0.0037,0.0163,-0.0073,good dynamic range,out of focus,0.2242,0.2334,0.2234,0.2264,0.2257,0.2345,0.2624,0.2211,0.2344,0.21,0.2208,0.2221,0.2182,0.2697,v0,clip_vit_b32_image
5825,/mnt/d/Photos/Z8/180-600mm/2025/2025-10-05/DSC_2580.NEF,,3,Green,neutral,neutral,0.611,0.5972,0.7967,0.518,0.5545,0.8269,0.3926,0.0045,0.0039,0.0137,0.0007,0.0022,0.0156,-0.0044,natural colors,out of focus,0.2205,0.2309,0.2207,0.2189,0.2177,0.2263,0.2581,0.2159,0.2269,0.2071,0.2181,0.2155,0.2107,0.2625,v0,clip_vit_b32_image
5829,/mnt/d/Photos/Z8/180-600mm/2025/2025-10-05/DSC_2584.NEF,,4,Blue,neutral,picked,0.5062,0.3838,0.7457,0.7096,0.4865,0.8112,0.1975,0.0002,-0.0047,0.0108,0.0089,-0.0005,0.0146,-0.014,well focused,out of focus,0.23,0.2391,0.2289,0.2339,0.2301,0.2393,0.2639,0.2298,0.2439,0.2181,0.2249,0.2307,0.2247,0.278,v0,clip_vit_b32_image
5831,/mnt/d/Photos/Z8/180-600mm/2025/2025-10-05/DSC_2681.NEF,,3,Yellow,neutral,neutral,0.3092,0.1531,0.6442,0.5477,0.4203,0.7235,0.1832,-0.008,-0.0171,0.0059,0.0019,-0.0032,0.0096,-0.0149,good dynamic range,out of focus,0.2286,0.23,0.2276,0.2321,0.2236,0.2322,0.245,0.2367,0.2472,0.2216,0.2302,0.2268,0.2226,0.26,v0,clip_vit_b32_image
5835,/mnt/d/Photos/Z8/180-600mm/2025/2025-10-05/DSC_2713.NEF,,4,Green,neutral,picked,0.6242,0.8225,0.8391,0.2569,0.283,0.2366,0.8249,0.0051,0.0153,0.0165,-0.0106,-0.0093,-0.0117,0.0155,detailed,noisy,0.1914,0.1946,0.1994,0.1819,0.1777,0.1754,0.1584,0.1863,0.1793,0.1829,0.1925,0.187,0.1871,0.1429,v0,clip_vit_b32_image
5837,/mnt/d/Photos/Z8/180-600mm/2025/2025-10-05/DSC_2722.NEF,,3,Green,neutral,neutral,0.608,0.6283,0.7928,0.3428,0.435,0.6995,0.6292,0.0044,0.0052,0.0134,-0.0065,-0.0026,0.0084,0.0053,good dynamic range,misfocused,0.2112,0.2159,0.2134,0.2074,0.2063,0.2156,0.2361,0.2068,0.2107,0.2,0.2139,0.2089,0.2072,0.2308,v0,clip_vit_b32_image
5839,/mnt/d/Photos/Z8/180-600mm/2025/2025-10-05/DSC_2728.NEF,,2,Yellow,neutral,rejected,0.4576,0.2185,0.5723,0.5778,0.4795,0.6867,0.3666,-0.0017,-0.0127,0.0029,0.0031,-0.0008,0.0078,-0.0055,good dynamic range,misfocused,0.2353,0.2333,0.23,0.2354,0.2303,0.2357,0.2467,0.237,0.246,0.2271,0.2322,0.2311,0.2278,0.2522,v0,clip_vit_b32_image
5841,/mnt/d/Photos/Z8/180-600mm/2025/2025-10-05/DSC_2736.NEF,,3,Green,neutral,neutral,0.606,0.5296,0.6654,0.4827,0.5905,0.7486,0.5306,0.0043,0.0012,0.0069,-0.0007,0.0037,0.0109,0.0012,balanced contrast,out of focus,0.2258,0.2295,0.2216,0.2231,0.2252,0.2312,0.2491,0.2215,0.2283,0.2147,0.2238,0.2215,0.2203,0.2479,v0,clip_vit_b32_image
5843,/mnt/d/Photos/Z8/180-600mm/2025/2025-10-05/DSC_2739.NEF,,3,Yellow,neutral,neutral,0.6003,0.41,0.7095,0.5213,0.5121,0.8621,0.2292,0.0041,-0.0036,0.0089,0.0009,0.0005,0.0183,-0.0121,natural colors,out of focus,0.2144,0.222,0.2156,0.2143,0.2083,0.2243,0.2453,0.2104,0.2256,0.2067,0.2135,0.2078,0.2059,0.2575,v0,clip_vit_b32_image
5847,/mnt/d/Photos/Z8/180-600mm/2025/2025-10-05/DSC_2744.NEF,,3,Green,neutral,neutral,0.6499,0.5785,0.8114,0.4941,0.5752,0.8408,0.4148,0.0062,0.0032,0.0146,-0.0002,0.003,0.0166,-0.0034,good dynamic range,out of focus,0.2139,0.2202,0.2142,0.2116,0.2102,0.2216,0.2415,0.2077,0.217,0.1996,0.2118,0.2072,0.205,0.245,v0,clip_vit_b32_image
5845,/mnt/d/Photos/Z8/180-600mm/2025/2025-10-05/DSC_2741.NEF,741,3,Yellow,pick,neutral,0.5513,0.375,0.6372,0.5837,0.4467,0.8452,0.2415,0.0021,-0.0051,0.0056,0.0034,-0.0021,0.017,-0.0114,good dynamic range,out of focus,0.2215,0.2284,0.2185,0.2217,0.2151,0.2308,0.2478,0.2194,0.2335,0.2129,0.2183,0.2172,0.2138,0.2593,v0,clip_vit_b32_image
5849,/mnt/d/Photos/Z8/180-600mm/2025/2025-10-05/DSC_2752.NEF,735,3,Green,pick,neutral,0.5428,0.3367,0.72,0.5906,0.52,0.8628,0.2343,0.0017,-0.0068,0.0094,0.0037,0.0008,0.0184,-0.0118,good dynamic range,out of focus,0.2209,0.2266,0.2193,0.2229,0.2145,0.2288,0.2516,0.2192,0.2334,0.2098,0.2192,0.2137,0.2104,0.2634,v0,clip_vit_b32_image
5851,/mnt/d/Photos/Z8/180-600mm/2025/2025-10-05/DSC_2754.NEF,13689,3,Green,pick,neutral,0.4935,0.3339,0.5817,0.4496,0.5411,0.8303,0.3509,-0.0003,-0.0069,0.0033,-0.002,0.0016,0.0159,-0.0062,good dynamic range,out of focus,0.2221,0.2268,0.219,0.2193,0.219,0.2283,0.2575,0.2223,0.2337,0.2157,0.2213,0.2173,0.2124,0.2636,v0,clip_vit_b32_image
5853,/mnt/d/Photos/Z8/180-600mm/2025/2025-10-05/DSC_2756.NEF,13690,3,Yellow,pick,neutral,0.5713,0.3316,0.7483,0.6484,0.6065,0.8335,0.4303,0.0029,-0.007,0.0109,0.0061,0.0043,0.0161,-0.0028,natural colors,out of focus,0.2246,0.228,0.2204,0.2255,0.2188,0.2277,0.2563,0.2217,0.235,0.2095,0.2194,0.2145,0.2116,0.2591,v0,clip_vit_b32_image
5855,/mnt/d/Photos/Z8/180-600mm/2025/2025-10-05/DSC_2758.NEF,13691,3,Green,pick,neutral,0.5914,0.3963,0.7687,0.6325,0.5758,0.8725,0.2956,0.0037,-0.0042,0.012,0.0054,0.0031,0.0192,-0.0087,good dynamic range,out of focus,0.2211,0.2267,0.2207,0.2221,0.2147,0.2279,0.2535,0.2174,0.2309,0.2086,0.2167,0.2117,0.2087,0.2622,v0,clip_vit_b32_image
5857,/mnt/d/Photos/Z8/180-600mm/2025/2025-10-05/DSC_2760.NEF,,3,Yellow,neutral,neutral,0.6723,0.6459,0.733,0.579,0.6012,0.85,0.5012,0.0072,0.006,0.0101,0.0032,0.0041,0.0173,0.0,natural colors,out of focus,0.2196,0.2285,0.2148,0.2187,0.2168,0.2254,0.2592,0.2124,0.2225,0.2047,0.2155,0.2127,0.2081,0.2591,v0,clip_vit_b32_image
5859,/mnt/d/Photos/Z8/180-600mm/2025/2025-10-05/DSC_2763.NEF,,3,Green,neutral,neutral,0.6499,0.5902,0.7633,0.6549,0.5866,0.8347,0.505,0.0062,0.0036,0.0117,0.0064,0.0035,0.0162,0.0002,good dynamic range,out of focus,0.2155,0.223,0.2112,0.2139,0.2101,0.2193,0.2495,0.2093,0.2194,0.1995,0.2075,0.2066,0.2031,0.2493,v0,clip_vit_b32_image
5861,/mnt/d/Photos/Z8/180-600mm/2025/2025-10-05/DSC_2771.NEF,,3,Yellow,neutral,neutral,0.5356,0.3144,0.7277,0.6313,0.5812,0.7954,0.4514,0.0014,-0.0078,0.0098,0.0054,0.0033,0.0136,-0.0019,good dynamic range,out of focus,0.2192,0.2232,0.2181,0.2205,0.2151,0.2225,0.2406,0.2178,0.231,0.2082,0.2151,0.2118,0.2089,0.2425,v0,clip_vit_b32_image
5854,/mnt/d/Photos/Z8/180-600mm/2025/2025-10-05/DSC_2757.NEF,,3,Green,neutral,neutral,0.6346,0.5339,0.6809,0.6104,0.6204,0.8518,0.5098,0.0055,0.0014,0.0076,0.0045,0.0049,0.0175,0.0004,well focused,out of focus,0.2187,0.2256,0.2121,0.2178,0.2171,0.2244,0.2556,0.2132,0.2242,0.2046,0.2133,0.2122,0.207,0.2552,v0,clip_vit_b32_image
5856,/mnt/d/Photos/Z8/180-600mm/2025/2025-10-05/DSC_2759.NEF,13690,3,Yellow,pick,neutral,0.609,0.4093,0.7786,0.6031,0.5899,0.8743,0.3783,0.0044,-0.0037,0.0126,0.0042,0.0036,0.0194,-0.005,natural colors,out of focus,0.2217,0.2288,0.2205,0.2225,0.2171,0.2296,0.26,0.2173,0.2324,0.208,0.2184,0.2135,0.2102,0.265,v0,clip_vit_b32_image
5850,/mnt/d/Photos/Z8/180-600mm/2025/2025-10-05/DSC_2753.NEF,,3,Green,neutral,neutral,0.4935,0.2754,0.6657,0.5786,0.5373,0.8472,0.2731,-0.0003,-0.0097,0.0069,0.0032,0.0015,0.0171,-0.0098,well focused,out of focus,0.2246,0.2318,0.2215,0.2249,0.2207,0.2316,0.2607,0.2248,0.2415,0.2146,0.2217,0.2192,0.2145,0.2705,v0,clip_vit_b32_image
5846,/mnt/d/Photos/Z8/180-600mm/2025/2025-10-05/DSC_2743.NEF,,3,Green,neutral,neutral,0.6589,0.5847,0.8115,0.5356,0.5892,0.8546,0.4788,0.0066,0.0034,0.0146,0.0014,0.0036,0.0177,-0.0009,good dynamic range,out of focus,0.224,0.2295,0.2252,0.221,0.2197,0.2309,0.2501,0.2174,0.2261,0.2106,0.2196,0.2161,0.2131,0.2509,v0,clip_vit_b32_image
5842,/mnt/d/Photos/Z8/180-600mm/2025/2025-10-05/DSC_2738.NEF,,3,Yellow,neutral,neutral,0.5852,0.4773,0.808,0.5269,0.4882,0.8266,0.3525,0.0034,-0.0009,0.0144,0.0011,-0.0005,0.0156,-0.0061,good dynamic range,out of focus,0.2146,0.2243,0.2195,0.2178,0.2073,0.2216,0.2468,0.2112,0.2252,0.2051,0.2167,0.2078,0.206,0.2529,v0,clip_vit_b32_image
5840,/mnt/d/Photos/Z8/180-600mm/2025/2025-10-05/DSC_2731.NEF,,3,Yellow,neutral,neutral,0.4573,0.2455,0.5502,0.5046,0.5535,0.6819,0.4009,-0.0017,-0.0112,0.002,0.0002,0.0021,0.0076,-0.004,good dynamic range,out of focus,0.2215,0.2191,0.2148,0.2168,0.2207,0.223,0.2323,0.2232,0.2303,0.2128,0.2166,0.2185,0.2154,0.2363,v0,clip_vit_b32_image
5838,/mnt/d/Photos/Z8/180-600mm/2025/2025-10-05/DSC_2727.NEF,,3,Yellow,neutral,neutral,0.5437,0.3274,0.5932,0.491,0.6188,0.8163,0.4537,0.0018,-0.0072,0.0038,-0.0004,0.0048,0.0149,-0.0019,good dynamic range,out of focus,0.2224,0.2259,0.2174,0.2189,0.2189,0.2258,0.2448,0.2207,0.2331,0.2136,0.2192,0.2141,0.2109,0.2467,v0,clip_vit_b32_image
5834,/mnt/d/Photos/Z8/180-600mm/2025/2025-10-05/DSC_2684.NEF,,3,Purple,neutral,neutral,0.3956,0.2916,0.6784,0.5624,0.4712,0.6262,0.3717,-0.0042,-0.0089,0.0075,0.0025,-0.0012,0.0052,-0.0053,good dynamic range,out of focus,0.2235,0.226,0.2204,0.2253,0.2236,0.2243,0.2493,0.2277,0.2349,0.213,0.2228,0.2248,0.2191,0.2545,v0,clip_vit_b32_image
5832,/mnt/d/Photos/Z8/180-600mm/2025/2025-10-05/DSC_2682.NEF,,3,Yellow,neutral,neutral,0.4033,0.3266,0.6613,0.6773,0.4776,0.7092,0.4036,-0.0039,-0.0072,0.0067,0.0074,-0.0009,0.0089,-0.0039,good dynamic range,out of focus,0.2297,0.231,0.2271,0.2344,0.2272,0.23,0.2536,0.2337,0.2382,0.2204,0.227,0.2281,0.2211,0.2575,v0,clip_vit_b32_image
5828,/mnt/d/Photos/Z8/180-600mm/2025/2025-10-05/DSC_2583.NEF,,3,Green,neutral,neutral,0.5771,0.5123,0.7391,0.6699,0.521,0.8152,0.2907,0.0031,0.0005,0.0104,0.0071,0.0008,0.0148,-0.0089,crisp details,out of focus,0.2268,0.238,0.2259,0.2278,0.2242,0.234,0.2625,0.2237,0.2375,0.2154,0.2207,0.2233,0.2192,0.2714,v0,clip_vit_b32_image
5830,/mnt/d/Photos/Z8/180-600mm/2025/2025-10-05/DSC_2628.NEF,,3,Yellow,neutral,neutral,0.4341,0.2196,0.5296,0.6706,0.5092,0.7248,0.2901,-0.0027,-0.0127,0.0012,0.0071,0.0004,0.0097,-0.009,well focused,out of focus,0.2348,0.2383,0.2297,0.2363,0.2313,0.2353,0.2568,0.2374,0.251,0.2285,0.2292,0.231,0.2256,0.2657,v0,clip_vit_b32_image
5822,/mnt/d/Photos/Z8/180-600mm/2025/2025-10-05/DSC_2576.NEF,,4,Green,neutral,picked,0.6224,0.6043,0.8135,0.5686,0.5374,0.804,0.4646,0.005,0.0042,0.0147,0.0028,0.0015,0.0141,-0.0014,good dynamic range,out of focus,0.2195,0.2318,0.2211,0.2208,0.2143,0.2241,0.2589,0.2145,0.2275,0.2063,0.2181,0.2128,0.21,0.2604,v0,clip_vit_b32_image
5816,/mnt/d/Photos/Z8/180-600mm/2025/2025-10-05/DSC_2570.NEF,,3,Yellow,neutral,neutral,0.6493,0.7109,0.8067,0.5517,0.5528,0.8052,0.4833,0.0062,0.009,0.0143,0.0021,0.0021,0.0142,-0.0007,natural colors,out of focus,0.2243,0.2362,0.229,0.2228,0.2206,0.2282,0.2623,0.2182,0.2272,0.2147,0.2207,0.2185,0.214,0.263,v0,clip_vit_b32_image
5820,/mnt/d/Photos/Z8/180-600mm/2025/2025-10-05/DSC_2574.NEF,,3,Green,neutral,neutral,0.617,0.6227,0.7701,0.6173,0.5932,0.8204,0.3991,0.0048,0.005,0.0121,0.0048,0.0038,0.0152,-0.0041,good dynamic range,out of focus,0.2253,0.2372,0.2244,0.2275,0.2238,0.2299,0.2676,0.2206,0.2322,0.2123,0.2227,0.22,0.2147,0.2717,v0,clip_vit_b32_image
5818,/mnt/d/Photos/Z8/180-600mm/2025/2025-10-05/DSC_2572.NEF,13688,3,Green,pick,neutral,0.6331,0.5982,0.7995,0.5061,0.5335,0.8249,0.3773,0.0055,0.004,0.0138,0.0002,0.0013,0.0155,-0.005,good dynamic range,out of focus,0.2174,0.2288,0.2175,0.2156,0.2143,0.2244,0.2577,0.212,0.2248,0.2036,0.2153,0.213,0.2089,0.2627,v0,clip_vit_b32_image
5812,/mnt/d/Photos/Z8/180-600mm/2025/2025-10-05/DSC_2566.NEF,13687,3,Yellow,pick,neutral,0.5474,0.5511,0.7718,0.5131,0.5217,0.8045,0.3726,0.0019,0.002,0.0122,0.0005,0.0009,0.0141,-0.0052,well focused,out of focus,0.2205,0.231,0.2212,0.221,0.2178,0.2256,0.2582,0.2186,0.229,0.2091,0.2205,0.2169,0.2114,0.2634,v0,clip_vit_b32_image
5810,/mnt/d/Photos/Z8/180-600mm/2025/2025-10-05/DSC_2563.NEF,13687,3,Green,pick,neutral,0.6327,0.6799,0.7912,0.5135,0.5761,0.8561,0.4707,0.0054,0.0075,0.0133,0.0005,0.0031,0.0178,-0.0012,natural colors,out of focus,0.2175,0.2284,0.2166,0.2179,0.2146,0.2249,0.2562,0.212,0.2209,0.2033,0.2174,0.2116,0.207,0.2574,v0,clip_vit_b32_image
5802,/mnt/d/Photos/Z8/180-600mm/2025/2025-10-05/DSC_2549.NEF,13686,4,Blue,pick,picked,0.6497,0.6212,0.8226,0.4666,0.51,0.7863,0.5221,0.0062,0.0049,0.0153,-0.0013,0.0004,0.013,0.0009,good dynamic range,out of focus,0.2095,0.2145,0.2125,0.2052,0.2057,0.2174,0.2345,0.2034,0.2095,0.1971,0.2066,0.2053,0.2044,0.2336,v0,clip_vit_b32_image
5796,/mnt/d/Photos/Z8/180-600mm/2025/2025-10-05/DSC_2517.NEF,13684,3,Green,pick,neutral,0.6063,0.5389,0.7366,0.3467,0.5771,0.7146,0.686,0.0043,0.0016,0.0103,-0.0063,0.0031,0.0092,0.0078,good dynamic range,out of focus,0.213,0.2157,0.2134,0.2073,0.212,0.2151,0.2394,0.2087,0.2142,0.2032,0.2137,0.2089,0.2059,0.2316,v0,clip_vit_b32_image
5794,/mnt/d/Photos/Z8/180-600mm/2025/2025-10-05/DSC_2489.NEF,,4,Blue,neutral,picked,0.7321,0.756,0.8658,0.6,0.5622,0.8456,0.6459,0.0101,0.0113,0.0186,0.0041,0.0025,0.017,0.006,good dynamic range,out of focus,0.2197,0.2283,0.2198,0.2182,0.2152,0.2279,0.2466,0.2097,0.217,0.2011,0.2142,0.2127,0.2109,0.2406,v0,clip_vit_b32_image
5792,/mnt/d/Photos/Z8/180-600mm/2025/2025-10-05/DSC_2477.NEF,13683,3,Green,pick,neutral,0.6555,0.6719,0.8056,0.4614,0.5119,0.7185,0.6117,0.0064,0.0072,0.0142,-0.0015,0.0005,0.0094,0.0045,good dynamic range,noisy,0.2122,0.2157,0.215,0.2084,0.208,0.218,0.2263,0.2057,0.2085,0.2008,0.2099,0.2076,0.2086,0.2217,v0,clip_vit_b32_image
5788,/mnt/d/Photos/Z8/180-600mm/2025/2025-10-05/DSC_2458.NEF,,3,Green,neutral,neutral,0.5732,0.5964,0.7232,0.3501,0.4674,0.6371,0.4906,0.0029,0.0039,0.0096,-0.0062,-0.0013,0.0056,-0.0004,good dynamic range,out of focus,0.2068,0.2119,0.2061,0.2026,0.2055,0.2102,0.2305,0.2038,0.208,0.1965,0.2088,0.2069,0.2046,0.2309,v0,clip_vit_b32_image
5858,/mnt/d/Photos/Z8/180-600mm/2025/2025-10-05/DSC_2761.NEF,,3,Green,neutral,neutral,0.6711,0.5677,0.6597,0.7215,0.5784,0.8637,0.4796,0.0071,0.0027,0.0066,0.0095,0.0032,0.0185,-0.0008,natural colors,out of focus,0.2261,0.2319,0.2212,0.2265,0.2202,0.2331,0.2632,0.219,0.2292,0.2146,0.217,0.2171,0.2146,0.264,v0,clip_vit_b32_image
5869,/mnt/d/Photos/Z8/180-600mm/2025/2025-10-05/DSC_2784.NEF,,3,Yellow,neutral,neutral,0.589,0.4445,0.8267,0.5886,0.5011,0.8075,0.3846,0.0036,-0.0022,0.0156,0.0036,0.0,0.0143,-0.0047,good dynamic range,out of focus,0.2234,0.2323,0.2251,0.2241,0.2189,0.228,0.2578,0.2198,0.2345,0.2095,0.2205,0.2188,0.2136,0.2625,v0,clip_vit_b32_image
5867,/mnt/d/Photos/Z8/180-600mm/2025/2025-10-05/DSC_2782.NEF,,3,Yellow,neutral,neutral,0.5175,0.3523,0.7008,0.6009,0.5207,0.722,0.5221,0.0007,-0.0061,0.0085,0.0041,0.0008,0.0095,0.0009,good dynamic range,out of focus,0.2248,0.231,0.223,0.2256,0.2251,0.2281,0.2593,0.2241,0.2371,0.2145,0.2215,0.2243,0.2185,0.2584,v0,clip_vit_b32_image
5865,/mnt/d/Photos/Z8/180-600mm/2025/2025-10-05/DSC_2776.NEF,,2,Yellow,neutral,rejected,0.5128,0.2911,0.6037,0.4797,0.4952,0.7406,0.4452,0.0005,-0.0089,0.0042,-0.0008,-0.0002,0.0105,-0.0022,good dynamic range,out of focus,0.2188,0.2198,0.2168,0.2148,0.2194,0.224,0.2431,0.2182,0.2287,0.2126,0.2156,0.2196,0.2135,0.2453,v0,clip_vit_b32_image
5870,/mnt/d/Photos/Z8/180-600mm/2025/2025-10-05/DSC_2785.NEF,,3,Green,neutral,neutral,0.6181,0.5282,0.7245,0.5401,0.5435,0.8545,0.4378,0.0048,0.0011,0.0097,0.0016,0.0017,0.0177,-0.0025,good dynamic range,out of focus,0.2157,0.225,0.2149,0.2144,0.2113,0.2241,0.2502,0.2109,0.2238,0.2052,0.2128,0.2096,0.2064,0.2527,v0,clip_vit_b32_image
5873,/mnt/d/Photos/Z8/180-600mm/2025/2025-10-05/DSC_2788.NEF,,3,Green,neutral,neutral,0.6198,0.6003,0.7566,0.4936,0.5588,0.8165,0.5522,0.0049,0.0041,0.0113,-0.0003,0.0024,0.0149,0.0021,natural colors,out of focus,0.2099,0.2176,0.2076,0.2073,0.2052,0.2135,0.2467,0.205,0.2136,0.1962,0.2076,0.2028,0.1986,0.2446,v0,clip_vit_b32_image
5875,/mnt/d/Photos/Z8/180-600mm/2025/2025-10-05/DSC_2791.NEF,,3,Yellow,neutral,neutral,0.4813,0.2608,0.541,0.7533,0.4039,0.7504,0.3105,-0.0007,-0.0104,0.0016,0.0112,-0.0039,0.011,-0.008,well focused,out of focus,0.2322,0.2396,0.2252,0.2355,0.2253,0.2348,0.2645,0.233,0.2501,0.2236,0.2244,0.2291,0.2237,0.2725,v0,clip_vit_b32_image
5879,/mnt/d/Photos/Z8/180-600mm/2025/2025-10-05/DSC_2795.NEF,710,3,Yellow,pick,neutral,0.4761,0.3356,0.6482,0.4825,0.5722,0.7991,0.43,-0.001,-0.0068,0.0061,-0.0007,0.0029,0.0138,-0.0028,good dynamic range,out of focus,0.2182,0.223,0.2139,0.2156,0.2155,0.2202,0.2532,0.2191,0.2298,0.2077,0.2163,0.2126,0.2064,0.2561,v0,clip_vit_b32_image
5877,/mnt/d/Photos/Z8/180-600mm/2025/2025-10-05/DSC_2793.NEF,,3,Yellow,neutral,neutral,0.526,0.3485,0.6169,0.4743,0.4341,0.8331,0.3604,0.001,-0.0063,0.0048,-0.001,-0.0027,0.0161,-0.0057,natural colors,out of focus,0.2206,0.2274,0.2182,0.2201,0.2136,0.2286,0.2497,0.2196,0.2337,0.2134,0.2211,0.2162,0.2126,0.2554,v0,clip_vit_b32_image
5881,/mnt/d/Photos/Z8/180-600mm/2025/2025-10-05/DSC_2797.NEF,,3,Green,neutral,neutral,0.4983,0.3451,0.6355,0.5728,0.5742,0.7924,0.3537,-0.0001,-0.0064,0.0056,0.0029,0.003,0.0134,-0.006,good dynamic range,out of focus,0.2261,0.2309,0.2226,0.2263,0.2253,0.2295,0.2593,0.2262,0.2373,0.217,0.2233,0.2223,0.2161,0.2653,v0,clip_vit_b32_image
5883,/mnt/d/Photos/Z8/180-600mm/2025/2025-10-05/DSC_2799.NEF,,2,Yellow,neutral,rejected,0.4806,0.3234,0.5818,0.4928,0.5312,0.8285,0.3458,-0.0008,-0.0074,0.0033,-0.0003,0.0012,0.0157,-0.0064,natural colors,out of focus,0.2182,0.2238,0.2119,0.217,0.2135,0.2224,0.2526,0.219,0.2312,0.2086,0.2173,0.2123,0.2067,0.2589,v0,clip_vit_b32_image
5887,/mnt/d/Photos/Z8/180-600mm/2025/2025-10-05/DSC_2803.NEF,705,3,Yellow,pick,neutral,0.4382,0.2851,0.6569,0.4391,0.4573,0.815,0.3496,-0.0025,-0.0092,0.0065,-0.0024,-0.0017,0.0148,-0.0062,good dynamic range,out of focus,0.222,0.2288,0.2201,0.2224,0.2184,0.2309,0.2556,0.2245,0.238,0.2136,0.2248,0.2201,0.2161,0.2618,v0,clip_vit_b32_image
5885,/mnt/d/Photos/Z8/180-600mm/2025/2025-10-05/DSC_2801.NEF,13692,3,Green,pick,neutral,0.5544,0.5237,0.7612,0.4999,0.5342,0.8398,0.4938,0.0022,0.0009,0.0116,-0.0,0.0014,0.0166,-0.0002,good dynamic range,out of focus,0.2157,0.227,0.2155,0.2165,0.2109,0.2225,0.2513,0.2135,0.2261,0.2039,0.2165,0.2095,0.2059,0.2516,v0,clip_vit_b32_image
5889,/mnt/d/Photos/Z8/180-600mm/2025/2025-10-05/DSC_2806.NEF,705,3,Green,pick,neutral,0.5278,0.3373,0.6207,0.5816,0.4527,0.8661,0.4288,0.0011,-0.0068,0.0049,0.0033,-0.0019,0.0187,-0.0029,good dynamic range,out of focus,0.2245,0.2299,0.2206,0.2271,0.2159,0.2332,0.2521,0.2233,0.2367,0.2157,0.2238,0.2178,0.2145,0.2549,v0,clip_vit_b32_image
5891,/mnt/d/Photos/Z8/180-600mm/2025/2025-10-05/DSC_2809.NEF,,3,Green,neutral,neutral,0.5574,0.4367,0.7274,0.4899,0.5614,0.8193,0.4017,0.0023,-0.0025,0.0098,-0.0004,0.0025,0.0151,-0.004,good dynamic range,out of focus,0.2178,0.2228,0.212,0.2145,0.215,0.222,0.2528,0.2155,0.2254,0.2021,0.2149,0.2126,0.2069,0.2567,v0,clip_vit_b32_image
5894,/mnt/d/Photos/Z8/180-600mm/2025/2025-10-05/DSC_2854.NEF,700,2,Yellow,pick,rejected,0.5722,0.6131,0.8072,0.4219,0.594,0.6026,0.6439,0.0029,0.0046,0.0143,-0.0031,0.0038,0.0042,0.0059,good dynamic range,out of focus,0.21,0.2159,0.2094,0.2059,0.2086,0.2098,0.2336,0.2071,0.2113,0.1951,0.2091,0.2048,0.2057,0.2277,v0,clip_vit_b32_image
5897,/mnt/d/Photos/Z8/180-600mm/2025/2025-10-05/DSC_2874.NEF,,3,Green,neutral,neutral,0.5961,0.6512,0.8334,0.3979,0.635,0.5889,0.6586,0.0039,0.0062,0.0161,-0.0041,0.0055,0.0036,0.0066,well focused,out of focus,0.2178,0.2244,0.2165,0.2111,0.2215,0.2133,0.2508,0.2139,0.2182,0.2004,0.2152,0.216,0.2097,0.2442,v0,clip_vit_b32_image
5903,/mnt/d/Photos/Z8/180-600mm/2025/2025-10-05/DSC_2902.NEF,696,3,Blue,pick,neutral,0.5011,0.5201,0.8499,0.1861,0.5133,0.5802,0.5157,0.0,0.0008,0.0173,-0.0148,0.0005,0.0032,0.0006,detailed,noisy,0.2015,0.2093,0.2055,0.1947,0.1983,0.2028,0.2245,0.2014,0.2085,0.1882,0.2094,0.1978,0.1995,0.2239,v0,clip_vit_b32_image
5907,/mnt/d/Photos/Z8/180-600mm/2025/2025-10-05/DSC_2914.NEF,694,3,Green,pick,neutral,0.5781,0.7598,0.8518,0.1841,0.5089,0.4928,0.6649,0.0031,0.0115,0.0175,-0.0149,0.0004,-0.0003,0.0069,detailed,noisy,0.1968,0.2078,0.2048,0.1896,0.1947,0.1969,0.2221,0.1937,0.1963,0.1873,0.2045,0.1943,0.1972,0.2152,v0,clip_vit_b32_image
5905,/mnt/d/Photos/Z8/180-600mm/2025/2025-10-05/DSC_2907.NEF,696,3,Green,pick,neutral,0.5509,0.6187,0.8825,0.2696,0.4742,0.5636,0.5485,0.002,0.0048,0.0202,-0.01,-0.001,0.0026,0.0019,good dynamic range,out of focus,0.2041,0.2133,0.2155,0.1996,0.2009,0.2078,0.226,0.2021,0.2085,0.1954,0.2096,0.202,0.2053,0.224,v0,clip_vit_b32_image
5909,/mnt/d/Photos/Z8/180-600mm/2025/2025-10-05/DSC_2916.NEF,,4,Blue,neutral,picked,0.4977,0.5047,0.7623,0.2728,0.4679,0.5136,0.5853,-0.0001,0.0002,0.0117,-0.0098,-0.0013,0.0005,0.0034,good dynamic range,out of focus,0.2028,0.2091,0.2062,0.1976,0.1998,0.2028,0.2251,0.2029,0.2089,0.1945,0.2074,0.2011,0.2023,0.2217,v0,clip_vit_b32_image
5911,/mnt/d/Photos/Z8/180-600mm/2025/2025-10-05/DSC_2921.NEF,,3,Green,neutral,neutral,0.5915,0.705,0.8587,0.2694,0.5227,0.5536,0.6138,0.0037,0.0087,0.018,-0.01,0.0009,0.0022,0.0046,good dynamic range,noisy,0.2016,0.2109,0.2058,0.195,0.1967,0.2008,0.2261,0.1979,0.2022,0.1878,0.205,0.1958,0.1986,0.2215,v0,clip_vit_b32_image
5915,/mnt/d/Photos/Z8/180-600mm/2025/2025-10-05/DSC_2929.NEF,13695,4,Green,neutral,picked,0.6302,0.6786,0.8584,0.303,0.6184,0.5957,0.6281,0.0053,0.0075,0.018,-0.0083,0.0048,0.0039,0.0052,good dynamic range,noisy,0.2104,0.2169,0.2152,0.2026,0.2089,0.2093,0.2335,0.2051,0.2094,0.1971,0.211,0.2041,0.2054,0.2283,v0,clip_vit_b32_image
5913,/mnt/d/Photos/Z8/180-600mm/2025/2025-10-05/DSC_2924.NEF,,3,Green,neutral,neutral,0.5832,0.6375,0.8429,0.281,0.5883,0.5386,0.6574,0.0034,0.0056,0.0168,-0.0094,0.0036,0.0015,0.0065,good dynamic range,noisy,0.2053,0.2122,0.2091,0.1982,0.2034,0.2025,0.2295,0.2019,0.2066,0.1923,0.2076,0.1998,0.201,0.223,v0,clip_vit_b32_image
5917,/mnt/d/Photos/Z8/180-600mm/2025/2025-10-05/DSC_2931.NEF,13696,4,Green,pick,picked,0.6321,0.7833,0.8771,0.3233,0.558,0.5851,0.6279,0.0054,0.0128,0.0197,-0.0074,0.0023,0.0034,0.0052,good dynamic range,noisy,0.2022,0.2131,0.2076,0.1969,0.1994,0.2023,0.2268,0.1968,0.2003,0.1879,0.2043,0.1971,0.1989,0.2216,v0,clip_vit_b32_image
5919,/mnt/d/Photos/Z8/180-600mm/2025/2025-10-05/DSC_2933.NEF,13697,4,Green,pick,picked,0.5572,0.6272,0.8146,0.2862,0.5668,0.5444,0.5689,0.0023,0.0052,0.0148,-0.0091,0.0027,0.0018,0.0028,good dynamic range,noisy,0.2036,0.2126,0.2099,0.1984,0.2014,0.2035,0.2227,0.2013,0.2074,0.1951,0.2075,0.1987,0.2017,0.22,v0,clip_vit_b32_image
5923,/mnt/d/Photos/Z8/180-600mm/2025/2025-10-05/DSC_2938.NEF,683,3,Green,pick,neutral,0.5895,0.6836,0.8429,0.3003,0.5333,0.5761,0.6092,0.0036,0.0077,0.0168,-0.0085,0.0013,0.0031,0.0044,good dynamic range,noisy,0.2033,0.2126,0.2087,0.1971,0.1996,0.205,0.229,0.1996,0.2049,0.1919,0.2056,0.1983,0.2019,0.2246,v0,clip_vit_b32_image
5921,/mnt/d/Photos/Z8/180-600mm/2025/2025-10-05/DSC_2935.NEF,,4,Blue,neutral,picked,0.6321,0.7214,0.8591,0.2893,0.5504,0.5691,0.6788,0.0054,0.0095,0.0181,-0.009,0.002,0.0028,0.0075,good dynamic range,noisy,0.2058,0.214,0.2099,0.1987,0.2044,0.2063,0.2329,0.2004,0.2045,0.1918,0.2077,0.2024,0.2035,0.2254,v0,clip_vit_b32_image
5925,/mnt/d/Photos/Z8/180-600mm/2025/2025-10-05/DSC_2941.NEF,683,3,Green,pick,neutral,0.5712,0.5682,0.8274,0.3881,0.5572,0.5547,0.6831,0.0029,0.0027,0.0157,-0.0046,0.0023,0.0022,0.0077,good dynamic range,noisy,0.2086,0.2153,0.2113,0.2034,0.2058,0.2063,0.2337,0.2057,0.2126,0.1956,0.208,0.2035,0.2041,0.226,v0,clip_vit_b32_image
5927,/mnt/d/Photos/Z8/180-600mm/2025/2025-10-05/DSC_2952.NEF,13698,3,Green,pick,neutral,0.5557,0.6272,0.8241,0.2509,0.5077,0.4903,0.5502,0.0022,0.0052,0.0154,-0.0109,0.0003,-0.0004,0.002,detailed,noisy,0.205,0.2149,0.2108,0.2004,0.2023,0.2032,0.2428,0.2028,0.2097,0.1953,0.2114,0.202,0.2036,0.2408,v0,clip_vit_b32_image
5930,/mnt/d/Photos/Z8/180-600mm/2025/2025-10-05/DSC_2955.NEF,680,3,Green,pick,neutral,0.6042,0.7154,0.8823,0.3995,0.6234,0.6108,0.6124,0.0042,0.0092,0.0201,-0.0041,0.005,0.0045,0.0046,detailed,out of focus,0.2074,0.2208,0.2123,0.2032,0.2071,0.2063,0.2409,0.2032,0.2116,0.1921,0.2073,0.202,0.2018,0.2363,v0,clip_vit_b32_image
5924,/mnt/d/Photos/Z8/180-600mm/2025/2025-10-05/DSC_2940.NEF,683,3,Green,pick,neutral,0.5719,0.6268,0.8332,0.39,0.543,0.545,0.6526,0.0029,0.0052,0.0161,-0.0045,0.0017,0.0018,0.0063,good dynamic range,noisy,0.2076,0.2137,0.211,0.2022,0.2059,0.2064,0.2323,0.2047,0.2085,0.1949,0.2067,0.2042,0.2046,0.226,v0,clip_vit_b32_image
5906,/mnt/d/Photos/Z8/180-600mm/2025/2025-10-05/DSC_2912.NEF,,3,Green,neutral,neutral,0.578,0.5534,0.8423,0.2708,0.5985,0.5857,0.507,0.0031,0.0021,0.0168,-0.0099,0.004,0.0035,0.0003,good dynamic range,out of focus,0.2045,0.2108,0.2073,0.199,0.2022,0.2039,0.2266,0.2013,0.2086,0.1905,0.2089,0.1982,0.2004,0.2263,v0,clip_vit_b32_image
5926,/mnt/d/Photos/Z8/180-600mm/2025/2025-10-05/DSC_2949.NEF,,3,Green,neutral,neutral,0.5856,0.6824,0.8776,0.2566,0.558,0.5785,0.6094,0.0035,0.0076,0.0197,-0.0106,0.0023,0.0032,0.0044,detailed,noisy,0.2049,0.2148,0.2117,0.1992,0.2006,0.2033,0.2284,0.2014,0.2072,0.192,0.2098,0.1982,0.2001,0.224,v0,clip_vit_b32_image
5929,/mnt/d/Photos/Z8/180-600mm/2025/2025-10-05/DSC_2954.NEF,680,3,Green,pick,neutral,0.6482,0.7532,0.8527,0.4369,0.6481,0.617,0.6841,0.0061,0.0112,0.0176,-0.0025,0.0061,0.0048,0.0077,good dynamic range,noisy,0.2151,0.2277,0.217,0.2117,0.2151,0.214,0.2514,0.209,0.2165,0.1995,0.2142,0.209,0.2092,0.2436,v0,clip_vit_b32_image
5874,/mnt/d/Photos/Z8/180-600mm/2025/2025-10-05/DSC_2790.NEF,13691,3,Green,pick,neutral,0.6017,0.5215,0.6713,0.6655,0.5366,0.8926,0.3101,0.0041,0.0009,0.0071,0.0069,0.0015,0.0212,-0.008,well focused,out of focus,0.2255,0.2328,0.2234,0.2278,0.2201,0.2362,0.2558,0.2213,0.2319,0.2162,0.2209,0.2186,0.215,0.2638,v0,clip_vit_b32_image
5884,/mnt/d/Photos/Z8/180-600mm/2025/2025-10-05/DSC_2800.NEF,13691,3,Green,pick,neutral,0.4936,0.4658,0.6972,0.4534,0.528,0.8284,0.3764,-0.0003,-0.0014,0.0083,-0.0019,0.0011,0.0157,-0.0051,well focused,out of focus,0.2136,0.2236,0.2116,0.2159,0.212,0.2237,0.2557,0.2139,0.225,0.2032,0.2178,0.2109,0.208,0.2608,v0,clip_vit_b32_image
5864,/mnt/d/Photos/Z8/180-600mm/2025/2025-10-05/DSC_2774.NEF,,3,Green,neutral,neutral,0.555,0.4625,0.7188,0.4644,0.5381,0.8317,0.4979,0.0022,-0.0015,0.0094,-0.0014,0.0015,0.016,-0.0001,good dynamic range,out of focus,0.2186,0.2236,0.2171,0.2156,0.2176,0.2266,0.2468,0.2164,0.2251,0.2077,0.217,0.216,0.2107,0.2468,v0,clip_vit_b32_image
5862,/mnt/d/Photos/Z8/180-600mm/2025/2025-10-05/DSC_2772.NEF,,3,Yellow,neutral,neutral,0.5324,0.3014,0.7095,0.5868,0.6021,0.8421,0.5196,0.0013,-0.0084,0.0089,0.0035,0.0041,0.0167,0.0008,well focused,out of focus,0.2244,0.2296,0.2217,0.223,0.2225,0.2298,0.2532,0.2231,0.238,0.2128,0.2195,0.2183,0.213,0.2524,v0,clip_vit_b32_image
5866,/mnt/d/Photos/Z8/180-600mm/2025/2025-10-05/DSC_2781.NEF,,3,Green,neutral,neutral,0.5014,0.3169,0.7114,0.7175,0.5454,0.7954,0.4254,0.0001,-0.0077,0.009,0.0093,0.0018,0.0136,-0.003,good dynamic range,out of focus,0.2277,0.2322,0.2254,0.2329,0.2242,0.2309,0.2544,0.2277,0.2399,0.2164,0.2236,0.2224,0.2174,0.2574,v0,clip_vit_b32_image
5871,/mnt/d/Photos/Z8/180-600mm/2025/2025-10-05/DSC_2786.NEF,,3,Green,neutral,neutral,0.5993,0.4494,0.7619,0.5822,0.609,0.8619,0.42,0.004,-0.002,0.0116,0.0033,0.0044,0.0183,-0.0032,well focused,out of focus,0.2174,0.2247,0.2137,0.2164,0.213,0.2227,0.2523,0.2133,0.2268,0.2021,0.2131,0.2085,0.2044,0.2555,v0,clip_vit_b32_image
5888,/mnt/d/Photos/Z8/180-600mm/2025/2025-10-05/DSC_2804.NEF,13692,3,Green,pick,neutral,0.6635,0.6052,0.7513,0.5735,0.5947,0.835,0.6456,0.0068,0.0043,0.0111,0.003,0.0038,0.0162,0.006,good dynamic range,out of focus,0.2134,0.2207,0.2082,0.2131,0.2091,0.2186,0.2494,0.2066,0.2165,0.1971,0.2102,0.2053,0.2024,0.2434,v0,clip_vit_b32_image
5893,/mnt/d/Photos/Z8/180-600mm/2025/2025-10-05/DSC_2827.NEF,,3,Green,neutral,neutral,0.4479,0.4064,0.7607,0.2043,0.388,0.5447,0.4413,-0.0021,-0.0038,0.0116,-0.0136,-0.0046,0.0018,-0.0024,good dynamic range,out of focus,0.2081,0.2143,0.2138,0.2025,0.2025,0.2088,0.2293,0.2102,0.218,0.2022,0.2161,0.2071,0.207,0.2317,v0,clip_vit_b32_image
5896,/mnt/d/Photos/Z8/180-600mm/2025/2025-10-05/DSC_2873.NEF,13693,3,Green,neutral,neutral,0.6227,0.6918,0.8471,0.4541,0.6689,0.5719,0.6904,0.005,0.0081,0.0171,-0.0018,0.007,0.0029,0.008,detailed,out of focus,0.2201,0.2266,0.2172,0.2121,0.2257,0.2141,0.247,0.2151,0.2185,0.2001,0.214,0.2187,0.2112,0.239,v0,clip_vit_b32_image
5899,/mnt/d/Photos/Z8/180-600mm/2025/2025-10-05/DSC_2876.NEF,13694,3,Green,pick,neutral,0.5994,0.6765,0.811,0.3849,0.635,0.5263,0.6143,0.004,0.0074,0.0146,-0.0047,0.0055,0.0011,0.0047,detailed,out of focus,0.2168,0.2235,0.2139,0.2089,0.2214,0.2107,0.2479,0.2127,0.2161,0.1994,0.2136,0.2159,0.2097,0.2432,v0,clip_vit_b32_image
5898,/mnt/d/Photos/Z8/180-600mm/2025/2025-10-05/DSC_2875.NEF,13694,3,Green,pick,neutral,0.6362,0.6863,0.8527,0.3579,0.6403,0.5776,0.6893,0.0056,0.0078,0.0176,-0.0058,0.0058,0.0031,0.008,well focused,technically flawed,0.2171,0.2232,0.2135,0.2074,0.2213,0.211,0.2443,0.2115,0.2153,0.196,0.2132,0.2156,0.2078,0.2364,v0,clip_vit_b32_image
5914,/mnt/d/Photos/Z8/180-600mm/2025/2025-10-05/DSC_2927.NEF,13695,4,Green,neutral,picked,0.6097,0.7213,0.8736,0.3023,0.4741,0.6203,0.6053,0.0045,0.0095,0.0193,-0.0084,-0.001,0.0049,0.0043,good dynamic range,noisy,0.2036,0.2123,0.2118,0.1983,0.1985,0.2069,0.2276,0.1991,0.2028,0.1925,0.2066,0.1996,0.202,0.2234,v0,clip_vit_b32_image
5916,/mnt/d/Photos/Z8/180-600mm/2025/2025-10-05/DSC_2930.NEF,13696,4,Green,pick,picked,0.6138,0.6903,0.8374,0.2933,0.5583,0.6097,0.6515,0.0046,0.008,0.0164,-0.0088,0.0023,0.0045,0.0063,good dynamic range,noisy,0.2041,0.2128,0.2095,0.1979,0.1993,0.2047,0.2286,0.1994,0.2047,0.1931,0.2067,0.1969,0.2002,0.2224,v0,clip_vit_b32_image
5920,/mnt/d/Photos/Z8/180-600mm/2025/2025-10-05/DSC_2934.NEF,13696,4,Green,neutral,picked,0.6266,0.6894,0.8645,0.3181,0.6051,0.5984,0.6931,0.0052,0.008,0.0185,-0.0076,0.0043,0.004,0.0081,good dynamic range,noisy,0.2054,0.2142,0.2101,0.1999,0.2044,0.2042,0.2304,0.2002,0.2062,0.1916,0.2075,0.2001,0.2002,0.2223,v0,clip_vit_b32_image
5918,/mnt/d/Photos/Z8/180-600mm/2025/2025-10-05/DSC_2932.NEF,13697,4,Green,pick,picked,0.6063,0.7148,0.8564,0.3016,0.5626,0.5547,0.6315,0.0043,0.0092,0.0179,-0.0084,0.0025,0.0022,0.0054,good dynamic range,noisy,0.2011,0.2106,0.2085,0.1964,0.198,0.2011,0.2232,0.1968,0.2014,0.1906,0.2047,0.1955,0.1989,0.2178,v0,clip_vit_b32_image
5928,/mnt/d/Photos/Z8/180-600mm/2025/2025-10-05/DSC_2953.NEF,13698,3,Green,pick,neutral,0.5293,0.5999,0.8412,0.2909,0.4968,0.4779,0.5188,0.0012,0.0041,0.0167,-0.0089,-0.0001,-0.0009,0.0008,detailed,out of focus,0.2042,0.215,0.2101,0.2,0.2022,0.2025,0.2417,0.203,0.2109,0.1934,0.2089,0.2023,0.2034,0.241,v0,clip_vit_b32_image
5900,/mnt/d/Photos/Z8/180-600mm/2025/2025-10-05/DSC_2879.NEF,13693,3,Green,neutral,neutral,0.6106,0.7185,0.8387,0.442,0.657,0.5335,0.7231,0.0045,0.0094,0.0165,-0.0023,0.0065,0.0013,0.0096,detailed,technically flawed,0.2146,0.2215,0.2136,0.2092,0.2192,0.2076,0.2381,0.2101,0.2121,0.1971,0.2115,0.2127,0.2063,0.2285,v0,clip_vit_b32_image
5922,/mnt/d/Photos/Z8/180-600mm/2025/2025-10-05/DSC_2936.NEF,,4,Green,neutral,picked,0.6139,0.7418,0.8638,0.3035,0.5295,0.5391,0.6238,0.0046,0.0106,0.0185,-0.0083,0.0012,0.0016,0.0051,good dynamic range,noisy,0.2024,0.2122,0.208,0.1962,0.2003,0.2033,0.2275,0.1978,0.2017,0.1896,0.2045,0.1991,0.2017,0.2225,v0,clip_vit_b32_image
5910,/mnt/d/Photos/Z8/180-600mm/2025/2025-10-05/DSC_2919.NEF,,3,Green,neutral,neutral,0.4962,0.4222,0.8198,0.2447,0.5008,0.508,0.5962,-0.0002,-0.0031,0.0152,-0.0113,0.0,0.0003,0.0039,good dynamic range,out of focus,0.2051,0.2102,0.2076,0.1986,0.2017,0.2029,0.2265,0.2052,0.2134,0.1925,0.2098,0.2016,0.2026,0.2226,v0,clip_vit_b32_image
5908,/mnt/d/Photos/Z8/180-600mm/2025/2025-10-05/DSC_2915.NEF,694,3,Green,pick,neutral,0.5986,0.7058,0.8448,0.2529,0.5022,0.4903,0.669,0.004,0.0087,0.0169,-0.0108,0.0001,-0.0004,0.007,detailed,noisy,0.1996,0.208,0.2065,0.1928,0.1955,0.1981,0.2239,0.1956,0.1992,0.1895,0.2036,0.1954,0.1985,0.2169,v0,clip_vit_b32_image
5912,/mnt/d/Photos/Z8/180-600mm/2025/2025-10-05/DSC_2923.NEF,,3,Green,neutral,neutral,0.5011,0.5317,0.8118,0.2397,0.4811,0.5249,0.5523,0.0,0.0013,0.0146,-0.0115,-0.0008,0.001,0.0021,good dynamic range,out of focus,0.2003,0.2077,0.2064,0.195,0.1954,0.2006,0.2223,0.2003,0.2064,0.1918,0.2065,0.1962,0.1996,0.2202,v0,clip_vit_b32_image
5902,/mnt/d/Photos/Z8/180-600mm/2025/2025-10-05/DSC_2900.NEF,696,3,Green,pick,neutral,0.4986,0.5685,0.8434,0.2231,0.5129,0.5225,0.502,-0.0001,0.0028,0.0168,-0.0125,0.0005,0.0009,0.0001,good dynamic range,noisy,0.1999,0.2076,0.205,0.1936,0.1982,0.1998,0.2229,0.1999,0.2049,0.1882,0.2061,0.1977,0.1989,0.2228,v0,clip_vit_b32_image
5904,/mnt/d/Photos/Z8/180-600mm/2025/2025-10-05/DSC_2905.NEF,696,3,Green,reject,neutral,0.5148,0.6141,0.8569,0.1756,0.5065,0.4788,0.5186,0.0006,0.0046,0.0179,-0.0155,0.0003,-0.0008,0.0007,detailed,noisy,0.1971,0.2053,0.202,0.1902,0.1938,0.1956,0.2194,0.1965,0.2007,0.1841,0.2057,0.1936,0.1964,0.2187,v0,clip_vit_b32_image
5892,/mnt/d/Photos/Z8/180-600mm/2025/2025-10-05/DSC_2817.NEF,,3,Green,neutral,neutral,0.4502,0.629,0.6859,0.2302,0.3884,0.6087,0.2834,-0.002,0.0053,0.0078,-0.0121,-0.0045,0.0044,-0.0093,well focused,noisy,0.2057,0.2164,0.2103,0.2063,0.2047,0.2064,0.2497,0.2077,0.2111,0.2025,0.2184,0.2092,0.202,0.259,v0,clip_vit_b32_image
5886,/mnt/d/Photos/Z8/180-600mm/2025/2025-10-05/DSC_2802.NEF,,3,Green,neutral,neutral,0.5837,0.5292,0.6736,0.6001,0.5433,0.8583,0.6108,0.0034,0.0012,0.0072,0.0041,0.0017,0.018,0.0045,well focused,out of focus,0.2161,0.2256,0.2096,0.2169,0.2121,0.2237,0.2574,0.2127,0.2244,0.2023,0.2128,0.2104,0.2057,0.2529,v0,clip_vit_b32_image
5878,/mnt/d/Photos/Z8/180-600mm/2025/2025-10-05/DSC_2794.NEF,,3,Green,neutral,neutral,0.5777,0.4744,0.7411,0.5395,0.6031,0.8223,0.4716,0.0031,-0.001,0.0105,0.0016,0.0042,0.0153,-0.0011,well focused,out of focus,0.2214,0.2286,0.2173,0.219,0.2216,0.2276,0.2547,0.2182,0.2296,0.2068,0.2174,0.2174,0.2123,0.2558,v0,clip_vit_b32_image
5882,/mnt/d/Photos/Z8/180-600mm/2025/2025-10-05/DSC_2798.NEF,710,3,Yellow,pick,neutral,0.5149,0.3377,0.4997,0.6532,0.4894,0.8215,0.3336,0.0006,-0.0067,-0.0,0.0063,-0.0004,0.0153,-0.0069,natural colors,out of focus,0.2285,0.2343,0.2249,0.2307,0.2217,0.2337,0.2586,0.2279,0.241,0.2249,0.2244,0.2221,0.2184,0.2656,v0,clip_vit_b32_image
5890,/mnt/d/Photos/Z8/180-600mm/2025/2025-10-05/DSC_2808.NEF,,3,Yellow,neutral,neutral,0.5531,0.4461,0.7364,0.4433,0.4953,0.8127,0.3513,0.0021,-0.0022,0.0103,-0.0023,-0.0002,0.0147,-0.0061,good dynamic range,out of focus,0.2231,0.231,0.2212,0.2202,0.2185,0.2284,0.2591,0.221,0.2331,0.211,0.2224,0.2187,0.2137,0.2652,v0,clip_vit_b32_image
5863,/mnt/d/Photos/Z8/180-600mm/2025/2025-10-05/DSC_2773.NEF,,3,Yellow,neutral,neutral,0.5998,0.3745,0.7534,0.5262,0.5584,0.8746,0.383,0.004,-0.0051,0.0112,0.001,0.0023,0.0194,-0.0048,good dynamic range,out of focus,0.2223,0.2276,0.2243,0.2226,0.2195,0.234,0.2526,0.2183,0.2327,0.2132,0.2215,0.2172,0.2145,0.2573,v0,clip_vit_b32_image
5880,/mnt/d/Photos/Z8/180-600mm/2025/2025-10-05/DSC_2796.NEF,13689,3,Green,pick,neutral,0.5297,0.4662,0.6582,0.4013,0.5182,0.831,0.3984,0.0012,-0.0014,0.0066,-0.004,0.0007,0.0159,-0.0041,natural colors,out of focus,0.2173,0.225,0.2142,0.2153,0.2137,0.2251,0.2508,0.2161,0.2263,0.2076,0.2193,0.2129,0.2092,0.2549,v0,clip_vit_b32_image
5872,/mnt/d/Photos/Z8/180-600mm/2025/2025-10-05/DSC_2787.NEF,,3,Yellow,neutral,neutral,0.5437,0.443,0.755,0.5182,0.5185,0.7989,0.4069,0.0018,-0.0023,0.0113,0.0007,0.0007,0.0138,-0.0038,good dynamic range,out of focus,0.2196,0.2267,0.219,0.2172,0.2151,0.2231,0.254,0.2178,0.229,0.2078,0.2165,0.2143,0.2093,0.2578,v0,clip_vit_b32_image
6469,/mnt/d/Photos/Z6ii/28-400mm/2025/2025-08-31/DSC_4307.NEF,17463,3,Green,pick,neutral,0.5228,0.5829,0.6654,0.2376,0.5253,0.7724,0.5957,0.0009,0.0033,0.0069,-0.0117,0.001,0.0122,0.0039,good dynamic range,noisy,0.2244,0.2211,0.2231,0.2186,0.2221,0.2268,0.2432,0.2234,0.2177,0.2162,0.2303,0.2211,0.2146,0.2393,v0,clip_vit_b32_image
6468,/mnt/d/Photos/Z6ii/28-400mm/2025/2025-08-31/DSC_4304.NEF,17463,3,Green,pick,neutral,0.5748,0.7138,0.6831,0.2442,0.5952,0.76,0.7128,0.003,0.0091,0.0077,-0.0113,0.0039,0.0115,0.0091,good dynamic range,noisy,0.2246,0.2201,0.2264,0.2173,0.2236,0.2257,0.2475,0.2216,0.211,0.2187,0.2286,0.2198,0.2142,0.2384,v0,clip_vit_b32_image
6475,/mnt/d/Photos/Z6ii/28-400mm/2025/2025-08-31/DSC_4326.NEF,,2,Yellow,neutral,rejected,0.4652,0.5324,0.6725,0.4093,0.3567,0.5105,0.4279,-0.0014,0.0013,0.0072,-0.0037,-0.0059,0.0004,-0.0029,good dynamic range,out of focus,0.2312,0.2358,0.2317,0.228,0.2338,0.2323,0.2516,0.2326,0.2345,0.2245,0.2316,0.2397,0.2318,0.2545,v0,clip_vit_b32_image
6477,/mnt/d/Photos/Z6ii/28-400mm/2025/2025-08-31/DSC_4328.NEF,17464,3,Green,neutral,neutral,0.38,0.6236,0.5377,0.1801,0.3673,0.5858,0.301,-0.0049,0.005,0.0015,-0.0152,-0.0054,0.0035,-0.0084,good dynamic range,noisy,0.2207,0.2247,0.2181,0.2157,0.2207,0.2223,0.2542,0.2255,0.2196,0.2165,0.2308,0.2262,0.2188,0.2626,v0,clip_vit_b32_image
6474,/mnt/d/Photos/Z6ii/28-400mm/2025/2025-08-31/DSC_4318.NEF,,3,Green,neutral,neutral,0.3821,0.5086,0.6158,0.1741,0.4803,0.6797,0.4588,-0.0048,0.0003,0.0047,-0.0156,-0.0008,0.0075,-0.0017,good dynamic range,noisy,0.2219,0.2239,0.2149,0.2171,0.2259,0.2251,0.2544,0.2267,0.2235,0.2102,0.2326,0.2267,0.2176,0.256,v0,clip_vit_b32_image
6476,/mnt/d/Photos/Z6ii/28-400mm/2025/2025-08-31/DSC_4327.NEF,,3,Green,neutral,neutral,0.6295,0.7008,0.8276,0.2892,0.2622,0.6337,0.2275,0.0053,0.0085,0.0157,-0.009,-0.0103,0.0055,-0.0122,natural colors,noisy,0.2151,0.2197,0.2261,0.2121,0.208,0.2185,0.2456,0.2098,0.2112,0.2104,0.2211,0.2183,0.2131,0.2578,v0,clip_vit_b32_image
6470,/mnt/d/Photos/Z6ii/28-400mm/2025/2025-08-31/DSC_4309.NEF,,3,Green,neutral,neutral,0.6121,0.6726,0.6569,0.3561,0.6028,0.7722,0.6479,0.0046,0.0072,0.0065,-0.0059,0.0042,0.0122,0.0061,good dynamic range,noisy,0.226,0.2208,0.2197,0.2208,0.2249,0.2283,0.2482,0.2214,0.2136,0.2132,0.2267,0.2207,0.2161,0.2421,v0,clip_vit_b32_image
6472,/mnt/d/Photos/Z6ii/28-400mm/2025/2025-08-31/DSC_4315.NEF,445,3,Green,pick,neutral,0.4073,0.5991,0.6859,0.1497,0.5058,0.6874,0.4447,-0.0038,0.004,0.0078,-0.0174,0.0002,0.0079,-0.0022,good dynamic range,noisy,0.2117,0.2185,0.2075,0.2075,0.2146,0.216,0.2549,0.2154,0.2144,0.1997,0.2249,0.2143,0.2081,0.2572,v0,clip_vit_b32_image
6467,/mnt/d/Photos/Z6ii/28-400mm/2025/2025-08-31/DSC_4303.NEF,17463,3,Green,pick,neutral,0.5711,0.7209,0.7391,0.1711,0.6743,0.7878,0.7014,0.0029,0.0095,0.0104,-0.0158,0.0073,0.0131,0.0085,good dynamic range,noisy,0.2217,0.2188,0.22,0.2144,0.2261,0.2256,0.2538,0.2188,0.2093,0.2096,0.2302,0.2188,0.2125,0.2452,v0,clip_vit_b32_image
6473,/mnt/d/Photos/Z6ii/28-400mm/2025/2025-08-31/DSC_4316.NEF,445,3,Green,pick,neutral,0.5097,0.7211,0.7392,0.1617,0.5799,0.6939,0.6241,0.0004,0.0095,0.0104,-0.0165,0.0032,0.0082,0.0051,good dynamic range,noisy,0.211,0.2142,0.2039,0.2052,0.2145,0.2124,0.252,0.2106,0.2047,0.1934,0.2216,0.2112,0.2042,0.2469,v0,clip_vit_b32_image
6478,/mnt/d/Photos/Z6ii/28-400mm/2025/2025-08-31/DSC_4329.NEF,17465,2,Green,pick,rejected,0.4127,0.668,0.4873,0.1995,0.3031,0.4288,0.3395,-0.0035,0.007,-0.0005,-0.0139,-0.0083,-0.0029,-0.0067,good dynamic range,noisy,0.2199,0.2233,0.2194,0.2137,0.2152,0.2184,0.2425,0.2234,0.2163,0.2199,0.2276,0.2235,0.2213,0.2492,v0,clip_vit_b32_image
6557,/mnt/d/Photos/Z6ii/28-400mm/2025/2025-08-31/DSC_4441.NEF,,3,Green,neutral,neutral,0.468,0.4415,0.7082,0.3445,0.4699,0.5621,0.4534,-0.0013,-0.0024,0.0089,-0.0064,-0.0012,0.0025,-0.0019,a photo with strong subject separation,misfocused,0.2107,0.214,0.2082,0.2084,0.2151,0.2131,0.2414,0.212,0.2164,0.1993,0.2148,0.2163,0.2106,0.2432,v0,clip_vit_b32_image
6489,/mnt/d/Photos/Z6ii/28-400mm/2025/2025-08-31/DSC_4345.NEF,440,3,Green,pick,neutral,0.2973,0.4951,0.4611,0.1391,0.3687,0.5079,0.1789,-0.0086,-0.0002,-0.0016,-0.0182,-0.0054,0.0003,-0.0152,good dynamic range,noisy,0.215,0.2205,0.2104,0.2108,0.2168,0.2148,0.2546,0.2236,0.2207,0.212,0.229,0.2222,0.2145,0.2699,v0,clip_vit_b32_image
6529,/mnt/d/Photos/Z6ii/28-400mm/2025/2025-08-31/DSC_4398.NEF,,3,Green,neutral,neutral,0.4042,0.4213,0.6378,0.2468,0.4476,0.4186,0.3938,-0.0039,-0.0032,0.0057,-0.0112,-0.0021,-0.0033,-0.0043,good dynamic range,out of focus,0.2111,0.2132,0.2049,0.2075,0.2162,0.208,0.245,0.215,0.2164,0.1993,0.2186,0.2183,0.2112,0.2493,v0,clip_vit_b32_image
6523,/mnt/d/Photos/Z6ii/28-400mm/2025/2025-08-31/DSC_4391.NEF,419,3,Green,pick,neutral,0.3599,0.3113,0.637,0.3244,0.3924,0.4903,0.2027,-0.0058,-0.0079,0.0056,-0.0073,-0.0044,-0.0004,-0.0137,good dynamic range,out of focus,0.2192,0.2208,0.2126,0.2181,0.2231,0.2187,0.2487,0.225,0.2287,0.2069,0.2255,0.2275,0.2191,0.2624,v0,clip_vit_b32_image
6487,/mnt/d/Photos/Z6ii/28-400mm/2025/2025-08-31/DSC_4343.NEF,17464,2,Green,neutral,rejected,0.2869,0.5038,0.487,0.1241,0.3812,0.6008,0.211,-0.0091,0.0002,-0.0005,-0.0195,-0.0048,0.0041,-0.0132,good dynamic range,underexposed,0.2136,0.2184,0.2109,0.2095,0.2171,0.2157,0.2538,0.2227,0.2182,0.2114,0.229,0.222,0.2116,0.267,v0,clip_vit_b32_image
6545,/mnt/d/Photos/Z6ii/28-400mm/2025/2025-08-31/DSC_4428.NEF,17472,3,Green,pick,neutral,0.5207,0.6046,0.745,0.2369,0.5098,0.4487,0.5652,0.0008,0.0042,0.0107,-0.0117,0.0004,-0.0021,0.0026,detailed,out of focus,0.2047,0.2095,0.2018,0.1992,0.2112,0.202,0.2358,0.2039,0.2052,0.1911,0.2109,0.2108,0.2041,0.2332,v0,clip_vit_b32_image
6499,/mnt/d/Photos/Z6ii/28-400mm/2025/2025-08-31/DSC_4358.NEF,437,3,Green,neutral,neutral,0.2876,0.6019,0.5634,0.0788,0.3927,0.5073,0.1368,-0.0091,0.0041,0.0025,-0.0246,-0.0044,0.0003,-0.0184,a photo with strong subject separation,noisy,0.2133,0.2214,0.2145,0.2084,0.2171,0.2157,0.2542,0.2224,0.2173,0.2119,0.233,0.2215,0.2154,0.2726,v0,clip_vit_b32_image
6555,/mnt/d/Photos/Z6ii/28-400mm/2025/2025-08-31/DSC_4439.NEF,400,3,Green,neutral,neutral,0.408,0.41,0.6451,0.285,0.421,0.4103,0.3555,-0.0037,-0.0036,0.006,-0.0092,-0.0032,-0.0036,-0.006,well focused,out of focus,0.2048,0.2068,0.1989,0.2006,0.2093,0.2037,0.2332,0.2085,0.2105,0.1929,0.2098,0.2124,0.2073,0.2391,v0,clip_vit_b32_image
6537,/mnt/d/Photos/Z6ii/28-400mm/2025/2025-08-31/DSC_4411.NEF,410,3,Green,pick,neutral,0.4386,0.5457,0.807,0.2025,0.4065,0.5182,0.3417,-0.0025,0.0018,0.0143,-0.0137,-0.0038,0.0007,-0.0066,well focused,out of focus,0.2053,0.2136,0.2073,0.2031,0.2081,0.2066,0.2394,0.2078,0.2117,0.193,0.2168,0.2119,0.2059,0.2459,v0,clip_vit_b32_image
6507,/mnt/d/Photos/Z6ii/28-400mm/2025/2025-08-31/DSC_4366.NEF,,3,Green,neutral,neutral,0.4735,0.564,0.7772,0.2138,0.4349,0.5799,0.3526,-0.0011,0.0026,0.0125,-0.013,-0.0026,0.0032,-0.0061,natural colors,out of focus,0.2122,0.2169,0.2141,0.2071,0.2182,0.2166,0.2386,0.2132,0.2143,0.2016,0.2202,0.2208,0.2134,0.2447,v0,clip_vit_b32_image
6503,/mnt/d/Photos/Z6ii/28-400mm/2025/2025-08-31/DSC_4362.NEF,435,2,Yellow,neutral,rejected,0.6859,0.8823,0.8805,0.4977,0.4005,0.7981,0.3966,0.0078,0.0201,0.02,-0.0001,-0.004,0.0137,-0.0042,crisp details,out of focus,0.2189,0.2362,0.2266,0.2148,0.2103,0.2212,0.2109,0.2111,0.2161,0.2067,0.2149,0.2143,0.2075,0.2151,v0,clip_vit_b32_image
6483,/mnt/d/Photos/Z6ii/28-400mm/2025/2025-08-31/DSC_4338.NEF,17464,3,Green,neutral,neutral,0.3536,0.6193,0.4583,0.1688,0.3207,0.5006,0.2633,-0.006,0.0049,-0.0017,-0.0159,-0.0075,0.0,-0.0103,good dynamic range,underexposed,0.2202,0.223,0.2177,0.2142,0.2176,0.2192,0.2525,0.2262,0.2182,0.2193,0.2302,0.2251,0.2192,0.2628,v0,clip_vit_b32_image
6558,/mnt/d/Photos/Z6ii/28-400mm/2025/2025-08-31/DSC_4442.NEF,,3,Green,neutral,neutral,0.5185,0.5288,0.7093,0.4213,0.557,0.5788,0.5208,0.0007,0.0012,0.0089,-0.0032,0.0023,0.0032,0.0008,well focused,out of focus,0.211,0.215,0.2069,0.2083,0.2179,0.2134,0.2448,0.2103,0.2138,0.198,0.2114,0.2156,0.2103,0.244,v0,clip_vit_b32_image
6556,/mnt/d/Photos/Z6ii/28-400mm/2025/2025-08-31/DSC_4440.NEF,,3,Green,neutral,neutral,0.424,0.3503,0.6981,0.3276,0.4324,0.5226,0.3397,-0.0031,-0.0062,0.0084,-0.0072,-0.0027,0.0009,-0.0066,good dynamic range,out of focus,0.2069,0.2082,0.2051,0.205,0.2095,0.209,0.2306,0.21,0.2144,0.1968,0.2122,0.2122,0.2081,0.2373,v0,clip_vit_b32_image
6554,/mnt/d/Photos/Z6ii/28-400mm/2025/2025-08-31/DSC_4438.NEF,400,2,Yellow,neutral,rejected,0.4078,0.3608,0.7259,0.2777,0.453,0.5136,0.3856,-0.0037,-0.0057,0.0097,-0.0096,-0.0019,0.0005,-0.0047,detailed,out of focus,0.215,0.2201,0.2144,0.2123,0.219,0.2151,0.2435,0.2188,0.2258,0.2047,0.2219,0.2209,0.2146,0.2482,v0,clip_vit_b32_image
6552,/mnt/d/Photos/Z6ii/28-400mm/2025/2025-08-31/DSC_4435.NEF,17473,3,Green,pick,neutral,0.5208,0.5269,0.7988,0.394,0.505,0.6079,0.4871,0.0008,0.0011,0.0138,-0.0043,0.0002,0.0044,-0.0005,a photo with strong subject separation,misfocused,0.2156,0.2206,0.2169,0.2135,0.2197,0.2181,0.2465,0.2148,0.2195,0.2031,0.2178,0.2195,0.2137,0.247,v0,clip_vit_b32_image
6550,/mnt/d/Photos/Z6ii/28-400mm/2025/2025-08-31/DSC_4433.NEF,,3,Green,neutral,neutral,0.5021,0.6017,0.718,0.2881,0.4922,0.4437,0.4646,0.0001,0.0041,0.0093,-0.009,-0.0003,-0.0023,-0.0014,well focused,misfocused,0.2044,0.2093,0.1989,0.198,0.2102,0.2028,0.235,0.2043,0.2052,0.1895,0.207,0.2105,0.2051,0.2364,v0,clip_vit_b32_image
6548,/mnt/d/Photos/Z6ii/28-400mm/2025/2025-08-31/DSC_4431.NEF,,3,Green,neutral,neutral,0.4868,0.5965,0.6977,0.3412,0.4615,0.5121,0.5046,-0.0005,0.0039,0.0084,-0.0066,-0.0015,0.0005,0.0002,good dynamic range,out of focus,0.2079,0.2129,0.1996,0.2067,0.2122,0.2083,0.2408,0.2084,0.209,0.1913,0.2133,0.2138,0.2078,0.2406,v0,clip_vit_b32_image
6544,/mnt/d/Photos/Z6ii/28-400mm/2025/2025-08-31/DSC_4425.NEF,17472,3,Green,pick,neutral,0.5306,0.6231,0.7594,0.2852,0.4588,0.488,0.4387,0.0012,0.005,0.0115,-0.0092,-0.0017,-0.0005,-0.0025,detailed,out of focus,0.2037,0.2086,0.2021,0.1997,0.2072,0.2034,0.2368,0.2025,0.2036,0.1906,0.2089,0.2089,0.2039,0.2393,v0,clip_vit_b32_image
6542,/mnt/d/Photos/Z6ii/28-400mm/2025/2025-08-31/DSC_4423.NEF,17471,2,Yellow,pick,rejected,0.3695,0.5558,0.625,0.1457,0.4509,0.5403,0.4422,-0.0053,0.0022,0.0051,-0.0177,-0.002,0.0016,-0.0023,well focused,out of focus,0.2066,0.2143,0.2027,0.2022,0.21,0.2061,0.2431,0.2119,0.212,0.1976,0.2199,0.212,0.2045,0.2454,v0,clip_vit_b32_image
6540,/mnt/d/Photos/Z6ii/28-400mm/2025/2025-08-31/DSC_4421.NEF,,2,Yellow,neutral,rejected,0.3802,0.6697,0.648,0.1558,0.455,0.4627,0.5986,-0.0049,0.0071,0.0061,-0.0169,-0.0018,-0.0015,0.004,good dynamic range,noisy,0.2088,0.2178,0.2074,0.2052,0.2126,0.2092,0.2457,0.2137,0.2107,0.2013,0.2221,0.2144,0.2106,0.2417,v0,clip_vit_b32_image
6538,/mnt/d/Photos/Z6ii/28-400mm/2025/2025-08-31/DSC_4412.NEF,410,3,Green,pick,neutral,0.5046,0.5107,0.8341,0.3686,0.4194,0.5749,0.4061,0.0002,0.0004,0.0162,-0.0054,-0.0033,0.003,-0.0038,natural colors,out of focus,0.2147,0.2224,0.2175,0.2146,0.2193,0.2174,0.2508,0.2145,0.222,0.2014,0.22,0.2226,0.2144,0.2546,v0,clip_vit_b32_image
6536,/mnt/d/Photos/Z6ii/28-400mm/2025/2025-08-31/DSC_4408.NEF,,3,Green,neutral,neutral,0.4422,0.4754,0.7401,0.2305,0.4243,0.5471,0.3522,-0.0023,-0.001,0.0105,-0.0121,-0.0031,0.0019,-0.0061,good dynamic range,out of focus,0.2101,0.2147,0.2083,0.2057,0.215,0.212,0.2406,0.2124,0.2157,0.1979,0.2177,0.2181,0.2101,0.2467,v0,clip_vit_b32_image
6534,/mnt/d/Photos/Z6ii/28-400mm/2025/2025-08-31/DSC_4405.NEF,410,3,Green,neutral,neutral,0.4148,0.4383,0.6908,0.282,0.4563,0.4568,0.4289,-0.0034,-0.0025,0.008,-0.0093,-0.0018,-0.0017,-0.0029,good dynamic range,misfocused,0.2097,0.2109,0.2041,0.2044,0.2185,0.2081,0.2329,0.2131,0.2134,0.1961,0.2137,0.2202,0.2098,0.2357,v0,clip_vit_b32_image
6532,/mnt/d/Photos/Z6ii/28-400mm/2025/2025-08-31/DSC_4403.NEF,17470,3,Green,pick,neutral,0.3977,0.4998,0.6729,0.236,0.4454,0.4652,0.3942,-0.0042,-0.0,0.0072,-0.0117,-0.0022,-0.0014,-0.0043,well focused,out of focus,0.2074,0.2116,0.2029,0.2015,0.214,0.2059,0.2402,0.2116,0.2116,0.1957,0.2133,0.2162,0.2072,0.2445,v0,clip_vit_b32_image
6530,/mnt/d/Photos/Z6ii/28-400mm/2025/2025-08-31/DSC_4399.NEF,,3,Green,neutral,neutral,0.4768,0.5457,0.6963,0.3407,0.4749,0.4909,0.4128,-0.0009,0.0018,0.0083,-0.0066,-0.001,-0.0004,-0.0035,good dynamic range,out of focus,0.2094,0.2129,0.203,0.2067,0.2138,0.2093,0.2393,0.2103,0.2111,0.1947,0.2134,0.2148,0.2096,0.2428,v0,clip_vit_b32_image
6528,/mnt/d/Photos/Z6ii/28-400mm/2025/2025-08-31/DSC_4396.NEF,,3,Green,neutral,neutral,0.5279,0.609,0.7077,0.3074,0.5178,0.4918,0.4727,0.0011,0.0044,0.0088,-0.0081,0.0007,-0.0003,-0.0011,good dynamic range,out of focus,0.2082,0.2136,0.2026,0.2038,0.2137,0.206,0.2406,0.2071,0.2092,0.1938,0.2119,0.213,0.2063,0.2417,v0,clip_vit_b32_image
6526,/mnt/d/Photos/Z6ii/28-400mm/2025/2025-08-31/DSC_4394.NEF,,3,Green,neutral,neutral,0.4739,0.5034,0.6894,0.3792,0.4479,0.5194,0.3813,-0.001,0.0001,0.008,-0.0049,-0.0021,0.0008,-0.0048,good dynamic range,out of focus,0.21,0.2123,0.2049,0.2073,0.2149,0.21,0.2372,0.2111,0.2122,0.1969,0.2122,0.217,0.2093,0.242,v0,clip_vit_b32_image
6524,/mnt/d/Photos/Z6ii/28-400mm/2025/2025-08-31/DSC_4392.NEF,419,3,Green,pick,neutral,0.4114,0.3648,0.6358,0.2558,0.4256,0.432,0.3618,-0.0036,-0.0055,0.0056,-0.0107,-0.003,-0.0027,-0.0057,good dynamic range,out of focus,0.2161,0.215,0.2118,0.2117,0.2198,0.214,0.2408,0.2197,0.2205,0.2062,0.2224,0.2228,0.2167,0.2465,v0,clip_vit_b32_image
6522,/mnt/d/Photos/Z6ii/28-400mm/2025/2025-08-31/DSC_4390.NEF,419,3,Green,pick,neutral,0.472,0.43,0.6805,0.3359,0.4833,0.541,0.3382,-0.0011,-0.0028,0.0076,-0.0068,-0.0007,0.0016,-0.0067,good dynamic range,out of focus,0.2145,0.2147,0.2074,0.2107,0.219,0.2141,0.2442,0.2156,0.2175,0.1998,0.2175,0.2197,0.2125,0.251,v0,clip_vit_b32_image
6520,/mnt/d/Photos/Z6ii/28-400mm/2025/2025-08-31/DSC_4386.NEF,17469,3,Green,neutral,neutral,0.4517,0.4973,0.7462,0.217,0.4627,0.5125,0.4229,-0.0019,-0.0001,0.0108,-0.0128,-0.0015,0.0005,-0.0031,good dynamic range,out of focus,0.2112,0.2146,0.2073,0.2064,0.2163,0.211,0.2423,0.2131,0.2147,0.1965,0.2193,0.2178,0.2105,0.2454,v0,clip_vit_b32_image
6518,/mnt/d/Photos/Z6ii/28-400mm/2025/2025-08-31/DSC_4382.NEF,420,3,Green,pick,neutral,0.4537,0.6054,0.7775,0.254,0.466,0.5221,0.4383,-0.0019,0.0043,0.0125,-0.0108,-0.0014,0.0009,-0.0025,well focused,out of focus,0.2033,0.2097,0.2017,0.2005,0.2087,0.204,0.2375,0.2052,0.2054,0.1892,0.2112,0.2101,0.2031,0.24,v0,clip_vit_b32_image
6514,/mnt/d/Photos/Z6ii/28-400mm/2025/2025-08-31/DSC_4373.NEF,,2,Yellow,neutral,rejected,0.3874,0.3701,0.78,0.1936,0.3532,0.579,0.1994,-0.0046,-0.0053,0.0127,-0.0143,-0.006,0.0032,-0.0139,natural colors,out of focus,0.2129,0.2194,0.2196,0.2097,0.215,0.2157,0.2483,0.2175,0.2247,0.207,0.224,0.2211,0.2125,0.2622,v0,clip_vit_b32_image
6516,/mnt/d/Photos/Z6ii/28-400mm/2025/2025-08-31/DSC_4377.NEF,,2,Yellow,neutral,rejected,0.3801,0.3125,0.5527,0.2751,0.348,0.4557,0.4364,-0.0049,-0.0079,0.0021,-0.0097,-0.0063,-0.0018,-0.0026,good dynamic range,misfocused,0.204,0.1994,0.2011,0.1977,0.2054,0.1993,0.2193,0.2089,0.2073,0.199,0.2074,0.2117,0.2011,0.2218,v0,clip_vit_b32_image
6510,/mnt/d/Photos/Z6ii/28-400mm/2025/2025-08-31/DSC_4369.NEF,,2,Yellow,neutral,rejected,0.354,0.3912,0.695,0.2217,0.302,0.3737,0.333,-0.006,-0.0044,0.0082,-0.0126,-0.0084,-0.0052,-0.0069,detailed,technically flawed,0.2063,0.2067,0.2105,0.2034,0.207,0.2043,0.2318,0.2124,0.2111,0.2023,0.216,0.2154,0.2095,0.2387,v0,clip_vit_b32_image
6512,/mnt/d/Photos/Z6ii/28-400mm/2025/2025-08-31/DSC_4371.NEF,,2,Yellow,neutral,rejected,0.3353,0.2861,0.7449,0.2755,0.2873,0.4226,0.1718,-0.0068,-0.0091,0.0107,-0.0097,-0.0091,-0.0031,-0.0157,a photo with strong subject separation,out of focus,0.2125,0.2121,0.2176,0.2098,0.2132,0.2101,0.2352,0.2193,0.2213,0.2069,0.2194,0.2223,0.2132,0.251,v0,clip_vit_b32_image
6508,/mnt/d/Photos/Z6ii/28-400mm/2025/2025-08-31/DSC_4367.NEF,,3,Green,neutral,neutral,0.4873,0.673,0.7963,0.1934,0.4229,0.5996,0.3846,-0.0005,0.0072,0.0136,-0.0143,-0.0031,0.004,-0.0047,natural colors,technically flawed,0.2102,0.2185,0.216,0.2041,0.2155,0.2142,0.2443,0.2107,0.2113,0.2024,0.2184,0.2186,0.2101,0.249,v0,clip_vit_b32_image
6506,/mnt/d/Photos/Z6ii/28-400mm/2025/2025-08-31/DSC_4365.NEF,,3,Green,neutral,neutral,0.4622,0.5565,0.778,0.2285,0.3671,0.6024,0.4367,-0.0015,0.0023,0.0125,-0.0122,-0.0054,0.0042,-0.0025,natural colors,out of focus,0.2069,0.2133,0.2093,0.2045,0.2074,0.2095,0.2391,0.2084,0.211,0.1968,0.2166,0.2128,0.2053,0.2416,v0,clip_vit_b32_image
6504,/mnt/d/Photos/Z6ii/28-400mm/2025/2025-08-31/DSC_4363.NEF,,2,Yellow,neutral,rejected,0.581,0.735,0.8655,0.3679,0.3384,0.6895,0.4708,0.0033,0.0102,0.0186,-0.0054,-0.0067,0.008,-0.0012,natural colors,out of focus,0.2168,0.2293,0.2161,0.2155,0.2085,0.2197,0.2227,0.2135,0.2191,0.1975,0.2209,0.2152,0.2117,0.2239,v0,clip_vit_b32_image
6502,/mnt/d/Photos/Z6ii/28-400mm/2025/2025-08-31/DSC_4361.NEF,435,2,Yellow,neutral,rejected,0.7414,0.9137,0.865,0.6231,0.5201,0.8227,0.5047,0.0105,0.0236,0.0186,0.005,0.0008,0.0153,0.0002,crisp details,out of focus,0.22,0.233,0.2194,0.2151,0.2085,0.2197,0.1959,0.2095,0.2094,0.2009,0.2101,0.2077,0.2043,0.1957,v0,clip_vit_b32_image
6498,/mnt/d/Photos/Z6ii/28-400mm/2025/2025-08-31/DSC_4357.NEF,,3,Green,neutral,neutral,0.4004,0.3751,0.6738,0.1942,0.3254,0.7188,0.1101,-0.004,-0.0051,0.0073,-0.0142,-0.0073,0.0094,-0.0209,natural colors,out of focus,0.2246,0.2306,0.2244,0.2173,0.2161,0.2273,0.2486,0.2286,0.2357,0.2171,0.2316,0.2234,0.2179,0.2695,v0,clip_vit_b32_image
6496,/mnt/d/Photos/Z6ii/28-400mm/2025/2025-08-31/DSC_4355.NEF,17467,3,Green,neutral,neutral,0.4355,0.5256,0.7597,0.1009,0.5322,0.5595,0.187,-0.0026,0.001,0.0115,-0.0219,0.0013,0.0024,-0.0147,well focused,noisy,0.2074,0.2159,0.209,0.1982,0.2091,0.2069,0.2475,0.21,0.2149,0.1975,0.2201,0.2078,0.2045,0.2622,v0,clip_vit_b32_image
6492,/mnt/d/Photos/Z6ii/28-400mm/2025/2025-08-31/DSC_4351.NEF,17467,3,Green,neutral,neutral,0.4786,0.5827,0.7537,0.1112,0.5048,0.6649,0.1773,-0.0009,0.0033,0.0112,-0.0208,0.0002,0.0069,-0.0153,well focused,noisy,0.2106,0.221,0.2117,0.2021,0.2124,0.2146,0.2524,0.2115,0.2177,0.2005,0.2229,0.2122,0.2077,0.2677,v0,clip_vit_b32_image
6490,/mnt/d/Photos/Z6ii/28-400mm/2025/2025-08-31/DSC_4348.NEF,17464,2,Yellow,neutral,rejected,0.2467,0.3878,0.4735,0.1213,0.3823,0.5335,0.1624,-0.0112,-0.0046,-0.0011,-0.0198,-0.0048,0.0013,-0.0164,well focused,out of focus,0.2095,0.216,0.2049,0.2067,0.2143,0.2122,0.2492,0.2207,0.2206,0.2059,0.2265,0.2191,0.2108,0.2656,v0,clip_vit_b32_image
6486,/mnt/d/Photos/Z6ii/28-400mm/2025/2025-08-31/DSC_4342.NEF,441,2,Yellow,neutral,rejected,0.3097,0.2905,0.5781,0.19,0.2273,0.4178,0.0913,-0.008,-0.0089,0.0031,-0.0145,-0.0122,-0.0033,-0.023,natural colors,out of focus,0.224,0.2261,0.2291,0.223,0.2239,0.2253,0.2534,0.232,0.235,0.226,0.2375,0.2362,0.2287,0.2764,v0,clip_vit_b32_image
6488,/mnt/d/Photos/Z6ii/28-400mm/2025/2025-08-31/DSC_4344.NEF,440,3,Green,pick,neutral,0.3709,0.5574,0.5422,0.2218,0.3538,0.548,0.225,-0.0053,0.0023,0.0017,-0.0126,-0.006,0.0019,-0.0124,good dynamic range,noisy,0.2193,0.2241,0.2151,0.2154,0.2182,0.218,0.2567,0.2245,0.2218,0.2134,0.228,0.2242,0.2161,0.2691,v0,clip_vit_b32_image
6484,/mnt/d/Photos/Z6ii/28-400mm/2025/2025-08-31/DSC_4339.NEF,17466,2,Yellow,neutral,rejected,0.3339,0.6016,0.4297,0.1532,0.384,0.5193,0.2945,-0.0069,0.0041,-0.0028,-0.0171,-0.0047,0.0008,-0.0087,good dynamic range,underexposed,0.2195,0.222,0.2156,0.2142,0.221,0.2182,0.2516,0.2264,0.2179,0.2184,0.2313,0.2258,0.2174,0.2604,v0,clip_vit_b32_image
6482,/mnt/d/Photos/Z6ii/28-400mm/2025/2025-08-31/DSC_4337.NEF,17465,2,Green,pick,rejected,0.397,0.6741,0.5292,0.1252,0.3837,0.5098,0.3365,-0.0042,0.0073,0.0012,-0.0194,-0.0047,0.0004,-0.0068,good dynamic range,noisy,0.218,0.222,0.2176,0.2112,0.2194,0.2175,0.2537,0.2222,0.2147,0.2165,0.2306,0.2242,0.2171,0.2605,v0,clip_vit_b32_image
6479,/mnt/d/Photos/Z6ii/28-400mm/2025/2025-08-31/DSC_4330.NEF,17465,3,Green,pick,neutral,0.3887,0.6724,0.5656,0.1692,0.3319,0.5381,0.3104,-0.0045,0.0072,0.0026,-0.0159,-0.007,0.0015,-0.008,a photo with strong subject separation,noisy,0.2173,0.2222,0.2167,0.2127,0.2171,0.2191,0.2511,0.2218,0.215,0.214,0.2286,0.2241,0.2176,0.2591,v0,clip_vit_b32_image
6481,/mnt/d/Photos/Z6ii/28-400mm/2025/2025-08-31/DSC_4336.NEF,17465,2,Green,pick,rejected,0.2746,0.5293,0.4599,0.1123,0.3778,0.5569,0.2405,-0.0097,0.0012,-0.0016,-0.0207,-0.005,0.0023,-0.0115,a photo with strong subject separation,underexposed,0.2102,0.2138,0.2063,0.2045,0.2144,0.2107,0.2525,0.2199,0.2126,0.2079,0.2252,0.2193,0.2084,0.264,v0,clip_vit_b32_image
6480,/mnt/d/Photos/Z6ii/28-400mm/2025/2025-08-31/DSC_4331.NEF,17466,2,Green,neutral,rejected,0.4172,0.6563,0.5523,0.1913,0.3128,0.4595,0.3324,-0.0033,0.0065,0.0021,-0.0144,-0.0079,-0.0016,-0.007,good dynamic range,noisy,0.2202,0.222,0.22,0.2133,0.215,0.218,0.245,0.2236,0.2155,0.2179,0.2277,0.2229,0.2196,0.252,v0,clip_vit_b32_image
6491,/mnt/d/Photos/Z6ii/28-400mm/2025/2025-08-31/DSC_4350.NEF,,2,Yellow,neutral,rejected,0.3229,0.5617,0.5724,0.1343,0.4479,0.6002,0.2185,-0.0074,0.0025,0.0029,-0.0186,-0.0021,0.0041,-0.0127,a photo with strong subject separation,noisy,0.2205,0.2287,0.2194,0.2177,0.2249,0.2229,0.2615,0.2279,0.2263,0.2165,0.2364,0.227,0.2189,0.2743,v0,clip_vit_b32_image
6485,/mnt/d/Photos/Z6ii/28-400mm/2025/2025-08-31/DSC_4341.NEF,441,2,Yellow,neutral,rejected,0.3179,0.3357,0.6922,0.1355,0.1904,0.4516,0.0882,-0.0076,-0.0068,0.0081,-0.0185,-0.0145,-0.0019,-0.0234,a photo with strong subject separation,out of focus,0.2166,0.2207,0.223,0.2094,0.2145,0.2176,0.2438,0.2242,0.2276,0.2149,0.2279,0.229,0.2196,0.2672,v0,clip_vit_b32_image
6494,/mnt/d/Photos/Z6ii/28-400mm/2025/2025-08-31/DSC_4353.NEF,17467,3,Green,neutral,neutral,0.3693,0.4514,0.7286,0.0801,0.4158,0.5692,0.1073,-0.0054,-0.002,0.0099,-0.0244,-0.0034,0.0028,-0.0212,detailed,out of focus,0.2075,0.2176,0.2104,0.2003,0.2071,0.2103,0.2477,0.2128,0.2196,0.2006,0.2247,0.2105,0.2075,0.2689,v0,clip_vit_b32_image
6493,/mnt/d/Photos/Z6ii/28-400mm/2025/2025-08-31/DSC_4352.NEF,17468,3,Green,pick,neutral,0.4029,0.4744,0.7711,0.1117,0.4296,0.6509,0.1128,-0.0039,-0.001,0.0121,-0.0207,-0.0028,0.0062,-0.0206,a photo with strong subject separation,out of focus,0.2124,0.2238,0.2162,0.2077,0.2128,0.2177,0.2546,0.2163,0.2249,0.204,0.2284,0.2156,0.2115,0.2752,v0,clip_vit_b32_image
6495,/mnt/d/Photos/Z6ii/28-400mm/2025/2025-08-31/DSC_4354.NEF,17468,3,Green,pick,neutral,0.3725,0.4339,0.7412,0.0996,0.4278,0.6239,0.1151,-0.0052,-0.0027,0.0105,-0.022,-0.0029,0.0051,-0.0204,natural colors,out of focus,0.2083,0.2184,0.2112,0.2037,0.2081,0.2127,0.2497,0.2135,0.221,0.2007,0.2257,0.211,0.2077,0.2701,v0,clip_vit_b32_image
6497,/mnt/d/Photos/Z6ii/28-400mm/2025/2025-08-31/DSC_4356.NEF,17468,3,Green,pick,neutral,0.438,0.4446,0.7767,0.1308,0.5004,0.6555,0.1645,-0.0025,-0.0022,0.0125,-0.0189,0.0,0.0064,-0.0162,well focused,out of focus,0.2102,0.2179,0.2116,0.203,0.2106,0.2129,0.2516,0.2127,0.2201,0.1991,0.2219,0.2106,0.2065,0.2679,v0,clip_vit_b32_image
6509,/mnt/d/Photos/Z6ii/28-400mm/2025/2025-08-31/DSC_4368.NEF,,3,Green,neutral,neutral,0.5299,0.6969,0.8194,0.261,0.4769,0.5822,0.3735,0.0012,0.0083,0.0151,-0.0104,-0.0009,0.0033,-0.0052,natural colors,technically flawed,0.208,0.2138,0.2103,0.2028,0.2126,0.211,0.2403,0.2068,0.2055,0.1952,0.2132,0.2136,0.2077,0.2454,v0,clip_vit_b32_image
6501,/mnt/d/Photos/Z6ii/28-400mm/2025/2025-08-31/DSC_4360.NEF,,2,Yellow,neutral,rejected,0.359,0.6321,0.4543,0.2262,0.4376,0.5483,0.2782,-0.0058,0.0054,-0.0018,-0.0123,-0.0025,0.0019,-0.0095,balanced contrast,underexposed,0.2273,0.2323,0.223,0.2261,0.2298,0.2287,0.2658,0.2331,0.2269,0.2248,0.2384,0.2323,0.2268,0.2753,v0,clip_vit_b32_image
6505,/mnt/d/Photos/Z6ii/28-400mm/2025/2025-08-31/DSC_4364.NEF,,2,Yellow,neutral,rejected,0.6147,0.7377,0.8733,0.4475,0.2789,0.6847,0.5343,0.0047,0.0103,0.0193,-0.0021,-0.0095,0.0078,0.0014,crisp details,out of focus,0.2184,0.2316,0.2151,0.2185,0.2093,0.2216,0.2279,0.2137,0.2212,0.1958,0.2206,0.2188,0.2139,0.2265,v0,clip_vit_b32_image
6513,/mnt/d/Photos/Z6ii/28-400mm/2025/2025-08-31/DSC_4372.NEF,,2,Yellow,neutral,rejected,0.445,0.5373,0.8484,0.2226,0.3963,0.5952,0.3475,-0.0022,0.0015,0.0172,-0.0125,-0.0042,0.0039,-0.0063,natural colors,out of focus,0.2078,0.2157,0.2135,0.205,0.2104,0.2107,0.2428,0.21,0.2142,0.1963,0.2175,0.2146,0.2068,0.2491,v0,clip_vit_b32_image
6511,/mnt/d/Photos/Z6ii/28-400mm/2025/2025-08-31/DSC_4370.NEF,,2,Yellow,neutral,rejected,0.3803,0.4242,0.7509,0.2047,0.3497,0.5085,0.3009,-0.0049,-0.0031,0.011,-0.0136,-0.0062,0.0003,-0.0084,well focused,out of focus,0.2107,0.2159,0.2128,0.2075,0.2144,0.2108,0.2451,0.2155,0.2189,0.2017,0.2211,0.2206,0.2105,0.2535,v0,clip_vit_b32_image
6517,/mnt/d/Photos/Z6ii/28-400mm/2025/2025-08-31/DSC_4380.NEF,,2,Yellow,neutral,rejected,0.416,0.5539,0.6685,0.1955,0.4395,0.5253,0.4152,-0.0034,0.0022,0.007,-0.0141,-0.0024,0.001,-0.0034,well focused,out of focus,0.2058,0.2109,0.201,0.2008,0.211,0.2059,0.2406,0.2091,0.2088,0.194,0.2149,0.2134,0.2049,0.244,v0,clip_vit_b32_image
6521,/mnt/d/Photos/Z6ii/28-400mm/2025/2025-08-31/DSC_4389.NEF,413,3,Green,pick,neutral,0.3972,0.4298,0.7441,0.2267,0.4088,0.503,0.3005,-0.0042,-0.0028,0.0107,-0.0123,-0.0037,0.0001,-0.0085,good dynamic range,out of focus,0.2073,0.212,0.2056,0.2039,0.2103,0.2077,0.2374,0.2114,0.2148,0.1949,0.2162,0.214,0.2076,0.2458,v0,clip_vit_b32_image
6525,/mnt/d/Photos/Z6ii/28-400mm/2025/2025-08-31/DSC_4393.NEF,413,3,Green,pick,neutral,0.4089,0.4698,0.6699,0.2749,0.4308,0.4757,0.3054,-0.0037,-0.0012,0.0071,-0.0097,-0.0028,-0.001,-0.0082,good dynamic range,out of focus,0.208,0.2123,0.2039,0.2048,0.2123,0.2083,0.2404,0.2116,0.2135,0.1968,0.2145,0.2151,0.2093,0.2486,v0,clip_vit_b32_image
6535,/mnt/d/Photos/Z6ii/28-400mm/2025/2025-08-31/DSC_4407.NEF,,3,Green,neutral,neutral,0.3704,0.3561,0.7388,0.2077,0.3726,0.5276,0.3195,-0.0053,-0.0059,0.0104,-0.0134,-0.0052,0.0011,-0.0076,good dynamic range,out of focus,0.2101,0.2141,0.2094,0.2065,0.2128,0.2103,0.2372,0.2154,0.22,0.199,0.2199,0.218,0.2092,0.2448,v0,clip_vit_b32_image
6527,/mnt/d/Photos/Z6ii/28-400mm/2025/2025-08-31/DSC_4395.NEF,,2,Yellow,neutral,rejected,0.4238,0.3912,0.62,0.2521,0.432,0.4618,0.4117,-0.0031,-0.0044,0.0049,-0.0109,-0.0027,-0.0015,-0.0036,well focused,misfocused,0.2033,0.2017,0.1993,0.1958,0.2059,0.1989,0.2272,0.2063,0.2062,0.1944,0.2067,0.2087,0.2005,0.2307,v0,clip_vit_b32_image
6533,/mnt/d/Photos/Z6ii/28-400mm/2025/2025-08-31/DSC_4404.NEF,17470,3,Green,pick,neutral,0.4149,0.3646,0.6928,0.364,0.4352,0.5153,0.3295,-0.0034,-0.0056,0.0081,-0.0056,-0.0026,0.0006,-0.0071,good dynamic range,out of focus,0.2137,0.2136,0.2081,0.2107,0.218,0.2128,0.2366,0.2171,0.2191,0.2,0.2163,0.2206,0.2122,0.2437,v0,clip_vit_b32_image
6539,/mnt/d/Photos/Z6ii/28-400mm/2025/2025-08-31/DSC_4417.NEF,,3,Yellow,neutral,neutral,0.4735,0.6051,0.7369,0.1961,0.4463,0.458,0.5235,-0.0011,0.0043,0.0103,-0.0141,-0.0022,-0.0017,0.0009,good dynamic range,noisy,0.202,0.2067,0.2013,0.1964,0.2052,0.2004,0.2349,0.2031,0.2024,0.191,0.2105,0.2074,0.2021,0.2339,v0,clip_vit_b32_image
6541,/mnt/d/Photos/Z6ii/28-400mm/2025/2025-08-31/DSC_4422.NEF,,2,Yellow,neutral,rejected,0.3652,0.5756,0.621,0.156,0.4446,0.5136,0.5408,-0.0055,0.003,0.0049,-0.0169,-0.0022,0.0005,0.0016,good dynamic range,out of focus,0.2089,0.2171,0.2042,0.2056,0.2124,0.2083,0.2467,0.2144,0.214,0.1993,0.2225,0.2146,0.2078,0.2451,v0,clip_vit_b32_image
6543,/mnt/d/Photos/Z6ii/28-400mm/2025/2025-08-31/DSC_4424.NEF,17471,2,Yellow,pick,rejected,0.3565,0.4935,0.6501,0.1439,0.4909,0.4435,0.4985,-0.0059,-0.0003,0.0062,-0.0178,-0.0004,-0.0023,-0.0001,well focused,noisy,0.2047,0.2109,0.2016,0.1996,0.2086,0.2016,0.2388,0.2106,0.2112,0.1954,0.2174,0.209,0.2039,0.2389,v0,clip_vit_b32_image
6547,/mnt/d/Photos/Z6ii/28-400mm/2025/2025-08-31/DSC_4430.NEF,,3,Green,neutral,neutral,0.5216,0.5329,0.7253,0.3063,0.4574,0.5455,0.49,0.0009,0.0013,0.0097,-0.0082,-0.0017,0.0018,-0.0004,good dynamic range,out of focus,0.2017,0.2051,0.1983,0.1986,0.2042,0.2027,0.2365,0.2009,0.2038,0.1886,0.2067,0.2059,0.2009,0.2369,v0,clip_vit_b32_image
6553,/mnt/d/Photos/Z6ii/28-400mm/2025/2025-08-31/DSC_4437.NEF,,3,Green,neutral,neutral,0.5221,0.6039,0.7693,0.3481,0.5537,0.5321,0.5866,0.0009,0.0042,0.012,-0.0063,0.0022,0.0013,0.0035,good dynamic range,technically flawed,0.2136,0.2167,0.2115,0.2092,0.2205,0.2127,0.243,0.2127,0.2125,0.1994,0.2154,0.2184,0.2114,0.2395,v0,clip_vit_b32_image
6551,/mnt/d/Photos/Z6ii/28-400mm/2025/2025-08-31/DSC_4434.NEF,17473,3,Green,pick,neutral,0.4672,0.4738,0.7453,0.3576,0.5414,0.5617,0.4711,-0.0013,-0.0011,0.0107,-0.0059,0.0017,0.0025,-0.0012,well focused,out of focus,0.2133,0.2197,0.2107,0.2116,0.2186,0.2149,0.2458,0.2147,0.2207,0.1999,0.2175,0.217,0.2124,0.247,v0,clip_vit_b32_image
6559,/mnt/d/Photos/Z6ii/28-400mm/2025/2025-08-31/DSC_4443.NEF,395,3,Green,pick,neutral,0.4898,0.4968,0.6629,0.381,0.4819,0.6016,0.5721,-0.0004,-0.0001,0.0068,-0.0049,-0.0007,0.0041,0.0029,well focused,out of focus,0.2126,0.2155,0.2073,0.211,0.2167,0.2147,0.243,0.213,0.2156,0.2005,0.2158,0.2174,0.2106,0.2401,v0,clip_vit_b32_image
6531,/mnt/d/Photos/Z6ii/28-400mm/2025/2025-08-31/DSC_4400.NEF,17469,3,Green,neutral,neutral,0.424,0.5509,0.6829,0.2089,0.4035,0.4896,0.4139,-0.0031,0.002,0.0077,-0.0133,-0.0039,-0.0004,-0.0035,good dynamic range,out of focus,0.2027,0.2085,0.1978,0.1992,0.2069,0.2037,0.236,0.2058,0.2064,0.1901,0.2125,0.2108,0.2042,0.2395,v0,clip_vit_b32_image
6549,/mnt/d/Photos/Z6ii/28-400mm/2025/2025-08-31/DSC_4432.NEF,17472,3,Green,neutral,neutral,0.604,0.7261,0.8112,0.4445,0.5168,0.6248,0.5852,0.0042,0.0098,0.0146,-0.0022,0.0007,0.0051,0.0034,good dynamic range,noisy,0.2108,0.2186,0.2061,0.2112,0.2141,0.2132,0.246,0.2066,0.2089,0.1915,0.2134,0.2134,0.2081,0.2426,v0,clip_vit_b32_image
6571,/mnt/d/Photos/Z6ii/28-400mm/2025/2025-08-31/DSC_4455.NEF,17474,3,Green,pick,neutral,0.4688,0.4899,0.7398,0.2723,0.3786,0.5308,0.5021,-0.0012,-0.0004,0.0105,-0.0098,-0.005,0.0012,0.0001,good dynamic range,out of focus,0.2062,0.2106,0.2034,0.2038,0.2088,0.2083,0.2369,0.2074,0.211,0.193,0.2137,0.2138,0.2071,0.2368,v0,clip_vit_b32_image
6627,/mnt/d/Photos/Z6ii/28-400mm/2025/2025-08-31/DSC_4544.NEF,,3,Green,neutral,neutral,0.5906,0.6982,0.8087,0.3035,0.5599,0.6962,0.6226,0.0037,0.0084,0.0144,-0.0083,0.0024,0.0083,0.005,well focused,noisy,0.2139,0.2211,0.209,0.2107,0.215,0.2152,0.2478,0.2103,0.2127,0.1946,0.219,0.2126,0.2069,0.2428,v0,clip_vit_b32_image
6579,/mnt/d/Photos/Z6ii/28-400mm/2025/2025-08-31/DSC_4476.NEF,386,3,Green,pick,neutral,0.5446,0.5739,0.8001,0.2588,0.52,0.5674,0.446,0.0018,0.003,0.0139,-0.0105,0.0008,0.0027,-0.0022,well focused,noisy,0.2087,0.2128,0.2056,0.2051,0.2147,0.2114,0.2418,0.2069,0.2098,0.1917,0.2156,0.2139,0.2087,0.244,v0,clip_vit_b32_image
6625,/mnt/d/Photos/Z6ii/28-400mm/2025/2025-08-31/DSC_4542.NEF,17486,3,Green,pick,neutral,0.6404,0.7295,0.7775,0.4533,0.5752,0.672,0.7011,0.0058,0.0099,0.0125,-0.0019,0.003,0.0072,0.0085,good dynamic range,technically flawed,0.222,0.2262,0.2155,0.2181,0.2228,0.2213,0.2481,0.2162,0.2163,0.203,0.2199,0.2198,0.2141,0.2396,v0,clip_vit_b32_image
6619,/mnt/d/Photos/Z6ii/28-400mm/2025/2025-08-31/DSC_4526.NEF,17484,2,Green,pick,rejected,0.4481,0.561,0.7938,0.2531,0.4311,0.5275,0.5583,-0.0021,0.0025,0.0135,-0.0108,-0.0028,0.0011,0.0023,good dynamic range,out of focus,0.2074,0.2158,0.207,0.2063,0.205,0.2051,0.2423,0.2095,0.2134,0.1935,0.2171,0.2078,0.204,0.2399,v0,clip_vit_b32_image
6611,/mnt/d/Photos/Z6ii/28-400mm/2025/2025-08-31/DSC_4517.NEF,17482,2,Yellow,reject,rejected,0.5533,0.6306,0.7619,0.4074,0.5697,0.6127,0.6752,0.0021,0.0053,0.0116,-0.0037,0.0028,0.0046,0.0073,good dynamic range,out of focus,0.2171,0.221,0.2088,0.2139,0.2209,0.217,0.2454,0.2149,0.2157,0.1972,0.2176,0.2181,0.2124,0.2381,v0,clip_vit_b32_image
6615,/mnt/d/Photos/Z6ii/28-400mm/2025/2025-08-31/DSC_4521.NEF,17482,2,Yellow,pick,rejected,0.4866,0.5098,0.7967,0.31,0.4976,0.5935,0.5428,-0.0005,0.0004,0.0137,-0.008,-0.0001,0.0038,0.0017,good dynamic range,out of focus,0.2173,0.2233,0.2168,0.2166,0.2166,0.2164,0.2501,0.2178,0.2229,0.2031,0.2246,0.2167,0.2126,0.2484,v0,clip_vit_b32_image
6613,/mnt/d/Photos/Z6ii/28-400mm/2025/2025-08-31/DSC_4519.NEF,17482,2,Yellow,pick,rejected,0.5141,0.4968,0.8016,0.3291,0.5007,0.6282,0.4923,0.0006,-0.0001,0.014,-0.0071,0.0,0.0052,-0.0003,good dynamic range,out of focus,0.2199,0.2229,0.2177,0.215,0.2204,0.2206,0.2451,0.2194,0.223,0.2037,0.2221,0.2204,0.2154,0.2454,v0,clip_vit_b32_image
6599,/mnt/d/Photos/Z6ii/28-400mm/2025/2025-08-31/DSC_4503.NEF,17480,2,Yellow,reject,rejected,0.5889,0.6886,0.7249,0.3875,0.5859,0.6833,0.7816,0.0036,0.0079,0.0097,-0.0046,0.0035,0.0077,0.0127,good dynamic range,misfocused,0.2152,0.2207,0.2086,0.211,0.2164,0.215,0.2477,0.2116,0.2127,0.1989,0.2155,0.2129,0.2073,0.2349,v0,clip_vit_b32_image
6603,/mnt/d/Photos/Z6ii/28-400mm/2025/2025-08-31/DSC_4508.NEF,17480,2,Yellow,reject,rejected,0.5777,0.646,0.718,0.4184,0.5837,0.6378,0.6753,0.0031,0.006,0.0093,-0.0033,0.0034,0.0057,0.0073,good dynamic range,misfocused,0.2177,0.2229,0.2113,0.2144,0.219,0.2181,0.251,0.2146,0.2169,0.2019,0.2177,0.2157,0.2125,0.2437,v0,clip_vit_b32_image
6605,/mnt/d/Photos/Z6ii/28-400mm/2025/2025-08-31/DSC_4510.NEF,17480,2,Yellow,reject,rejected,0.538,0.6092,0.6951,0.4243,0.569,0.633,0.72,0.0015,0.0044,0.0082,-0.0031,0.0028,0.0055,0.0094,good dynamic range,misfocused,0.2195,0.224,0.2106,0.2163,0.2213,0.2175,0.2515,0.218,0.2195,0.2023,0.2193,0.2185,0.2121,0.242,v0,clip_vit_b32_image
6607,/mnt/d/Photos/Z6ii/28-400mm/2025/2025-08-31/DSC_4512.NEF,17480,2,Yellow,reject,rejected,0.5909,0.6843,0.7541,0.3944,0.5826,0.6438,0.7322,0.0037,0.0077,0.0112,-0.0043,0.0033,0.0059,0.0101,well focused,out of focus,0.2152,0.2208,0.2088,0.2114,0.2172,0.213,0.2469,0.2115,0.2131,0.1976,0.2157,0.2139,0.2071,0.2368,v0,clip_vit_b32_image
6597,/mnt/d/Photos/Z6ii/28-400mm/2025/2025-08-31/DSC_4501.NEF,17479,2,Yellow,pick,rejected,0.5212,0.5489,0.7123,0.2932,0.5658,0.6373,0.6907,0.0008,0.002,0.0091,-0.0088,0.0026,0.0056,0.008,good dynamic range,out of focus,0.2167,0.2218,0.2126,0.2136,0.2177,0.2176,0.2486,0.2158,0.2198,0.2036,0.2224,0.2151,0.212,0.2406,v0,clip_vit_b32_image
6593,/mnt/d/Photos/Z6ii/28-400mm/2025/2025-08-31/DSC_4496.NEF,17477,2,Yellow,pick,rejected,0.5477,0.6572,0.7901,0.3111,0.554,0.6369,0.6817,0.0019,0.0065,0.0133,-0.0079,0.0022,0.0056,0.0076,good dynamic range,noisy,0.2119,0.2198,0.2069,0.2107,0.2124,0.2116,0.2473,0.21,0.2133,0.1936,0.2187,0.2102,0.206,0.2396,v0,clip_vit_b32_image
6589,/mnt/d/Photos/Z6ii/28-400mm/2025/2025-08-31/DSC_4492.NEF,17476,2,Yellow,pick,rejected,0.4596,0.4948,0.6948,0.3018,0.5054,0.6145,0.5656,-0.0016,-0.0002,0.0082,-0.0084,0.0002,0.0047,0.0026,good dynamic range,out of focus,0.2145,0.221,0.2081,0.2131,0.2137,0.2143,0.2506,0.2161,0.2212,0.1999,0.2214,0.2135,0.2096,0.2479,v0,clip_vit_b32_image
6591,/mnt/d/Photos/Z6ii/28-400mm/2025/2025-08-31/DSC_4494.NEF,17476,2,Yellow,pick,rejected,0.4719,0.5994,0.7313,0.3064,0.5216,0.6341,0.6472,-0.0011,0.004,0.01,-0.0082,0.0009,0.0055,0.0061,good dynamic range,out of focus,0.211,0.2186,0.2069,0.2096,0.2103,0.2106,0.2498,0.2121,0.2146,0.1969,0.2178,0.2094,0.2051,0.2437,v0,clip_vit_b32_image
6583,/mnt/d/Photos/Z6ii/28-400mm/2025/2025-08-31/DSC_4486.NEF,17475,3,Green,pick,neutral,0.5354,0.6769,0.7324,0.2392,0.5388,0.6113,0.657,0.0014,0.0074,0.0101,-0.0116,0.0016,0.0045,0.0065,good dynamic range,out of focus,0.2139,0.2229,0.209,0.2117,0.215,0.2156,0.2474,0.2125,0.2155,0.199,0.2233,0.2134,0.2111,0.2409,v0,clip_vit_b32_image
6585,/mnt/d/Photos/Z6ii/28-400mm/2025/2025-08-31/DSC_4488.NEF,,3,Green,neutral,neutral,0.4691,0.5789,0.6698,0.2074,0.4786,0.6265,0.5544,-0.0012,0.0032,0.0071,-0.0134,-0.0009,0.0052,0.0022,good dynamic range,out of focus,0.2119,0.2186,0.2076,0.2085,0.2133,0.2152,0.2484,0.2131,0.2154,0.2006,0.2219,0.2142,0.21,0.2462,v0,clip_vit_b32_image
6637,/mnt/d/Photos/Z6ii/28-400mm/2025/2025-08-31/DSC_4556.NEF,372,3,Green,neutral,neutral,0.5988,0.6471,0.7871,0.3313,0.5864,0.6778,0.7218,0.004,0.0061,0.0131,-0.007,0.0035,0.0074,0.0095,good dynamic range,noisy,0.2133,0.2173,0.2071,0.21,0.2152,0.2129,0.2436,0.2093,0.2112,0.194,0.217,0.2117,0.2055,0.234,v0,clip_vit_b32_image
6624,/mnt/d/Photos/Z6ii/28-400mm/2025/2025-08-31/DSC_4541.NEF,,3,Green,neutral,neutral,0.599,0.7307,0.7358,0.2798,0.5979,0.6026,0.7165,0.004,0.01,0.0102,-0.0095,0.004,0.0042,0.0093,good dynamic range,noisy,0.2122,0.2161,0.2055,0.2066,0.2153,0.2101,0.2412,0.2082,0.2061,0.1953,0.216,0.2114,0.2059,0.2319,v0,clip_vit_b32_image
6563,/mnt/d/Photos/Z6ii/28-400mm/2025/2025-08-31/DSC_4447.NEF,,2,Yellow,neutral,rejected,0.4629,0.4244,0.6848,0.3327,0.5059,0.5681,0.4983,-0.0015,-0.003,0.0078,-0.007,0.0002,0.0027,-0.0001,well focused,misfocused,0.2137,0.2166,0.2084,0.2094,0.2164,0.2132,0.2397,0.2152,0.2196,0.2006,0.2164,0.2162,0.2104,0.2397,v0,clip_vit_b32_image
6601,/mnt/d/Photos/Z6ii/28-400mm/2025/2025-08-31/DSC_4506.NEF,17480,2,Yellow,pick,rejected,0.5615,0.6321,0.7468,0.4575,0.5985,0.6398,0.7584,0.0025,0.0054,0.0108,-0.0017,0.004,0.0057,0.0114,good dynamic range,out of focus,0.2152,0.2199,0.2062,0.2126,0.2168,0.2126,0.247,0.2128,0.2145,0.1954,0.2143,0.2129,0.2069,0.2356,v0,clip_vit_b32_image
6638,/mnt/d/Photos/Z6ii/28-400mm/2025/2025-08-31/DSC_4557.NEF,17487,3,Green,pick,neutral,0.6281,0.7231,0.7933,0.3298,0.5665,0.6435,0.6717,0.0052,0.0096,0.0134,-0.0071,0.0027,0.0059,0.0072,detailed,technically flawed,0.2122,0.216,0.2075,0.2057,0.2138,0.2114,0.2405,0.207,0.2064,0.1941,0.2128,0.2111,0.2055,0.2334,v0,clip_vit_b32_image
6640,/mnt/d/Photos/Z6ii/28-400mm/2025/2025-08-31/DSC_4561.NEF,17486,3,Green,pick,neutral,0.6026,0.6588,0.7952,0.3617,0.5689,0.6185,0.6782,0.0042,0.0066,0.0136,-0.0057,0.0028,0.0048,0.0075,good dynamic range,technically flawed,0.217,0.2185,0.2106,0.2101,0.2185,0.2144,0.241,0.2129,0.2119,0.197,0.2157,0.2158,0.2096,0.2335,v0,clip_vit_b32_image
6636,/mnt/d/Photos/Z6ii/28-400mm/2025/2025-08-31/DSC_4555.NEF,17487,3,Green,pick,neutral,0.5915,0.6225,0.7887,0.3418,0.5239,0.6142,0.7361,0.0037,0.005,0.0132,-0.0066,0.001,0.0046,0.0103,detailed,technically flawed,0.2175,0.2183,0.2139,0.2122,0.2167,0.2155,0.2374,0.2138,0.2133,0.2007,0.2188,0.2157,0.2109,0.2272,v0,clip_vit_b32_image
6634,/mnt/d/Photos/Z6ii/28-400mm/2025/2025-08-31/DSC_4551.NEF,372,3,Green,neutral,neutral,0.5588,0.5747,0.7174,0.2978,0.5758,0.6663,0.7269,0.0024,0.003,0.0093,-0.0086,0.0031,0.0069,0.0098,good dynamic range,technically flawed,0.2182,0.2201,0.2107,0.213,0.2203,0.2169,0.2457,0.2159,0.2171,0.2014,0.2216,0.2172,0.21,0.2359,v0,clip_vit_b32_image
6632,/mnt/d/Photos/Z6ii/28-400mm/2025/2025-08-31/DSC_4549.NEF,17487,3,Green,pick,neutral,0.4556,0.4011,0.7389,0.2555,0.4706,0.6118,0.5143,-0.0018,-0.004,0.0104,-0.0107,-0.0012,0.0045,0.0006,good dynamic range,out of focus,0.2099,0.2112,0.2056,0.2049,0.2096,0.2106,0.2354,0.2117,0.2152,0.1952,0.2156,0.2108,0.206,0.2348,v0,clip_vit_b32_image
6630,/mnt/d/Photos/Z6ii/28-400mm/2025/2025-08-31/DSC_4547.NEF,17486,3,Green,reject,neutral,0.58,0.6831,0.8116,0.3072,0.5725,0.6142,0.5434,0.0032,0.0077,0.0146,-0.0081,0.0029,0.0047,0.0017,detailed,noisy,0.2143,0.2207,0.2123,0.2097,0.2177,0.2141,0.2436,0.2111,0.213,0.1977,0.2178,0.2148,0.2094,0.2419,v0,clip_vit_b32_image
6628,/mnt/d/Photos/Z6ii/28-400mm/2025/2025-08-31/DSC_4545.NEF,17486,3,Green,reject,neutral,0.4852,0.5271,0.758,0.2257,0.5045,0.6115,0.5265,-0.0006,0.0011,0.0114,-0.0123,0.0002,0.0045,0.0011,well focused,out of focus,0.2114,0.2163,0.2054,0.2064,0.2152,0.2129,0.2425,0.212,0.2152,0.194,0.2187,0.2151,0.2084,0.2414,v0,clip_vit_b32_image
6626,/mnt/d/Photos/Z6ii/28-400mm/2025/2025-08-31/DSC_4543.NEF,17486,3,Green,pick,neutral,0.6308,0.7078,0.7952,0.3647,0.5726,0.6463,0.6628,0.0054,0.0088,0.0136,-0.0055,0.0029,0.006,0.0068,detailed,noisy,0.2175,0.2204,0.2133,0.2123,0.2183,0.216,0.2423,0.2122,0.2116,0.1997,0.2179,0.2154,0.2099,0.2355,v0,clip_vit_b32_image
6622,/mnt/d/Photos/Z6ii/28-400mm/2025/2025-08-31/DSC_4536.NEF,17485,3,Green,pick,neutral,0.541,0.6426,0.7613,0.3317,0.5276,0.6449,0.6374,0.0016,0.0059,0.0116,-0.007,0.0011,0.006,0.0056,good dynamic range,noisy,0.2116,0.2167,0.2031,0.2098,0.2118,0.212,0.2413,0.2099,0.2109,0.1915,0.2168,0.2107,0.206,0.2357,v0,clip_vit_b32_image
6620,/mnt/d/Photos/Z6ii/28-400mm/2025/2025-08-31/DSC_4527.NEF,17485,3,Green,pick,neutral,0.5691,0.6263,0.828,0.4384,0.5255,0.599,0.614,0.0028,0.0052,0.0157,-0.0025,0.001,0.004,0.0046,good dynamic range,out of focus,0.2156,0.2209,0.2119,0.2149,0.2166,0.2148,0.2475,0.2128,0.2157,0.1962,0.2174,0.2156,0.2108,0.2428,v0,clip_vit_b32_image
6618,/mnt/d/Photos/Z6ii/28-400mm/2025/2025-08-31/DSC_4525.NEF,17484,2,Yellow,pick,rejected,0.5086,0.6132,0.7989,0.3382,0.4451,0.5728,0.5375,0.0003,0.0046,0.0138,-0.0067,-0.0022,0.0029,0.0015,detailed,out of focus,0.2159,0.2244,0.2166,0.2166,0.2144,0.2147,0.2487,0.2156,0.2198,0.2028,0.2233,0.2166,0.2117,0.2472,v0,clip_vit_b32_image
6614,/mnt/d/Photos/Z6ii/28-400mm/2025/2025-08-31/DSC_4520.NEF,17483,2,Yellow,pick,rejected,0.5429,0.5913,0.7461,0.3001,0.4929,0.6065,0.6383,0.0017,0.0037,0.0108,-0.0085,-0.0003,0.0043,0.0057,good dynamic range,misfocused,0.2135,0.2174,0.2082,0.2086,0.2139,0.2126,0.2422,0.2117,0.2137,0.1975,0.217,0.2141,0.2083,0.2365,v0,clip_vit_b32_image
6616,/mnt/d/Photos/Z6ii/28-400mm/2025/2025-08-31/DSC_4522.NEF,17482,2,Yellow,reject,rejected,0.5501,0.5533,0.7588,0.3755,0.5043,0.6486,0.5733,0.002,0.0021,0.0115,-0.0051,0.0002,0.0061,0.003,good dynamic range,misfocused,0.2163,0.2182,0.213,0.2128,0.2159,0.2165,0.2396,0.2143,0.216,0.2015,0.2179,0.2157,0.2104,0.2367,v0,clip_vit_b32_image
6612,/mnt/d/Photos/Z6ii/28-400mm/2025/2025-08-31/DSC_4518.NEF,17482,3,Green,pick,neutral,0.5246,0.6144,0.7697,0.3389,0.5229,0.5909,0.5918,0.001,0.0047,0.0121,-0.0067,0.0009,0.0037,0.0037,good dynamic range,misfocused,0.2152,0.2202,0.2093,0.2123,0.2157,0.2139,0.2442,0.2142,0.2156,0.1972,0.219,0.2147,0.2102,0.2404,v0,clip_vit_b32_image
6610,/mnt/d/Photos/Z6ii/28-400mm/2025/2025-08-31/DSC_4515.NEF,17479,2,Yellow,pick,rejected,0.6284,0.6701,0.7343,0.5159,0.6657,0.6562,0.795,0.0053,0.0071,0.0102,0.0006,0.0069,0.0065,0.0136,good dynamic range,technically flawed,0.2163,0.2177,0.2073,0.2107,0.2185,0.2128,0.2444,0.2111,0.2106,0.1972,0.2101,0.2116,0.2064,0.2308,v0,clip_vit_b32_image
6608,/mnt/d/Photos/Z6ii/28-400mm/2025/2025-08-31/DSC_4513.NEF,17481,2,Yellow,pick,rejected,0.6116,0.6909,0.7302,0.4843,0.6174,0.6508,0.7349,0.0045,0.008,0.01,-0.0006,0.0048,0.0062,0.0102,good dynamic range,out of focus,0.2191,0.2238,0.2107,0.2147,0.2204,0.2159,0.2497,0.2146,0.2157,0.2008,0.2153,0.2157,0.2096,0.2395,v0,clip_vit_b32_image
6606,/mnt/d/Photos/Z6ii/28-400mm/2025/2025-08-31/DSC_4511.NEF,17480,2,Yellow,reject,rejected,0.6843,0.7415,0.8065,0.5627,0.6461,0.6933,0.798,0.0077,0.0105,0.0143,0.0025,0.006,0.0082,0.0137,well focused,out of focus,0.2227,0.2268,0.2141,0.2188,0.2249,0.2214,0.2527,0.215,0.2162,0.1998,0.2163,0.2189,0.2132,0.2389,v0,clip_vit_b32_image
6604,/mnt/d/Photos/Z6ii/28-400mm/2025/2025-08-31/DSC_4509.NEF,17479,2,Yellow,reject,rejected,0.5926,0.6126,0.7284,0.4411,0.6473,0.6363,0.7373,0.0037,0.0046,0.0099,-0.0024,0.0061,0.0056,0.0103,good dynamic range,misfocused,0.218,0.2204,0.2077,0.2123,0.2209,0.2163,0.2499,0.2143,0.2158,0.1978,0.2147,0.2148,0.2107,0.2396,v0,clip_vit_b32_image
6602,/mnt/d/Photos/Z6ii/28-400mm/2025/2025-08-31/DSC_4507.NEF,17479,2,Yellow,pick,rejected,0.5862,0.6687,0.7753,0.4453,0.6164,0.632,0.7745,0.0035,0.007,0.0124,-0.0022,0.0047,0.0054,0.0123,good dynamic range,noisy,0.2169,0.2221,0.2085,0.2139,0.2197,0.2141,0.2454,0.2134,0.2151,0.1961,0.2161,0.215,0.2087,0.2331,v0,clip_vit_b32_image
6598,/mnt/d/Photos/Z6ii/28-400mm/2025/2025-08-31/DSC_4502.NEF,17480,3,Green,pick,neutral,0.6017,0.6628,0.7208,0.4007,0.6392,0.652,0.7473,0.0041,0.0068,0.0095,-0.004,0.0057,0.0063,0.0108,good dynamic range,technically flawed,0.2192,0.2222,0.2115,0.2131,0.2219,0.2166,0.249,0.2151,0.2154,0.202,0.2171,0.2161,0.2103,0.2382,v0,clip_vit_b32_image
6596,/mnt/d/Photos/Z6ii/28-400mm/2025/2025-08-31/DSC_4500.NEF,17478,3,Green,pick,neutral,0.6152,0.6586,0.7441,0.5144,0.4538,0.6489,0.5175,0.0047,0.0066,0.0107,0.0006,-0.0019,0.0061,0.0007,good dynamic range,misfocused,0.2227,0.2255,0.217,0.22,0.2195,0.223,0.2445,0.218,0.219,0.2064,0.2194,0.2214,0.2168,0.2438,v0,clip_vit_b32_image
6594,/mnt/d/Photos/Z6ii/28-400mm/2025/2025-08-31/DSC_4498.NEF,,2,Yellow,neutral,rejected,0.5281,0.6512,0.747,0.2916,0.5366,0.6268,0.7058,0.0011,0.0062,0.0108,-0.0089,0.0015,0.0052,0.0087,good dynamic range,out of focus,0.2149,0.2234,0.2106,0.2124,0.2156,0.2156,0.2479,0.2138,0.2171,0.1997,0.2212,0.2141,0.2104,0.2392,v0,clip_vit_b32_image
6592,/mnt/d/Photos/Z6ii/28-400mm/2025/2025-08-31/DSC_4495.NEF,17477,2,Yellow,pick,rejected,0.4798,0.5724,0.7527,0.2244,0.518,0.5757,0.6139,-0.0008,0.0029,0.0111,-0.0124,0.0007,0.0031,0.0046,good dynamic range,out of focus,0.21,0.2178,0.2078,0.2076,0.2101,0.2098,0.2454,0.2108,0.2149,0.1966,0.22,0.2094,0.2067,0.2408,v0,clip_vit_b32_image
6590,/mnt/d/Photos/Z6ii/28-400mm/2025/2025-08-31/DSC_4493.NEF,17476,2,Yellow,reject,rejected,0.558,0.7078,0.7552,0.3683,0.536,0.6063,0.6912,0.0023,0.0088,0.0113,-0.0054,0.0014,0.0043,0.0081,good dynamic range,noisy,0.2095,0.218,0.2043,0.208,0.2084,0.2083,0.2477,0.2072,0.2091,0.1931,0.2134,0.2069,0.204,0.2397,v0,clip_vit_b32_image
6588,/mnt/d/Photos/Z6ii/28-400mm/2025/2025-08-31/DSC_4491.NEF,17476,2,Yellow,pick,rejected,0.4218,0.4616,0.7091,0.2224,0.4308,0.5465,0.4752,-0.0032,-0.0015,0.0089,-0.0125,-0.0028,0.0019,-0.001,good dynamic range,out of focus,0.2149,0.2232,0.2124,0.2128,0.2121,0.2139,0.2488,0.2181,0.2247,0.2035,0.2253,0.2149,0.212,0.2497,v0,clip_vit_b32_image
6586,/mnt/d/Photos/Z6ii/28-400mm/2025/2025-08-31/DSC_4489.NEF,17475,3,Green,reject,neutral,0.4608,0.6087,0.7462,0.2486,0.4738,0.5886,0.5655,-0.0016,0.0044,0.0108,-0.0111,-0.001,0.0036,0.0026,well focused,out of focus,0.2107,0.2194,0.2057,0.2082,0.2113,0.2101,0.2452,0.2123,0.215,0.1949,0.2192,0.2123,0.2066,0.2426,v0,clip_vit_b32_image
6582,/mnt/d/Photos/Z6ii/28-400mm/2025/2025-08-31/DSC_4485.NEF,17475,3,Green,pick,neutral,0.5241,0.634,0.7492,0.2756,0.5256,0.6048,0.5752,0.001,0.0055,0.0109,-0.0097,0.001,0.0043,0.003,good dynamic range,out of focus,0.2106,0.2182,0.2061,0.2075,0.2111,0.2116,0.2439,0.2096,0.2127,0.1951,0.2172,0.2101,0.2073,0.2408,v0,clip_vit_b32_image
6584,/mnt/d/Photos/Z6ii/28-400mm/2025/2025-08-31/DSC_4487.NEF,385,3,Green,pick,neutral,0.4562,0.5466,0.7297,0.2271,0.5083,0.5252,0.5397,-0.0018,0.0019,0.0099,-0.0122,0.0003,0.001,0.0016,good dynamic range,out of focus,0.2092,0.2158,0.2051,0.2063,0.2099,0.2083,0.2438,0.211,0.2139,0.1952,0.2186,0.2096,0.2073,0.2422,v0,clip_vit_b32_image
6580,/mnt/d/Photos/Z6ii/28-400mm/2025/2025-08-31/DSC_4482.NEF,17475,3,Green,pick,neutral,0.5962,0.7308,0.7924,0.3056,0.5504,0.6161,0.6735,0.0039,0.01,0.0134,-0.0082,0.002,0.0047,0.0072,good dynamic range,noisy,0.2123,0.2199,0.2062,0.209,0.2135,0.2124,0.2421,0.2084,0.21,0.1928,0.2172,0.2115,0.2077,0.2349,v0,clip_vit_b32_image
6578,/mnt/d/Photos/Z6ii/28-400mm/2025/2025-08-31/DSC_4469.NEF,386,3,Green,pick,neutral,0.5457,0.6053,0.8282,0.306,0.4648,0.5116,0.4898,0.0018,0.0043,0.0157,-0.0082,-0.0014,0.0005,-0.0004,well focused,noisy,0.2082,0.2137,0.2078,0.2043,0.212,0.2072,0.2382,0.2064,0.2094,0.192,0.2125,0.2134,0.2068,0.2386,v0,clip_vit_b32_image
6574,/mnt/d/Photos/Z6ii/28-400mm/2025/2025-08-31/DSC_4459.NEF,17474,3,Green,reject,neutral,0.3777,0.3046,0.5551,0.3379,0.4012,0.3637,0.5561,-0.005,-0.0083,0.0022,-0.0067,-0.004,-0.0056,0.0023,well focused,misfocused,0.2048,0.2022,0.1988,0.2005,0.209,0.2,0.2279,0.2098,0.2104,0.1966,0.2072,0.213,0.2056,0.2256,v0,clip_vit_b32_image
6576,/mnt/d/Photos/Z6ii/28-400mm/2025/2025-08-31/DSC_4462.NEF,388,3,Green,neutral,neutral,0.5334,0.5687,0.7439,0.3155,0.4466,0.502,0.5117,0.0013,0.0028,0.0107,-0.0077,-0.0021,0.0001,0.0005,detailed,noisy,0.2062,0.2093,0.2044,0.204,0.2099,0.207,0.2365,0.2048,0.2066,0.1937,0.2117,0.212,0.2069,0.236,v0,clip_vit_b32_image
6572,/mnt/d/Photos/Z6ii/28-400mm/2025/2025-08-31/DSC_4456.NEF,17474,3,Green,pick,neutral,0.453,0.4597,0.6802,0.3079,0.4339,0.4603,0.5386,-0.0019,-0.0016,0.0075,-0.0081,-0.0027,-0.0016,0.0015,well focused,out of focus,0.2033,0.2038,0.1971,0.1991,0.2067,0.2009,0.2326,0.2052,0.2055,0.1896,0.2072,0.2093,0.2025,0.2311,v0,clip_vit_b32_image
6570,/mnt/d/Photos/Z6ii/28-400mm/2025/2025-08-31/DSC_4454.NEF,,3,Green,neutral,neutral,0.39,0.3571,0.6307,0.3134,0.3636,0.4166,0.4966,-0.0045,-0.0059,0.0054,-0.0078,-0.0056,-0.0034,-0.0001,good dynamic range,misfocused,0.2032,0.2017,0.1999,0.1992,0.2052,0.2005,0.2274,0.2077,0.2076,0.1946,0.2071,0.2108,0.2039,0.2275,v0,clip_vit_b32_image
6566,/mnt/d/Photos/Z6ii/28-400mm/2025/2025-08-31/DSC_4450.NEF,392,3,Green,pick,neutral,0.4378,0.37,0.6574,0.3897,0.4943,0.5608,0.3981,-0.0025,-0.0053,0.0065,-0.0045,-0.0002,0.0024,-0.0041,well focused,out of focus,0.2163,0.2188,0.2123,0.2139,0.2218,0.2176,0.2485,0.2188,0.2241,0.2058,0.2184,0.222,0.2151,0.2526,v0,clip_vit_b32_image
6568,/mnt/d/Photos/Z6ii/28-400mm/2025/2025-08-31/DSC_4452.NEF,388,3,Green,neutral,neutral,0.406,0.4363,0.6606,0.2626,0.3911,0.4575,0.4459,-0.0038,-0.0026,0.0067,-0.0103,-0.0044,-0.0017,-0.0022,well focused,misfocused,0.2017,0.202,0.1976,0.1973,0.2044,0.2002,0.2281,0.2055,0.2046,0.191,0.2076,0.2088,0.2019,0.2302,v0,clip_vit_b32_image
6562,/mnt/d/Photos/Z6ii/28-400mm/2025/2025-08-31/DSC_4446.NEF,395,3,Green,neutral,neutral,0.4028,0.3466,0.6273,0.3376,0.4485,0.4747,0.4539,-0.0039,-0.0063,0.0052,-0.0067,-0.0021,-0.001,-0.0018,good dynamic range,out of focus,0.2094,0.2094,0.2036,0.2065,0.2115,0.2077,0.23,0.2134,0.2157,0.1984,0.2132,0.2135,0.2088,0.2319,v0,clip_vit_b32_image
6564,/mnt/d/Photos/Z6ii/28-400mm/2025/2025-08-31/DSC_4448.NEF,392,3,Green,pick,neutral,0.5576,0.4531,0.6825,0.5167,0.5735,0.6142,0.4781,0.0023,-0.0019,0.0077,0.0007,0.003,0.0046,-0.0009,well focused,misfocused,0.2143,0.2142,0.2095,0.2108,0.2167,0.2148,0.2396,0.212,0.2161,0.2019,0.2102,0.2137,0.2101,0.2405,v0,clip_vit_b32_image
6560,/mnt/d/Photos/Z6ii/28-400mm/2025/2025-08-31/DSC_4444.NEF,395,3,Green,pick,neutral,0.476,0.4652,0.7442,0.3451,0.4861,0.5698,0.5468,-0.001,-0.0014,0.0107,-0.0064,-0.0006,0.0028,0.0019,good dynamic range,out of focus,0.213,0.2171,0.209,0.2099,0.2165,0.2125,0.2444,0.214,0.2185,0.1983,0.2163,0.2171,0.2096,0.2425,v0,clip_vit_b32_image
6561,/mnt/d/Photos/Z6ii/28-400mm/2025/2025-08-31/DSC_4445.NEF,,3,Green,neutral,neutral,0.4148,0.3378,0.7679,0.2868,0.4691,0.5712,0.5233,-0.0034,-0.0067,0.012,-0.0091,-0.0012,0.0029,0.0009,good dynamic range,out of focus,0.2096,0.212,0.2082,0.2067,0.213,0.2106,0.2392,0.2131,0.2188,0.1963,0.2158,0.2142,0.2077,0.2383,v0,clip_vit_b32_image
6565,/mnt/d/Photos/Z6ii/28-400mm/2025/2025-08-31/DSC_4449.NEF,,3,Yellow,neutral,neutral,0.4586,0.3575,0.6692,0.4161,0.5795,0.4576,0.5915,-0.0017,-0.0059,0.007,-0.0034,0.0032,-0.0017,0.0037,well focused,out of focus,0.2142,0.2145,0.2074,0.2081,0.219,0.2083,0.2427,0.2158,0.2204,0.2003,0.2114,0.2158,0.21,0.239,v0,clip_vit_b32_image
6575,/mnt/d/Photos/Z6ii/28-400mm/2025/2025-08-31/DSC_4460.NEF,,3,Green,neutral,neutral,0.4732,0.4737,0.701,0.3227,0.4557,0.5103,0.452,-0.0011,-0.0011,0.0085,-0.0074,-0.0018,0.0004,-0.0019,well focused,out of focus,0.206,0.2083,0.2011,0.2032,0.2112,0.2072,0.2372,0.207,0.2094,0.1926,0.2106,0.213,0.2068,0.2391,v0,clip_vit_b32_image
6569,/mnt/d/Photos/Z6ii/28-400mm/2025/2025-08-31/DSC_4453.NEF,17474,3,Green,pick,neutral,0.3786,0.3393,0.5776,0.2635,0.3898,0.4937,0.4778,-0.005,-0.0067,0.0031,-0.0103,-0.0045,-0.0003,-0.0009,well focused,misfocused,0.2069,0.2071,0.1997,0.2035,0.2074,0.2057,0.2365,0.2118,0.2137,0.1965,0.2138,0.2119,0.206,0.2374,v0,clip_vit_b32_image
6577,/mnt/d/Photos/Z6ii/28-400mm/2025/2025-08-31/DSC_4465.NEF,,3,Green,neutral,neutral,0.5363,0.6459,0.8455,0.3073,0.476,0.5959,0.5273,0.0015,0.006,0.017,-0.0081,-0.001,0.0039,0.0011,well focused,noisy,0.209,0.2179,0.2093,0.2082,0.2115,0.2102,0.2449,0.2075,0.2119,0.1923,0.2163,0.2125,0.2063,0.2438,v0,clip_vit_b32_image
6581,/mnt/d/Photos/Z6ii/28-400mm/2025/2025-08-31/DSC_4484.NEF,385,3,Green,pick,neutral,0.578,0.7453,0.8001,0.3683,0.5691,0.6079,0.6538,0.0031,0.0107,0.0139,-0.0054,0.0028,0.0044,0.0064,good dynamic range,noisy,0.2137,0.2228,0.2059,0.2118,0.2148,0.2132,0.2471,0.2106,0.212,0.192,0.2172,0.212,0.2088,0.2407,v0,clip_vit_b32_image
6635,/mnt/d/Photos/Z6ii/28-400mm/2025/2025-08-31/DSC_4552.NEF,,3,Green,neutral,neutral,0.4562,0.4512,0.754,0.2455,0.5277,0.5562,0.5641,-0.0018,-0.002,0.0112,-0.0112,0.0011,0.0023,0.0026,well focused,misfocused,0.2169,0.2192,0.2114,0.2104,0.2189,0.2131,0.2435,0.2187,0.2212,0.2002,0.2217,0.2178,0.2108,0.2409,v0,clip_vit_b32_image
6633,/mnt/d/Photos/Z6ii/28-400mm/2025/2025-08-31/DSC_4550.NEF,,3,Green,neutral,neutral,0.5413,0.5691,0.7107,0.3467,0.5755,0.5578,0.6414,0.0017,0.0028,0.009,-0.0063,0.003,0.0023,0.0058,good dynamic range,technically flawed,0.217,0.2147,0.2089,0.21,0.2216,0.2138,0.2412,0.2153,0.2119,0.1999,0.2163,0.2186,0.2115,0.2354,v0,clip_vit_b32_image
6631,/mnt/d/Photos/Z6ii/28-400mm/2025/2025-08-31/DSC_4548.NEF,17487,3,Green,pick,neutral,0.5248,0.6134,0.7448,0.3126,0.5262,0.6439,0.6002,0.001,0.0046,0.0107,-0.0079,0.001,0.0059,0.0041,well focused,out of focus,0.2147,0.2203,0.2083,0.211,0.2159,0.2153,0.2449,0.2137,0.2156,0.1975,0.2188,0.2148,0.2094,0.2409,v0,clip_vit_b32_image
6639,/mnt/d/Photos/Z6ii/28-400mm/2025/2025-08-31/DSC_4558.NEF,17487,3,Green,pick,neutral,0.5976,0.7018,0.8323,0.3232,0.4764,0.5946,0.7174,0.004,0.0086,0.016,-0.0074,-0.0009,0.0038,0.0093,detailed,noisy,0.2215,0.2262,0.2209,0.2161,0.2229,0.2205,0.2397,0.2175,0.2177,0.2049,0.2235,0.2239,0.2167,0.2304,v0,clip_vit_b32_image
6629,/mnt/d/Photos/Z6ii/28-400mm/2025/2025-08-31/DSC_4546.NEF,17486,3,Green,reject,neutral,0.5445,0.6522,0.803,0.278,0.5273,0.6286,0.5118,0.0018,0.0063,0.0141,-0.0095,0.0011,0.0053,0.0005,detailed,noisy,0.2114,0.2178,0.2085,0.2082,0.2133,0.2128,0.2398,0.2096,0.2115,0.1945,0.2178,0.2122,0.2075,0.2394,v0,clip_vit_b32_image
6621,/mnt/d/Photos/Z6ii/28-400mm/2025/2025-08-31/DSC_4532.NEF,17485,3,Green,reject,neutral,0.5954,0.6839,0.7953,0.3449,0.5535,0.6497,0.687,0.0039,0.0077,0.0136,-0.0064,0.0021,0.0062,0.0079,good dynamic range,technically flawed,0.213,0.2182,0.2072,0.2101,0.2151,0.2135,0.2466,0.2091,0.2105,0.1936,0.2166,0.213,0.2074,0.2387,v0,clip_vit_b32_image
6623,/mnt/d/Photos/Z6ii/28-400mm/2025/2025-08-31/DSC_4538.NEF,17485,3,Green,pick,neutral,0.5976,0.6213,0.7642,0.4044,0.5624,0.7207,0.611,0.004,0.005,0.0118,-0.0039,0.0025,0.0095,0.0045,good dynamic range,out of focus,0.2193,0.2233,0.2119,0.2151,0.2197,0.2202,0.2488,0.2153,0.2183,0.2002,0.219,0.2172,0.2107,0.2443,v0,clip_vit_b32_image
6587,/mnt/d/Photos/Z6ii/28-400mm/2025/2025-08-31/DSC_4490.NEF,,2,Yellow,neutral,rejected,0.4562,0.4831,0.6579,0.3027,0.494,0.6075,0.5509,-0.0018,-0.0007,0.0065,-0.0083,-0.0002,0.0044,0.002,good dynamic range,out of focus,0.2207,0.2268,0.2142,0.2197,0.2207,0.2214,0.2561,0.2225,0.2275,0.2076,0.228,0.2209,0.217,0.2541,v0,clip_vit_b32_image
6617,/mnt/d/Photos/Z6ii/28-400mm/2025/2025-08-31/DSC_4523.NEF,17483,3,Green,pick,neutral,0.6603,0.7028,0.7791,0.5512,0.6023,0.6953,0.7125,0.0066,0.0086,0.0126,0.0021,0.0042,0.0082,0.0091,good dynamic range,technically flawed,0.2167,0.2193,0.2092,0.2125,0.2181,0.2161,0.2421,0.2101,0.2107,0.1966,0.2105,0.2139,0.2078,0.233,v0,clip_vit_b32_image
6609,/mnt/d/Photos/Z6ii/28-400mm/2025/2025-08-31/DSC_4514.NEF,17481,3,Yellow,pick,neutral,0.6183,0.6867,0.7936,0.5759,0.6737,0.6437,0.7726,0.0048,0.0078,0.0135,0.0031,0.0072,0.0059,0.0122,good dynamic range,out of focus,0.2166,0.2207,0.208,0.212,0.2201,0.2114,0.2452,0.2118,0.2128,0.1945,0.2089,0.2128,0.2055,0.233,v0,clip_vit_b32_image
6659,/mnt/d/Photos/Z6ii/28-400mm/2025/2025-08-23/DSC_3937.NEF,365,3,Yellow,reject,neutral,0.4794,0.604,0.6588,0.2851,0.4431,0.552,0.5584,-0.0008,0.0042,0.0066,-0.0092,-0.0023,0.0021,0.0023,good dynamic range,underexposed,0.2147,0.2189,0.2205,0.2133,0.2146,0.2192,0.2391,0.2155,0.2147,0.2139,0.2225,0.2169,0.2171,0.2367,v0,clip_vit_b32_image
6651,/mnt/d/Photos/Z6ii/28-400mm/2025/2025-08-23/DSC_3928.NEF,367,2,Yellow,reject,rejected,0.4733,0.5794,0.7129,0.2793,0.4182,0.5984,0.4105,-0.0011,0.0032,0.0091,-0.0095,-0.0033,0.004,-0.0036,good dynamic range,misfocused,0.2207,0.2217,0.2241,0.216,0.2196,0.2275,0.2367,0.2218,0.2185,0.215,0.2255,0.2229,0.2235,0.2403,v0,clip_vit_b32_image
6645,/mnt/d/Photos/Z6ii/28-400mm/2025/2025-08-23/DSC_3922.NEF,17424,2,Yellow,pick,rejected,0.4724,0.496,0.7107,0.3445,0.4289,0.5709,0.4706,-0.0011,-0.0002,0.009,-0.0064,-0.0029,0.0029,-0.0012,balanced contrast,misfocused,0.2188,0.2193,0.2211,0.2141,0.2208,0.2247,0.237,0.2199,0.2195,0.2121,0.2205,0.2237,0.2219,0.2382,v0,clip_vit_b32_image
6714,/mnt/d/Photos/Z6ii/28-400mm/2025/2025-08-23/DSC_4021.NEF,,3,Green,neutral,neutral,0.4055,0.4462,0.7409,0.2161,0.3697,0.6786,0.4745,-0.0038,-0.0022,0.0105,-0.0129,-0.0053,0.0075,-0.001,good dynamic range,out of focus,0.2146,0.2165,0.2209,0.2095,0.2077,0.22,0.2321,0.2185,0.2187,0.2104,0.2224,0.2131,0.2125,0.2331,v0,clip_vit_b32_image
6652,/mnt/d/Photos/Z6ii/28-400mm/2025/2025-08-23/DSC_3929.NEF,17425,3,Green,pick,neutral,0.5703,0.6905,0.6995,0.4062,0.4935,0.5821,0.5746,0.0028,0.008,0.0085,-0.0038,-0.0003,0.0033,0.003,good dynamic range,technically flawed,0.217,0.2168,0.2192,0.2124,0.2167,0.2234,0.2326,0.2141,0.2087,0.2107,0.2162,0.217,0.2201,0.2296,v0,clip_vit_b32_image
6710,/mnt/d/Photos/Z6ii/28-400mm/2025/2025-08-23/DSC_4017.NEF,336,3,Green,pick,neutral,0.5117,0.5594,0.6921,0.1435,0.4789,0.684,0.5035,0.0005,0.0024,0.0081,-0.0179,-0.0008,0.0077,0.0001,good dynamic range,noisy,0.2191,0.2193,0.2224,0.2092,0.2148,0.2239,0.2297,0.2186,0.2169,0.2143,0.227,0.2157,0.2162,0.2296,v0,clip_vit_b32_image
6643,/mnt/d/Photos/Z6ii/28-400mm/2025/2025-08-23/DSC_3920.NEF,,3,Green,neutral,neutral,0.5374,0.6274,0.7412,0.5188,0.5081,0.5827,0.5866,0.0015,0.0052,0.0105,0.0008,0.0003,0.0033,0.0035,balanced contrast,technically flawed,0.2187,0.219,0.2224,0.2162,0.2223,0.2237,0.2411,0.2172,0.2138,0.2119,0.2155,0.222,0.2204,0.2376,v0,clip_vit_b32_image
6704,/mnt/d/Photos/Z6ii/28-400mm/2025/2025-08-23/DSC_4010.NEF,338,3,Green,pick,neutral,0.5888,0.7323,0.6782,0.3509,0.5594,0.6842,0.7221,0.0036,0.0101,0.0075,-0.0062,0.0024,0.0077,0.0095,good dynamic range,technically flawed,0.2123,0.2076,0.212,0.203,0.2084,0.2114,0.2128,0.2087,0.1975,0.2045,0.2091,0.206,0.2036,0.2032,v0,clip_vit_b32_image
6682,/mnt/d/Photos/Z6ii/28-400mm/2025/2025-08-23/DSC_3982.NEF,350,3,Green,pick,neutral,0.5439,0.6451,0.7888,0.4512,0.4796,0.7,0.5612,0.0018,0.006,0.0132,-0.002,-0.0008,0.0085,0.0025,natural colors,out of focus,0.2135,0.2216,0.2159,0.213,0.2096,0.2157,0.2464,0.2118,0.2156,0.2027,0.215,0.2104,0.2072,0.2439,v0,clip_vit_b32_image
6702,/mnt/d/Photos/Z6ii/28-400mm/2025/2025-08-23/DSC_4008.NEF,,4,Green,neutral,picked,0.5355,0.6548,0.6595,0.2485,0.4288,0.7219,0.5133,0.0014,0.0064,0.0066,-0.0111,-0.0029,0.0095,0.0005,good dynamic range,technically flawed,0.2161,0.2166,0.2209,0.2078,0.2099,0.2229,0.229,0.2147,0.2102,0.2143,0.2189,0.2128,0.2133,0.2285,v0,clip_vit_b32_image
6716,/mnt/d/Photos/Z6ii/28-400mm/2025/2025-08-23/DSC_4023.NEF,333,2,Yellow,pick,rejected,0.5895,0.7327,0.7451,0.3259,0.4779,0.6194,0.6267,0.0036,0.0101,0.0107,-0.0073,-0.0009,0.0049,0.0052,detailed,technically flawed,0.209,0.2134,0.207,0.1981,0.2051,0.2048,0.2202,0.2054,0.2034,0.1962,0.2054,0.206,0.2,0.215,v0,clip_vit_b32_image
6722,/mnt/d/Photos/Z6ii/28-400mm/2025/2025-08-23/DSC_4029.NEF,17433,2,Yellow,neutral,rejected,0.7218,0.782,0.809,0.7561,0.6279,0.5163,0.7088,0.0095,0.0128,0.0144,0.0113,0.0052,0.0007,0.0089,detailed,technically flawed,0.2202,0.222,0.2153,0.2131,0.2183,0.2104,0.237,0.2106,0.2092,0.2009,0.2018,0.2131,0.2097,0.2281,v0,clip_vit_b32_image
6712,/mnt/d/Photos/Z6ii/28-400mm/2025/2025-08-23/DSC_4019.NEF,336,3,Green,pick,neutral,0.4728,0.6109,0.6876,0.1631,0.4698,0.605,0.5482,-0.0011,0.0045,0.0079,-0.0164,-0.0012,0.0043,0.0019,good dynamic range,technically flawed,0.2138,0.2122,0.2196,0.2046,0.2095,0.2164,0.2221,0.2148,0.2077,0.2118,0.221,0.2107,0.2121,0.2202,v0,clip_vit_b32_image
6706,/mnt/d/Photos/Z6ii/28-400mm/2025/2025-08-23/DSC_4012.NEF,,3,Green,neutral,neutral,0.5314,0.573,0.6524,0.2494,0.4914,0.6501,0.693,0.0013,0.0029,0.0063,-0.011,-0.0003,0.0062,0.0081,good dynamic range,technically flawed,0.2114,0.2079,0.2123,0.2012,0.2043,0.209,0.2165,0.2101,0.205,0.206,0.2122,0.2046,0.2028,0.2084,v0,clip_vit_b32_image
6709,/mnt/d/Photos/Z6ii/28-400mm/2025/2025-08-23/DSC_4016.NEF,17432,3,Green,pick,neutral,0.467,0.5537,0.6999,0.1431,0.4116,0.6141,0.4487,-0.0013,0.0022,0.0085,-0.0179,-0.0036,0.0046,-0.0021,good dynamic range,noisy,0.2154,0.2165,0.2214,0.207,0.2106,0.2197,0.2269,0.2167,0.2144,0.2129,0.2249,0.2142,0.215,0.229,v0,clip_vit_b32_image
6695,/mnt/d/Photos/Z6ii/28-400mm/2025/2025-08-23/DSC_4000.NEF,17429,2,Yellow,neutral,rejected,0.2992,0.2834,0.678,0.1082,0.2856,0.4451,0.2451,-0.0085,-0.0093,0.0074,-0.0211,-0.0092,-0.0022,-0.0113,detailed,out of focus,0.2107,0.2127,0.218,0.2018,0.208,0.2095,0.2409,0.2192,0.222,0.2106,0.2229,0.2172,0.2117,0.2521,v0,clip_vit_b32_image
6700,/mnt/d/Photos/Z6ii/28-400mm/2025/2025-08-23/DSC_4005.NEF,17430,2,Green,pick,rejected,0.4832,0.5356,0.7977,0.3361,0.417,0.5277,0.403,-0.0007,0.0014,0.0137,-0.0068,-0.0034,0.0011,-0.0039,detailed,out of focus,0.2211,0.2248,0.2282,0.2139,0.2207,0.2201,0.2363,0.2218,0.2234,0.2145,0.2207,0.224,0.219,0.2403,v0,clip_vit_b32_image
6690,/mnt/d/Photos/Z6ii/28-400mm/2025/2025-08-23/DSC_3995.NEF,346,1,Yellow,pick,rejected,0.4781,0.2316,0.6856,0.4849,0.5042,0.6377,0.3647,-0.0009,-0.012,0.0078,-0.0006,0.0002,0.0057,-0.0055,good dynamic range,misfocused,0.2307,0.2224,0.2294,0.2217,0.2249,0.2273,0.233,0.2316,0.2344,0.2216,0.2223,0.2248,0.2217,0.2385,v0,clip_vit_b32_image
6688,/mnt/d/Photos/Z6ii/28-400mm/2025/2025-08-23/DSC_3992.NEF,346,2,Yellow,pick,rejected,0.5288,0.4125,0.7699,0.3995,0.4785,0.7148,0.4082,0.0012,-0.0035,0.0121,-0.0041,-0.0009,0.0092,-0.0037,good dynamic range,out of focus,0.2199,0.2157,0.2232,0.2112,0.2155,0.2223,0.2248,0.2187,0.2193,0.2111,0.2153,0.2164,0.2131,0.2285,v0,clip_vit_b32_image
6694,/mnt/d/Photos/Z6ii/28-400mm/2025/2025-08-23/DSC_3999.NEF,,2,Yellow,neutral,rejected,0.2602,0.1569,0.7416,0.3186,0.2613,0.5587,0.0949,-0.0105,-0.0168,0.0105,-0.0076,-0.0104,0.0024,-0.0225,good dynamic range,misfocused,0.2121,0.2156,0.2231,0.2172,0.2068,0.2155,0.1974,0.2225,0.2324,0.2126,0.2248,0.2172,0.2131,0.22,v0,clip_vit_b32_image
6692,/mnt/d/Photos/Z6ii/28-400mm/2025/2025-08-23/DSC_3997.NEF,345,2,Yellow,neutral,rejected,0.2776,0.1827,0.7721,0.2853,0.2994,0.5642,0.1191,-0.0096,-0.015,0.0122,-0.0092,-0.0085,0.0026,-0.02,good dynamic range,misfocused,0.2099,0.2127,0.2182,0.2116,0.2057,0.2126,0.1939,0.2195,0.2277,0.206,0.2208,0.2142,0.2101,0.2139,v0,clip_vit_b32_image
6686,/mnt/d/Photos/Z6ii/28-400mm/2025/2025-08-23/DSC_3990.NEF,,2,Yellow,neutral,rejected,0.3006,0.3653,0.4995,0.4086,0.3537,0.5402,0.2381,-0.0084,-0.0055,-0.0,-0.0037,-0.006,0.0016,-0.0116,good dynamic range,out of focus,0.2254,0.2281,0.2208,0.2269,0.224,0.2242,0.2529,0.2339,0.2337,0.2208,0.2306,0.23,0.2225,0.2645,v0,clip_vit_b32_image
6689,/mnt/d/Photos/Z6ii/28-400mm/2025/2025-08-23/DSC_3993.NEF,17428,2,Yellow,neutral,rejected,0.4944,0.3461,0.7522,0.4478,0.4629,0.6438,0.3479,-0.0002,-0.0064,0.0111,-0.0021,-0.0015,0.0059,-0.0063,good dynamic range,out of focus,0.2268,0.2229,0.2313,0.2194,0.2223,0.2266,0.2306,0.2271,0.2292,0.2202,0.2215,0.2238,0.2207,0.2368,v0,clip_vit_b32_image
6678,/mnt/d/Photos/Z6ii/28-400mm/2025/2025-08-23/DSC_3975.NEF,,3,Green,neutral,neutral,0.6418,0.7761,0.8289,0.4796,0.4939,0.6978,0.6577,0.0058,0.0124,0.0158,-0.0008,-0.0002,0.0084,0.0065,good dynamic range,technically flawed,0.2124,0.2161,0.2167,0.208,0.2057,0.2144,0.2265,0.2065,0.2036,0.201,0.2089,0.2059,0.206,0.2199,v0,clip_vit_b32_image
6656,/mnt/d/Photos/Z6ii/28-400mm/2025/2025-08-23/DSC_3933.NEF,366,2,Green,pick,rejected,0.3142,0.4993,0.6937,0.0692,0.3133,0.4068,0.2692,-0.0078,-0.0,0.0082,-0.026,-0.0078,-0.0038,-0.01,good dynamic range,noisy,0.2008,0.2044,0.2075,0.1934,0.2006,0.2052,0.2246,0.2086,0.2044,0.1993,0.2194,0.2084,0.209,0.2346,v0,clip_vit_b32_image
6664,/mnt/d/Photos/Z6ii/28-400mm/2025/2025-08-23/DSC_3944.NEF,364,3,Yellow,pick,neutral,0.4822,0.6168,0.753,0.3413,0.4337,0.7571,0.2863,-0.0007,0.0048,0.0111,-0.0066,-0.0027,0.0114,-0.0091,good dynamic range,out of focus,0.2118,0.2215,0.2128,0.2129,0.2097,0.2197,0.2493,0.2125,0.2168,0.2017,0.2195,0.2124,0.2083,0.2585,v0,clip_vit_b32_image
6665,/mnt/d/Photos/Z6ii/28-400mm/2025/2025-08-23/DSC_3945.NEF,364,3,Green,pick,neutral,0.4195,0.5422,0.7237,0.2959,0.4246,0.6924,0.2248,-0.0032,0.0017,0.0096,-0.0087,-0.003,0.0081,-0.0124,good dynamic range,out of focus,0.2188,0.2265,0.2191,0.2181,0.2198,0.2256,0.2546,0.222,0.2248,0.2095,0.2268,0.2228,0.2175,0.267,v0,clip_vit_b32_image
6655,/mnt/d/Photos/Z6ii/28-400mm/2025/2025-08-23/DSC_3932.NEF,366,3,Green,pick,neutral,0.374,0.4892,0.7044,0.1037,0.3262,0.4797,0.2539,-0.0052,-0.0004,0.0087,-0.0216,-0.0073,-0.0008,-0.0108,good dynamic range,noisy,0.2109,0.2141,0.2204,0.2053,0.2073,0.2156,0.2309,0.216,0.2145,0.2117,0.2269,0.2146,0.2164,0.2417,v0,clip_vit_b32_image
6653,/mnt/d/Photos/Z6ii/28-400mm/2025/2025-08-23/DSC_3930.NEF,17426,3,Green,pick,neutral,0.5237,0.653,0.6771,0.2615,0.4402,0.6304,0.5497,0.0009,0.0063,0.0074,-0.0104,-0.0024,0.0053,0.002,good dynamic range,underexposed,0.2154,0.2178,0.2238,0.2126,0.2137,0.2235,0.2348,0.2145,0.2115,0.2164,0.2229,0.2161,0.2181,0.2328,v0,clip_vit_b32_image
6661,/mnt/d/Photos/Z6ii/28-400mm/2025/2025-08-23/DSC_3939.NEF,17425,3,Green,pick,neutral,0.5274,0.7183,0.7291,0.3412,0.4708,0.5986,0.5547,0.0011,0.0094,0.0099,-0.0066,-0.0012,0.004,0.0022,good dynamic range,technically flawed,0.2139,0.2167,0.22,0.2119,0.2149,0.2205,0.2354,0.2128,0.2073,0.2101,0.2185,0.2161,0.2165,0.2332,v0,clip_vit_b32_image
6657,/mnt/d/Photos/Z6ii/28-400mm/2025/2025-08-23/DSC_3934.NEF,365,3,Green,pick,neutral,0.4842,0.5591,0.6693,0.3499,0.4448,0.5948,0.4992,-0.0006,0.0024,0.0071,-0.0062,-0.0022,0.0038,-0.0,good dynamic range,technically flawed,0.2167,0.2174,0.221,0.2151,0.2163,0.2242,0.2354,0.2173,0.215,0.2139,0.2213,0.2185,0.2204,0.2354,v0,clip_vit_b32_image
6649,/mnt/d/Photos/Z6ii/28-400mm/2025/2025-08-23/DSC_3926.NEF,367,3,Green,pick,neutral,0.4795,0.6666,0.7336,0.273,0.3995,0.597,0.3957,-0.0008,0.0069,0.0101,-0.0098,-0.0041,0.0039,-0.0042,good dynamic range,technically flawed,0.217,0.2196,0.2217,0.2138,0.2173,0.2254,0.2382,0.2178,0.2127,0.2116,0.2236,0.2214,0.2215,0.2424,v0,clip_vit_b32_image
6667,/mnt/d/Photos/Z6ii/28-400mm/2025/2025-08-23/DSC_3947.NEF,,2,Yellow,neutral,rejected,0.3078,0.2829,0.625,0.2805,0.3656,0.6477,0.1985,-0.0081,-0.0093,0.0051,-0.0094,-0.0055,0.0061,-0.014,good dynamic range,out of focus,0.2204,0.2245,0.2201,0.2184,0.2208,0.2253,0.2517,0.2285,0.2338,0.215,0.2278,0.2263,0.2192,0.2656,v0,clip_vit_b32_image
6684,/mnt/d/Photos/Z6ii/28-400mm/2025/2025-08-23/DSC_3986.NEF,,4,Green,neutral,picked,0.6336,0.7597,0.8487,0.5731,0.5501,0.7764,0.5977,0.0055,0.0115,0.0172,0.0029,0.002,0.0124,0.004,good dynamic range,out of focus,0.2155,0.2241,0.2174,0.2162,0.2143,0.221,0.2548,0.21,0.2125,0.2001,0.2133,0.2123,0.2085,0.2508,v0,clip_vit_b32_image
6720,/mnt/d/Photos/Z6ii/28-400mm/2025/2025-08-23/DSC_4027.NEF,,2,Yellow,neutral,rejected,0.6749,0.7093,0.7718,0.7434,0.5609,0.5139,0.5422,0.0073,0.0089,0.0122,0.0106,0.0024,0.0006,0.0017,detailed,technically flawed,0.2289,0.2316,0.2263,0.2232,0.2257,0.2223,0.236,0.2216,0.2227,0.2141,0.2125,0.2233,0.2218,0.2343,v0,clip_vit_b32_image
6718,/mnt/d/Photos/Z6ii/28-400mm/2025/2025-08-23/DSC_4025.NEF,,3,Yellow,neutral,neutral,0.5137,0.5981,0.7327,0.2513,0.4434,0.4855,0.5554,0.0005,0.004,0.0101,-0.0109,-0.0023,-0.0006,0.0022,detailed,out of focus,0.2101,0.2115,0.2109,0.2,0.2094,0.2057,0.2275,0.2095,0.2075,0.2008,0.2109,0.2117,0.2063,0.2253,v0,clip_vit_b32_image
6723,/mnt/d/Photos/Z6ii/28-400mm/2025/2025-08-23/DSC_4031.NEF,327,2,Yellow,pick,rejected,0.263,0.2062,0.6511,0.2681,0.3018,0.591,0.1537,-0.0103,-0.0135,0.0062,-0.01,-0.0084,0.0037,-0.0171,good dynamic range,misfocused,0.2163,0.2213,0.2205,0.2208,0.2117,0.221,0.2082,0.2266,0.2348,0.2142,0.2309,0.22,0.2173,0.2253,v0,clip_vit_b32_image
6719,/mnt/d/Photos/Z6ii/28-400mm/2025/2025-08-23/DSC_4026.NEF,,2,Yellow,neutral,rejected,0.6377,0.6991,0.7511,0.6317,0.5338,0.566,0.469,0.0057,0.0084,0.011,0.0054,0.0014,0.0027,-0.0012,balanced contrast,technically flawed,0.2246,0.228,0.2212,0.2176,0.2202,0.2194,0.2422,0.219,0.2196,0.2102,0.2122,0.2189,0.2167,0.2435,v0,clip_vit_b32_image
6721,/mnt/d/Photos/Z6ii/28-400mm/2025/2025-08-23/DSC_4028.NEF,17433,2,Yellow,neutral,rejected,0.6834,0.7464,0.7832,0.6615,0.5281,0.4652,0.5579,0.0077,0.0108,0.0128,0.0067,0.0011,-0.0014,0.0023,detailed,technically flawed,0.219,0.2202,0.2186,0.2119,0.2137,0.2102,0.2356,0.2113,0.2095,0.2057,0.2051,0.2125,0.2116,0.2332,v0,clip_vit_b32_image
6715,/mnt/d/Photos/Z6ii/28-400mm/2025/2025-08-23/DSC_4022.NEF,333,2,Yellow,pick,rejected,0.5703,0.6891,0.7152,0.2936,0.4274,0.5758,0.5755,0.0028,0.008,0.0092,-0.0088,-0.0029,0.0031,0.003,detailed,misfocused,0.2077,0.2106,0.2079,0.1976,0.2031,0.2047,0.2172,0.2048,0.2027,0.1987,0.2064,0.206,0.2017,0.2141,v0,clip_vit_b32_image
6717,/mnt/d/Photos/Z6ii/28-400mm/2025/2025-08-23/DSC_4024.NEF,,3,Yellow,neutral,neutral,0.5248,0.5948,0.7036,0.2585,0.4875,0.5591,0.6499,0.001,0.0038,0.0086,-0.0105,-0.0005,0.0024,0.0062,well focused,misfocused,0.2067,0.2082,0.2022,0.1954,0.205,0.2015,0.215,0.2057,0.2044,0.1936,0.206,0.2055,0.1991,0.2088,v0,clip_vit_b32_image
6711,/mnt/d/Photos/Z6ii/28-400mm/2025/2025-08-23/DSC_4018.NEF,17432,3,Green,pick,neutral,0.5126,0.5748,0.7114,0.1606,0.4199,0.6555,0.4356,0.0005,0.003,0.009,-0.0165,-0.0032,0.0064,-0.0026,good dynamic range,noisy,0.2185,0.2192,0.2221,0.2111,0.2134,0.2239,0.2327,0.218,0.2162,0.213,0.2277,0.2166,0.2175,0.2353,v0,clip_vit_b32_image
6708,/mnt/d/Photos/Z6ii/28-400mm/2025/2025-08-23/DSC_4015.NEF,336,3,Green,pick,neutral,0.4288,0.6035,0.6962,0.1163,0.3707,0.66,0.4947,-0.0029,0.0042,0.0083,-0.0203,-0.0053,0.0066,-0.0002,good dynamic range,technically flawed,0.21,0.2129,0.2168,0.2009,0.2036,0.2149,0.22,0.2128,0.2087,0.2085,0.2212,0.2089,0.2083,0.2202,v0,clip_vit_b32_image
6707,/mnt/d/Photos/Z6ii/28-400mm/2025/2025-08-23/DSC_4013.NEF,17431,3,Green,pick,neutral,0.4979,0.6272,0.731,0.124,0.4222,0.7042,0.5238,-0.0001,0.0052,0.01,-0.0196,-0.0031,0.0087,0.001,good dynamic range,technically flawed,0.2103,0.2131,0.2157,0.2007,0.205,0.2159,0.2263,0.2104,0.2079,0.2057,0.2202,0.2082,0.2073,0.2254,v0,clip_vit_b32_image
6705,/mnt/d/Photos/Z6ii/28-400mm/2025/2025-08-23/DSC_4011.NEF,17431,3,Green,pick,neutral,0.4997,0.6446,0.7003,0.1566,0.4546,0.6075,0.6256,-0.0,0.006,0.0085,-0.0168,-0.0018,0.0044,0.0051,good dynamic range,technically flawed,0.21,0.2098,0.2141,0.1994,0.2073,0.2112,0.2247,0.21,0.2039,0.2057,0.2163,0.2091,0.2068,0.2196,v0,clip_vit_b32_image
6703,/mnt/d/Photos/Z6ii/28-400mm/2025/2025-08-23/DSC_4009.NEF,338,3,Green,pick,neutral,0.558,0.6775,0.6619,0.293,0.5301,0.6912,0.6266,0.0023,0.0074,0.0067,-0.0088,0.0012,0.0081,0.0052,good dynamic range,technically flawed,0.2121,0.2105,0.2111,0.2043,0.2078,0.2138,0.2208,0.2097,0.2031,0.2044,0.2131,0.2065,0.2058,0.2157,v0,clip_vit_b32_image
6701,/mnt/d/Photos/Z6ii/28-400mm/2025/2025-08-23/DSC_4006.NEF,,2,Yellow,neutral,rejected,0.5047,0.6302,0.8166,0.3966,0.4723,0.6116,0.445,0.0002,0.0053,0.0149,-0.0042,-0.0011,0.0045,-0.0022,detailed,out of focus,0.2226,0.2286,0.2289,0.2158,0.2239,0.2221,0.2321,0.2224,0.2233,0.214,0.22,0.225,0.2176,0.2343,v0,clip_vit_b32_image
6699,/mnt/d/Photos/Z6ii/28-400mm/2025/2025-08-23/DSC_4004.NEF,341,2,Green,neutral,rejected,0.4509,0.5592,0.7554,0.2814,0.4009,0.4667,0.4609,-0.002,0.0024,0.0113,-0.0094,-0.004,-0.0013,-0.0016,detailed,technically flawed,0.218,0.2186,0.222,0.2096,0.2165,0.2149,0.2251,0.22,0.2162,0.2107,0.2189,0.2205,0.2163,0.2267,v0,clip_vit_b32_image
6669,/mnt/d/Photos/Z6ii/28-400mm/2025/2025-08-23/DSC_3949.NEF,,3,Green,neutral,neutral,0.4788,0.4115,0.634,0.7136,0.4928,0.5523,0.4347,-0.0008,-0.0036,0.0055,0.0091,-0.0003,0.0021,-0.0026,good dynamic range,misfocused,0.2342,0.2343,0.234,0.2351,0.2323,0.2306,0.2521,0.2351,0.2379,0.2285,0.226,0.2326,0.2285,0.2548,v0,clip_vit_b32_image
6676,/mnt/d/Photos/Z6ii/28-400mm/2025/2025-08-23/DSC_3973.NEF,,3,Green,neutral,neutral,0.5811,0.6669,0.886,0.4221,0.5177,0.7588,0.5005,0.0033,0.0069,0.0205,-0.0031,0.0007,0.0115,0.0,natural colors,out of focus,0.2119,0.221,0.2201,0.209,0.2127,0.2183,0.2482,0.2086,0.2141,0.1996,0.2121,0.212,0.2069,0.2482,v0,clip_vit_b32_image
6674,/mnt/d/Photos/Z6ii/28-400mm/2025/2025-08-23/DSC_3968.NEF,,4,Blue,neutral,picked,0.6158,0.6638,0.8498,0.5349,0.6015,0.8106,0.5385,0.0047,0.0068,0.0173,0.0014,0.0041,0.0145,0.0015,natural colors,out of focus,0.2107,0.2184,0.2092,0.2104,0.2092,0.2161,0.2477,0.206,0.2116,0.1919,0.209,0.2051,0.2016,0.2462,v0,clip_vit_b32_image
6677,/mnt/d/Photos/Z6ii/28-400mm/2025/2025-08-23/DSC_3974.NEF,,4,Green,neutral,picked,0.6816,0.721,0.8391,0.5506,0.6003,0.7558,0.6614,0.0076,0.0095,0.0165,0.002,0.0041,0.0113,0.0067,good dynamic range,out of focus,0.219,0.2223,0.2237,0.2135,0.2136,0.2205,0.2367,0.2114,0.2128,0.2072,0.2115,0.2095,0.2092,0.23,v0,clip_vit_b32_image
6696,/mnt/d/Photos/Z6ii/28-400mm/2025/2025-08-23/DSC_4001.NEF,17429,2,Yellow,neutral,rejected,0.3508,0.4018,0.7238,0.2121,0.3153,0.3921,0.5397,-0.0062,-0.004,0.0096,-0.0131,-0.0078,-0.0044,0.0016,detailed,misfocused,0.205,0.2098,0.2112,0.1982,0.2027,0.1993,0.2332,0.2112,0.2138,0.2015,0.2113,0.2105,0.2037,0.2316,v0,clip_vit_b32_image
6697,/mnt/d/Photos/Z6ii/28-400mm/2025/2025-08-23/DSC_4002.NEF,341,3,Green,neutral,neutral,0.3394,0.2798,0.6769,0.1707,0.3253,0.621,0.3254,-0.0067,-0.0095,0.0074,-0.0158,-0.0073,0.0049,-0.0073,good dynamic range,misfocused,0.2122,0.2097,0.2147,0.2044,0.2074,0.2166,0.2202,0.2188,0.2191,0.2073,0.2202,0.2147,0.2117,0.2274,v0,clip_vit_b32_image
6691,/mnt/d/Photos/Z6ii/28-400mm/2025/2025-08-23/DSC_3996.NEF,345,2,Yellow,neutral,rejected,0.2635,0.1609,0.7349,0.272,0.2771,0.5296,0.1028,-0.0103,-0.0165,0.0102,-0.0098,-0.0096,0.0012,-0.0217,good dynamic range,misfocused,0.2156,0.2147,0.2224,0.2179,0.2098,0.2168,0.1959,0.2259,0.2312,0.2122,0.2278,0.2194,0.2156,0.2176,v0,clip_vit_b32_image
6693,/mnt/d/Photos/Z6ii/28-400mm/2025/2025-08-23/DSC_3998.NEF,,2,Yellow,neutral,rejected,0.2891,0.2294,0.7538,0.3416,0.3049,0.5823,0.1163,-0.009,-0.0121,0.0112,-0.0066,-0.0082,0.0033,-0.0203,good dynamic range,misfocused,0.2102,0.2152,0.2211,0.2136,0.2072,0.2148,0.1981,0.2192,0.2273,0.2099,0.2202,0.2155,0.2115,0.2184,v0,clip_vit_b32_image
6687,/mnt/d/Photos/Z6ii/28-400mm/2025/2025-08-23/DSC_3991.NEF,17428,2,Yellow,neutral,rejected,0.545,0.466,0.8,0.317,0.4505,0.7602,0.3261,0.0018,-0.0014,0.0139,-0.0077,-0.002,0.0115,-0.0073,good dynamic range,out of focus,0.218,0.2166,0.2204,0.2098,0.2114,0.2231,0.2311,0.2162,0.2179,0.2065,0.2174,0.2134,0.2116,0.2384,v0,clip_vit_b32_image
6685,/mnt/d/Photos/Z6ii/28-400mm/2025/2025-08-23/DSC_3987.NEF,,2,Yellow,neutral,rejected,0.4237,0.2732,0.7405,0.1724,0.1767,0.5894,0.2335,-0.0031,-0.0098,0.0105,-0.0157,-0.0154,0.0036,-0.0119,good dynamic range,out of focus,0.2185,0.2205,0.2282,0.2142,0.21,0.2227,0.2081,0.2216,0.2303,0.2177,0.2299,0.2254,0.2191,0.22,v0,clip_vit_b32_image
6683,/mnt/d/Photos/Z6ii/28-400mm/2025/2025-08-23/DSC_3983.NEF,350,3,Green,pick,neutral,0.5362,0.5898,0.8187,0.4705,0.4403,0.7325,0.5025,0.0014,0.0036,0.0151,-0.0012,-0.0024,0.0101,0.0001,well focused,out of focus,0.2148,0.2233,0.2189,0.2146,0.2137,0.2198,0.2487,0.2133,0.2197,0.2038,0.2157,0.2161,0.2097,0.2486,v0,clip_vit_b32_image
6681,/mnt/d/Photos/Z6ii/28-400mm/2025/2025-08-23/DSC_3981.NEF,351,4,Green,pick,picked,0.59,0.6753,0.8161,0.3888,0.4384,0.6873,0.6109,0.0036,0.0073,0.0149,-0.0045,-0.0025,0.0079,0.0045,good dynamic range,technically flawed,0.2192,0.2197,0.2275,0.2131,0.2117,0.2214,0.2213,0.2155,0.2123,0.2126,0.2176,0.2142,0.2135,0.2168,v0,clip_vit_b32_image
6679,/mnt/d/Photos/Z6ii/28-400mm/2025/2025-08-23/DSC_3979.NEF,,4,Green,neutral,picked,0.6657,0.831,0.8562,0.5254,0.5609,0.7894,0.6333,0.0069,0.0159,0.0178,0.001,0.0024,0.0132,0.0055,natural colors,technically flawed,0.2097,0.2202,0.2103,0.2081,0.2096,0.2153,0.253,0.2028,0.2042,0.1925,0.2071,0.2072,0.202,0.2475,v0,clip_vit_b32_image
6675,/mnt/d/Photos/Z6ii/28-400mm/2025/2025-08-23/DSC_3970.NEF,,3,Green,neutral,neutral,0.5452,0.5276,0.7523,0.3119,0.5322,0.7553,0.445,0.0018,0.0011,0.0111,-0.0079,0.0013,0.0113,-0.0022,good dynamic range,out of focus,0.2235,0.2282,0.226,0.218,0.2274,0.2335,0.2547,0.2217,0.2271,0.2149,0.226,0.2261,0.2222,0.2569,v0,clip_vit_b32_image
6673,/mnt/d/Photos/Z6ii/28-400mm/2025/2025-08-23/DSC_3965.NEF,,4,Blue,neutral,picked,0.5538,0.6344,0.8536,0.4836,0.5123,0.816,0.4963,0.0022,0.0055,0.0176,-0.0007,0.0005,0.0149,-0.0001,natural colors,out of focus,0.2081,0.2157,0.211,0.2097,0.2057,0.2173,0.2462,0.2059,0.2102,0.1934,0.2103,0.2052,0.2024,0.2464,v0,clip_vit_b32_image
6670,/mnt/d/Photos/Z6ii/28-400mm/2025/2025-08-23/DSC_3951.NEF,17427,4,Green,pick,picked,0.5898,0.7022,0.8171,0.544,0.5548,0.7702,0.4834,0.0036,0.0086,0.015,0.0018,0.0022,0.0121,-0.0007,natural colors,out of focus,0.2112,0.2198,0.2132,0.2144,0.2089,0.2162,0.2492,0.2075,0.2112,0.1982,0.2126,0.2067,0.2041,0.2498,v0,clip_vit_b32_image
6666,/mnt/d/Photos/Z6ii/28-400mm/2025/2025-08-23/DSC_3946.NEF,364,3,Yellow,pick,neutral,0.3558,0.4314,0.6983,0.2722,0.3989,0.6569,0.1688,-0.0059,-0.0028,0.0084,-0.0098,-0.0041,0.0065,-0.0159,good dynamic range,out of focus,0.2184,0.2252,0.2187,0.2177,0.2204,0.2257,0.2543,0.2243,0.228,0.2103,0.2276,0.2245,0.2192,0.2702,v0,clip_vit_b32_image
6662,/mnt/d/Photos/Z6ii/28-400mm/2025/2025-08-23/DSC_3940.NEF,17425,3,Green,pick,neutral,0.5079,0.6542,0.7056,0.3324,0.3982,0.5642,0.534,0.0003,0.0064,0.0087,-0.007,-0.0041,0.0026,0.0014,good dynamic range,technically flawed,0.2096,0.2103,0.2141,0.206,0.2077,0.2161,0.2287,0.2093,0.2039,0.2054,0.213,0.2119,0.2135,0.2274,v0,clip_vit_b32_image
6658,/mnt/d/Photos/Z6ii/28-400mm/2025/2025-08-23/DSC_3935.NEF,365,3,Green,reject,neutral,0.5143,0.6202,0.7476,0.4012,0.4195,0.5608,0.5626,0.0006,0.0049,0.0109,-0.004,-0.0032,0.0024,0.0025,good dynamic range,technically flawed,0.2114,0.2133,0.2169,0.2092,0.2108,0.217,0.2312,0.2108,0.2084,0.206,0.2132,0.2141,0.2146,0.2287,v0,clip_vit_b32_image
6660,/mnt/d/Photos/Z6ii/28-400mm/2025/2025-08-23/DSC_3938.NEF,365,3,Green,pick,neutral,0.4659,0.6255,0.6281,0.3217,0.4364,0.5164,0.4766,-0.0014,0.0051,0.0052,-0.0075,-0.0026,0.0007,-0.0009,good dynamic range,technically flawed,0.2153,0.2172,0.2176,0.2133,0.2163,0.22,0.2368,0.2167,0.2121,0.2124,0.2208,0.2189,0.2194,0.2378,v0,clip_vit_b32_image
6654,/mnt/d/Photos/Z6ii/28-400mm/2025/2025-08-23/DSC_3931.NEF,17426,3,Yellow,pick,neutral,0.5039,0.6998,0.7177,0.2968,0.4908,0.6084,0.5175,0.0002,0.0085,0.0093,-0.0086,-0.0004,0.0044,0.0007,good dynamic range,underexposed,0.2114,0.2141,0.2179,0.2096,0.2125,0.2187,0.2306,0.2112,0.2056,0.2086,0.2183,0.2128,0.2143,0.2299,v0,clip_vit_b32_image
6650,/mnt/d/Photos/Z6ii/28-400mm/2025/2025-08-23/DSC_3927.NEF,367,2,Yellow,pick,rejected,0.4504,0.5671,0.693,0.2423,0.4145,0.6019,0.456,-0.002,0.0027,0.0081,-0.0114,-0.0035,0.0041,-0.0018,good dynamic range,underexposed,0.218,0.2203,0.2246,0.2157,0.2169,0.2252,0.2375,0.22,0.2176,0.2165,0.2271,0.2203,0.221,0.2392,v0,clip_vit_b32_image
6646,/mnt/d/Photos/Z6ii/28-400mm/2025/2025-08-23/DSC_3923.NEF,17424,2,Yellow,pick,rejected,0.4731,0.5289,0.7395,0.4382,0.416,0.5899,0.4376,-0.0011,0.0012,0.0104,-0.0025,-0.0034,0.0036,-0.0025,balanced contrast,out of focus,0.2216,0.2271,0.2295,0.2209,0.2249,0.2289,0.246,0.2227,0.226,0.2191,0.2234,0.2283,0.2253,0.2485,v0,clip_vit_b32_image
6648,/mnt/d/Photos/Z6ii/28-400mm/2025/2025-08-23/DSC_3925.NEF,367,3,Green,pick,neutral,0.4599,0.599,0.7025,0.2505,0.4161,0.6185,0.4282,-0.0016,0.004,0.0086,-0.011,-0.0034,0.0048,-0.0029,good dynamic range,technically flawed,0.2163,0.218,0.2206,0.2128,0.2165,0.2252,0.2368,0.2179,0.2139,0.212,0.2238,0.2199,0.2203,0.2397,v0,clip_vit_b32_image
6644,/mnt/d/Photos/Z6ii/28-400mm/2025/2025-08-23/DSC_3921.NEF,17424,2,Yellow,pick,rejected,0.5228,0.5867,0.696,0.4176,0.4346,0.4971,0.5454,0.0009,0.0035,0.0083,-0.0033,-0.0026,-0.0001,0.0018,balanced contrast,misfocused,0.2194,0.2202,0.2221,0.2161,0.2207,0.2224,0.2331,0.2185,0.2166,0.2138,0.2194,0.2234,0.2226,0.2313,v0,clip_vit_b32_image
6671,/mnt/d/Photos/Z6ii/28-400mm/2025/2025-08-23/DSC_3954.NEF,17427,4,Green,pick,picked,0.5995,0.7167,0.8677,0.5352,0.5119,0.8017,0.5868,0.004,0.0093,0.0188,0.0014,0.0005,0.014,0.0035,good dynamic range,out of focus,0.2173,0.2271,0.2228,0.2219,0.2142,0.2239,0.2529,0.2133,0.2179,0.204,0.2205,0.2138,0.21,0.2494,v0,clip_vit_b32_image
6680,/mnt/d/Photos/Z6ii/28-400mm/2025/2025-08-23/DSC_3980.NEF,351,4,Green,pick,picked,0.6801,0.7731,0.8352,0.5049,0.4992,0.7132,0.699,0.0075,0.0123,0.0162,0.0002,-0.0,0.0091,0.0084,good dynamic range,technically flawed,0.2245,0.2269,0.2296,0.219,0.2186,0.2272,0.2351,0.217,0.2146,0.2134,0.2188,0.2187,0.2181,0.2266,v0,clip_vit_b32_image
6647,/mnt/d/Photos/Z6ii/28-400mm/2025/2025-08-23/DSC_3924.NEF,365,3,Green,neutral,neutral,0.4134,0.5644,0.6601,0.2696,0.4192,0.4794,0.4515,-0.0035,0.0026,0.0066,-0.01,-0.0033,-0.0008,-0.0019,good dynamic range,technically flawed,0.2108,0.2136,0.2155,0.2072,0.2131,0.2158,0.2373,0.2143,0.211,0.2089,0.2172,0.2163,0.2166,0.2392,v0,clip_vit_b32_image
6641,/mnt/d/Photos/Z6ii/28-400mm/2025/2025-08-31/DSC_4562.NEF,17487,3,Green,pick,neutral,0.48,0.4698,0.7798,0.233,0.499,0.5729,0.5346,-0.0008,-0.0012,0.0126,-0.0119,-0.0,0.0029,0.0014,detailed,noisy,0.2157,0.2187,0.2136,0.211,0.2181,0.2168,0.2432,0.2165,0.2199,0.2009,0.2229,0.2181,0.2139,0.2418,v0,clip_vit_b32_image
6780,/mnt/d/Photos/Z6ii/28-400mm/2025/2025-08-23/DSC_4100.NEF,289,3,Green,pick,neutral,0.3955,0.5209,0.7354,0.2915,0.2672,0.3981,0.4058,-0.0042,0.0008,0.0102,-0.0089,-0.0101,-0.0041,-0.0038,detailed,out of focus,0.2062,0.2112,0.2132,0.2033,0.2053,0.2059,0.2375,0.2105,0.2104,0.203,0.2122,0.2153,0.21,0.2413,v0,clip_vit_b32_image
6798,/mnt/d/Photos/Z6ii/28-400mm/2025/2025-08-23/DSC_4123.NEF,17442,3,Green,pick,neutral,0.5538,0.6167,0.7403,0.2675,0.3408,0.6558,0.5863,0.0022,0.0048,0.0105,-0.0101,-0.0066,0.0064,0.0035,good dynamic range,noisy,0.2044,0.2091,0.2115,0.2011,0.1978,0.2112,0.2315,0.2022,0.2044,0.201,0.2111,0.2044,0.2047,0.2281,v0,clip_vit_b32_image
6804,/mnt/d/Photos/Z6ii/28-400mm/2025/2025-08-23/DSC_4130.NEF,281,3,Green,pick,neutral,0.5438,0.6072,0.7561,0.2759,0.3369,0.6815,0.5748,0.0018,0.0044,0.0113,-0.0096,-0.0068,0.0076,0.003,good dynamic range,out of focus,0.2082,0.2136,0.2163,0.2061,0.203,0.2168,0.2356,0.2065,0.2092,0.205,0.2157,0.2098,0.2092,0.2326,v0,clip_vit_b32_image
6732,/mnt/d/Photos/Z6ii/28-400mm/2025/2025-08-23/DSC_4041.NEF,,3,Green,neutral,neutral,0.5814,0.7158,0.7805,0.6053,0.5461,0.7313,0.6299,0.0033,0.0092,0.0127,0.0043,0.0018,0.01,0.0053,a keeper photo,out of focus,0.2221,0.235,0.221,0.221,0.2214,0.2249,0.2141,0.2188,0.2258,0.2084,0.2167,0.2195,0.2148,0.2088,v0,clip_vit_b32_image
6738,/mnt/d/Photos/Z6ii/28-400mm/2025/2025-08-23/DSC_4049.NEF,316,2,Yellow,pick,rejected,0.692,0.833,0.8611,0.3984,0.5588,0.8274,0.5651,0.0081,0.0161,0.0182,-0.0041,0.0024,0.0157,0.0026,a keeper photo,out of focus,0.2129,0.2307,0.2202,0.207,0.2103,0.2201,0.2231,0.2048,0.2146,0.2019,0.2111,0.2079,0.2044,0.2205,v0,clip_vit_b32_image
6778,/mnt/d/Photos/Z6ii/28-400mm/2025/2025-08-23/DSC_4098.NEF,291,2,Yellow,pick,rejected,0.3914,0.4042,0.6072,0.4002,0.364,0.6714,0.3386,-0.0044,-0.0039,0.0044,-0.004,-0.0056,0.0071,-0.0067,good dynamic range,out of focus,0.2184,0.2216,0.2168,0.2164,0.2128,0.2214,0.2366,0.2228,0.2255,0.2124,0.2204,0.2184,0.2142,0.2433,v0,clip_vit_b32_image
6795,/mnt/d/Photos/Z6ii/28-400mm/2025/2025-08-23/DSC_4119.NEF,17441,2,Yellow,pick,rejected,0.457,0.4793,0.8018,0.1621,0.2586,0.5161,0.3886,-0.0017,-0.0008,0.014,-0.0164,-0.0105,0.0006,-0.0045,good dynamic range,noisy,0.1916,0.1906,0.2006,0.1848,0.1866,0.1972,0.2097,0.1933,0.1915,0.1866,0.2013,0.1971,0.1966,0.2142,v0,clip_vit_b32_image
6800,/mnt/d/Photos/Z6ii/28-400mm/2025/2025-08-23/DSC_4125.NEF,17443,3,Green,pick,neutral,0.5202,0.5637,0.7411,0.2251,0.3681,0.607,0.531,0.0008,0.0026,0.0105,-0.0124,-0.0054,0.0043,0.0012,good dynamic range,technically flawed,0.2059,0.2099,0.2129,0.203,0.201,0.212,0.2317,0.2051,0.2073,0.2024,0.2154,0.2064,0.2077,0.2305,v0,clip_vit_b32_image
6802,/mnt/d/Photos/Z6ii/28-400mm/2025/2025-08-23/DSC_4127.NEF,17442,3,Green,pick,neutral,0.5222,0.6182,0.749,0.226,0.3448,0.6034,0.5133,0.0009,0.0048,0.0109,-0.0123,-0.0064,0.0042,0.0005,good dynamic range,noisy,0.2071,0.2124,0.2132,0.204,0.2033,0.2144,0.2323,0.2062,0.2076,0.2022,0.2163,0.2097,0.2102,0.2318,v0,clip_vit_b32_image
6787,/mnt/d/Photos/Z6ii/28-400mm/2025/2025-08-23/DSC_4107.NEF,17440,1,Red,pick,rejected,0.387,0.4112,0.6618,0.2691,0.3963,0.4679,0.2868,-0.0046,-0.0036,0.0067,-0.01,-0.0042,-0.0013,-0.0091,well focused,out of focus,0.2088,0.2116,0.2075,0.2061,0.2109,0.2091,0.238,0.2134,0.2152,0.2008,0.2161,0.2151,0.2104,0.2472,v0,clip_vit_b32_image
6788,/mnt/d/Photos/Z6ii/28-400mm/2025/2025-08-23/DSC_4109.NEF,17440,1,Red,reject,rejected,0.3913,0.4601,0.6627,0.2712,0.4428,0.5137,0.2549,-0.0044,-0.0016,0.0068,-0.0099,-0.0023,0.0005,-0.0107,well focused,out of focus,0.2116,0.2169,0.209,0.2091,0.2159,0.2143,0.2455,0.2161,0.2185,0.2023,0.219,0.2182,0.2137,0.2562,v0,clip_vit_b32_image
6790,/mnt/d/Photos/Z6ii/28-400mm/2025/2025-08-23/DSC_4111.NEF,17440,1,Red,pick,rejected,0.4182,0.5146,0.6796,0.2486,0.4665,0.551,0.3353,-0.0033,0.0006,0.0075,-0.0111,-0.0013,0.002,-0.0068,well focused,out of focus,0.209,0.2151,0.2063,0.2061,0.2131,0.2119,0.2428,0.2124,0.2145,0.1988,0.2171,0.2144,0.2098,0.2496,v0,clip_vit_b32_image
6786,/mnt/d/Photos/Z6ii/28-400mm/2025/2025-08-23/DSC_4106.NEF,17439,2,Yellow,pick,rejected,0.4467,0.5058,0.7248,0.2804,0.3417,0.4578,0.405,-0.0021,0.0002,0.0097,-0.0094,-0.0066,-0.0017,-0.0038,good dynamic range,misfocused,0.2026,0.2067,0.2044,0.2003,0.2021,0.2038,0.2308,0.2048,0.2064,0.1948,0.2097,0.2087,0.2055,0.2346,v0,clip_vit_b32_image
6776,/mnt/d/Photos/Z6ii/28-400mm/2025/2025-08-23/DSC_4096.NEF,,2,Yellow,neutral,rejected,0.4106,0.3102,0.6027,0.3201,0.393,0.7201,0.3677,-0.0036,-0.008,0.0042,-0.0075,-0.0043,0.0095,-0.0054,good dynamic range,out of focus,0.2147,0.216,0.2149,0.2113,0.2057,0.217,0.224,0.2183,0.224,0.2107,0.2188,0.2101,0.2076,0.2294,v0,clip_vit_b32_image
6782,/mnt/d/Photos/Z6ii/28-400mm/2025/2025-08-23/DSC_4102.NEF,288,3,Green,pick,neutral,0.4968,0.4911,0.7597,0.3809,0.2862,0.4375,0.377,-0.0001,-0.0004,0.0115,-0.0049,-0.0091,-0.0025,-0.005,good dynamic range,misfocused,0.2079,0.21,0.2126,0.2059,0.2055,0.2103,0.2256,0.2081,0.2103,0.2011,0.2107,0.2147,0.2128,0.2306,v0,clip_vit_b32_image
6767,/mnt/d/Photos/Z6ii/28-400mm/2025/2025-08-23/DSC_4084.NEF,17437,1,Yellow,pick,rejected,0.3826,0.2369,0.7249,0.4215,0.23,0.4203,0.1753,-0.0048,-0.0117,0.0097,-0.0032,-0.0121,-0.0032,-0.0155,good dynamic range,misfocused,0.215,0.2116,0.2148,0.2143,0.2072,0.213,0.209,0.2198,0.2233,0.2051,0.2174,0.2192,0.2162,0.2244,v0,clip_vit_b32_image
6772,/mnt/d/Photos/Z6ii/28-400mm/2025/2025-08-23/DSC_4090.NEF,,2,Yellow,neutral,rejected,0.4651,0.4428,0.7974,0.4828,0.3707,0.5663,0.3146,-0.0014,-0.0023,0.0137,-0.0007,-0.0053,0.0027,-0.0078,well focused,out of focus,0.2264,0.2304,0.2309,0.2252,0.2264,0.2284,0.2515,0.2278,0.2327,0.2172,0.2259,0.2317,0.2257,0.2593,v0,clip_vit_b32_image
6762,/mnt/d/Photos/Z6ii/28-400mm/2025/2025-08-23/DSC_4079.NEF,17436,3,Green,pick,neutral,0.6205,0.7214,0.7949,0.4229,0.5035,0.7445,0.5998,0.0049,0.0095,0.0135,-0.0031,0.0001,0.0107,0.004,good dynamic range,technically flawed,0.2178,0.2219,0.2202,0.2107,0.2122,0.2211,0.2336,0.2128,0.2124,0.2067,0.2138,0.212,0.2104,0.2296,v0,clip_vit_b32_image
6764,/mnt/d/Photos/Z6ii/28-400mm/2025/2025-08-23/DSC_4081.NEF,,3,Green,neutral,neutral,0.5465,0.6299,0.7522,0.2747,0.4499,0.6895,0.5224,0.0019,0.0053,0.0111,-0.0097,-0.002,0.008,0.0009,good dynamic range,out of focus,0.2172,0.2192,0.2199,0.209,0.2137,0.2228,0.2313,0.2154,0.2139,0.2088,0.2187,0.2157,0.2148,0.2304,v0,clip_vit_b32_image
6760,/mnt/d/Photos/Z6ii/28-400mm/2025/2025-08-23/DSC_4077.NEF,303,3,Green,pick,neutral,0.5256,0.6172,0.6998,0.3594,0.4845,0.7124,0.5023,0.001,0.0048,0.0085,-0.0058,-0.0006,0.0091,0.0001,good dynamic range,out of focus,0.2173,0.2193,0.215,0.2095,0.2111,0.2193,0.2286,0.2163,0.2145,0.2066,0.2153,0.2118,0.2102,0.2285,v0,clip_vit_b32_image
6766,/mnt/d/Photos/Z6ii/28-400mm/2025/2025-08-23/DSC_4083.NEF,,4,Blue,neutral,picked,0.6679,0.7695,0.7666,0.62,0.3371,0.5303,0.6275,0.007,0.0121,0.0119,0.0049,-0.0068,0.0012,0.0052,natural colors,technically flawed,0.2151,0.2132,0.2213,0.2098,0.2008,0.209,0.1798,0.2081,0.2011,0.2094,0.2049,0.2075,0.2077,0.1746,v0,clip_vit_b32_image
6754,/mnt/d/Photos/Z6ii/28-400mm/2025/2025-08-23/DSC_4071.NEF,17435,3,Green,pick,neutral,0.4942,0.6448,0.7466,0.2789,0.4753,0.7026,0.768,-0.0002,0.006,0.0108,-0.0095,-0.001,0.0086,0.012,natural colors,out of focus,0.2079,0.2223,0.2129,0.2061,0.2054,0.2123,0.2209,0.2082,0.2164,0.2021,0.2156,0.2063,0.2037,0.209,v0,clip_vit_b32_image
6756,/mnt/d/Photos/Z6ii/28-400mm/2025/2025-08-23/DSC_4073.NEF,17435,3,Green,pick,neutral,0.4809,0.5799,0.7646,0.26,0.4779,0.7441,0.7282,-0.0008,0.0032,0.0118,-0.0105,-0.0009,0.0107,0.0099,natural colors,out of focus,0.2069,0.2194,0.2134,0.2038,0.2047,0.2137,0.2203,0.2076,0.2161,0.2017,0.2143,0.2056,0.2031,0.2104,v0,clip_vit_b32_image
6752,/mnt/d/Photos/Z6ii/28-400mm/2025/2025-08-23/DSC_4069.NEF,17435,3,Green,pick,neutral,0.4904,0.5725,0.7991,0.2835,0.5327,0.7416,0.7248,-0.0004,0.0029,0.0138,-0.0093,0.0013,0.0105,0.0097,natural colors,out of focus,0.2065,0.2183,0.2128,0.2022,0.2048,0.2111,0.2283,0.2068,0.2154,0.199,0.2114,0.2035,0.2006,0.2187,v0,clip_vit_b32_image
6744,/mnt/d/Photos/Z6ii/28-400mm/2025/2025-08-23/DSC_4056.NEF,17434,2,Yellow,pick,rejected,0.4907,0.7084,0.743,0.4613,0.5022,0.7674,0.6002,-0.0004,0.0089,0.0106,-0.0015,0.0001,0.0119,0.0041,well focused,out of focus,0.2193,0.2384,0.2154,0.2202,0.2205,0.2267,0.2331,0.2197,0.2295,0.2048,0.2217,0.2204,0.2148,0.229,v0,clip_vit_b32_image
6750,/mnt/d/Photos/Z6ii/28-400mm/2025/2025-08-23/DSC_4067.NEF,307,3,Green,pick,neutral,0.5156,0.6267,0.7879,0.3354,0.5709,0.7264,0.7529,0.0006,0.0052,0.0131,-0.0068,0.0029,0.0098,0.0111,well focused,out of focus,0.2099,0.2222,0.2112,0.2058,0.2098,0.2113,0.2422,0.2093,0.217,0.1981,0.2127,0.2069,0.2015,0.2311,v0,clip_vit_b32_image
6735,/mnt/d/Photos/Z6ii/28-400mm/2025/2025-08-23/DSC_4045.NEF,318,3,Green,pick,neutral,0.6449,0.8432,0.661,0.7119,0.576,0.7614,0.6775,0.006,0.0168,0.0067,0.009,0.0031,0.0116,0.0074,a keeper photo,out of focus,0.2289,0.2427,0.2307,0.2294,0.2289,0.2329,0.2304,0.2229,0.2259,0.224,0.2204,0.2258,0.2213,0.223,v0,clip_vit_b32_image
6746,/mnt/d/Photos/Z6ii/28-400mm/2025/2025-08-23/DSC_4058.NEF,,3,Green,neutral,neutral,0.5091,0.7135,0.7294,0.6736,0.3171,0.6781,0.2305,0.0004,0.0091,0.0099,0.0072,-0.0077,0.0074,-0.0121,crisp details,out of focus,0.2288,0.2447,0.2267,0.2347,0.2262,0.2337,0.2561,0.2285,0.2356,0.2168,0.2274,0.2339,0.2262,0.2682,v0,clip_vit_b32_image
6730,/mnt/d/Photos/Z6ii/28-400mm/2025/2025-08-23/DSC_4039.NEF,,2,Yellow,neutral,rejected,0.5772,0.7939,0.7016,0.3077,0.1295,0.4745,0.1965,0.0031,0.0135,0.0085,-0.0081,-0.019,-0.001,-0.0141,good dynamic range,underexposed,0.2143,0.2182,0.2259,0.2101,0.1962,0.2156,0.1814,0.2112,0.2048,0.2173,0.2182,0.2153,0.2166,0.1955,v0,clip_vit_b32_image
6726,/mnt/d/Photos/Z6ii/28-400mm/2025/2025-08-23/DSC_4035.NEF,,3,Green,neutral,neutral,0.5251,0.4446,0.585,0.6341,0.5719,0.7112,0.6564,0.001,-0.0022,0.0034,0.0055,0.0029,0.009,0.0065,well focused,out of focus,0.2298,0.2273,0.2235,0.2261,0.2273,0.2299,0.2494,0.2288,0.2296,0.22,0.2206,0.2244,0.2209,0.2429,v0,clip_vit_b32_image
6728,/mnt/d/Photos/Z6ii/28-400mm/2025/2025-08-23/DSC_4037.NEF,324,3,Green,pick,neutral,0.6083,0.5812,0.7686,0.5799,0.5312,0.8148,0.6152,0.0044,0.0033,0.012,0.0032,0.0012,0.0148,0.0047,natural colors,out of focus,0.2227,0.225,0.224,0.2208,0.2199,0.2304,0.2507,0.2183,0.2218,0.212,0.2176,0.2186,0.2156,0.246,v0,clip_vit_b32_image
6734,/mnt/d/Photos/Z6ii/28-400mm/2025/2025-08-23/DSC_4043.NEF,319,3,Green,neutral,neutral,0.6599,0.8,0.7586,0.8198,0.5953,0.721,0.7199,0.0066,0.0139,0.0115,0.0152,0.0039,0.0095,0.0094,a keeper photo,out of focus,0.2306,0.2388,0.2299,0.2315,0.2313,0.2307,0.2304,0.2239,0.225,0.2185,0.2164,0.2275,0.2212,0.221,v0,clip_vit_b32_image
6724,/mnt/d/Photos/Z6ii/28-400mm/2025/2025-08-23/DSC_4032.NEF,327,2,Yellow,pick,rejected,0.2474,0.1762,0.6507,0.3842,0.2833,0.5528,0.1453,-0.0111,-0.0154,0.0062,-0.0047,-0.0093,0.0021,-0.0177,good dynamic range,misfocused,0.2202,0.2242,0.2241,0.2278,0.2151,0.2237,0.209,0.2314,0.2396,0.2179,0.2325,0.2243,0.2216,0.2267,v0,clip_vit_b32_image
6737,/mnt/d/Photos/Z6ii/28-400mm/2025/2025-08-23/DSC_4048.NEF,,3,Green,neutral,neutral,0.6652,0.7635,0.7488,0.5287,0.546,0.7621,0.5474,0.0069,0.0117,0.0109,0.0011,0.0018,0.0116,0.0019,crisp details,out of focus,0.2138,0.2266,0.214,0.2081,0.2089,0.2177,0.2206,0.2069,0.2149,0.2031,0.2069,0.2071,0.2061,0.2187,v0,clip_vit_b32_image
6740,/mnt/d/Photos/Z6ii/28-400mm/2025/2025-08-23/DSC_4052.NEF,,1,Red,neutral,rejected,0.5699,0.7232,0.6924,0.4799,0.5034,0.7835,0.4626,0.0028,0.0096,0.0081,-0.0008,0.0001,0.0129,-0.0015,crisp details,out of focus,0.2166,0.2312,0.2185,0.2123,0.2128,0.2219,0.2198,0.2138,0.2216,0.2103,0.2131,0.2126,0.209,0.2213,v0,clip_vit_b32_image
6742,/mnt/d/Photos/Z6ii/28-400mm/2025/2025-08-23/DSC_4054.NEF,,3,Green,neutral,neutral,0.5009,0.7627,0.6635,0.5465,0.4132,0.6869,0.5188,0.0,0.0117,0.0068,0.0019,-0.0035,0.0079,0.0008,well focused,out of focus,0.2243,0.2379,0.2255,0.2246,0.2247,0.2294,0.233,0.2242,0.2263,0.2187,0.2228,0.2282,0.2215,0.2322,v0,clip_vit_b32_image
6748,/mnt/d/Photos/Z6ii/28-400mm/2025/2025-08-23/DSC_4065.NEF,,3,Green,neutral,neutral,0.4832,0.6009,0.7294,0.4231,0.437,0.6643,0.6913,-0.0007,0.0041,0.0099,-0.0031,-0.0025,0.0068,0.0081,natural colors,out of focus,0.2087,0.2162,0.2127,0.2063,0.2035,0.2085,0.2391,0.2093,0.2121,0.2027,0.2094,0.206,0.2016,0.231,v0,clip_vit_b32_image
6803,/mnt/d/Photos/Z6ii/28-400mm/2025/2025-08-23/DSC_4128.NEF,281,3,Green,pick,neutral,0.5194,0.6141,0.7176,0.2414,0.3424,0.6042,0.6217,0.0008,0.0046,0.0093,-0.0115,-0.0065,0.0042,0.005,good dynamic range,technically flawed,0.2059,0.209,0.2147,0.2022,0.2018,0.2131,0.2308,0.2052,0.2044,0.2054,0.2136,0.2083,0.2088,0.2258,v0,clip_vit_b32_image
6799,/mnt/d/Photos/Z6ii/28-400mm/2025/2025-08-23/DSC_4124.NEF,281,3,Yellow,pick,neutral,0.5498,0.6222,0.7132,0.2657,0.4081,0.5992,0.5066,0.002,0.005,0.0091,-0.0102,-0.0037,0.004,0.0003,good dynamic range,technically flawed,0.2104,0.2137,0.217,0.2057,0.2098,0.2165,0.2349,0.2084,0.2087,0.2079,0.2159,0.2136,0.2125,0.2346,v0,clip_vit_b32_image
6801,/mnt/d/Photos/Z6ii/28-400mm/2025/2025-08-23/DSC_4126.NEF,17443,3,Green,pick,neutral,0.4985,0.5393,0.7036,0.219,0.3236,0.6225,0.479,-0.0001,0.0016,0.0086,-0.0127,-0.0074,0.005,-0.0008,good dynamic range,noisy,0.2122,0.2151,0.2176,0.208,0.2067,0.2195,0.2349,0.2123,0.2135,0.2089,0.2207,0.214,0.2145,0.2357,v0,clip_vit_b32_image
6796,/mnt/d/Photos/Z6ii/28-400mm/2025/2025-08-23/DSC_4120.NEF,17441,2,Green,neutral,rejected,0.4489,0.532,0.7354,0.1615,0.2573,0.4756,0.4642,-0.0021,0.0013,0.0102,-0.0165,-0.0106,-0.001,-0.0014,good dynamic range,technically flawed,0.1906,0.1909,0.1962,0.1819,0.1843,0.1931,0.2079,0.1927,0.1896,0.186,0.1983,0.1949,0.1941,0.2093,v0,clip_vit_b32_image
6793,/mnt/d/Photos/Z6ii/28-400mm/2025/2025-08-23/DSC_4117.NEF,,2,Yellow,neutral,rejected,0.5427,0.7018,0.8276,0.3372,0.2306,0.397,0.5445,0.0017,0.0086,0.0157,-0.0068,-0.0121,-0.0042,0.0018,detailed,technically flawed,0.1934,0.1943,0.2031,0.1901,0.1851,0.1922,0.1974,0.1917,0.1858,0.1874,0.1968,0.1971,0.1964,0.1956,v0,clip_vit_b32_image
6791,/mnt/d/Photos/Z6ii/28-400mm/2025/2025-08-23/DSC_4115.NEF,,3,Green,neutral,neutral,0.349,0.3262,0.6421,0.318,0.3054,0.614,0.3701,-0.0062,-0.0073,0.0058,-0.0076,-0.0082,0.0046,-0.0053,good dynamic range,out of focus,0.2233,0.221,0.2253,0.2199,0.2173,0.2292,0.2299,0.2296,0.2282,0.2194,0.2276,0.2255,0.2246,0.2352,v0,clip_vit_b32_image
6789,/mnt/d/Photos/Z6ii/28-400mm/2025/2025-08-23/DSC_4110.NEF,17440,1,Red,pick,rejected,0.4409,0.4669,0.6604,0.3045,0.3829,0.6165,0.3913,-0.0024,-0.0013,0.0066,-0.0083,-0.0048,0.0047,-0.0044,well focused,out of focus,0.2142,0.2193,0.2154,0.2117,0.2131,0.2178,0.2455,0.2165,0.2207,0.2087,0.22,0.2178,0.2131,0.2499,v0,clip_vit_b32_image
6785,/mnt/d/Photos/Z6ii/28-400mm/2025/2025-08-23/DSC_4105.NEF,17439,2,Yellow,pick,rejected,0.4127,0.4875,0.7074,0.2958,0.3226,0.4212,0.366,-0.0035,-0.0005,0.0088,-0.0087,-0.0074,-0.0032,-0.0055,detailed,misfocused,0.2051,0.2092,0.2098,0.2035,0.2056,0.2072,0.2321,0.2086,0.2097,0.201,0.2122,0.213,0.2104,0.2376,v0,clip_vit_b32_image
6783,/mnt/d/Photos/Z6ii/28-400mm/2025/2025-08-23/DSC_4103.NEF,288,3,Green,pick,neutral,0.4268,0.4617,0.7341,0.3303,0.2651,0.3499,0.322,-0.003,-0.0015,0.0102,-0.0071,-0.0102,-0.0062,-0.0074,detailed,misfocused,0.2062,0.2104,0.212,0.2043,0.2037,0.2064,0.2272,0.2091,0.212,0.2018,0.2113,0.2139,0.2126,0.2346,v0,clip_vit_b32_image
6779,/mnt/d/Photos/Z6ii/28-400mm/2025/2025-08-23/DSC_4099.NEF,,2,Yellow,neutral,rejected,0.4282,0.5033,0.5938,0.5233,0.355,0.6221,0.4489,-0.0029,0.0001,0.0038,0.0009,-0.006,0.005,-0.0021,good dynamic range,out of focus,0.2219,0.2258,0.2243,0.2213,0.2158,0.221,0.2414,0.2248,0.2257,0.2205,0.2204,0.2218,0.216,0.2435,v0,clip_vit_b32_image
6781,/mnt/d/Photos/Z6ii/28-400mm/2025/2025-08-23/DSC_4101.NEF,289,3,Green,pick,neutral,0.5745,0.6404,0.7662,0.4507,0.2819,0.4531,0.4979,0.003,0.0058,0.0119,-0.002,-0.0094,-0.0019,-0.0001,good dynamic range,misfocused,0.205,0.2069,0.2109,0.2035,0.1996,0.2049,0.2226,0.202,0.2011,0.1991,0.2055,0.2089,0.2068,0.2227,v0,clip_vit_b32_image
6777,/mnt/d/Photos/Z6ii/28-400mm/2025/2025-08-23/DSC_4097.NEF,291,2,Yellow,pick,rejected,0.3922,0.3518,0.6528,0.3961,0.3867,0.6608,0.3749,-0.0044,-0.0061,0.0063,-0.0042,-0.0046,0.0067,-0.0051,good dynamic range,out of focus,0.2191,0.2221,0.2187,0.2185,0.2124,0.2212,0.2384,0.2235,0.2283,0.2123,0.2228,0.217,0.2145,0.2435,v0,clip_vit_b32_image
6775,/mnt/d/Photos/Z6ii/28-400mm/2025/2025-08-23/DSC_4095.NEF,,3,Green,neutral,neutral,0.5252,0.4767,0.7064,0.4448,0.4558,0.7577,0.4426,0.001,-0.0009,0.0088,-0.0022,-0.0018,0.0114,-0.0023,good dynamic range,out of focus,0.2157,0.2189,0.2151,0.2142,0.2082,0.222,0.2292,0.2147,0.2198,0.2063,0.2164,0.2099,0.2106,0.2315,v0,clip_vit_b32_image
6773,/mnt/d/Photos/Z6ii/28-400mm/2025/2025-08-23/DSC_4092.NEF,,1,Yellow,neutral,rejected,0.527,0.4279,0.7686,0.5579,0.2981,0.6868,0.2216,0.0011,-0.0029,0.012,0.0023,-0.0086,0.0079,-0.0126,crisp details,out of focus,0.2168,0.2232,0.2222,0.2217,0.2057,0.2202,0.2254,0.2158,0.2261,0.2102,0.2194,0.2143,0.2124,0.2379,v0,clip_vit_b32_image
6771,/mnt/d/Photos/Z6ii/28-400mm/2025/2025-08-23/DSC_4089.NEF,17438,2,Yellow,neutral,rejected,0.4471,0.3893,0.7864,0.4352,0.2353,0.48,0.2563,-0.0021,-0.0045,0.013,-0.0026,-0.0118,-0.0008,-0.0107,good dynamic range,misfocused,0.2139,0.2138,0.2199,0.2128,0.2057,0.2135,0.2098,0.216,0.2183,0.2068,0.2154,0.2175,0.2143,0.2204,v0,clip_vit_b32_image
6769,/mnt/d/Photos/Z6ii/28-400mm/2025/2025-08-23/DSC_4086.NEF,,1,Red,neutral,rejected,0.4194,0.2933,0.7815,0.3603,0.3356,0.5024,0.2299,-0.0033,-0.0088,0.0127,-0.0057,-0.0068,0.0001,-0.0121,well focused,misfocused,0.2133,0.2142,0.2182,0.2093,0.2107,0.2126,0.2267,0.2166,0.223,0.2054,0.2151,0.2176,0.2125,0.2388,v0,clip_vit_b32_image
6768,/mnt/d/Photos/Z6ii/28-400mm/2025/2025-08-23/DSC_4085.NEF,17437,2,Yellow,pick,rejected,0.3917,0.2216,0.7125,0.4365,0.2234,0.496,0.1781,-0.0044,-0.0126,0.0091,-0.0026,-0.0125,-0.0002,-0.0153,good dynamic range,misfocused,0.2133,0.2124,0.2151,0.214,0.2036,0.2141,0.2042,0.2177,0.225,0.206,0.2166,0.2161,0.2143,0.2195,v0,clip_vit_b32_image
6763,/mnt/d/Photos/Z6ii/28-400mm/2025/2025-08-23/DSC_4080.NEF,303,3,Green,pick,neutral,0.6055,0.6858,0.7368,0.4631,0.4771,0.7807,0.5327,0.0043,0.0078,0.0103,-0.0015,-0.0009,0.0127,0.0013,good dynamic range,technically flawed,0.2193,0.2221,0.2187,0.2137,0.2132,0.2256,0.2362,0.215,0.2143,0.2084,0.2151,0.2141,0.2129,0.2349,v0,clip_vit_b32_image
6765,/mnt/d/Photos/Z6ii/28-400mm/2025/2025-08-23/DSC_4082.NEF,,4,Green,neutral,picked,0.5696,0.7256,0.7648,0.3501,0.4491,0.6738,0.5835,0.0028,0.0097,0.0118,-0.0062,-0.002,0.0073,0.0034,good dynamic range,technically flawed,0.214,0.2159,0.2168,0.2064,0.211,0.2192,0.2262,0.2112,0.2062,0.205,0.2125,0.2131,0.212,0.2228,v0,clip_vit_b32_image
6761,/mnt/d/Photos/Z6ii/28-400mm/2025/2025-08-23/DSC_4078.NEF,303,3,Green,pick,neutral,0.5972,0.6705,0.7845,0.3701,0.516,0.7628,0.5116,0.0039,0.0071,0.0129,-0.0053,0.0006,0.0117,0.0005,good dynamic range,out of focus,0.219,0.2229,0.22,0.2117,0.2118,0.2221,0.2354,0.215,0.2158,0.2071,0.217,0.2112,0.2104,0.235,v0,clip_vit_b32_image
6759,/mnt/d/Photos/Z6ii/28-400mm/2025/2025-08-23/DSC_4076.NEF,17436,3,Green,pick,neutral,0.607,0.7307,0.7867,0.4331,0.5594,0.6861,0.531,0.0043,0.01,0.0131,-0.0027,0.0024,0.0078,0.0012,good dynamic range,technically flawed,0.2216,0.2247,0.2214,0.2139,0.2191,0.2222,0.2331,0.2173,0.2147,0.2084,0.2166,0.2167,0.2143,0.2319,v0,clip_vit_b32_image
6755,/mnt/d/Photos/Z6ii/28-400mm/2025/2025-08-23/DSC_4072.NEF,17435,3,Green,reject,neutral,0.4742,0.5534,0.7711,0.2412,0.494,0.7123,0.7203,-0.001,0.0021,0.0121,-0.0115,-0.0002,0.0091,0.0095,natural colors,out of focus,0.2084,0.2216,0.2157,0.2049,0.2068,0.2142,0.2266,0.2095,0.2194,0.2035,0.2164,0.207,0.2052,0.2171,v0,clip_vit_b32_image
6757,/mnt/d/Photos/Z6ii/28-400mm/2025/2025-08-23/DSC_4074.NEF,,3,Green,neutral,neutral,0.4687,0.5769,0.8086,0.4038,0.2,0.4469,0.3758,-0.0013,0.0031,0.0144,-0.0039,-0.0139,-0.0021,-0.0051,good dynamic range,out of focus,0.2024,0.2046,0.2099,0.2001,0.1926,0.2009,0.2128,0.2037,0.2015,0.1955,0.204,0.2064,0.203,0.2179,v0,clip_vit_b32_image
6751,/mnt/d/Photos/Z6ii/28-400mm/2025/2025-08-23/DSC_4068.NEF,307,3,Green,pick,neutral,0.4889,0.681,0.7462,0.2415,0.5685,0.7086,0.7751,-0.0004,0.0076,0.0108,-0.0114,0.0028,0.0089,0.0124,well focused,out of focus,0.2107,0.2229,0.2138,0.2047,0.2108,0.2129,0.2441,0.2112,0.2153,0.203,0.2162,0.208,0.204,0.2318,v0,clip_vit_b32_image
6753,/mnt/d/Photos/Z6ii/28-400mm/2025/2025-08-23/DSC_4070.NEF,,3,Green,neutral,neutral,0.4345,0.5253,0.7706,0.1705,0.4221,0.7369,0.6884,-0.0026,0.001,0.0121,-0.0158,-0.0031,0.0103,0.0079,natural colors,out of focus,0.2055,0.2198,0.2136,0.2016,0.2031,0.2141,0.2154,0.2081,0.2188,0.2015,0.2175,0.2063,0.2038,0.2074,v0,clip_vit_b32_image
6749,/mnt/d/Photos/Z6ii/28-400mm/2025/2025-08-23/DSC_4066.NEF,307,2,Green,pick,rejected,0.4581,0.6094,0.7336,0.2807,0.522,0.7318,0.7338,-0.0017,0.0044,0.0101,-0.0094,0.0009,0.01,0.0101,natural colors,out of focus,0.2091,0.222,0.2128,0.206,0.2076,0.2131,0.228,0.2108,0.2175,0.2027,0.2154,0.2067,0.2031,0.2178,v0,clip_vit_b32_image
6747,/mnt/d/Photos/Z6ii/28-400mm/2025/2025-08-23/DSC_4062.NEF,,3,Green,neutral,neutral,0.5939,0.7279,0.7881,0.5685,0.5036,0.7854,0.5426,0.0038,0.0098,0.0131,0.0028,0.0001,0.013,0.0017,well focused,out of focus,0.2205,0.235,0.2236,0.2195,0.2183,0.2282,0.2363,0.2167,0.2252,0.2105,0.2167,0.2182,0.2152,0.2346,v0,clip_vit_b32_image
6745,/mnt/d/Photos/Z6ii/28-400mm/2025/2025-08-23/DSC_4057.NEF,17434,2,Yellow,pick,rejected,0.5057,0.6269,0.7831,0.5633,0.4652,0.7776,0.5177,0.0002,0.0052,0.0128,0.0025,-0.0014,0.0125,0.0007,well focused,out of focus,0.2191,0.2347,0.216,0.221,0.2187,0.2276,0.234,0.2189,0.2295,0.2032,0.2185,0.2201,0.2151,0.2333,v0,clip_vit_b32_image
6741,/mnt/d/Photos/Z6ii/28-400mm/2025/2025-08-23/DSC_4053.NEF,,1,Red,neutral,rejected,0.5621,0.7213,0.6293,0.6645,0.4219,0.5868,0.5195,0.0025,0.0095,0.0053,0.0068,-0.0032,0.0035,0.0008,detailed,out of focus,0.2213,0.2344,0.2278,0.2233,0.215,0.2185,0.2193,0.2188,0.2249,0.2225,0.2165,0.2182,0.215,0.2185,v0,clip_vit_b32_image
6739,/mnt/d/Photos/Z6ii/28-400mm/2025/2025-08-23/DSC_4050.NEF,316,2,Yellow,pick,rejected,0.6444,0.8184,0.8237,0.403,0.5106,0.7733,0.4714,0.0059,0.0151,0.0154,-0.0039,0.0004,0.0123,-0.0011,detailed,out of focus,0.2173,0.2334,0.2229,0.2125,0.2149,0.2245,0.2319,0.2113,0.2184,0.2075,0.2164,0.2145,0.2123,0.233,v0,clip_vit_b32_image
6736,/mnt/d/Photos/Z6ii/28-400mm/2025/2025-08-23/DSC_4046.NEF,318,3,Green,pick,neutral,0.6063,0.7937,0.6845,0.6583,0.5589,0.7292,0.6275,0.0043,0.0135,0.0077,0.0066,0.0024,0.0099,0.0052,a keeper photo,out of focus,0.2243,0.2394,0.2267,0.2249,0.2246,0.2279,0.2284,0.22,0.226,0.2189,0.2184,0.2222,0.218,0.2232,v0,clip_vit_b32_image
6733,/mnt/d/Photos/Z6ii/28-400mm/2025/2025-08-23/DSC_4042.NEF,319,2,Yellow,neutral,rejected,0.6454,0.8057,0.7352,0.7184,0.535,0.679,0.695,0.006,0.0142,0.0102,0.0094,0.0014,0.0075,0.0082,detailed,out of focus,0.2262,0.2397,0.2299,0.2266,0.2227,0.2263,0.2317,0.2202,0.2255,0.2197,0.2172,0.2213,0.2188,0.2235,v0,clip_vit_b32_image
6731,/mnt/d/Photos/Z6ii/28-400mm/2025/2025-08-23/DSC_4040.NEF,,3,Green,neutral,neutral,0.5655,0.7204,0.7118,0.3052,0.1086,0.4589,0.1604,0.0026,0.0095,0.009,-0.0082,-0.0211,-0.0016,-0.0166,good dynamic range,underexposed,0.2199,0.2237,0.2329,0.2151,0.1998,0.2193,0.1878,0.2172,0.2143,0.2238,0.2233,0.2208,0.221,0.2044,v0,clip_vit_b32_image
6729,/mnt/d/Photos/Z6ii/28-400mm/2025/2025-08-23/DSC_4038.NEF,,3,Green,neutral,neutral,0.5838,0.7414,0.9058,0.3286,0.3314,0.6641,0.151,0.0034,0.0105,0.0226,-0.0071,-0.007,0.0068,-0.0173,detailed,noisy,0.2151,0.2268,0.2209,0.2104,0.2057,0.2179,0.2425,0.2117,0.2162,0.1983,0.2175,0.2127,0.2111,0.2598,v0,clip_vit_b32_image
6727,/mnt/d/Photos/Z6ii/28-400mm/2025/2025-08-23/DSC_4036.NEF,324,3,Green,pick,neutral,0.5843,0.5844,0.7412,0.6252,0.4928,0.7674,0.5696,0.0034,0.0034,0.0105,0.0051,-0.0003,0.0119,0.0028,good dynamic range,out of focus,0.2284,0.2306,0.2322,0.2258,0.2253,0.2342,0.2539,0.225,0.2272,0.2216,0.2207,0.2256,0.2222,0.2511,v0,clip_vit_b32_image
6725,/mnt/d/Photos/Z6ii/28-400mm/2025/2025-08-23/DSC_4033.NEF,,2,Red,neutral,rejected,0.3727,0.2343,0.5585,0.4081,0.3703,0.6262,0.3768,-0.0052,-0.0118,0.0023,-0.0037,-0.0053,0.0052,-0.005,good dynamic range,out of focus,0.2231,0.2224,0.2209,0.2177,0.2207,0.2246,0.2443,0.2283,0.2342,0.2185,0.2214,0.226,0.2195,0.2493,v0,clip_vit_b32_image
6784,/mnt/d/Photos/Z6ii/28-400mm/2025/2025-08-23/DSC_4104.NEF,,2,Yellow,neutral,rejected,0.4393,0.5211,0.7872,0.2768,0.3456,0.4218,0.3642,-0.0024,0.0008,0.0131,-0.0096,-0.0064,-0.0032,-0.0056,detailed,misfocused,0.2072,0.2121,0.2116,0.2053,0.2077,0.2061,0.2308,0.2096,0.2113,0.1986,0.2149,0.2141,0.2092,0.2363,v0,clip_vit_b32_image
6792,/mnt/d/Photos/Z6ii/28-400mm/2025/2025-08-23/DSC_4116.NEF,282,2,Yellow,pick,rejected,0.4075,0.3792,0.7497,0.2179,0.235,0.4495,0.3382,-0.0037,-0.0049,0.011,-0.0128,-0.0118,-0.002,-0.0067,good dynamic range,misfocused,0.1991,0.1983,0.2064,0.1934,0.1928,0.2014,0.2141,0.2028,0.2032,0.1954,0.2061,0.2046,0.2034,0.2208,v0,clip_vit_b32_image
6758,/mnt/d/Photos/Z6ii/28-400mm/2025/2025-08-23/DSC_4075.NEF,,4,Green,neutral,picked,0.6119,0.7365,0.7597,0.4262,0.4776,0.762,0.5239,0.0046,0.0103,0.0115,-0.003,-0.0009,0.0116,0.001,good dynamic range,out of focus,0.2216,0.2273,0.2204,0.2153,0.217,0.2256,0.2408,0.217,0.217,0.2089,0.2183,0.2179,0.214,0.2399,v0,clip_vit_b32_image
6774,/mnt/d/Photos/Z6ii/28-400mm/2025/2025-08-23/DSC_4094.NEF,,3,Yellow,neutral,neutral,0.6013,0.6261,0.6938,0.501,0.464,0.7466,0.5547,0.0041,0.0052,0.0082,0.0,-0.0014,0.0108,0.0022,good dynamic range,out of focus,0.2165,0.2207,0.214,0.2154,0.2104,0.2237,0.2325,0.2123,0.2156,0.2058,0.2153,0.2118,0.2129,0.2303,v0,clip_vit_b32_image
6884,/mnt/d/Photos/Z6ii/28-400mm/2025/2025-08-23/DSC_4233.NEF,17451,3,Green,pick,neutral,0.3804,0.5719,0.665,0.1578,0.3298,0.4237,0.4969,-0.0049,0.0029,0.0069,-0.0167,-0.0071,-0.0031,-0.0001,good dynamic range,out of focus,0.2001,0.2069,0.2046,0.1991,0.2004,0.2025,0.2303,0.2049,0.2041,0.1977,0.2158,0.2075,0.2056,0.2304,v0,clip_vit_b32_image
6806,/mnt/d/Photos/Z6ii/28-400mm/2025/2025-08-23/DSC_4132.NEF,272,3,Yellow,pick,neutral,0.6221,0.7084,0.776,0.4007,0.3908,0.7052,0.6168,0.005,0.0089,0.0124,-0.004,-0.0044,0.0087,0.0048,good dynamic range,technically flawed,0.216,0.2207,0.2221,0.214,0.2105,0.2247,0.2397,0.211,0.2119,0.2096,0.218,0.215,0.216,0.2349,v0,clip_vit_b32_image
6854,/mnt/d/Photos/Z6ii/28-400mm/2025/2025-08-23/DSC_4189.NEF,17447,3,Green,pick,neutral,0.5537,0.6562,0.7156,0.5133,0.4147,0.6239,0.552,0.0022,0.0065,0.0092,0.0005,-0.0034,0.0051,0.0021,good dynamic range,out of focus,0.2146,0.2191,0.2165,0.2134,0.2146,0.2202,0.2442,0.2125,0.2126,0.2073,0.2129,0.2181,0.2151,0.2422,v0,clip_vit_b32_image
6832,/mnt/d/Photos/Z6ii/28-400mm/2025/2025-08-23/DSC_4163.NEF,,3,Green,neutral,neutral,0.3856,0.5019,0.6324,0.1481,0.2922,0.568,0.3545,-0.0047,0.0001,0.0054,-0.0175,-0.0088,0.0027,-0.006,good dynamic range,underexposed,0.2126,0.2156,0.2187,0.2082,0.2088,0.2205,0.2356,0.2172,0.2155,0.2133,0.2257,0.2176,0.2178,0.2416,v0,clip_vit_b32_image
6862,/mnt/d/Photos/Z6ii/28-400mm/2025/2025-08-23/DSC_4199.NEF,,3,Green,neutral,neutral,0.5188,0.587,0.698,0.444,0.4392,0.5986,0.5441,0.0008,0.0035,0.0084,-0.0023,-0.0024,0.004,0.0018,good dynamic range,out of focus,0.2226,0.2267,0.2225,0.2195,0.2236,0.2272,0.2481,0.2218,0.2232,0.2141,0.2217,0.226,0.2232,0.2464,v0,clip_vit_b32_image
6858,/mnt/d/Photos/Z6ii/28-400mm/2025/2025-08-23/DSC_4195.NEF,243,3,Green,pick,neutral,0.5671,0.6936,0.7262,0.5364,0.4302,0.6006,0.6015,0.0027,0.0082,0.0098,0.0015,-0.0028,0.0041,0.0041,good dynamic range,technically flawed,0.2219,0.2256,0.2224,0.2192,0.2221,0.2234,0.2508,0.2192,0.2175,0.2126,0.2178,0.2249,0.2193,0.2467,v0,clip_vit_b32_image
6844,/mnt/d/Photos/Z6ii/28-400mm/2025/2025-08-23/DSC_4178.NEF,250,1,Red,pick,rejected,0.3344,0.4368,0.5152,0.146,0.2484,0.3656,0.449,-0.0069,-0.0025,0.0006,-0.0177,-0.0111,-0.0055,-0.002,detailed,noisy,0.2082,0.2105,0.2187,0.2035,0.1992,0.2086,0.2361,0.2151,0.213,0.218,0.2212,0.2103,0.2141,0.2381,v0,clip_vit_b32_image
6871,/mnt/d/Photos/Z6ii/28-400mm/2025/2025-08-23/DSC_4216.NEF,234,1,Red,pick,rejected,0.4158,0.5732,0.5885,0.2779,0.3484,0.3689,0.6102,-0.0034,0.0029,0.0036,-0.0095,-0.0063,-0.0054,0.0045,detailed,noisy,0.2105,0.2127,0.2146,0.2066,0.2053,0.2041,0.2321,0.2139,0.2098,0.211,0.2162,0.2115,0.2094,0.2276,v0,clip_vit_b32_image
6838,/mnt/d/Photos/Z6ii/28-400mm/2025/2025-08-23/DSC_4169.NEF,,4,Green,neutral,picked,0.4917,0.6516,0.7281,0.3007,0.1745,0.2919,0.4436,-0.0003,0.0063,0.0099,-0.0084,-0.0155,-0.0089,-0.0023,good dynamic range,noisy,0.1914,0.1889,0.1995,0.1898,0.1781,0.188,0.1917,0.1918,0.1826,0.1897,0.1983,0.1937,0.1969,0.194,v0,clip_vit_b32_image
6820,/mnt/d/Photos/Z6ii/28-400mm/2025/2025-08-23/DSC_4146.NEF,272,3,Green,pick,neutral,0.5946,0.6438,0.7927,0.3432,0.4547,0.6668,0.6074,0.0038,0.0059,0.0134,-0.0065,-0.0018,0.0069,0.0044,good dynamic range,noisy,0.2155,0.2185,0.2193,0.211,0.2135,0.2231,0.241,0.2116,0.2126,0.2059,0.2175,0.2153,0.2161,0.2366,v0,clip_vit_b32_image
6878,/mnt/d/Photos/Z6ii/28-400mm/2025/2025-08-23/DSC_4223.NEF,231,3,Green,neutral,neutral,0.347,0.532,0.6481,0.1289,0.3763,0.4868,0.4695,-0.0063,0.0013,0.0061,-0.0191,-0.0051,-0.0005,-0.0012,good dynamic range,out of focus,0.2014,0.208,0.2038,0.2001,0.2027,0.2039,0.2394,0.2077,0.2067,0.1977,0.2192,0.2078,0.2045,0.2406,v0,clip_vit_b32_image
6876,/mnt/d/Photos/Z6ii/28-400mm/2025/2025-08-23/DSC_4221.NEF,17450,3,Green,neutral,neutral,0.3792,0.5863,0.6569,0.1406,0.4085,0.4885,0.4453,-0.0049,0.0035,0.0065,-0.0181,-0.0037,-0.0005,-0.0022,good dynamic range,noisy,0.1992,0.207,0.1995,0.1981,0.2025,0.203,0.2404,0.2041,0.2035,0.193,0.2162,0.2062,0.2034,0.2426,v0,clip_vit_b32_image
6877,/mnt/d/Photos/Z6ii/28-400mm/2025/2025-08-23/DSC_4222.NEF,17450,3,Green,neutral,neutral,0.3383,0.4648,0.7519,0.1521,0.3247,0.5016,0.299,-0.0067,-0.0014,0.0111,-0.0172,-0.0073,0.0001,-0.0085,good dynamic range,out of focus,0.2003,0.2056,0.206,0.1989,0.1994,0.2046,0.2352,0.207,0.207,0.1949,0.216,0.2067,0.2045,0.2437,v0,clip_vit_b32_image
6872,/mnt/d/Photos/Z6ii/28-400mm/2025/2025-08-23/DSC_4217.NEF,234,1,Red,pick,rejected,0.3303,0.3851,0.5438,0.2045,0.3079,0.4736,0.3554,-0.0071,-0.0047,0.0018,-0.0136,-0.0081,-0.0011,-0.006,detailed,out of focus,0.2107,0.2124,0.2142,0.2084,0.2048,0.2093,0.2359,0.2177,0.2171,0.2125,0.222,0.2129,0.2103,0.2419,v0,clip_vit_b32_image
6874,/mnt/d/Photos/Z6ii/28-400mm/2025/2025-08-23/DSC_4219.NEF,17449,2,Yellow,pick,rejected,0.3771,0.3683,0.5926,0.1719,0.3019,0.6157,0.3795,-0.005,-0.0054,0.0037,-0.0157,-0.0084,0.0047,-0.0049,good dynamic range,misfocused,0.2155,0.2182,0.2171,0.2111,0.2091,0.2199,0.235,0.2205,0.2236,0.2133,0.2268,0.2175,0.2152,0.24,v0,clip_vit_b32_image
6870,/mnt/d/Photos/Z6ii/28-400mm/2025/2025-08-23/DSC_4213.NEF,,3,Green,neutral,neutral,0.3566,0.3835,0.7418,0.424,0.2477,0.5219,0.2138,-0.0059,-0.0047,0.0106,-0.0031,-0.0111,0.0009,-0.013,good dynamic range,misfocused,0.2143,0.2194,0.2239,0.2228,0.2052,0.2161,0.1981,0.2202,0.2242,0.2133,0.2259,0.2163,0.2153,0.2111,v0,clip_vit_b32_image
6864,/mnt/d/Photos/Z6ii/28-400mm/2025/2025-08-23/DSC_4205.NEF,17448,3,Green,pick,neutral,0.702,0.7587,0.743,0.7092,0.6172,0.7024,0.4139,0.0086,0.0115,0.0106,0.0089,0.0048,0.0086,-0.0035,balanced contrast,noisy,0.2262,0.2289,0.2209,0.2231,0.2245,0.2275,0.2478,0.2176,0.2175,0.2103,0.2142,0.2197,0.2189,0.2513,v0,clip_vit_b32_image
6853,/mnt/d/Photos/Z6ii/28-400mm/2025/2025-08-23/DSC_4188.NEF,17447,3,Green,pick,neutral,0.546,0.6177,0.7812,0.3576,0.4178,0.5875,0.5035,0.0018,0.0048,0.0127,-0.0059,-0.0033,0.0035,0.0001,good dynamic range,out of focus,0.213,0.2155,0.2173,0.2088,0.2152,0.2205,0.2415,0.2112,0.2107,0.2045,0.2147,0.2185,0.217,0.2414,v0,clip_vit_b32_image
6857,/mnt/d/Photos/Z6ii/28-400mm/2025/2025-08-23/DSC_4193.NEF,17446,3,Green,pick,neutral,0.5965,0.7422,0.8241,0.3563,0.4301,0.663,0.5934,0.0039,0.0106,0.0154,-0.0059,-0.0028,0.0068,0.0038,good dynamic range,noisy,0.2098,0.2146,0.2133,0.2086,0.2053,0.2147,0.2336,0.2059,0.204,0.1979,0.2145,0.2081,0.2079,0.2298,v0,clip_vit_b32_image
6850,/mnt/d/Photos/Z6ii/28-400mm/2025/2025-08-23/DSC_4185.NEF,247,3,Green,pick,neutral,0.4369,0.5867,0.7305,0.2537,0.3114,0.5137,0.4438,-0.0025,0.0035,0.01,-0.0108,-0.0079,0.0005,-0.0023,good dynamic range,technically flawed,0.2076,0.2101,0.2164,0.2023,0.2032,0.2138,0.227,0.2102,0.2066,0.2064,0.2131,0.2112,0.2132,0.2293,v0,clip_vit_b32_image
6846,/mnt/d/Photos/Z6ii/28-400mm/2025/2025-08-23/DSC_4181.NEF,,3,Green,neutral,neutral,0.5214,0.7452,0.7104,0.2013,0.3276,0.5232,0.544,0.0009,0.0107,0.009,-0.0138,-0.0072,0.0009,0.0018,good dynamic range,underexposed,0.2061,0.2094,0.2126,0.2022,0.2037,0.2107,0.2305,0.2053,0.1987,0.2036,0.216,0.2109,0.2097,0.2288,v0,clip_vit_b32_image
6848,/mnt/d/Photos/Z6ii/28-400mm/2025/2025-08-23/DSC_4183.NEF,247,3,Green,pick,neutral,0.4865,0.6538,0.735,0.3377,0.3012,0.4943,0.4693,-0.0005,0.0064,0.0102,-0.0067,-0.0084,-0.0002,-0.0012,good dynamic range,technically flawed,0.2087,0.2127,0.2171,0.2067,0.2021,0.2124,0.2273,0.2093,0.2063,0.2069,0.2135,0.2105,0.2126,0.2285,v0,clip_vit_b32_image
6834,/mnt/d/Photos/Z6ii/28-400mm/2025/2025-08-23/DSC_4165.NEF,,2,Yellow,neutral,rejected,0.3051,0.3264,0.5527,0.1445,0.237,0.4659,0.3594,-0.0082,-0.0072,0.0021,-0.0178,-0.0117,-0.0014,-0.0058,good dynamic range,out of focus,0.2184,0.2195,0.2265,0.2148,0.2116,0.2193,0.2462,0.2266,0.2268,0.2244,0.2326,0.2233,0.2206,0.252,v0,clip_vit_b32_image
6840,/mnt/d/Photos/Z6ii/28-400mm/2025/2025-08-23/DSC_4174.NEF,,3,Green,neutral,neutral,0.5634,0.7445,0.8159,0.2062,0.3552,0.5327,0.599,0.0026,0.0107,0.0149,-0.0135,-0.006,0.0013,0.004,good dynamic range,underexposed,0.2081,0.2113,0.2211,0.2026,0.2062,0.2145,0.2368,0.2055,0.2006,0.2062,0.2161,0.2121,0.2132,0.2327,v0,clip_vit_b32_image
6828,/mnt/d/Photos/Z6ii/28-400mm/2025/2025-08-23/DSC_4159.NEF,,2,Yellow,neutral,rejected,0.3896,0.3798,0.4913,0.3639,0.299,0.3912,0.4266,-0.0045,-0.0049,-0.0003,-0.0056,-0.0085,-0.0044,-0.003,good dynamic range,misfocused,0.2193,0.216,0.2195,0.217,0.2129,0.2162,0.2342,0.2238,0.2209,0.2198,0.2226,0.2214,0.2206,0.2371,v0,clip_vit_b32_image
6826,/mnt/d/Photos/Z6ii/28-400mm/2025/2025-08-23/DSC_4153.NEF,,3,Yellow,neutral,neutral,0.6463,0.6556,0.7575,0.5529,0.485,0.6836,0.5824,0.006,0.0064,0.0114,0.0021,-0.0006,0.0077,0.0033,good dynamic range,technically flawed,0.2222,0.2235,0.2279,0.2188,0.218,0.2293,0.2392,0.2162,0.2171,0.2165,0.2167,0.2186,0.2216,0.2359,v0,clip_vit_b32_image
6830,/mnt/d/Photos/Z6ii/28-400mm/2025/2025-08-23/DSC_4161.NEF,262,3,Yellow,pick,neutral,0.5538,0.6718,0.6963,0.4555,0.4255,0.5995,0.5006,0.0022,0.0072,0.0083,-0.0018,-0.003,0.004,0.0,good dynamic range,technically flawed,0.222,0.2251,0.224,0.2212,0.2183,0.2277,0.2423,0.2198,0.2179,0.2157,0.223,0.2213,0.2237,0.2423,v0,clip_vit_b32_image
6815,/mnt/d/Photos/Z6ii/28-400mm/2025/2025-08-23/DSC_4141.NEF,17445,1,Red,pick,rejected,0.3033,0.2984,0.5283,0.162,0.2843,0.5184,0.4246,-0.0083,-0.0085,0.0011,-0.0164,-0.0092,0.0007,-0.003,good dynamic range,out of focus,0.2147,0.2159,0.2227,0.2109,0.208,0.217,0.2448,0.223,0.2244,0.2216,0.2273,0.2173,0.2163,0.2479,v0,clip_vit_b32_image
6822,/mnt/d/Photos/Z6ii/28-400mm/2025/2025-08-23/DSC_4148.NEF,270,2,Yellow,neutral,rejected,0.3692,0.3972,0.5586,0.2557,0.2929,0.5443,0.3879,-0.0054,-0.0042,0.0024,-0.0107,-0.0088,0.0018,-0.0046,good dynamic range,misfocused,0.2199,0.2192,0.2262,0.2164,0.2145,0.2248,0.2349,0.2253,0.2233,0.2239,0.2271,0.2233,0.223,0.2395,v0,clip_vit_b32_image
6818,/mnt/d/Photos/Z6ii/28-400mm/2025/2025-08-23/DSC_4144.NEF,,2,Yellow,neutral,rejected,0.4687,0.5883,0.7682,0.1819,0.2749,0.4705,0.5714,-0.0013,0.0036,0.012,-0.015,-0.0097,-0.0012,0.0029,good dynamic range,noisy,0.2009,0.2045,0.2143,0.1966,0.1928,0.2029,0.2273,0.2022,0.201,0.2023,0.2117,0.2025,0.2041,0.2245,v0,clip_vit_b32_image
6814,/mnt/d/Photos/Z6ii/28-400mm/2025/2025-08-23/DSC_4140.NEF,275,2,Yellow,neutral,rejected,0.4615,0.5731,0.6415,0.266,0.3094,0.4476,0.5156,-0.0015,0.0029,0.0058,-0.0101,-0.008,-0.0021,0.0006,detailed,noisy,0.2145,0.2178,0.2232,0.2127,0.2081,0.2153,0.2409,0.2161,0.2149,0.2173,0.2229,0.2161,0.2174,0.2403,v0,clip_vit_b32_image
6810,/mnt/d/Photos/Z6ii/28-400mm/2025/2025-08-23/DSC_4136.NEF,,2,Yellow,neutral,rejected,0.4803,0.5797,0.6336,0.332,0.3271,0.5133,0.4043,-0.0008,0.0032,0.0055,-0.007,-0.0072,0.0005,-0.0039,good dynamic range,poorly composed,0.2193,0.2207,0.2201,0.2167,0.2218,0.2246,0.2403,0.22,0.2174,0.2147,0.2237,0.229,0.2241,0.2442,v0,clip_vit_b32_image
6812,/mnt/d/Photos/Z6ii/28-400mm/2025/2025-08-23/DSC_4138.NEF,,3,Yellow,neutral,neutral,0.4502,0.5144,0.7042,0.3496,0.3324,0.5551,0.4331,-0.002,0.0006,0.0087,-0.0062,-0.007,0.0022,-0.0027,good dynamic range,out of focus,0.2241,0.2284,0.2316,0.2242,0.2221,0.2299,0.2461,0.2261,0.2278,0.2229,0.2304,0.2291,0.2277,0.2488,v0,clip_vit_b32_image
6860,/mnt/d/Photos/Z6ii/28-400mm/2025/2025-08-23/DSC_4197.NEF,242,3,Green,neutral,neutral,0.5456,0.7083,0.7951,0.3378,0.3694,0.5567,0.4618,0.0018,0.0089,0.0136,-0.0067,-0.0053,0.0023,-0.0015,good dynamic range,out of focus,0.2131,0.2174,0.2171,0.2096,0.2115,0.2194,0.2399,0.2112,0.2085,0.2036,0.2163,0.2169,0.2171,0.2414,v0,clip_vit_b32_image
6879,/mnt/d/Photos/Z6ii/28-400mm/2025/2025-08-23/DSC_4224.NEF,231,3,Green,neutral,neutral,0.3788,0.529,0.6432,0.1098,0.4291,0.5422,0.4436,-0.0049,0.0012,0.0059,-0.0209,-0.0029,0.0017,-0.0023,good dynamic range,noisy,0.1966,0.2004,0.1985,0.1928,0.2004,0.2029,0.225,0.2015,0.1992,0.1926,0.2137,0.2033,0.2012,0.2273,v0,clip_vit_b32_image
6882,/mnt/d/Photos/Z6ii/28-400mm/2025/2025-08-23/DSC_4229.NEF,,3,Green,neutral,neutral,0.371,0.5485,0.6811,0.1774,0.4183,0.4998,0.4654,-0.0053,0.0019,0.0076,-0.0153,-0.0033,-0.0,-0.0014,good dynamic range,noisy,0.2014,0.2066,0.2023,0.2,0.204,0.2031,0.2404,0.2067,0.2047,0.1947,0.2154,0.2073,0.2031,0.2418,v0,clip_vit_b32_image
6885,/mnt/d/Photos/Z6ii/28-400mm/2025/2025-08-23/DSC_4237.NEF,,2,Yellow,neutral,rejected,0.3852,0.6035,0.6686,0.1921,0.3643,0.5202,0.4777,-0.0047,0.0042,0.007,-0.0144,-0.0056,0.0008,-0.0009,good dynamic range,out of focus,0.2039,0.2122,0.2071,0.2026,0.2048,0.2086,0.2332,0.2086,0.208,0.2001,0.217,0.2104,0.2078,0.2341,v0,clip_vit_b32_image
6883,/mnt/d/Photos/Z6ii/28-400mm/2025/2025-08-23/DSC_4230.NEF,17451,3,Green,pick,neutral,0.3773,0.5398,0.6408,0.1506,0.3373,0.4715,0.4644,-0.005,0.0016,0.0058,-0.0173,-0.0068,-0.0011,-0.0014,good dynamic range,out of focus,0.1972,0.2051,0.2013,0.1967,0.1968,0.2024,0.2316,0.2022,0.2035,0.1955,0.2141,0.2036,0.2035,0.233,v0,clip_vit_b32_image
6881,/mnt/d/Photos/Z6ii/28-400mm/2025/2025-08-23/DSC_4227.NEF,231,3,Green,neutral,neutral,0.3791,0.5321,0.6542,0.1971,0.4059,0.5116,0.3916,-0.0049,0.0013,0.0064,-0.014,-0.0038,0.0005,-0.0044,good dynamic range,noisy,0.1935,0.1982,0.195,0.1937,0.1934,0.1967,0.2338,0.1984,0.1969,0.1886,0.2078,0.1972,0.1963,0.2382,v0,clip_vit_b32_image
6875,/mnt/d/Photos/Z6ii/28-400mm/2025/2025-08-23/DSC_4220.NEF,17449,2,Yellow,pick,rejected,0.2867,0.2314,0.4533,0.138,0.2358,0.5944,0.2649,-0.0091,-0.012,-0.0019,-0.0183,-0.0118,0.0038,-0.0102,good dynamic range,misfocused,0.2186,0.2181,0.2192,0.215,0.2102,0.2235,0.2301,0.2277,0.2301,0.2211,0.2334,0.222,0.2196,0.2403,v0,clip_vit_b32_image
6867,/mnt/d/Photos/Z6ii/28-400mm/2025/2025-08-23/DSC_4209.NEF,,2,Green,neutral,rejected,0.4525,0.6783,0.7569,0.1293,0.3545,0.4839,0.4966,-0.0019,0.0075,0.0114,-0.0191,-0.006,-0.0006,-0.0001,detailed,out of focus,0.1959,0.2073,0.2018,0.1887,0.198,0.1997,0.2371,0.1978,0.1999,0.1904,0.2078,0.204,0.2004,0.2372,v0,clip_vit_b32_image
6869,/mnt/d/Photos/Z6ii/28-400mm/2025/2025-08-23/DSC_4211.NEF,236,4,Blue,neutral,picked,0.4682,0.3978,0.7781,0.3974,0.3272,0.6489,0.1433,-0.0013,-0.0041,0.0125,-0.0042,-0.0072,0.0061,-0.0179,good dynamic range,misfocused,0.2098,0.2149,0.2212,0.2136,0.2032,0.2144,0.2015,0.2111,0.2191,0.2086,0.2177,0.2104,0.2082,0.2194,v0,clip_vit_b32_image
6863,/mnt/d/Photos/Z6ii/28-400mm/2025/2025-08-23/DSC_4204.NEF,,3,Green,neutral,neutral,0.6108,0.6699,0.7176,0.6284,0.5108,0.6965,0.2861,0.0045,0.0071,0.0093,0.0053,0.0004,0.0083,-0.0091,balanced contrast,out of focus,0.228,0.2335,0.2235,0.2248,0.2216,0.2293,0.2514,0.2235,0.2264,0.2142,0.2196,0.2212,0.221,0.2605,v0,clip_vit_b32_image
6865,/mnt/d/Photos/Z6ii/28-400mm/2025/2025-08-23/DSC_4206.NEF,17448,3,Green,pick,neutral,0.6755,0.7624,0.7135,0.6022,0.6179,0.771,0.3715,0.0073,0.0117,0.0091,0.0041,0.0048,0.0121,-0.0053,balanced contrast,noisy,0.2228,0.2273,0.2178,0.2186,0.2191,0.2264,0.2426,0.2155,0.2157,0.2087,0.2145,0.2143,0.2142,0.2478,v0,clip_vit_b32_image
6859,/mnt/d/Photos/Z6ii/28-400mm/2025/2025-08-23/DSC_4196.NEF,243,3,Green,pick,neutral,0.538,0.6306,0.7068,0.5663,0.4775,0.649,0.5767,0.0015,0.0053,0.0088,0.0027,-0.0009,0.0061,0.0031,good dynamic range,out of focus,0.2224,0.2265,0.2222,0.2209,0.2225,0.2252,0.2511,0.2209,0.2211,0.2134,0.2182,0.2234,0.219,0.248,v0,clip_vit_b32_image
6861,/mnt/d/Photos/Z6ii/28-400mm/2025/2025-08-23/DSC_4198.NEF,242,3,Green,neutral,neutral,0.6137,0.821,0.7776,0.3884,0.4576,0.5302,0.6223,0.0046,0.0152,0.0125,-0.0045,-0.0017,0.0012,0.005,good dynamic range,technically flawed,0.2169,0.2202,0.2218,0.2113,0.2182,0.2214,0.2416,0.2122,0.2049,0.2093,0.2158,0.2199,0.2202,0.2366,v0,clip_vit_b32_image
6855,/mnt/d/Photos/Z6ii/28-400mm/2025/2025-08-23/DSC_4190.NEF,17446,3,Green,neutral,neutral,0.5041,0.6062,0.814,0.2286,0.4261,0.6032,0.4769,0.0002,0.0043,0.0148,-0.0122,-0.003,0.0042,-0.0009,good dynamic range,noisy,0.2098,0.2146,0.2134,0.2055,0.2096,0.2137,0.2354,0.2096,0.2103,0.1987,0.2177,0.2126,0.2096,0.2363,v0,clip_vit_b32_image
6856,/mnt/d/Photos/Z6ii/28-400mm/2025/2025-08-23/DSC_4191.NEF,,3,Green,neutral,neutral,0.5534,0.6766,0.8243,0.2753,0.4322,0.6652,0.5455,0.0021,0.0074,0.0155,-0.0097,-0.0027,0.0069,0.0018,good dynamic range,noisy,0.2065,0.2108,0.2108,0.2018,0.2052,0.2125,0.235,0.2043,0.2034,0.1953,0.2115,0.208,0.2057,0.2331,v0,clip_vit_b32_image
6852,/mnt/d/Photos/Z6ii/28-400mm/2025/2025-08-23/DSC_4187.NEF,,3,Green,neutral,neutral,0.4758,0.6315,0.7598,0.2945,0.3336,0.5553,0.4094,-0.001,0.0054,0.0115,-0.0087,-0.0069,0.0022,-0.0037,good dynamic range,out of focus,0.2082,0.2122,0.2135,0.2072,0.2058,0.2131,0.2324,0.2092,0.2068,0.202,0.216,0.2127,0.2109,0.2361,v0,clip_vit_b32_image
6851,/mnt/d/Photos/Z6ii/28-400mm/2025/2025-08-23/DSC_4186.NEF,17446,3,Green,pick,neutral,0.4994,0.5502,0.7457,0.3456,0.3688,0.6652,0.414,-0.0,0.002,0.0108,-0.0064,-0.0054,0.0069,-0.0035,good dynamic range,out of focus,0.2065,0.2087,0.2061,0.2055,0.2013,0.212,0.2288,0.2065,0.2067,0.1953,0.2119,0.2067,0.2051,0.2323,v0,clip_vit_b32_image
6849,/mnt/d/Photos/Z6ii/28-400mm/2025/2025-08-23/DSC_4184.NEF,247,3,Green,pick,neutral,0.4596,0.6039,0.7308,0.2644,0.3146,0.4666,0.4785,-0.0016,0.0042,0.01,-0.0102,-0.0078,-0.0013,-0.0009,good dynamic range,underexposed,0.2051,0.2072,0.214,0.2003,0.1995,0.2081,0.223,0.2067,0.203,0.204,0.2105,0.2073,0.2095,0.2238,v0,clip_vit_b32_image
6847,/mnt/d/Photos/Z6ii/28-400mm/2025/2025-08-23/DSC_4182.NEF,,4,Green,neutral,picked,0.4803,0.6702,0.7109,0.2206,0.296,0.5097,0.4452,-0.0008,0.0071,0.009,-0.0126,-0.0087,0.0004,-0.0022,good dynamic range,noisy,0.2069,0.2125,0.2157,0.2052,0.2034,0.2135,0.2325,0.2077,0.2055,0.2067,0.2178,0.212,0.2131,0.2347,v0,clip_vit_b32_image
6845,/mnt/d/Photos/Z6ii/28-400mm/2025/2025-08-23/DSC_4179.NEF,250,2,Yellow,pick,rejected,0.3591,0.4267,0.5724,0.1392,0.2837,0.3609,0.5008,-0.0058,-0.003,0.0029,-0.0182,-0.0093,-0.0057,0.0,detailed,noisy,0.2038,0.2049,0.2133,0.1989,0.1948,0.2033,0.2271,0.2096,0.2079,0.2104,0.2171,0.204,0.209,0.2271,v0,clip_vit_b32_image
6843,/mnt/d/Photos/Z6ii/28-400mm/2025/2025-08-23/DSC_4177.NEF,,2,Yellow,neutral,rejected,0.3058,0.4709,0.6178,0.0791,0.3805,0.4972,0.4887,-0.0082,-0.0012,0.0048,-0.0245,-0.0049,-0.0001,-0.0005,a photo with strong subject separation,out of focus,0.2041,0.2138,0.2104,0.1994,0.2039,0.2052,0.2537,0.2123,0.215,0.2056,0.2239,0.2088,0.2053,0.2542,v0,clip_vit_b32_image
6841,/mnt/d/Photos/Z6ii/28-400mm/2025/2025-08-23/DSC_4175.NEF,,3,Green,neutral,neutral,0.5688,0.6358,0.7152,0.4906,0.4231,0.6304,0.5063,0.0028,0.0056,0.0092,-0.0004,-0.0031,0.0053,0.0003,good dynamic range,technically flawed,0.2186,0.2202,0.2221,0.2153,0.2162,0.2238,0.238,0.2158,0.2146,0.2129,0.2157,0.2193,0.2185,0.2377,v0,clip_vit_b32_image
6839,/mnt/d/Photos/Z6ii/28-400mm/2025/2025-08-23/DSC_4173.NEF,,3,Green,neutral,neutral,0.5131,0.6359,0.749,0.3167,0.319,0.5112,0.5126,0.0005,0.0056,0.0109,-0.0077,-0.0076,0.0004,0.0005,good dynamic range,underexposed,0.2128,0.2154,0.2218,0.2094,0.2095,0.2177,0.236,0.2123,0.2099,0.2108,0.2171,0.2171,0.2173,0.2355,v0,clip_vit_b32_image
6835,/mnt/d/Photos/Z6ii/28-400mm/2025/2025-08-23/DSC_4166.NEF,258,2,Yellow,neutral,rejected,0.5593,0.6041,0.6811,0.6576,0.4932,0.6145,0.5801,0.0024,0.0042,0.0076,0.0065,-0.0003,0.0047,0.0032,good dynamic range,technically flawed,0.2248,0.227,0.2233,0.2247,0.2263,0.2281,0.2525,0.2224,0.2228,0.2158,0.2181,0.2266,0.2235,0.2493,v0,clip_vit_b32_image
6837,/mnt/d/Photos/Z6ii/28-400mm/2025/2025-08-23/DSC_4168.NEF,,4,Blue,neutral,picked,0.665,0.8323,0.831,0.4252,0.1937,0.3847,0.6056,0.0069,0.016,0.0159,-0.003,-0.0143,-0.0047,0.0043,good dynamic range,noisy,0.2001,0.201,0.2151,0.1997,0.1841,0.198,0.1851,0.1932,0.185,0.1992,0.2028,0.1984,0.2027,0.1808,v0,clip_vit_b32_image
6833,/mnt/d/Photos/Z6ii/28-400mm/2025/2025-08-23/DSC_4164.NEF,,2,Yellow,neutral,rejected,0.396,0.4415,0.571,0.2085,0.2867,0.4114,0.4535,-0.0042,-0.0024,0.0029,-0.0133,-0.0091,-0.0036,-0.0019,good dynamic range,noisy,0.2142,0.2153,0.2223,0.2119,0.2056,0.2124,0.2386,0.2184,0.2176,0.2194,0.2253,0.2147,0.216,0.2404,v0,clip_vit_b32_image
6831,/mnt/d/Photos/Z6ii/28-400mm/2025/2025-08-23/DSC_4162.NEF,262,3,Yellow,pick,neutral,0.6336,0.7471,0.7576,0.5381,0.5022,0.6603,0.5886,0.0055,0.0108,0.0114,0.0015,0.0001,0.0066,0.0036,good dynamic range,technically flawed,0.222,0.2236,0.2227,0.2189,0.2195,0.2283,0.24,0.2165,0.2127,0.2113,0.2174,0.2194,0.2216,0.2364,v0,clip_vit_b32_image
6827,/mnt/d/Photos/Z6ii/28-400mm/2025/2025-08-23/DSC_4158.NEF,,2,Yellow,neutral,rejected,0.4189,0.4825,0.5038,0.4101,0.3048,0.4963,0.5832,-0.0033,-0.0007,0.0002,-0.0036,-0.0082,-0.0001,0.0034,good dynamic range,underexposed,0.2195,0.2191,0.227,0.219,0.2084,0.2166,0.2293,0.2228,0.2198,0.2269,0.2227,0.2167,0.2167,0.226,v0,clip_vit_b32_image
6829,/mnt/d/Photos/Z6ii/28-400mm/2025/2025-08-23/DSC_4160.NEF,,2,Yellow,neutral,rejected,0.4486,0.4358,0.4567,0.5719,0.4039,0.3679,0.411,-0.0021,-0.0026,-0.0017,0.0029,-0.0039,-0.0054,-0.0036,balanced contrast,misfocused,0.2265,0.2237,0.2242,0.2268,0.2241,0.2209,0.2398,0.2286,0.2262,0.2259,0.2239,0.228,0.2263,0.2434,v0,clip_vit_b32_image
6823,/mnt/d/Photos/Z6ii/28-400mm/2025/2025-08-23/DSC_4149.NEF,,1,Yellow,neutral,rejected,0.3113,0.2762,0.5087,0.1936,0.2892,0.5007,0.3774,-0.0079,-0.0096,0.0003,-0.0143,-0.009,0.0,-0.005,good dynamic range,misfocused,0.2125,0.2098,0.2148,0.2069,0.2076,0.2161,0.2335,0.2204,0.2194,0.2145,0.2211,0.2166,0.216,0.2385,v0,clip_vit_b32_image
6825,/mnt/d/Photos/Z6ii/28-400mm/2025/2025-08-23/DSC_4151.NEF,,3,Green,neutral,neutral,0.5403,0.5595,0.726,0.3968,0.4132,0.6156,0.5509,0.0016,0.0024,0.0097,-0.0042,-0.0035,0.0047,0.002,good dynamic range,technically flawed,0.2214,0.2235,0.227,0.2196,0.219,0.2279,0.2409,0.2198,0.2211,0.2173,0.2237,0.2226,0.2232,0.2389,v0,clip_vit_b32_image
6819,/mnt/d/Photos/Z6ii/28-400mm/2025/2025-08-23/DSC_4145.NEF,,3,Green,neutral,neutral,0.6001,0.6739,0.8105,0.2449,0.3112,0.6148,0.5378,0.0041,0.0073,0.0145,-0.0113,-0.0079,0.0047,0.0015,good dynamic range,noisy,0.2127,0.2154,0.2242,0.2066,0.2066,0.22,0.2361,0.2087,0.2081,0.2096,0.2178,0.2145,0.2154,0.2346,v0,clip_vit_b32_image
6817,/mnt/d/Photos/Z6ii/28-400mm/2025/2025-08-23/DSC_4143.NEF,17445,1,Red,pick,rejected,0.2786,0.2468,0.5708,0.1876,0.199,0.4092,0.3257,-0.0095,-0.0112,0.0028,-0.0147,-0.0139,-0.0037,-0.0073,good dynamic range,misfocused,0.2103,0.2108,0.2231,0.2078,0.2029,0.2122,0.2384,0.2198,0.222,0.2203,0.2224,0.2168,0.2159,0.2457,v0,clip_vit_b32_image
6816,/mnt/d/Photos/Z6ii/28-400mm/2025/2025-08-23/DSC_4142.NEF,270,1,Red,neutral,rejected,0.2586,0.242,0.5682,0.1616,0.2089,0.4507,0.2317,-0.0105,-0.0114,0.0027,-0.0165,-0.0133,-0.002,-0.012,natural colors,out of focus,0.2199,0.2215,0.2343,0.2168,0.2138,0.2233,0.2454,0.2305,0.2329,0.2316,0.2333,0.2272,0.2253,0.2573,v0,clip_vit_b32_image
6813,/mnt/d/Photos/Z6ii/28-400mm/2025/2025-08-23/DSC_4139.NEF,275,2,Yellow,neutral,rejected,0.4834,0.6236,0.62,0.3112,0.2915,0.4176,0.5852,-0.0007,0.005,0.0049,-0.0079,-0.0089,-0.0033,0.0034,detailed,noisy,0.2154,0.2202,0.2245,0.2146,0.208,0.2153,0.2425,0.216,0.2152,0.2196,0.2225,0.2169,0.2186,0.239,v0,clip_vit_b32_image
6811,/mnt/d/Photos/Z6ii/28-400mm/2025/2025-08-23/DSC_4137.NEF,17444,2,Yellow,pick,rejected,0.4822,0.5161,0.6704,0.3734,0.3646,0.6008,0.4836,-0.0007,0.0006,0.0071,-0.0052,-0.0056,0.0041,-0.0007,good dynamic range,out of focus,0.2212,0.2236,0.2271,0.2206,0.2198,0.2285,0.2422,0.2219,0.2229,0.22,0.2258,0.2253,0.2244,0.2429,v0,clip_vit_b32_image
6807,/mnt/d/Photos/Z6ii/28-400mm/2025/2025-08-23/DSC_4133.NEF,17444,2,Yellow,pick,rejected,0.4313,0.507,0.5816,0.3453,0.4147,0.5044,0.4372,-0.0028,0.0003,0.0033,-0.0064,-0.0034,0.0002,-0.0025,balanced contrast,out of focus,0.2169,0.2178,0.2179,0.2145,0.2176,0.22,0.2359,0.2197,0.2175,0.2146,0.2209,0.221,0.2198,0.2384,v0,clip_vit_b32_image
6809,/mnt/d/Photos/Z6ii/28-400mm/2025/2025-08-23/DSC_4135.NEF,,2,Yellow,neutral,rejected,0.433,0.4179,0.5962,0.2805,0.2824,0.4353,0.2263,-0.0027,-0.0033,0.0039,-0.0094,-0.0093,-0.0026,-0.0123,good dynamic range,misfocused,0.2309,0.2319,0.2344,0.2277,0.2292,0.2336,0.2348,0.2336,0.2352,0.2305,0.2371,0.2385,0.2362,0.2471,v0,clip_vit_b32_image
6805,/mnt/d/Photos/Z6ii/28-400mm/2025/2025-08-23/DSC_4131.NEF,272,3,Yellow,pick,neutral,0.5635,0.5342,0.73,0.4096,0.3961,0.7134,0.5688,0.0026,0.0014,0.0099,-0.0037,-0.0042,0.0091,0.0028,good dynamic range,out of focus,0.217,0.2198,0.2218,0.2155,0.2112,0.2248,0.2402,0.2145,0.2184,0.2118,0.2192,0.2154,0.2157,0.2374,v0,clip_vit_b32_image
6808,/mnt/d/Photos/Z6ii/28-400mm/2025/2025-08-23/DSC_4134.NEF,,3,Green,neutral,neutral,0.3351,0.3941,0.5896,0.1427,0.2313,0.4752,0.3412,-0.0069,-0.0043,0.0036,-0.0179,-0.012,-0.001,-0.0066,good dynamic range,misfocused,0.2062,0.2057,0.213,0.2023,0.2029,0.2124,0.2301,0.213,0.21,0.2094,0.2202,0.2149,0.2134,0.2367,v0,clip_vit_b32_image
6880,/mnt/d/Photos/Z6ii/28-400mm/2025/2025-08-23/DSC_4225.NEF,231,2,Yellow,neutral,rejected,0.3038,0.4082,0.6435,0.1116,0.365,0.5248,0.3574,-0.0083,-0.0037,0.0059,-0.0207,-0.0055,0.001,-0.0059,good dynamic range,out of focus,0.1985,0.2029,0.2038,0.1966,0.2001,0.2035,0.2357,0.2068,0.2066,0.1979,0.2174,0.2057,0.2025,0.2416,v0,clip_vit_b32_image
6868,/mnt/d/Photos/Z6ii/28-400mm/2025/2025-08-23/DSC_4210.NEF,236,4,Blue,neutral,picked,0.4102,0.3585,0.782,0.4451,0.3104,0.6338,0.1934,-0.0036,-0.0058,0.0128,-0.0022,-0.008,0.0055,-0.0143,good dynamic range,misfocused,0.2126,0.2178,0.2232,0.2167,0.2056,0.2174,0.1977,0.2162,0.2236,0.2105,0.219,0.2136,0.2119,0.212,v0,clip_vit_b32_image
6836,/mnt/d/Photos/Z6ii/28-400mm/2025/2025-08-23/DSC_4167.NEF,258,3,Green,neutral,neutral,0.4782,0.6415,0.7269,0.2425,0.3043,0.5611,0.4572,-0.0009,0.0058,0.0098,-0.0114,-0.0083,0.0025,-0.0017,good dynamic range,noisy,0.207,0.2106,0.2157,0.2051,0.2038,0.214,0.2346,0.2078,0.2048,0.2059,0.2165,0.2121,0.2115,0.2363,v0,clip_vit_b32_image
6842,/mnt/d/Photos/Z6ii/28-400mm/2025/2025-08-23/DSC_4176.NEF,,2,Yellow,neutral,rejected,0.5209,0.7439,0.6462,0.3548,0.2974,0.3169,0.661,0.0008,0.0107,0.006,-0.006,-0.0086,-0.0077,0.0067,detailed,technically flawed,0.2166,0.2231,0.2229,0.2143,0.2081,0.2092,0.2291,0.2158,0.2125,0.2169,0.2203,0.2167,0.2168,0.2225,v0,clip_vit_b32_image
6928,/mnt/d/Photos/Z6ii/28-400mm/2025/2025-08-23/DSC_4292.NEF,,2,Yellow,neutral,rejected,0.3688,0.4368,0.699,0.1289,0.3245,0.5855,0.2444,-0.0054,-0.0025,0.0084,-0.0191,-0.0073,0.0035,-0.0113,good dynamic range,underexposed,0.2094,0.2125,0.2143,0.2044,0.2082,0.2182,0.2312,0.2148,0.215,0.2059,0.2235,0.2156,0.2147,0.2425,v0,clip_vit_b32_image
6886,/mnt/d/Photos/Z6ii/28-400mm/2025/2025-08-23/DSC_4238.NEF,17452,2,Green,pick,rejected,0.4815,0.6956,0.7899,0.2203,0.3774,0.5263,0.5348,-0.0007,0.0083,0.0132,-0.0126,-0.005,0.0011,0.0014,detailed,noisy,0.2061,0.216,0.2151,0.2038,0.206,0.2102,0.2405,0.2069,0.2077,0.2018,0.2164,0.211,0.2091,0.2391,v0,clip_vit_b32_image
6914,/mnt/d/Photos/Z6ii/28-400mm/2025/2025-08-23/DSC_4276.NEF,17459,3,Green,neutral,neutral,0.5783,0.5031,0.7773,0.339,0.3327,0.7502,0.2156,0.0032,0.0001,0.0125,-0.0067,-0.007,0.011,-0.0129,good dynamic range,out of focus,0.2133,0.2206,0.2185,0.2113,0.2056,0.2193,0.2452,0.2101,0.2205,0.206,0.218,0.2126,0.2083,0.2581,v0,clip_vit_b32_image
6900,/mnt/d/Photos/Z6ii/28-400mm/2025/2025-08-23/DSC_4259.NEF,17455,3,Green,pick,neutral,0.5015,0.664,0.7881,0.2368,0.2962,0.5441,0.4163,0.0001,0.0068,0.0131,-0.0117,-0.0087,0.0018,-0.0034,good dynamic range,noisy,0.212,0.2191,0.2181,0.2096,0.2093,0.2199,0.2348,0.2119,0.2123,0.205,0.2214,0.2179,0.2181,0.2382,v0,clip_vit_b32_image
6923,/mnt/d/Photos/Z6ii/28-400mm/2025/2025-08-23/DSC_4286.NEF,17461,3,Green,neutral,neutral,0.3688,0.4061,0.5149,0.3238,0.3282,0.6682,0.1732,-0.0054,-0.0038,0.0006,-0.0074,-0.0072,0.007,-0.0156,good dynamic range,out of focus,0.2231,0.2295,0.2198,0.2255,0.2202,0.2322,0.2653,0.2285,0.2333,0.2192,0.2328,0.2274,0.2252,0.281,v0,clip_vit_b32_image
6926,/mnt/d/Photos/Z6ii/28-400mm/2025/2025-08-23/DSC_4289.NEF,,2,Green,neutral,rejected,0.475,0.7942,0.5754,0.6003,0.423,0.6063,0.4713,-0.001,0.0135,0.003,0.0041,-0.0031,0.0043,-0.0012,balanced contrast,noisy,0.229,0.2344,0.2306,0.2325,0.2308,0.2301,0.2633,0.23,0.2209,0.2276,0.2284,0.2339,0.2258,0.2644,v0,clip_vit_b32_image
6930,/mnt/d/Photos/Z6ii/28-400mm/2025/2025-08-23/DSC_4297.NEF,,3,Green,neutral,neutral,0.4181,0.4624,0.6631,0.2995,0.4591,0.5651,0.424,-0.0033,-0.0015,0.0068,-0.0085,-0.0016,0.0026,-0.0031,good dynamic range,out of focus,0.2201,0.2222,0.2232,0.2171,0.2234,0.2267,0.2486,0.2234,0.2237,0.2164,0.2256,0.2251,0.224,0.2517,v0,clip_vit_b32_image
6932,/mnt/d/Photos/Z6ii/28-400mm/2025/2025-08-23/DSC_4299.NEF,17462,3,Green,neutral,neutral,0.4014,0.4557,0.6337,0.2616,0.345,0.5199,0.364,-0.004,-0.0018,0.0055,-0.0104,-0.0064,0.0008,-0.0056,good dynamic range,misfocused,0.2202,0.2235,0.2253,0.2178,0.2204,0.2268,0.2496,0.2242,0.2252,0.2198,0.2282,0.2268,0.226,0.2552,v0,clip_vit_b32_image
6918,/mnt/d/Photos/Z6ii/28-400mm/2025/2025-08-23/DSC_4281.NEF,,3,Green,neutral,neutral,0.5454,0.5417,0.6987,0.3095,0.2258,0.6686,0.202,0.0018,0.0017,0.0084,-0.008,-0.0123,0.007,-0.0137,good dynamic range,out of focus,0.2148,0.2169,0.2194,0.2119,0.203,0.2192,0.2329,0.213,0.2152,0.211,0.22,0.2153,0.2122,0.2467,v0,clip_vit_b32_image
6915,/mnt/d/Photos/Z6ii/28-400mm/2025/2025-08-23/DSC_4277.NEF,17460,3,Green,neutral,neutral,0.6072,0.5825,0.7493,0.3587,0.2494,0.6821,0.2113,0.0044,0.0033,0.0109,-0.0058,-0.011,0.0076,-0.0132,good dynamic range,out of focus,0.2156,0.2168,0.2209,0.2126,0.2016,0.2179,0.2222,0.2112,0.2134,0.2099,0.2184,0.2126,0.2103,0.2354,v0,clip_vit_b32_image
6917,/mnt/d/Photos/Z6ii/28-400mm/2025/2025-08-23/DSC_4280.NEF,17460,3,Green,pick,neutral,0.602,0.6593,0.7496,0.3585,0.2255,0.6419,0.2333,0.0041,0.0066,0.011,-0.0058,-0.0123,0.0058,-0.0119,natural colors,out of focus,0.2192,0.2225,0.226,0.2181,0.2033,0.2211,0.2281,0.2151,0.2159,0.2151,0.2239,0.2156,0.2153,0.24,v0,clip_vit_b32_image
6910,/mnt/d/Photos/Z6ii/28-400mm/2025/2025-08-23/DSC_4269.NEF,17458,2,Yellow,neutral,rejected,0.359,0.3882,0.6027,0.3537,0.3368,0.5334,0.3902,-0.0058,-0.0045,0.0042,-0.006,-0.0068,0.0013,-0.0045,good dynamic range,out of focus,0.2144,0.2159,0.2133,0.2117,0.2111,0.2122,0.2305,0.2202,0.2204,0.2092,0.2177,0.2178,0.2109,0.235,v0,clip_vit_b32_image
6912,/mnt/d/Photos/Z6ii/28-400mm/2025/2025-08-23/DSC_4272.NEF,,2,Yellow,neutral,rejected,0.3915,0.4378,0.5592,0.3141,0.3572,0.5513,0.4684,-0.0044,-0.0025,0.0024,-0.0078,-0.0059,0.0021,-0.0013,good dynamic range,misfocused,0.2215,0.2232,0.2223,0.2168,0.2173,0.2205,0.2415,0.2259,0.2257,0.2199,0.2247,0.2232,0.2184,0.2428,v0,clip_vit_b32_image
6907,/mnt/d/Photos/Z6ii/28-400mm/2025/2025-08-23/DSC_4266.NEF,17457,3,Green,neutral,neutral,0.5391,0.5515,0.7563,0.4593,0.2237,0.6199,0.2103,0.0016,0.0021,0.0113,-0.0016,-0.0124,0.0049,-0.0132,good dynamic range,out of focus,0.2167,0.2205,0.2209,0.2178,0.2061,0.2201,0.2284,0.2152,0.2184,0.2096,0.2194,0.2185,0.2152,0.2416,v0,clip_vit_b32_image
6893,/mnt/d/Photos/Z6ii/28-400mm/2025/2025-08-23/DSC_4250.NEF,17454,3,Green,pick,neutral,0.5085,0.6245,0.7855,0.2215,0.37,0.518,0.5495,0.0003,0.0051,0.013,-0.0126,-0.0053,0.0007,0.002,detailed,noisy,0.201,0.2082,0.2062,0.1964,0.1983,0.2057,0.23,0.2006,0.2031,0.1932,0.2089,0.2036,0.2049,0.228,v0,clip_vit_b32_image
6904,/mnt/d/Photos/Z6ii/28-400mm/2025/2025-08-23/DSC_4263.NEF,17456,3,Green,neutral,neutral,0.395,0.4473,0.71,0.2214,0.3131,0.6837,0.2832,-0.0043,-0.0021,0.009,-0.0126,-0.0079,0.0077,-0.0093,good dynamic range,out of focus,0.2194,0.2274,0.2221,0.2184,0.2189,0.227,0.2576,0.2236,0.2296,0.2131,0.2309,0.2268,0.2193,0.2669,v0,clip_vit_b32_image
6898,/mnt/d/Photos/Z6ii/28-400mm/2025/2025-08-23/DSC_4257.NEF,,3,Green,neutral,neutral,0.4901,0.6483,0.7906,0.1859,0.3065,0.4734,0.3745,-0.0004,0.0061,0.0133,-0.0148,-0.0082,-0.0011,-0.0051,detailed,noisy,0.2121,0.2194,0.2204,0.2088,0.2101,0.2162,0.2353,0.2125,0.2133,0.2071,0.2235,0.2182,0.2173,0.2405,v0,clip_vit_b32_image
6889,/mnt/d/Photos/Z6ii/28-400mm/2025/2025-08-23/DSC_4243.NEF,17453,2,Yellow,pick,rejected,0.4226,0.6597,0.6651,0.2347,0.381,0.5378,0.4799,-0.0031,0.0066,0.0069,-0.0118,-0.0049,0.0015,-0.0008,good dynamic range,noisy,0.1953,0.2018,0.1983,0.1963,0.1949,0.2003,0.2299,0.1984,0.1952,0.1914,0.2081,0.1997,0.1988,0.2307,v0,clip_vit_b32_image
6887,/mnt/d/Photos/Z6ii/28-400mm/2025/2025-08-23/DSC_4239.NEF,17452,2,Yellow,pick,rejected,0.4322,0.6549,0.7161,0.174,0.3806,0.4941,0.4248,-0.0027,0.0064,0.0092,-0.0156,-0.0049,-0.0002,-0.003,detailed,noisy,0.2006,0.2111,0.2049,0.1993,0.2008,0.2059,0.237,0.2033,0.2047,0.1957,0.2148,0.2057,0.2061,0.24,v0,clip_vit_b32_image
6894,/mnt/d/Photos/Z6ii/28-400mm/2025/2025-08-23/DSC_4251.NEF,225,2,Green,pick,rejected,0.5532,0.6919,0.7666,0.3842,0.3046,0.4588,0.5451,0.0021,0.0081,0.0119,-0.0047,-0.0083,-0.0017,0.0018,detailed,misfocused,0.2037,0.2103,0.2068,0.2017,0.1977,0.208,0.2137,0.2016,0.2022,0.1949,0.2064,0.206,0.2097,0.2119,v0,clip_vit_b32_image
6931,/mnt/d/Photos/Z6ii/28-400mm/2025/2025-08-23/DSC_4298.NEF,17462,3,Green,neutral,neutral,0.4786,0.476,0.737,0.373,0.4153,0.5989,0.379,-0.0009,-0.001,0.0103,-0.0052,-0.0034,0.004,-0.0049,good dynamic range,out of focus,0.223,0.2258,0.2304,0.2224,0.2234,0.23,0.2471,0.2238,0.2268,0.2201,0.2276,0.2268,0.226,0.2521,v0,clip_vit_b32_image
6929,/mnt/d/Photos/Z6ii/28-400mm/2025/2025-08-23/DSC_4296.NEF,,3,Green,neutral,neutral,0.443,0.5633,0.7129,0.3038,0.4298,0.6477,0.4029,-0.0023,0.0025,0.0091,-0.0083,-0.0028,0.0061,-0.0039,good dynamic range,out of focus,0.2196,0.2221,0.2251,0.2169,0.2224,0.23,0.2456,0.2219,0.2196,0.216,0.2252,0.2252,0.2239,0.2495,v0,clip_vit_b32_image
6927,/mnt/d/Photos/Z6ii/28-400mm/2025/2025-08-23/DSC_4290.NEF,210,3,Green,neutral,neutral,0.3327,0.4163,0.4801,0.3078,0.3364,0.6144,0.1894,-0.007,-0.0034,-0.0008,-0.0081,-0.0068,0.0047,-0.0145,well focused,out of focus,0.2258,0.2333,0.2225,0.23,0.2238,0.2326,0.2647,0.2328,0.2367,0.2233,0.2381,0.2306,0.228,0.2792,v0,clip_vit_b32_image
6924,/mnt/d/Photos/Z6ii/28-400mm/2025/2025-08-23/DSC_4287.NEF,17461,3,Green,neutral,neutral,0.4699,0.4968,0.577,0.3478,0.4164,0.6732,0.1727,-0.0012,-0.0001,0.0031,-0.0063,-0.0034,0.0072,-0.0157,balanced contrast,out of focus,0.2141,0.2198,0.2092,0.2136,0.2125,0.2216,0.2576,0.2153,0.2199,0.2061,0.2199,0.2159,0.2144,0.2733,v0,clip_vit_b32_image
6925,/mnt/d/Photos/Z6ii/28-400mm/2025/2025-08-23/DSC_4288.NEF,210,3,Green,neutral,neutral,0.4426,0.4168,0.6186,0.3792,0.389,0.7363,0.1812,-0.0023,-0.0034,0.0048,-0.0049,-0.0045,0.0103,-0.0151,well focused,out of focus,0.2185,0.2248,0.2142,0.2204,0.2164,0.2288,0.2629,0.2208,0.2281,0.2094,0.2253,0.2209,0.2186,0.278,v0,clip_vit_b32_image
6921,/mnt/d/Photos/Z6ii/28-400mm/2025/2025-08-23/DSC_4284.NEF,212,3,Green,pick,neutral,0.6381,0.7447,0.7989,0.4397,0.2863,0.6246,0.2795,0.0057,0.0107,0.0138,-0.0024,-0.0091,0.0051,-0.0095,good dynamic range,out of focus,0.2077,0.2142,0.21,0.2036,0.2026,0.2125,0.2325,0.2021,0.2035,0.1962,0.206,0.2118,0.2074,0.242,v0,clip_vit_b32_image
6919,/mnt/d/Photos/Z6ii/28-400mm/2025/2025-08-23/DSC_4282.NEF,,3,Green,neutral,neutral,0.5717,0.6008,0.8013,0.2558,0.3193,0.7476,0.1643,0.0029,0.0041,0.0139,-0.0107,-0.0076,0.0109,-0.0163,good dynamic range,out of focus,0.211,0.2184,0.2155,0.2065,0.2043,0.2188,0.2421,0.2081,0.2143,0.2015,0.2171,0.2119,0.208,0.2583,v0,clip_vit_b32_image
6916,/mnt/d/Photos/Z6ii/28-400mm/2025/2025-08-23/DSC_4278.NEF,17460,3,Green,pick,neutral,0.5951,0.6141,0.7192,0.3163,0.2722,0.6921,0.2194,0.0039,0.0046,0.0094,-0.0077,-0.0098,0.0081,-0.0127,good dynamic range,out of focus,0.213,0.2146,0.2183,0.2088,0.1993,0.2156,0.2345,0.2092,0.2099,0.2089,0.2165,0.2091,0.2075,0.2472,v0,clip_vit_b32_image
6911,/mnt/d/Photos/Z6ii/28-400mm/2025/2025-08-23/DSC_4271.NEF,17458,2,Yellow,neutral,rejected,0.3687,0.3111,0.5316,0.4118,0.2952,0.5263,0.2833,-0.0054,-0.008,0.0013,-0.0036,-0.0087,0.0011,-0.0093,good dynamic range,misfocused,0.218,0.2151,0.2162,0.2151,0.215,0.2164,0.2295,0.2234,0.223,0.215,0.2187,0.2237,0.2153,0.2387,v0,clip_vit_b32_image
6913,/mnt/d/Photos/Z6ii/28-400mm/2025/2025-08-23/DSC_4275.NEF,17459,3,Yellow,neutral,neutral,0.5252,0.5037,0.7194,0.2776,0.3033,0.7337,0.1352,0.001,0.0001,0.0094,-0.0096,-0.0083,0.0101,-0.0186,good dynamic range,out of focus,0.2133,0.2193,0.2172,0.2108,0.2074,0.2222,0.2464,0.2123,0.2191,0.2077,0.2204,0.2157,0.212,0.265,v0,clip_vit_b32_image
6909,/mnt/d/Photos/Z6ii/28-400mm/2025/2025-08-23/DSC_4268.NEF,17457,3,Green,neutral,neutral,0.5567,0.5983,0.7831,0.4698,0.2106,0.6456,0.1887,0.0023,0.004,0.0128,-0.0012,-0.0132,0.006,-0.0146,natural colors,out of focus,0.2151,0.2207,0.2215,0.217,0.204,0.2205,0.2249,0.2129,0.2168,0.2086,0.2182,0.2172,0.2145,0.2395,v0,clip_vit_b32_image
6908,/mnt/d/Photos/Z6ii/28-400mm/2025/2025-08-23/DSC_4267.NEF,,3,Green,neutral,neutral,0.5586,0.5721,0.7347,0.5133,0.2238,0.6766,0.2031,0.0024,0.0029,0.0102,0.0005,-0.0124,0.0074,-0.0137,good dynamic range,out of focus,0.2135,0.2181,0.2175,0.215,0.2028,0.2195,0.2253,0.2111,0.2152,0.2073,0.2145,0.2153,0.2121,0.239,v0,clip_vit_b32_image
6905,/mnt/d/Photos/Z6ii/28-400mm/2025/2025-08-23/DSC_4264.NEF,,3,Green,neutral,neutral,0.4157,0.4004,0.6903,0.2708,0.4063,0.6734,0.1959,-0.0034,-0.004,0.008,-0.0099,-0.0038,0.0072,-0.0141,well focused,out of focus,0.2175,0.2236,0.214,0.215,0.2223,0.2251,0.2582,0.2209,0.2276,0.206,0.2249,0.2261,0.2179,0.2723,v0,clip_vit_b32_image
6903,/mnt/d/Photos/Z6ii/28-400mm/2025/2025-08-23/DSC_4262.NEF,17456,3,Green,neutral,neutral,0.4232,0.5106,0.7129,0.1808,0.3633,0.6364,0.2079,-0.0031,0.0004,0.0091,-0.0151,-0.0056,0.0056,-0.0134,good dynamic range,out of focus,0.2154,0.2221,0.2132,0.2116,0.216,0.2208,0.2512,0.2185,0.2217,0.2041,0.2267,0.2216,0.2152,0.2646,v0,clip_vit_b32_image
6899,/mnt/d/Photos/Z6ii/28-400mm/2025/2025-08-23/DSC_4258.NEF,17455,3,Green,pick,neutral,0.5083,0.6295,0.7668,0.2776,0.2997,0.5057,0.4772,0.0003,0.0053,0.0119,-0.0096,-0.0085,0.0002,-0.0009,good dynamic range,noisy,0.2098,0.2153,0.2175,0.208,0.2054,0.2156,0.2296,0.2095,0.21,0.2056,0.2176,0.2139,0.2154,0.2305,v0,clip_vit_b32_image
6901,/mnt/d/Photos/Z6ii/28-400mm/2025/2025-08-23/DSC_4260.NEF,,3,Green,neutral,neutral,0.3824,0.4649,0.6306,0.2629,0.282,0.4486,0.4256,-0.0048,-0.0014,0.0053,-0.0103,-0.0093,-0.0021,-0.003,good dynamic range,out of focus,0.22,0.2232,0.2263,0.2191,0.2183,0.2231,0.2492,0.2248,0.2246,0.2209,0.2294,0.2277,0.2251,0.2522,v0,clip_vit_b32_image
6897,/mnt/d/Photos/Z6ii/28-400mm/2025/2025-08-23/DSC_4256.NEF,,2,Green,neutral,rejected,0.423,0.5745,0.6924,0.5087,0.3499,0.4061,0.3384,-0.0031,0.003,0.0081,0.0003,-0.0062,-0.0038,-0.0067,well focused,out of focus,0.2085,0.2166,0.2107,0.2146,0.213,0.2091,0.2458,0.2116,0.2136,0.2025,0.2143,0.2192,0.2129,0.2525,v0,clip_vit_b32_image
6895,/mnt/d/Photos/Z6ii/28-400mm/2025/2025-08-23/DSC_4252.NEF,225,3,Green,pick,neutral,0.5285,0.6606,0.7616,0.2655,0.3417,0.558,0.4774,0.0011,0.0067,0.0116,-0.0102,-0.0066,0.0023,-0.0009,detailed,noisy,0.2069,0.2148,0.2111,0.2033,0.2033,0.2139,0.2285,0.2057,0.2082,0.1995,0.2135,0.2098,0.2116,0.2294,v0,clip_vit_b32_image
6892,/mnt/d/Photos/Z6ii/28-400mm/2025/2025-08-23/DSC_4249.NEF,17454,3,Green,pick,neutral,0.548,0.6562,0.7562,0.2332,0.4541,0.5269,0.5773,0.0019,0.0065,0.0113,-0.0119,-0.0018,0.0011,0.0031,well focused,noisy,0.2074,0.2132,0.2097,0.201,0.2083,0.2118,0.2345,0.2055,0.2068,0.1984,0.2129,0.2101,0.2108,0.2314,v0,clip_vit_b32_image
6891,/mnt/d/Photos/Z6ii/28-400mm/2025/2025-08-23/DSC_4248.NEF,,3,Green,neutral,neutral,0.4761,0.5283,0.7496,0.3351,0.3031,0.5279,0.3985,-0.001,0.0011,0.011,-0.0069,-0.0083,0.0011,-0.0041,well focused,out of focus,0.2162,0.2233,0.2189,0.2143,0.2121,0.2221,0.2432,0.2172,0.2222,0.208,0.2212,0.2204,0.221,0.2474,v0,clip_vit_b32_image
6888,/mnt/d/Photos/Z6ii/28-400mm/2025/2025-08-23/DSC_4241.NEF,17452,2,Green,pick,rejected,0.4107,0.658,0.7075,0.1616,0.3584,0.4491,0.5225,-0.0036,0.0065,0.0088,-0.0165,-0.0058,-0.002,0.0009,detailed,noisy,0.2012,0.2113,0.2073,0.1984,0.202,0.2038,0.2387,0.2048,0.2048,0.1985,0.2149,0.2078,0.2058,0.2378,v0,clip_vit_b32_image
6922,/mnt/d/Photos/Z6ii/28-400mm/2025/2025-08-23/DSC_4285.NEF,212,3,Green,pick,neutral,0.5761,0.6513,0.7799,0.4169,0.2773,0.5897,0.2333,0.0031,0.0062,0.0126,-0.0034,-0.0096,0.0036,-0.0119,good dynamic range,out of focus,0.208,0.2131,0.2113,0.2055,0.2025,0.2098,0.234,0.205,0.2068,0.1987,0.2089,0.2121,0.2062,0.2459,v0,clip_vit_b32_image
6920,/mnt/d/Photos/Z6ii/28-400mm/2025/2025-08-23/DSC_4283.NEF,,2,Yellow,neutral,rejected,0.485,0.5792,0.7602,0.3813,0.2549,0.5711,0.2355,-0.0006,0.0032,0.0115,-0.0048,-0.0107,0.0029,-0.0118,a photo with strong subject separation,out of focus,0.2107,0.2195,0.2115,0.2109,0.2084,0.2155,0.2502,0.2113,0.2163,0.1999,0.2158,0.2191,0.2126,0.262,v0,clip_vit_b32_image
6896,/mnt/d/Photos/Z6ii/28-400mm/2025/2025-08-23/DSC_4255.NEF,,3,Green,neutral,neutral,0.5153,0.6723,0.755,0.2547,0.3043,0.3997,0.4846,0.0006,0.0072,0.0113,-0.0107,-0.0083,-0.0041,-0.0006,detailed,noisy,0.2001,0.205,0.2047,0.1962,0.1967,0.2019,0.2143,0.1995,0.1978,0.1934,0.207,0.2049,0.206,0.2149,v0,clip_vit_b32_image
48107,/mnt/d/Photos/Z8/180-600mm/2026/2026-03-01/DSC_1543.NEF,,1,Red,reject,rejected,0.3298,0.3794,0.6868,0.2373,0.1656,0.4056,0.2199,-0.0071,-0.0049,0.0079,-0.0117,-0.0162,-0.0038,-0.0127,good dynamic range,misfocused,0.2024,0.2057,0.2084,0.1985,0.1865,0.1993,0.17,0.2095,0.2106,0.2006,0.2102,0.2027,0.2031,0.1827,v0,clip_vit_b32_image
48108,/mnt/d/Photos/Z8/180-600mm/2026/2026-03-01/DSC_1544.NEF,23253,3,Green,pick,neutral,0.5948,0.5623,0.7534,0.1104,0.3929,0.6665,0.4358,0.0038,0.0025,0.0112,-0.0209,-0.0043,0.0069,-0.0026,good dynamic range,noisy,0.2011,0.2034,0.2087,0.1903,0.1931,0.2041,0.2269,0.1973,0.2009,0.1976,0.2112,0.1974,0.1971,0.2295,v0,clip_vit_b32_image
48109,/mnt/d/Photos/Z8/180-600mm/2026/2026-03-01/DSC_1545.NEF,23253,3,Green,pick,neutral,0.5459,0.497,0.7512,0.1008,0.4204,0.64,0.4389,0.0018,-0.0001,0.011,-0.0219,-0.0032,0.0058,-0.0025,good dynamic range,noisy,0.2016,0.2042,0.2101,0.1922,0.1957,0.205,0.2282,0.1997,0.2043,0.199,0.2141,0.199,0.1992,0.2307,v0,clip_vit_b32_image
48110,/mnt/d/Photos/Z8/180-600mm/2026/2026-03-01/DSC_1546.NEF,23253,3,Green,pick,neutral,0.5301,0.446,0.6911,0.1301,0.3723,0.6997,0.3686,0.0012,-0.0022,0.0081,-0.019,-0.0052,0.0085,-0.0054,good dynamic range,out of focus,0.2076,0.2076,0.2122,0.1963,0.1987,0.2127,0.2285,0.2064,0.2097,0.2041,0.2153,0.204,0.2042,0.2339,v0,clip_vit_b32_image
48111,/mnt/d/Photos/Z8/180-600mm/2026/2026-03-01/DSC_1547.NEF,23254,4,Blue,pick,picked,0.6453,0.5618,0.8116,0.1827,0.4859,0.7728,0.4558,0.006,0.0025,0.0146,-0.015,-0.0006,0.0122,-0.0018,good dynamic range,noisy,0.2063,0.2145,0.2163,0.2014,0.1997,0.2119,0.2373,0.2003,0.212,0.2017,0.2164,0.2003,0.1997,0.2391,v0,clip_vit_b32_image
48112,/mnt/d/Photos/Z8/180-600mm/2026/2026-03-01/DSC_1548.NEF,23254,4,Blue,pick,picked,0.5612,0.5656,0.8384,0.09,0.5207,0.7744,0.4945,0.0025,0.0026,0.0165,-0.0231,0.0008,0.0123,-0.0002,good dynamic range,noisy,0.2053,0.2154,0.2175,0.1968,0.2047,0.2119,0.2517,0.2029,0.2128,0.201,0.2199,0.2038,0.1995,0.2519,v0,clip_vit_b32_image
48113,/mnt/d/Photos/Z8/180-600mm/2026/2026-03-01/DSC_1549.NEF,23255,4,Blue,pick,picked,0.5238,0.3655,0.7648,0.2704,0.4349,0.7203,0.2985,0.001,-0.0055,0.0118,-0.0099,-0.0026,0.0095,-0.0085,good dynamic range,out of focus,0.2124,0.2144,0.2215,0.2088,0.2017,0.2179,0.2283,0.2114,0.22,0.2097,0.2188,0.2043,0.2084,0.2368,v0,clip_vit_b32_image
48114,/mnt/d/Photos/Z8/180-600mm/2026/2026-03-01/DSC_1550.NEF,23255,4,Blue,pick,picked,0.5799,0.4556,0.7957,0.2902,0.474,0.7278,0.3485,0.0032,-0.0018,0.0136,-0.0089,-0.001,0.0098,-0.0063,crisp details,out of focus,0.2092,0.2122,0.2175,0.205,0.1974,0.2133,0.2204,0.2059,0.214,0.2039,0.214,0.1984,0.2034,0.2267,v0,clip_vit_b32_image
48115,/mnt/d/Photos/Z8/180-600mm/2026/2026-03-01/DSC_1551.NEF,23255,4,Blue,reject,picked,0.5733,0.5517,0.805,0.2471,0.4646,0.776,0.4147,0.003,0.0021,0.0142,-0.0111,-0.0014,0.0124,-0.0034,crisp details,out of focus,0.2049,0.2119,0.2153,0.2013,0.1977,0.2133,0.2331,0.2019,0.2099,0.2011,0.2125,0.1991,0.2008,0.2365,v0,clip_vit_b32_image
48116,/mnt/d/Photos/Z8/180-600mm/2026/2026-03-01/DSC_1552.NEF,23255,4,Blue,reject,picked,0.5872,0.5704,0.8098,0.27,0.4591,0.7806,0.3648,0.0035,0.0028,0.0145,-0.0099,-0.0016,0.0127,-0.0055,crisp details,out of focus,0.2052,0.213,0.2173,0.2031,0.1963,0.2132,0.2316,0.2017,0.2102,0.2028,0.213,0.1979,0.2005,0.2372,v0,clip_vit_b32_image
48117,/mnt/d/Photos/Z8/180-600mm/2026/2026-03-01/DSC_1553.NEF,23255,4,Blue,reject,picked,0.5896,0.5889,0.8203,0.2677,0.4552,0.7942,0.3704,0.0036,0.0036,0.0152,-0.0101,-0.0018,0.0135,-0.0053,crisp details,out of focus,0.2046,0.2129,0.2169,0.2021,0.1955,0.213,0.2305,0.201,0.2093,0.2017,0.2122,0.1973,0.1995,0.2358,v0,clip_vit_b32_image
48118,/mnt/d/Photos/Z8/180-600mm/2026/2026-03-01/DSC_1554.NEF,23255,4,Blue,reject,picked,0.5812,0.6047,0.8193,0.2421,0.4467,0.7987,0.3895,0.0033,0.0043,0.0151,-0.0114,-0.0021,0.0138,-0.0045,crisp details,out of focus,0.203,0.2121,0.2153,0.2006,0.1939,0.2118,0.2308,0.1997,0.2078,0.2002,0.212,0.196,0.1981,0.2353,v0,clip_vit_b32_image
48119,/mnt/d/Photos/Z8/180-600mm/2026/2026-03-01/DSC_1555.NEF,23255,4,Blue,pick,picked,0.5336,0.463,0.7788,0.2104,0.4426,0.7411,0.4034,0.0013,-0.0015,0.0126,-0.0132,-0.0023,0.0105,-0.0039,crisp details,out of focus,0.2075,0.2127,0.2184,0.2026,0.1979,0.2145,0.2336,0.2061,0.2141,0.2059,0.2159,0.2002,0.204,0.2375,v0,clip_vit_b32_image
48120,/mnt/d/Photos/Z8/180-600mm/2026/2026-03-01/DSC_1556.NEF,23256,3,Green,reject,neutral,0.4466,0.3571,0.6682,0.149,0.3571,0.8152,0.3488,-0.0021,-0.0059,0.007,-0.0174,-0.0059,0.0148,-0.0062,good dynamic range,out of focus,0.2063,0.2148,0.215,0.2011,0.1922,0.2154,0.2332,0.2084,0.2207,0.208,0.2185,0.1981,0.2005,0.2395,v0,clip_vit_b32_image
48121,/mnt/d/Photos/Z8/180-600mm/2026/2026-03-01/DSC_1557.NEF,,4,Blue,pick,picked,0.4291,0.3761,0.6741,0.1102,0.4428,0.7491,0.2713,-0.0029,-0.0051,0.0073,-0.0209,-0.0023,0.0109,-0.0099,good dynamic range,out of focus,0.2077,0.2153,0.2161,0.2009,0.202,0.2169,0.2384,0.2106,0.2204,0.2089,0.2218,0.2043,0.2059,0.2483,v0,clip_vit_b32_image
48122,/mnt/d/Photos/Z8/180-600mm/2026/2026-03-01/DSC_1558.NEF,23256,3,Green,pick,neutral,0.4306,0.5623,0.6529,0.1042,0.5173,0.7176,0.3399,-0.0028,0.0025,0.0063,-0.0215,0.0007,0.0093,-0.0066,well focused,out of focus,0.2061,0.2167,0.2128,0.1986,0.205,0.2136,0.2405,0.2089,0.2142,0.2065,0.2201,0.2043,0.2043,0.2471,v0,clip_vit_b32_image
48123,/mnt/d/Photos/Z8/180-600mm/2026/2026-03-01/DSC_1559.NEF,23256,4,Blue,pick,picked,0.4247,0.5558,0.6807,0.0975,0.4987,0.7167,0.291,-0.003,0.0022,0.0076,-0.0223,-0.0001,0.0093,-0.0089,well focused,out of focus,0.2077,0.2187,0.2147,0.2002,0.2076,0.2166,0.2419,0.2107,0.2164,0.2071,0.2225,0.2076,0.2073,0.2508,v0,clip_vit_b32_image
48124,/mnt/d/Photos/Z8/180-600mm/2026/2026-03-01/DSC_1560.NEF,23256,3,Blue,reject,neutral,0.3795,0.4452,0.654,0.0833,0.4442,0.7151,0.244,-0.0049,-0.0022,0.0064,-0.024,-0.0022,0.0092,-0.0113,good dynamic range,out of focus,0.2093,0.2202,0.2173,0.2028,0.2079,0.2192,0.2426,0.2142,0.2224,0.2109,0.2268,0.2101,0.21,0.2539,v0,clip_vit_b32_image
48125,/mnt/d/Photos/Z8/180-600mm/2026/2026-03-01/DSC_1561.NEF,23256,3,Blue,reject,neutral,0.3847,0.4515,0.6475,0.0952,0.4705,0.7113,0.3039,-0.0047,-0.0019,0.0061,-0.0225,-0.0012,0.009,-0.0083,well focused,out of focus,0.2094,0.2187,0.2149,0.2013,0.2082,0.2178,0.2413,0.2141,0.2206,0.2089,0.2239,0.2094,0.2088,0.2496,v0,clip_vit_b32_image
48126,/mnt/d/Photos/Z8/180-600mm/2026/2026-03-01/DSC_1562.NEF,23256,3,Green,pick,neutral,0.3851,0.4238,0.6455,0.0887,0.4675,0.7499,0.3254,-0.0047,-0.0031,0.006,-0.0233,-0.0013,0.011,-0.0073,good dynamic range,out of focus,0.2068,0.2153,0.2138,0.1985,0.2045,0.2158,0.2402,0.2115,0.2183,0.2078,0.2217,0.2058,0.2049,0.2475,v0,clip_vit_b32_image
48127,/mnt/d/Photos/Z8/180-600mm/2026/2026-03-01/DSC_1563.NEF,23256,3,Green,reject,neutral,0.3613,0.2917,0.6131,0.1358,0.3946,0.7758,0.2791,-0.0057,-0.0089,0.0046,-0.0185,-0.0043,0.0124,-0.0095,good dynamic range,out of focus,0.2073,0.2145,0.2149,0.2013,0.2006,0.2163,0.2357,0.213,0.2233,0.2103,0.2198,0.2049,0.2039,0.2452,v0,clip_vit_b32_image
48128,/mnt/d/Photos/Z8/180-600mm/2026/2026-03-01/DSC_1564.NEF,23256,3,Green,reject,neutral,0.369,0.298,0.6371,0.1668,0.3392,0.7769,0.2631,-0.0054,-0.0086,0.0056,-0.0161,-0.0067,0.0125,-0.0103,good dynamic range,out of focus,0.2028,0.2113,0.2116,0.1987,0.1938,0.2126,0.2281,0.2081,0.2199,0.206,0.2148,0.2005,0.2001,0.2384,v0,clip_vit_b32_image
48129,/mnt/d/Photos/Z8/180-600mm/2026/2026-03-01/DSC_1565.NEF,23256,4,Green,reject,picked,0.4182,0.354,0.639,0.1574,0.3052,0.7753,0.3156,-0.0033,-0.006,0.0057,-0.0168,-0.0082,0.0124,-0.0077,good dynamic range,out of focus,0.2042,0.2124,0.216,0.2004,0.1887,0.2118,0.2247,0.2075,0.2184,0.2103,0.2172,0.1969,0.1994,0.2324,v0,clip_vit_b32_image
48130,/mnt/d/Photos/Z8/180-600mm/2026/2026-03-01/DSC_1566.NEF,23256,4,Green,reject,picked,0.4111,0.3722,0.639,0.1562,0.2761,0.787,0.3249,-0.0036,-0.0052,0.0057,-0.0169,-0.0096,0.0131,-0.0073,crisp details,out of focus,0.2047,0.2139,0.2177,0.2022,0.1884,0.2137,0.2236,0.2083,0.2191,0.212,0.2191,0.1981,0.2006,0.2309,v0,clip_vit_b32_image
48131,/mnt/d/Photos/Z8/180-600mm/2026/2026-03-01/DSC_1567.NEF,23256,4,Green,reject,picked,0.4204,0.3606,0.6276,0.16,0.3167,0.7516,0.3688,-0.0032,-0.0057,0.0052,-0.0166,-0.0077,0.0111,-0.0054,good dynamic range,out of focus,0.2063,0.2132,0.2162,0.2018,0.1917,0.2126,0.228,0.2096,0.2189,0.2109,0.2184,0.1994,0.2015,0.2334,v0,clip_vit_b32_image
48132,/mnt/d/Photos/Z8/180-600mm/2026/2026-03-01/DSC_1568.NEF,23256,4,Green,neutral,picked,0.4234,0.3616,0.6375,0.1432,0.3964,0.7747,0.411,-0.0031,-0.0057,0.0056,-0.0179,-0.0042,0.0123,-0.0036,good dynamic range,out of focus,0.2087,0.215,0.2179,0.2025,0.201,0.2174,0.2412,0.2118,0.2207,0.2122,0.2204,0.2052,0.2051,0.2448,v0,clip_vit_b32_image
48133,/mnt/d/Photos/Z8/180-600mm/2026/2026-03-01/DSC_1569.NEF,23256,4,Blue,pick,picked,0.4454,0.3897,0.6695,0.1591,0.366,0.784,0.3826,-0.0022,-0.0045,0.0071,-0.0167,-0.0055,0.0129,-0.0048,good dynamic range,out of focus,0.2088,0.2153,0.2179,0.2025,0.1976,0.2165,0.2358,0.211,0.2197,0.2109,0.2191,0.2031,0.2036,0.2406,v0,clip_vit_b32_image
48134,/mnt/d/Photos/Z8/180-600mm/2026/2026-03-01/DSC_1570.NEF,23256,4,Blue,reject,picked,0.5102,0.4576,0.6871,0.2556,0.3668,0.8028,0.4039,0.0004,-0.0017,0.0079,-0.0107,-0.0055,0.014,-0.0039,crisp details,out of focus,0.2086,0.2161,0.216,0.2037,0.1949,0.2154,0.2262,0.2082,0.2178,0.2082,0.2144,0.2004,0.2014,0.2301,v0,clip_vit_b32_image
48135,/mnt/d/Photos/Z8/180-600mm/2026/2026-03-01/DSC_1571.NEF,23256,4,Green,reject,picked,0.3984,0.3163,0.6434,0.1541,0.3069,0.8023,0.2781,-0.0041,-0.0077,0.0059,-0.017,-0.0081,0.014,-0.0095,good dynamic range,out of focus,0.2086,0.2161,0.2188,0.2039,0.1948,0.219,0.2273,0.2128,0.2238,0.2129,0.2209,0.2029,0.205,0.2369,v0,clip_vit_b32_image
48136,/mnt/d/Photos/Z8/180-600mm/2026/2026-03-01/DSC_1572.NEF,23256,4,Blue,pick,picked,0.4084,0.3578,0.6568,0.1675,0.3623,0.8016,0.3726,-0.0037,-0.0058,0.0065,-0.016,-0.0057,0.014,-0.0052,good dynamic range,out of focus,0.2062,0.2138,0.2133,0.2004,0.1954,0.2153,0.2318,0.2099,0.2197,0.2068,0.2165,0.2011,0.2013,0.237,v0,clip_vit_b32_image
48137,/mnt/d/Photos/Z8/180-600mm/2026/2026-03-01/DSC_1573.NEF,23256,4,Blue,reject,picked,0.3484,0.2678,0.6404,0.1139,0.2904,0.7853,0.2469,-0.0063,-0.0101,0.0058,-0.0205,-0.0089,0.013,-0.0112,good dynamic range,out of focus,0.2061,0.2144,0.2162,0.201,0.1927,0.2165,0.2309,0.2124,0.2245,0.2104,0.2215,0.2016,0.2035,0.242,v0,clip_vit_b32_image
48138,/mnt/d/Photos/Z8/180-600mm/2026/2026-03-01/DSC_1574.NEF,23256,4,Blue,reject,picked,0.3897,0.3097,0.6632,0.1511,0.298,0.7899,0.2551,-0.0045,-0.008,0.0068,-0.0173,-0.0086,0.0132,-0.0107,good dynamic range,out of focus,0.2031,0.2117,0.2133,0.1995,0.1883,0.2132,0.2275,0.2076,0.2197,0.2065,0.2167,0.1969,0.1999,0.2382,v0,clip_vit_b32_image
48139,/mnt/d/Photos/Z8/180-600mm/2026/2026-03-01/DSC_1575.NEF,23256,4,Blue,pick,picked,0.358,0.2832,0.6332,0.133,0.3557,0.7973,0.2785,-0.0058,-0.0093,0.0055,-0.0187,-0.0059,0.0137,-0.0095,good dynamic range,out of focus,0.2087,0.2156,0.2158,0.2018,0.2008,0.2198,0.2398,0.2145,0.2249,0.2103,0.2206,0.2067,0.2062,0.2493,v0,clip_vit_b32_image
48140,/mnt/d/Photos/Z8/180-600mm/2026/2026-03-01/DSC_1576.NEF,23257,3,Yellow,reject,neutral,0.6353,0.5827,0.8527,0.232,0.4692,0.5579,0.462,0.0055,0.0033,0.0176,-0.012,-0.0012,0.0023,-0.0015,crisp details,noisy,0.2027,0.2082,0.215,0.1981,0.1969,0.1993,0.2097,0.1972,0.2049,0.1974,0.21,0.1982,0.197,0.2112,v0,clip_vit_b32_image
48141,/mnt/d/Photos/Z8/180-600mm/2026/2026-03-01/DSC_1577.NEF,23258,4,Blue,pick,picked,0.7062,0.6157,0.7738,0.5833,0.6236,0.6243,0.6076,0.0088,0.0047,0.0123,0.0034,0.005,0.0051,0.0044,crisp details,misfocused,0.2115,0.2192,0.2118,0.2061,0.2104,0.2083,0.2251,0.2027,0.2144,0.1995,0.2027,0.2053,0.2032,0.2207,v0,clip_vit_b32_image
48142,/mnt/d/Photos/Z8/180-600mm/2026/2026-03-01/DSC_1578.NEF,23258,3,Blue,pick,neutral,0.7095,0.6858,0.7501,0.8195,0.5951,0.624,0.6276,0.0089,0.0078,0.011,0.0151,0.0038,0.0051,0.0052,crisp details,misfocused,0.2226,0.2287,0.2189,0.2215,0.217,0.217,0.2323,0.2137,0.2209,0.2079,0.2064,0.2131,0.212,0.2271,v0,clip_vit_b32_image
48143,/mnt/d/Photos/Z8/180-600mm/2026/2026-03-01/DSC_1579.NEF,23258,3,Yellow,neutral,neutral,0.656,0.569,0.7846,0.4338,0.5642,0.571,0.4091,0.0065,0.0028,0.0129,-0.0027,0.0026,0.0029,-0.0037,crisp details,misfocused,0.2078,0.213,0.2099,0.2031,0.2006,0.2022,0.2115,0.2013,0.2103,0.197,0.2058,0.1981,0.1994,0.2151,v0,clip_vit_b32_image
48144,/mnt/d/Photos/Z8/180-600mm/2026/2026-03-01/DSC_1580.NEF,23259,3,Green,reject,neutral,0.4231,0.2741,0.6775,0.1509,0.4486,0.6265,0.3812,-0.0031,-0.0097,0.0074,-0.0173,-0.0021,0.0052,-0.0048,a photo with strong subject separation,out of focus,0.2093,0.2133,0.2129,0.2026,0.2015,0.2129,0.234,0.2124,0.223,0.2055,0.2199,0.2036,0.2077,0.2389,v0,clip_vit_b32_image
48145,/mnt/d/Photos/Z8/180-600mm/2026/2026-03-01/DSC_1581.NEF,23259,3,Green,pick,neutral,0.4348,0.2917,0.6523,0.1786,0.4713,0.6536,0.3912,-0.0026,-0.0089,0.0063,-0.0153,-0.0011,0.0064,-0.0044,a photo with strong subject separation,out of focus,0.2064,0.211,0.2102,0.1999,0.1995,0.2108,0.2353,0.209,0.2198,0.2039,0.2152,0.2007,0.2045,0.2397,v0,clip_vit_b32_image
48146,/mnt/d/Photos/Z8/180-600mm/2026/2026-03-01/DSC_1582.NEF,23259,3,Blue,pick,neutral,0.4307,0.2628,0.6353,0.206,0.4302,0.6623,0.3384,-0.0028,-0.0103,0.0056,-0.0135,-0.0028,0.0067,-0.0067,crisp details,out of focus,0.2076,0.2118,0.214,0.2026,0.1974,0.2129,0.231,0.2104,0.2221,0.2085,0.2161,0.2002,0.2061,0.2377,v0,clip_vit_b32_image
48147,/mnt/d/Photos/Z8/180-600mm/2026/2026-03-01/DSC_1583.NEF,23259,3,Blue,pick,neutral,0.4812,0.3504,0.6557,0.2475,0.4807,0.6695,0.3825,-0.0008,-0.0062,0.0064,-0.0111,-0.0008,0.0071,-0.0048,a photo with strong subject separation,out of focus,0.211,0.2159,0.2144,0.2056,0.2063,0.2166,0.2429,0.2118,0.2221,0.208,0.2168,0.2071,0.2095,0.2477,v0,clip_vit_b32_image
48148,/mnt/d/Photos/Z8/180-600mm/2026/2026-03-01/DSC_1584.NEF,23259,3,Blue,pick,neutral,0.4682,0.4484,0.687,0.118,0.5475,0.665,0.3712,-0.0013,-0.0021,0.0079,-0.0201,0.0019,0.0069,-0.0053,a photo with strong subject separation,out of focus,0.2111,0.2181,0.2164,0.2039,0.2104,0.2165,0.2444,0.2124,0.2202,0.2086,0.2241,0.2085,0.2097,0.2497,v0,clip_vit_b32_image
48149,/mnt/d/Photos/Z8/180-600mm/2026/2026-03-01/DSC_1585.NEF,23259,3,Green,reject,neutral,0.5604,0.3984,0.6781,0.1945,0.4283,0.6407,0.4095,0.0024,-0.0041,0.0074,-0.0142,-0.0029,0.0058,-0.0037,crisp details,out of focus,0.203,0.2048,0.2076,0.1954,0.1878,0.2029,0.2108,0.2005,0.2089,0.2002,0.2097,0.1907,0.1971,0.2144,v0,clip_vit_b32_image
48150,/mnt/d/Photos/Z8/180-600mm/2026/2026-03-01/DSC_1586.NEF,23259,3,Green,pick,neutral,0.5036,0.5328,0.6733,0.11,0.5226,0.6646,0.3606,0.0001,0.0013,0.0072,-0.0209,0.0009,0.0068,-0.0057,well focused,noisy,0.2088,0.2191,0.2139,0.2032,0.2068,0.214,0.2435,0.2087,0.2178,0.2067,0.2241,0.2059,0.2071,0.2492,v0,clip_vit_b32_image
48151,/mnt/d/Photos/Z8/180-600mm/2026/2026-03-01/DSC_1587.NEF,,4,Blue,neutral,picked,0.5423,0.5251,0.715,0.2308,0.3645,0.7227,0.4765,0.0017,0.001,0.0092,-0.012,-0.0056,0.0096,-0.0009,crisp details,misfocused,0.1999,0.2061,0.2123,0.197,0.1797,0.2039,0.2092,0.1982,0.2051,0.2031,0.2091,0.1852,0.1943,0.2101,v0,clip_vit_b32_image
48152,/mnt/d/Photos/Z8/180-600mm/2026/2026-03-01/DSC_1588.NEF,23257,3,Green,neutral,neutral,0.6725,0.4707,0.8615,0.3345,0.64,0.6438,0.448,0.0072,-0.0012,0.0183,-0.0069,0.0058,0.0059,-0.0021,detailed,out of focus,0.2089,0.2115,0.2161,0.2023,0.2044,0.2048,0.2203,0.2017,0.2126,0.1978,0.2091,0.1986,0.1988,0.2224,v0,clip_vit_b32_image
48153,/mnt/d/Photos/Z8/180-600mm/2026/2026-03-01/DSC_1589.NEF,23257,3,Green,neutral,neutral,0.6734,0.4664,0.8284,0.3998,0.5819,0.6263,0.4042,0.0072,-0.0013,0.0157,-0.0041,0.0033,0.0052,-0.0039,crisp details,misfocused,0.2092,0.2116,0.2164,0.205,0.2034,0.2063,0.2048,0.202,0.213,0.2007,0.2091,0.2001,0.2011,0.2087,v0,clip_vit_b32_image
48154,/mnt/d/Photos/Z8/180-600mm/2026/2026-03-01/DSC_1590.NEF,23260,3,Green,neutral,neutral,0.6706,0.6299,0.8567,0.2985,0.7006,0.761,0.5352,0.0071,0.0053,0.0179,-0.0085,0.0085,0.0116,0.0014,crisp details,out of focus,0.2124,0.221,0.2199,0.206,0.2119,0.2124,0.2624,0.2053,0.2156,0.202,0.2145,0.2034,0.2009,0.261,v0,clip_vit_b32_image
48155,/mnt/d/Photos/Z8/180-600mm/2026/2026-03-01/DSC_1591.NEF,23260,3,Green,pick,neutral,0.6925,0.6455,0.8344,0.2673,0.69,0.7405,0.4755,0.0081,0.006,0.0162,-0.0101,0.008,0.0105,-0.001,well focused,out of focus,0.2173,0.2288,0.2205,0.2086,0.2208,0.2195,0.2645,0.2092,0.2228,0.2043,0.2187,0.2128,0.209,0.2654,v0,clip_vit_b32_image
48156,/mnt/d/Photos/Z8/180-600mm/2026/2026-03-01/DSC_1592.NEF,23260,3,Green,pick,neutral,0.5819,0.5144,0.7522,0.3999,0.571,0.7647,0.2626,0.0033,0.0006,0.0111,-0.0041,0.0029,0.0118,-0.0103,good dynamic range,out of focus,0.2205,0.2291,0.2265,0.2184,0.2224,0.2286,0.2575,0.2172,0.2285,0.2154,0.2225,0.2195,0.2169,0.2678,v0,clip_vit_b32_image
48157,/mnt/d/Photos/Z8/180-600mm/2026/2026-03-01/DSC_1593.NEF,,2,Yellow,neutral,rejected,0.7323,0.6714,0.725,0.7609,0.6099,0.6432,0.5445,0.0101,0.0071,0.0097,0.0116,0.0045,0.0059,0.0018,crisp details,misfocused,0.2115,0.2153,0.2107,0.2082,0.2064,0.2061,0.22,0.2014,0.2082,0.201,0.1966,0.2019,0.2002,0.2182,v0,clip_vit_b32_image
48158,/mnt/d/Photos/Z8/180-600mm/2026/2026-03-01/DSC_1594.NEF,23257,3,Green,pick,neutral,0.6467,0.4818,0.7705,0.2827,0.6245,0.542,0.5382,0.006,-0.0007,0.0121,-0.0093,0.0051,0.0017,0.0015,crisp details,misfocused,0.2005,0.2049,0.2042,0.1937,0.2019,0.1978,0.1953,0.1945,0.2057,0.1921,0.203,0.1968,0.1961,0.1938,v0,clip_vit_b32_image
48159,/mnt/d/Photos/Z8/180-600mm/2026/2026-03-01/DSC_1595.NEF,23257,3,Green,pick,neutral,0.65,0.5034,0.8004,0.3257,0.6067,0.5595,0.5053,0.0062,0.0001,0.0139,-0.0073,0.0043,0.0024,0.0002,crisp details,misfocused,0.2003,0.2052,0.2041,0.1954,0.199,0.1976,0.1953,0.1941,0.205,0.1903,0.2027,0.1947,0.1952,0.1951,v0,clip_vit_b32_image
48160,/mnt/d/Photos/Z8/180-600mm/2026/2026-03-01/DSC_1596.NEF,23257,3,Green,neutral,neutral,0.6653,0.4978,0.8035,0.3514,0.6212,0.6135,0.5805,0.0069,-0.0001,0.0141,-0.0061,0.0049,0.0046,0.0032,crisp details,misfocused,0.2064,0.2115,0.2091,0.1991,0.2049,0.203,0.2101,0.1995,0.2116,0.195,0.2053,0.1999,0.1984,0.2068,v0,clip_vit_b32_image
48161,/mnt/d/Photos/Z8/180-600mm/2026/2026-03-01/DSC_1597.NEF,23257,3,Yellow,reject,neutral,0.5937,0.4185,0.711,0.4374,0.5125,0.4756,0.4115,0.0038,-0.0033,0.009,-0.0025,0.0005,-0.001,-0.0036,detailed,misfocused,0.2145,0.2161,0.2192,0.2134,0.2136,0.2106,0.2012,0.2107,0.2194,0.2102,0.2159,0.2131,0.2116,0.2047,v0,clip_vit_b32_image
48162,/mnt/d/Photos/Z8/180-600mm/2026/2026-03-01/DSC_1598.NEF,23257,3,Green,pick,neutral,0.5842,0.3909,0.7977,0.2387,0.5071,0.5262,0.3831,0.0034,-0.0044,0.0137,-0.0116,0.0003,0.001,-0.0048,detailed,out of focus,0.2041,0.2101,0.2119,0.2006,0.1983,0.2009,0.202,0.2007,0.2145,0.1982,0.2122,0.198,0.1998,0.2067,v0,clip_vit_b32_image
48163,/mnt/d/Photos/Z8/180-600mm/2026/2026-03-01/DSC_1599.NEF,23257,3,Yellow,reject,neutral,0.5706,0.3835,0.8085,0.2415,0.4849,0.555,0.408,0.0028,-0.0047,0.0144,-0.0114,-0.0006,0.0022,-0.0037,crisp details,misfocused,0.1977,0.2012,0.2066,0.1958,0.189,0.195,0.1844,0.1949,0.2059,0.1922,0.2072,0.1896,0.1928,0.1881,v0,clip_vit_b32_image
48164,/mnt/d/Photos/Z8/180-600mm/2026/2026-03-01/DSC_1600.NEF,,2,Yellow,reject,rejected,0.5673,0.3907,0.7054,0.4407,0.4769,0.5773,0.2795,0.0027,-0.0044,0.0087,-0.0024,-0.0009,0.0031,-0.0095,crisp details,misfocused,0.2063,0.2133,0.2097,0.2038,0.199,0.2042,0.2092,0.2036,0.2177,0.201,0.2062,0.1999,0.2011,0.2187,v0,clip_vit_b32_image
48165,/mnt/d/Photos/Z8/180-600mm/2026/2026-03-01/DSC_1601.NEF,23261,4,Blue,reject,picked,0.5942,0.7827,0.7337,0.3549,0.5233,0.707,0.4698,0.0038,0.0128,0.0101,-0.006,0.0009,0.0088,-0.0012,well focused,out of focus,0.2207,0.232,0.2172,0.2179,0.2253,0.2237,0.2648,0.2169,0.2192,0.2071,0.2238,0.2244,0.2149,0.266,v0,clip_vit_b32_image
48166,/mnt/d/Photos/Z8/180-600mm/2026/2026-03-01/DSC_1602.NEF,23261,4,Blue,reject,picked,0.5584,0.7263,0.7305,0.3377,0.4936,0.7044,0.3844,0.0023,0.0098,0.01,-0.0067,-0.0003,0.0087,-0.0047,well focused,out of focus,0.2198,0.2311,0.2158,0.217,0.2233,0.2241,0.2624,0.2175,0.2214,0.2058,0.2237,0.2236,0.2154,0.2671,v0,clip_vit_b32_image
48167,/mnt/d/Photos/Z8/180-600mm/2026/2026-03-01/DSC_1603.NEF,23261,4,Blue,pick,picked,0.545,0.724,0.708,0.3621,0.4756,0.6972,0.3769,0.0018,0.0096,0.0089,-0.0057,-0.001,0.0083,-0.005,well focused,out of focus,0.2207,0.2323,0.2161,0.2184,0.2242,0.2245,0.263,0.2189,0.2227,0.2072,0.224,0.2252,0.2162,0.2681,v0,clip_vit_b32_image
48168,/mnt/d/Photos/Z8/180-600mm/2026/2026-03-01/DSC_1604.NEF,23261,4,Blue,reject,picked,0.4841,0.6498,0.6797,0.3,0.4583,0.6751,0.2819,-0.0006,0.0062,0.0075,-0.0085,-0.0017,0.0073,-0.0094,well focused,out of focus,0.2174,0.2293,0.2141,0.2152,0.2202,0.2215,0.2601,0.218,0.2231,0.2066,0.2237,0.2219,0.2142,0.2695,v0,clip_vit_b32_image
48169,/mnt/d/Photos/Z8/180-600mm/2026/2026-03-01/DSC_1605.NEF,23261,4,Blue,pick,picked,0.5204,0.6704,0.7079,0.3015,0.4803,0.7153,0.329,0.0008,0.0071,0.0088,-0.0084,-0.0008,0.0092,-0.0071,well focused,out of focus,0.2178,0.2294,0.2154,0.2151,0.2204,0.2226,0.2619,0.217,0.2223,0.2066,0.2235,0.2212,0.2134,0.2691,v0,clip_vit_b32_image
48170,/mnt/d/Photos/Z8/180-600mm/2026/2026-03-01/DSC_1606.NEF,23261,4,Blue,pick,picked,0.4995,0.6514,0.6861,0.2795,0.4756,0.7154,0.3262,-0.0,0.0063,0.0078,-0.0095,-0.001,0.0092,-0.0073,well focused,out of focus,0.2169,0.2279,0.214,0.2143,0.2197,0.2222,0.2609,0.2169,0.2217,0.2062,0.2237,0.2206,0.213,0.2681,v0,clip_vit_b32_image
48171,/mnt/d/Photos/Z8/180-600mm/2026/2026-03-01/DSC_1607.NEF,23261,4,Blue,pick,picked,0.4778,0.6176,0.6613,0.2715,0.5117,0.7017,0.2976,-0.0009,0.0048,0.0067,-0.0099,0.0005,0.0086,-0.0086,well focused,out of focus,0.2249,0.2349,0.223,0.2203,0.2301,0.2281,0.2638,0.2257,0.2301,0.2163,0.2301,0.2296,0.2196,0.2724,v0,clip_vit_b32_image
48172,/mnt/d/Photos/Z8/180-600mm/2026/2026-03-01/DSC_1608.NEF,23261,4,Blue,pick,picked,0.4587,0.5948,0.6456,0.2488,0.5298,0.6627,0.3417,-0.0017,0.0038,0.006,-0.0111,0.0012,0.0068,-0.0066,well focused,out of focus,0.2255,0.2354,0.2226,0.2198,0.233,0.2274,0.2657,0.2271,0.2316,0.2166,0.2308,0.2318,0.2206,0.2723,v0,clip_vit_b32_image
48173,/mnt/d/Photos/Z8/180-600mm/2026/2026-03-01/DSC_1609.NEF,23261,4,Blue,pick,picked,0.418,0.6041,0.6553,0.19,0.5026,0.6719,0.2706,-0.0033,0.0042,0.0064,-0.0145,0.0001,0.0072,-0.0099,well focused,out of focus,0.215,0.2248,0.2123,0.2097,0.2204,0.2174,0.2542,0.2183,0.2206,0.2059,0.2242,0.2203,0.2102,0.2641,v0,clip_vit_b32_image
48174,/mnt/d/Photos/Z8/180-600mm/2026/2026-03-01/DSC_1610.NEF,23261,4,Blue,reject,picked,0.4605,0.6999,0.6687,0.2052,0.5211,0.635,0.344,-0.0016,0.0085,0.007,-0.0135,0.0008,0.0055,-0.0065,well focused,out of focus,0.2217,0.2338,0.2189,0.2166,0.2296,0.224,0.2613,0.2233,0.2254,0.2118,0.2302,0.2287,0.2185,0.2677,v0,clip_vit_b32_image
48175,/mnt/d/Photos/Z8/180-600mm/2026/2026-03-01/DSC_1611.NEF,23261,4,Blue,reject,picked,0.4453,0.6659,0.6395,0.2039,0.5001,0.6205,0.3223,-0.0022,0.0069,0.0057,-0.0136,0.0,0.0049,-0.0074,well focused,out of focus,0.2223,0.2336,0.2188,0.2169,0.2302,0.2244,0.2611,0.2245,0.2267,0.213,0.2305,0.2302,0.2195,0.2686,v0,clip_vit_b32_image
48176,/mnt/d/Photos/Z8/180-600mm/2026/2026-03-01/DSC_1612.NEF,23261,4,Blue,reject,picked,0.4427,0.6486,0.6648,0.2147,0.4667,0.6274,0.3353,-0.0023,0.0061,0.0068,-0.013,-0.0013,0.0052,-0.0068,well focused,out of focus,0.2222,0.2342,0.2209,0.2167,0.2297,0.2248,0.2637,0.2245,0.2281,0.2141,0.2297,0.2311,0.2196,0.2705,v0,clip_vit_b32_image
48177,/mnt/d/Photos/Z8/180-600mm/2026/2026-03-01/DSC_1613.NEF,23261,4,Blue,neutral,picked,0.4549,0.5944,0.6142,0.3313,0.5517,0.6497,0.3754,-0.0018,0.0038,0.0046,-0.007,0.0021,0.0062,-0.0051,well focused,out of focus,0.2244,0.2326,0.2161,0.2192,0.2312,0.2255,0.263,0.2262,0.2287,0.2115,0.2262,0.2291,0.2193,0.2681,v0,clip_vit_b32_image
48178,/mnt/d/Photos/Z8/180-600mm/2026/2026-03-01/DSC_1614.NEF,23261,4,Blue,pick,picked,0.458,0.6443,0.6355,0.2979,0.5102,0.6256,0.3102,-0.0017,0.0059,0.0056,-0.0086,0.0004,0.0051,-0.008,well focused,out of focus,0.222,0.2296,0.2151,0.2176,0.2276,0.2222,0.2565,0.2237,0.2237,0.2095,0.2262,0.2272,0.217,0.2645,v0,clip_vit_b32_image
48179,/mnt/d/Photos/Z8/180-600mm/2026/2026-03-01/DSC_1615.NEF,23261,4,Blue,pick,picked,0.5511,0.6769,0.6828,0.2921,0.5846,0.718,0.3199,0.0021,0.0074,0.0077,-0.0089,0.0034,0.0093,-0.0075,well focused,out of focus,0.2256,0.2359,0.2186,0.22,0.2312,0.2284,0.2646,0.2235,0.2285,0.211,0.2288,0.2278,0.219,0.2721,v0,clip_vit_b32_image
48180,/mnt/d/Photos/Z8/180-600mm/2026/2026-03-01/DSC_1616.NEF,23262,4,Blue,pick,picked,0.5251,0.7151,0.7711,0.2151,0.541,0.7954,0.2911,0.001,0.0092,0.0121,-0.0129,0.0016,0.0136,-0.0089,well focused,out of focus,0.2155,0.2284,0.2172,0.212,0.2181,0.2229,0.2573,0.2145,0.2192,0.2051,0.225,0.2165,0.2094,0.2662,v0,clip_vit_b32_image
48181,/mnt/d/Photos/Z8/180-600mm/2026/2026-03-01/DSC_1617.NEF,23262,4,Blue,reject,picked,0.5138,0.7074,0.7644,0.2579,0.5224,0.7879,0.2823,0.0006,0.0088,0.0118,-0.0106,0.0009,0.0131,-0.0093,well focused,out of focus,0.2159,0.2282,0.2177,0.2132,0.2182,0.2222,0.2574,0.2153,0.2194,0.206,0.2237,0.2173,0.2091,0.2667,v0,clip_vit_b32_image
48182,/mnt/d/Photos/Z8/180-600mm/2026/2026-03-01/DSC_1618.NEF,23262,4,Blue,pick,picked,0.4683,0.6405,0.7116,0.2179,0.5087,0.769,0.2459,-0.0013,0.0058,0.009,-0.0128,0.0003,0.012,-0.0112,well focused,out of focus,0.2157,0.2264,0.2161,0.2129,0.2172,0.2217,0.2561,0.217,0.2207,0.207,0.2257,0.2169,0.2096,0.2673,v0,clip_vit_b32_image
48183,/mnt/d/Photos/Z8/180-600mm/2026/2026-03-01/DSC_1619.NEF,23262,4,Blue,reject,picked,0.5557,0.7354,0.803,0.2394,0.5307,0.7838,0.3372,0.0022,0.0102,0.014,-0.0116,0.0012,0.0129,-0.0068,well focused,out of focus,0.2177,0.2317,0.2199,0.2144,0.22,0.2237,0.2582,0.2155,0.2215,0.2059,0.226,0.2188,0.2108,0.2649,v0,clip_vit_b32_image
48184,/mnt/d/Photos/Z8/180-600mm/2026/2026-03-01/DSC_1620.NEF,23262,4,Blue,pick,picked,0.5678,0.7409,0.8016,0.2559,0.5653,0.7848,0.343,0.0027,0.0105,0.014,-0.0107,0.0026,0.0129,-0.0065,well focused,out of focus,0.219,0.2322,0.2203,0.2155,0.2225,0.2243,0.2594,0.2162,0.2217,0.2063,0.2262,0.2199,0.2114,0.2659,v0,clip_vit_b32_image
48185,/mnt/d/Photos/Z8/180-600mm/2026/2026-03-01/DSC_1621.NEF,23262,4,Blue,reject,picked,0.5564,0.7248,0.7767,0.284,0.5764,0.7847,0.3335,0.0023,0.0097,0.0125,-0.0092,0.0031,0.0129,-0.0069,well focused,out of focus,0.2203,0.2327,0.2207,0.2171,0.2241,0.2248,0.2597,0.218,0.2231,0.2082,0.2264,0.221,0.2118,0.2667,v0,clip_vit_b32_image
48186,/mnt/d/Photos/Z8/180-600mm/2026/2026-03-01/DSC_1622.NEF,23262,4,Blue,reject,picked,0.5431,0.6969,0.7904,0.2643,0.5454,0.7916,0.3358,0.0017,0.0083,0.0133,-0.0102,0.0018,0.0133,-0.0068,well focused,out of focus,0.219,0.2314,0.2199,0.2158,0.2208,0.2243,0.2589,0.2173,0.2231,0.2066,0.226,0.219,0.2109,0.2658,v0,clip_vit_b32_image
48187,/mnt/d/Photos/Z8/180-600mm/2026/2026-03-01/DSC_1623.NEF,23262,4,Blue,pick,picked,0.5028,0.698,0.7768,0.2483,0.5224,0.7645,0.3595,0.0001,0.0084,0.0125,-0.0111,0.0009,0.0118,-0.0058,well focused,out of focus,0.2144,0.2274,0.2165,0.2132,0.2151,0.2191,0.2575,0.2143,0.219,0.204,0.2243,0.2142,0.2073,0.2633,v0,clip_vit_b32_image
48188,/mnt/d/Photos/Z8/180-600mm/2026/2026-03-01/DSC_1624.NEF,23262,4,Blue,reject,picked,0.5286,0.744,0.7091,0.1903,0.5483,0.7553,0.3366,0.0011,0.0107,0.0089,-0.0145,0.0019,0.0113,-0.0068,well focused,out of focus,0.2145,0.2275,0.2134,0.2087,0.2199,0.2193,0.2583,0.2133,0.2169,0.2045,0.2231,0.2179,0.208,0.2651,v0,clip_vit_b32_image
48189,/mnt/d/Photos/Z8/180-600mm/2026/2026-03-01/DSC_1625.NEF,23262,4,Blue,pick,picked,0.5767,0.7745,0.7859,0.2478,0.6274,0.7681,0.4475,0.0031,0.0123,0.013,-0.0111,0.0052,0.012,-0.0021,well focused,out of focus,0.2187,0.2322,0.2182,0.2133,0.2242,0.2213,0.2615,0.2156,0.2199,0.2052,0.2244,0.219,0.2093,0.2636,v0,clip_vit_b32_image
48190,/mnt/d/Photos/Z8/180-600mm/2026/2026-03-01/DSC_1626.NEF,23262,4,Blue,reject,picked,0.4634,0.5971,0.723,0.1924,0.547,0.7554,0.2749,-0.0015,0.0039,0.0096,-0.0143,0.0019,0.0113,-0.0097,well focused,out of focus,0.2187,0.2288,0.2198,0.2129,0.2227,0.2221,0.258,0.2202,0.2249,0.2102,0.2272,0.2208,0.2108,0.2677,v0,clip_vit_b32_image
48191,/mnt/d/Photos/Z8/180-600mm/2026/2026-03-01/DSC_1627.NEF,23262,4,Blue,reject,picked,0.519,0.6806,0.7849,0.1868,0.5343,0.7646,0.3484,0.0008,0.0076,0.0129,-0.0147,0.0014,0.0118,-0.0063,well focused,out of focus,0.2154,0.2274,0.2201,0.2115,0.2177,0.2209,0.2548,0.2147,0.2198,0.2072,0.2262,0.2163,0.2092,0.2611,v0,clip_vit_b32_image
48192,/mnt/d/Photos/Z8/180-600mm/2026/2026-03-01/DSC_1628.NEF,23262,4,Blue,reject,picked,0.498,0.6628,0.7761,0.1648,0.5035,0.7544,0.3312,-0.0001,0.0068,0.0124,-0.0162,0.0001,0.0112,-0.007,well focused,out of focus,0.2145,0.2265,0.2191,0.2109,0.2162,0.2202,0.2543,0.2146,0.2197,0.2066,0.2271,0.2161,0.209,0.2613,v0,clip_vit_b32_image
48193,/mnt/d/Photos/Z8/180-600mm/2026/2026-03-01/DSC_1629.NEF,23262,4,Blue,reject,picked,0.5148,0.6779,0.7835,0.192,0.5244,0.758,0.3473,0.0006,0.0074,0.0129,-0.0144,0.001,0.0114,-0.0063,well focused,out of focus,0.2156,0.2275,0.2202,0.2124,0.2173,0.2208,0.2565,0.215,0.2201,0.2073,0.2267,0.2163,0.2094,0.2629,v0,clip_vit_b32_image
48194,/mnt/d/Photos/Z8/180-600mm/2026/2026-03-01/DSC_1630.NEF,23262,4,Blue,reject,picked,0.5132,0.6908,0.7826,0.1981,0.4781,0.7645,0.259,0.0005,0.008,0.0128,-0.014,-0.0009,0.0118,-0.0105,natural colors,out of focus,0.215,0.2283,0.2193,0.213,0.2156,0.2214,0.257,0.2144,0.2203,0.2065,0.227,0.2164,0.2096,0.2675,v0,clip_vit_b32_image
48195,/mnt/d/Photos/Z8/180-600mm/2026/2026-03-01/DSC_1631.NEF,23262,4,Blue,reject,picked,0.5376,0.7265,0.7552,0.2535,0.519,0.7807,0.3087,0.0015,0.0098,0.0113,-0.0108,0.0008,0.0127,-0.0081,well focused,out of focus,0.2178,0.231,0.2194,0.2149,0.2196,0.2235,0.2585,0.2163,0.2212,0.2081,0.2257,0.2188,0.2108,0.2666,v0,clip_vit_b32_image
48196,/mnt/d/Photos/Z8/180-600mm/2026/2026-03-01/DSC_1632.NEF,23262,4,Blue,reject,picked,0.5409,0.7397,0.7616,0.2467,0.5774,0.7827,0.3386,0.0016,0.0104,0.0116,-0.0112,0.0031,0.0128,-0.0067,well focused,out of focus,0.2181,0.2307,0.2199,0.2141,0.2212,0.2231,0.26,0.2164,0.2202,0.2082,0.2253,0.2181,0.2103,0.2667,v0,clip_vit_b32_image
48197,/mnt/d/Photos/Z8/180-600mm/2026/2026-03-01/DSC_1633.NEF,23262,4,Blue,reject,picked,0.5094,0.6513,0.7365,0.2411,0.5239,0.7531,0.2377,0.0004,0.0062,0.0103,-0.0115,0.001,0.0112,-0.0117,well focused,out of focus,0.2166,0.2272,0.2172,0.2128,0.2193,0.2215,0.2551,0.2163,0.221,0.2069,0.2242,0.2184,0.2103,0.2667,v0,clip_vit_b32_image
48198,/mnt/d/Photos/Z8/180-600mm/2026/2026-03-01/DSC_1634.NEF,23262,4,Blue,reject,picked,0.5342,0.6852,0.7534,0.2505,0.5733,0.7268,0.2738,0.0014,0.0078,0.0112,-0.011,0.003,0.0098,-0.0098,well focused,out of focus,0.2177,0.2277,0.2179,0.2127,0.2214,0.2205,0.2563,0.2164,0.2199,0.2068,0.2237,0.2185,0.2107,0.266,v0,clip_vit_b32_image
48199,/mnt/d/Photos/Z8/180-600mm/2026/2026-03-01/DSC_1635.NEF,23262,4,Blue,reject,picked,0.5372,0.6911,0.7541,0.2493,0.5826,0.7288,0.3302,0.0015,0.0081,0.0112,-0.011,0.0033,0.0099,-0.0071,well focused,out of focus,0.2177,0.2278,0.2176,0.2122,0.2219,0.2201,0.2583,0.2162,0.2197,0.2063,0.2232,0.2186,0.2102,0.2654,v0,clip_vit_b32_image
48200,/mnt/d/Photos/Z8/180-600mm/2026/2026-03-01/DSC_1636.NEF,23262,4,Blue,reject,picked,0.5647,0.7479,0.7817,0.2458,0.576,0.7621,0.3289,0.0026,0.0109,0.0128,-0.0112,0.0031,0.0116,-0.0071,well focused,out of focus,0.2158,0.2277,0.2162,0.211,0.2191,0.2197,0.2564,0.2132,0.2169,0.2034,0.2222,0.216,0.208,0.2636,v0,clip_vit_b32_image
48201,/mnt/d/Photos/Z8/180-600mm/2026/2026-03-01/DSC_1637.NEF,23262,4,Blue,reject,picked,0.5414,0.7011,0.7734,0.2696,0.5452,0.7806,0.3244,0.0017,0.0085,0.0123,-0.01,0.0018,0.0127,-0.0073,well focused,out of focus,0.219,0.2316,0.2204,0.2161,0.221,0.224,0.2595,0.2174,0.2231,0.2082,0.226,0.2191,0.2113,0.2669,v0,clip_vit_b32_image
48202,/mnt/d/Photos/Z8/180-600mm/2026/2026-03-01/DSC_1638.NEF,23262,4,Blue,reject,picked,0.527,0.6821,0.7847,0.2379,0.5348,0.7817,0.3205,0.0011,0.0076,0.0129,-0.0116,0.0014,0.0128,-0.0075,well focused,out of focus,0.2186,0.2316,0.2207,0.2158,0.2202,0.2242,0.2602,0.2175,0.224,0.2077,0.2275,0.2188,0.2114,0.2677,v0,clip_vit_b32_image
48203,/mnt/d/Photos/Z8/180-600mm/2026/2026-03-01/DSC_1639.NEF,23262,4,Blue,pick,picked,0.5116,0.6955,0.7698,0.2176,0.5358,0.7667,0.3368,0.0005,0.0083,0.0121,-0.0128,0.0014,0.0119,-0.0068,well focused,out of focus,0.2163,0.2293,0.2181,0.2136,0.2173,0.2206,0.2597,0.2158,0.221,0.2061,0.2264,0.2158,0.2087,0.2665,v0,clip_vit_b32_image
48204,/mnt/d/Photos/Z8/180-600mm/2026/2026-03-01/DSC_1640.NEF,23262,4,Blue,reject,picked,0.4977,0.7433,0.7506,0.1763,0.5086,0.7648,0.3244,-0.0001,0.0106,0.011,-0.0154,0.0003,0.0118,-0.0073,well focused,out of focus,0.2145,0.2291,0.2169,0.2115,0.2162,0.221,0.2577,0.2146,0.2185,0.2059,0.2269,0.2159,0.2092,0.265,v0,clip_vit_b32_image
48205,/mnt/d/Photos/Z8/180-600mm/2026/2026-03-01/DSC_1641.NEF,23262,4,Blue,pick,picked,0.478,0.7157,0.7523,0.1622,0.4973,0.7589,0.2996,-0.0009,0.0092,0.0111,-0.0164,-0.0001,0.0115,-0.0085,well focused,out of focus,0.2146,0.2292,0.2182,0.2115,0.2163,0.2212,0.2575,0.2155,0.22,0.2071,0.2279,0.2164,0.2097,0.266,v0,clip_vit_b32_image
48206,/mnt/d/Photos/Z8/180-600mm/2026/2026-03-01/DSC_1642.NEF,23262,4,Blue,pick,picked,0.4783,0.7323,0.7507,0.1628,0.5014,0.7495,0.3093,-0.0009,0.0101,0.011,-0.0164,0.0001,0.011,-0.008,well focused,out of focus,0.2134,0.2281,0.2165,0.2102,0.2157,0.2198,0.2573,0.2143,0.218,0.2055,0.2266,0.2157,0.2088,0.2654,v0,clip_vit_b32_image
48207,/mnt/d/Photos/Z8/180-600mm/2026/2026-03-01/DSC_1643.NEF,23262,4,Blue,pick,picked,0.4612,0.6851,0.7495,0.1708,0.4795,0.7437,0.2643,-0.0016,0.0078,0.011,-0.0158,-0.0008,0.0107,-0.0102,well focused,out of focus,0.2163,0.23,0.219,0.2132,0.2177,0.2222,0.2572,0.2178,0.2222,0.208,0.229,0.2185,0.2116,0.2674,v0,clip_vit_b32_image
48208,/mnt/d/Photos/Z8/180-600mm/2026/2026-03-01/DSC_1644.NEF,23262,4,Blue,pick,picked,0.4254,0.6565,0.742,0.1444,0.4621,0.7169,0.2645,-0.003,0.0065,0.0106,-0.0178,-0.0015,0.0093,-0.0102,well focused,out of focus,0.2135,0.2272,0.2173,0.2104,0.2154,0.2189,0.2558,0.2165,0.2207,0.2068,0.2282,0.2169,0.2096,0.266,v0,clip_vit_b32_image
48209,/mnt/d/Photos/Z8/180-600mm/2026/2026-03-01/DSC_1645.NEF,23262,4,Blue,reject,picked,0.5492,0.7392,0.7573,0.2279,0.53,0.7646,0.358,0.002,0.0104,0.0114,-0.0122,0.0012,0.0118,-0.0058,well focused,out of focus,0.2151,0.227,0.2166,0.2114,0.2161,0.2194,0.2574,0.2131,0.2166,0.2052,0.2236,0.2149,0.2076,0.2632,v0,clip_vit_b32_image
48210,/mnt/d/Photos/Z8/180-600mm/2026/2026-03-01/DSC_1646.NEF,23262,4,Blue,reject,picked,0.5173,0.7562,0.7237,0.1992,0.5399,0.7687,0.3231,0.0007,0.0113,0.0096,-0.0139,0.0016,0.012,-0.0074,well focused,out of focus,0.2139,0.2282,0.2147,0.211,0.2174,0.2203,0.2576,0.2132,0.2169,0.205,0.2249,0.2158,0.2083,0.265,v0,clip_vit_b32_image
48211,/mnt/d/Photos/Z8/180-600mm/2026/2026-03-01/DSC_1647.NEF,23262,4,Blue,reject,picked,0.4472,0.6722,0.6896,0.1518,0.4984,0.7395,0.2553,-0.0021,0.0072,0.008,-0.0172,-0.0001,0.0104,-0.0107,well focused,out of focus,0.2128,0.2269,0.2142,0.2094,0.2155,0.2187,0.2547,0.2149,0.2197,0.2062,0.2266,0.2156,0.2082,0.2654,v0,clip_vit_b32_image
48212,/mnt/d/Photos/Z8/180-600mm/2026/2026-03-01/DSC_1648.NEF,23262,4,Blue,pick,picked,0.4868,0.6982,0.733,0.1975,0.5126,0.748,0.2891,-0.0005,0.0084,0.0101,-0.014,0.0005,0.0109,-0.009,well focused,out of focus,0.2143,0.2268,0.2149,0.2105,0.2171,0.2192,0.2556,0.2149,0.2184,0.2048,0.2246,0.2166,0.2084,0.2646,v0,clip_vit_b32_image
48213,/mnt/d/Photos/Z8/180-600mm/2026/2026-03-01/DSC_1649.NEF,23262,4,Blue,pick,picked,0.4836,0.6893,0.7303,0.202,0.5029,0.7467,0.2758,-0.0007,0.008,0.01,-0.0137,0.0001,0.0108,-0.0097,well focused,out of focus,0.2138,0.2261,0.2141,0.2102,0.2161,0.2187,0.2557,0.2145,0.2181,0.2041,0.224,0.216,0.2079,0.2654,v0,clip_vit_b32_image
48214,/mnt/d/Photos/Z8/180-600mm/2026/2026-03-01/DSC_1650.NEF,23262,4,Blue,reject,picked,0.4758,0.6559,0.7327,0.2059,0.5364,0.7519,0.3329,-0.001,0.0064,0.0101,-0.0135,0.0015,0.0111,-0.007,well focused,out of focus,0.2131,0.2241,0.2132,0.2089,0.2147,0.2171,0.2555,0.2141,0.2176,0.2031,0.2224,0.2132,0.206,0.2625,v0,clip_vit_b32_image
48215,/mnt/d/Photos/Z8/180-600mm/2026/2026-03-01/DSC_1651.NEF,23262,4,Blue,pick,picked,0.5917,0.7659,0.7509,0.2981,0.5849,0.8007,0.3829,0.0037,0.0119,0.011,-0.0086,0.0034,0.0139,-0.0048,well focused,out of focus,0.2186,0.2313,0.2175,0.2152,0.2207,0.223,0.2607,0.2149,0.2194,0.2064,0.2238,0.2172,0.209,0.2655,v0,clip_vit_b32_image
48216,/mnt/d/Photos/Z8/180-600mm/2026/2026-03-01/DSC_1652.NEF,23262,4,Blue,reject,picked,0.5912,0.7564,0.733,0.2963,0.5692,0.7985,0.3745,0.0037,0.0113,0.0101,-0.0086,0.0028,0.0138,-0.0051,well focused,out of focus,0.2198,0.2317,0.2181,0.2169,0.2219,0.2247,0.2606,0.2161,0.2203,0.208,0.2256,0.2191,0.2109,0.2657,v0,clip_vit_b32_image
48217,/mnt/d/Photos/Z8/180-600mm/2026/2026-03-01/DSC_1653.NEF,23262,4,Blue,reject,picked,0.5212,0.6732,0.7323,0.2562,0.5687,0.785,0.3954,0.0008,0.0072,0.0101,-0.0107,0.0028,0.0129,-0.0042,well focused,out of focus,0.2148,0.2247,0.2136,0.2115,0.2182,0.2202,0.2574,0.214,0.2175,0.2035,0.2222,0.2154,0.2072,0.2616,v0,clip_vit_b32_image
48218,/mnt/d/Photos/Z8/180-600mm/2026/2026-03-01/DSC_1654.NEF,23262,4,Blue,reject,picked,0.5725,0.7402,0.7793,0.3528,0.5656,0.7975,0.3959,0.0029,0.0105,0.0126,-0.0061,0.0026,0.0137,-0.0042,well focused,out of focus,0.2179,0.2287,0.2163,0.2148,0.2203,0.2238,0.2578,0.215,0.2183,0.2037,0.2208,0.2177,0.2101,0.262,v0,clip_vit_b32_image
48219,/mnt/d/Photos/Z8/180-600mm/2026/2026-03-01/DSC_1655.NEF,23262,4,Blue,reject,picked,0.5578,0.7282,0.7818,0.3108,0.5381,0.7952,0.3626,0.0023,0.0099,0.0128,-0.008,0.0015,0.0136,-0.0056,well focused,out of focus,0.2179,0.2298,0.218,0.2148,0.2192,0.2246,0.2574,0.2155,0.22,0.2052,0.2228,0.2177,0.2111,0.2631,v0,clip_vit_b32_image
48220,/mnt/d/Photos/Z8/180-600mm/2026/2026-03-01/DSC_1656.NEF,23262,4,Blue,reject,picked,0.55,0.6564,0.7742,0.3018,0.5499,0.7829,0.3292,0.002,0.0065,0.0123,-0.0084,0.002,0.0128,-0.0071,well focused,out of focus,0.2203,0.2307,0.2195,0.2159,0.2228,0.2253,0.2591,0.2182,0.2243,0.2072,0.2243,0.2208,0.2125,0.2662,v0,clip_vit_b32_image
48221,/mnt/d/Photos/Z8/180-600mm/2026/2026-03-01/DSC_1657.NEF,23262,4,Blue,reject,picked,0.525,0.6497,0.7626,0.2556,0.5455,0.7867,0.3387,0.001,0.0062,0.0117,-0.0107,0.0018,0.013,-0.0067,well focused,out of focus,0.2182,0.2295,0.2173,0.2136,0.2206,0.2237,0.2576,0.2172,0.2233,0.2057,0.2242,0.2188,0.2106,0.2643,v0,clip_vit_b32_image
48222,/mnt/d/Photos/Z8/180-600mm/2026/2026-03-01/DSC_1658.NEF,23262,4,Blue,reject,picked,0.4853,0.6318,0.7408,0.2082,0.554,0.7943,0.3247,-0.0006,0.0054,0.0105,-0.0134,0.0022,0.0135,-0.0073,well focused,out of focus,0.2176,0.2297,0.2177,0.2138,0.2211,0.2245,0.259,0.2182,0.2243,0.2072,0.2271,0.2189,0.211,0.2663,v0,clip_vit_b32_image
48223,/mnt/d/Photos/Z8/180-600mm/2026/2026-03-01/DSC_1659.NEF,23262,4,Blue,reject,picked,0.4406,0.5675,0.7112,0.1726,0.5365,0.7478,0.3259,-0.0024,0.0027,0.009,-0.0157,0.0015,0.0109,-0.0073,well focused,out of focus,0.2174,0.2284,0.2174,0.2123,0.2205,0.222,0.259,0.2197,0.2257,0.2084,0.228,0.2191,0.2112,0.2663,v0,clip_vit_b32_image
48224,/mnt/d/Photos/Z8/180-600mm/2026/2026-03-01/DSC_1660.NEF,23262,4,Blue,pick,picked,0.4312,0.5341,0.6855,0.2054,0.5446,0.7201,0.2962,-0.0028,0.0014,0.0078,-0.0135,0.0018,0.0094,-0.0087,well focused,out of focus,0.2204,0.231,0.2203,0.2162,0.225,0.2253,0.2608,0.2232,0.2296,0.2125,0.2297,0.2232,0.2158,0.2695,v0,clip_vit_b32_image
48225,/mnt/d/Photos/Z8/180-600mm/2026/2026-03-01/DSC_1661.NEF,23262,4,Blue,pick,picked,0.433,0.5522,0.6821,0.1867,0.5404,0.7267,0.2917,-0.0027,0.0021,0.0076,-0.0147,0.0016,0.0098,-0.0089,well focused,out of focus,0.2189,0.2299,0.218,0.2142,0.2233,0.2235,0.2581,0.2216,0.2278,0.2104,0.2289,0.2216,0.2138,0.267,v0,clip_vit_b32_image
48226,/mnt/d/Photos/Z8/180-600mm/2026/2026-03-01/DSC_1662.NEF,23262,4,Blue,reject,picked,0.4603,0.6274,0.7174,0.1741,0.5075,0.7526,0.3126,-0.0016,0.0052,0.0093,-0.0156,0.0003,0.0111,-0.0079,well focused,out of focus,0.214,0.2266,0.2161,0.2105,0.2166,0.2203,0.255,0.2156,0.2214,0.2068,0.226,0.2163,0.2091,0.2629,v0,clip_vit_b32_image
48227,/mnt/d/Photos/Z8/180-600mm/2026/2026-03-01/DSC_1663.NEF,23262,4,Blue,reject,picked,0.4502,0.6177,0.712,0.1731,0.491,0.7493,0.2809,-0.002,0.0048,0.0091,-0.0156,-0.0004,0.0109,-0.0094,well focused,out of focus,0.2133,0.226,0.2148,0.2098,0.2159,0.2204,0.255,0.2153,0.2212,0.2058,0.2254,0.2162,0.2095,0.2644,v0,clip_vit_b32_image
48228,/mnt/d/Photos/Z8/180-600mm/2026/2026-03-01/DSC_1664.NEF,23262,4,Blue,reject,picked,0.468,0.5705,0.7505,0.229,0.5191,0.7651,0.3044,-0.0013,0.0028,0.011,-0.0121,0.0008,0.0118,-0.0083,well focused,out of focus,0.2156,0.2264,0.2177,0.2131,0.2172,0.2214,0.256,0.2168,0.2235,0.2067,0.2252,0.2165,0.2096,0.2643,v0,clip_vit_b32_image
48229,/mnt/d/Photos/Z8/180-600mm/2026/2026-03-01/DSC_1665.NEF,23262,4,Blue,reject,picked,0.4581,0.5824,0.7607,0.1864,0.4956,0.7622,0.2932,-0.0017,0.0033,0.0116,-0.0147,-0.0002,0.0116,-0.0088,well focused,out of focus,0.2152,0.2274,0.2185,0.2126,0.2172,0.2217,0.2563,0.2169,0.224,0.207,0.2273,0.2174,0.21,0.2651,v0,clip_vit_b32_image
48230,/mnt/d/Photos/Z8/180-600mm/2026/2026-03-01/DSC_1666.NEF,23262,4,Blue,reject,picked,0.4626,0.5671,0.7575,0.2004,0.5163,0.7653,0.2781,-0.0015,0.0027,0.0114,-0.0138,0.0007,0.0118,-0.0095,well focused,out of focus,0.2161,0.2278,0.2185,0.2133,0.2181,0.2222,0.2567,0.2176,0.2251,0.2072,0.2272,0.2174,0.2104,0.2663,v0,clip_vit_b32_image
48231,/mnt/d/Photos/Z8/180-600mm/2026/2026-03-01/DSC_1667.NEF,23262,4,Blue,reject,picked,0.4763,0.5919,0.7462,0.1971,0.5098,0.773,0.3024,-0.0009,0.0037,0.0108,-0.014,0.0004,0.0123,-0.0084,well focused,out of focus,0.2154,0.2267,0.2163,0.2118,0.217,0.2215,0.256,0.2164,0.223,0.2056,0.2259,0.2166,0.2092,0.2643,v0,clip_vit_b32_image
48232,/mnt/d/Photos/Z8/180-600mm/2026/2026-03-01/DSC_1668.NEF,23262,4,Blue,reject,picked,0.4845,0.6128,0.7365,0.1998,0.5207,0.7717,0.319,-0.0006,0.0046,0.0103,-0.0139,0.0008,0.0122,-0.0076,well focused,out of focus,0.2154,0.2264,0.2157,0.2114,0.2172,0.2211,0.2551,0.216,0.2218,0.2054,0.2252,0.2163,0.2089,0.2627,v0,clip_vit_b32_image
48233,/mnt/d/Photos/Z8/180-600mm/2026/2026-03-01/DSC_1669.NEF,23263,4,Blue,pick,picked,0.4526,0.5317,0.5335,0.3479,0.2698,0.3721,0.3688,-0.0019,0.0013,0.0013,-0.0063,-0.01,-0.0052,-0.0054,good dynamic range,misfocused,0.2239,0.2286,0.2237,0.2222,0.2216,0.2191,0.2404,0.2258,0.2273,0.2224,0.2285,0.2315,0.2243,0.2458,v0,clip_vit_b32_image
48234,/mnt/d/Photos/Z8/180-600mm/2026/2026-03-01/DSC_1670.NEF,23263,3,Blue,pick,neutral,0.457,0.5294,0.5282,0.3434,0.2914,0.3812,0.4524,-0.0017,0.0012,0.0011,-0.0065,-0.0089,-0.0048,-0.0019,good dynamic range,out of focus,0.2191,0.2229,0.2204,0.2176,0.2155,0.213,0.2422,0.2209,0.2218,0.2192,0.2241,0.2244,0.2178,0.2441,v0,clip_vit_b32_image
48235,/mnt/d/Photos/Z8/180-600mm/2026/2026-03-01/DSC_1671.NEF,23264,3,Green,pick,neutral,0.3006,0.3327,0.5189,0.1863,0.3209,0.4458,0.2584,-0.0084,-0.007,0.0008,-0.0147,-0.0075,-0.0022,-0.0105,good dynamic range,out of focus,0.2171,0.2236,0.2185,0.2146,0.2169,0.2152,0.2512,0.2255,0.2306,0.2178,0.2294,0.2244,0.2174,0.2617,v0,clip_vit_b32_image
48236,/mnt/d/Photos/Z8/180-600mm/2026/2026-03-01/DSC_1672.NEF,23264,3,Green,pick,neutral,0.3829,0.4019,0.5375,0.2581,0.3206,0.4284,0.3231,-0.0048,-0.004,0.0015,-0.0106,-0.0075,-0.0029,-0.0074,good dynamic range,out of focus,0.2202,0.2264,0.2208,0.2173,0.2188,0.217,0.2488,0.2249,0.2304,0.2193,0.2278,0.2263,0.2199,0.2562,v0,clip_vit_b32_image
48237,/mnt/d/Photos/Z8/180-600mm/2026/2026-03-01/DSC_1673.NEF,23264,3,Green,pick,neutral,0.4114,0.3895,0.5563,0.2992,0.3317,0.4401,0.3096,-0.0036,-0.0045,0.0023,-0.0085,-0.007,-0.0024,-0.008,good dynamic range,out of focus,0.2226,0.2284,0.2224,0.22,0.2209,0.2196,0.2497,0.2262,0.2329,0.2202,0.2285,0.2279,0.222,0.2577,v0,clip_vit_b32_image
48238,/mnt/d/Photos/Z8/180-600mm/2026/2026-03-01/DSC_1674.NEF,23264,3,Green,neutral,neutral,0.3517,0.3767,0.4961,0.2006,0.3122,0.3504,0.3128,-0.0061,-0.005,-0.0002,-0.0138,-0.0079,-0.0062,-0.0079,good dynamic range,out of focus,0.2172,0.2215,0.2171,0.2125,0.2188,0.2124,0.2439,0.2233,0.2266,0.2173,0.2263,0.2267,0.2186,0.2518,v0,clip_vit_b32_image
48239,/mnt/d/Photos/Z8/180-600mm/2026/2026-03-01/DSC_1675.NEF,23263,3,Green,reject,neutral,0.3123,0.3728,0.5251,0.1681,0.3131,0.4136,0.2422,-0.0079,-0.0052,0.001,-0.016,-0.0079,-0.0035,-0.0114,good dynamic range,out of focus,0.2152,0.223,0.216,0.2122,0.2167,0.2141,0.2427,0.2231,0.2282,0.215,0.2282,0.2245,0.2176,0.2541,v0,clip_vit_b32_image
48240,/mnt/d/Photos/Z8/180-600mm/2026/2026-03-01/DSC_1676.NEF,23263,4,Blue,pick,picked,0.3549,0.4551,0.5726,0.1636,0.3492,0.4529,0.2612,-0.006,-0.0018,0.0029,-0.0163,-0.0062,-0.0019,-0.0104,good dynamic range,misfocused,0.2144,0.221,0.2141,0.2094,0.2166,0.2131,0.2461,0.2204,0.2228,0.2112,0.2257,0.2228,0.215,0.2565,v0,clip_vit_b32_image
48241,/mnt/d/Photos/Z8/180-600mm/2026/2026-03-01/DSC_1677.NEF,23263,4,Blue,pick,picked,0.5358,0.6145,0.6349,0.4084,0.2987,0.4133,0.3978,0.0014,0.0047,0.0055,-0.0037,-0.0085,-0.0035,-0.0041,good dynamic range,misfocused,0.219,0.2249,0.2199,0.2164,0.2156,0.215,0.2385,0.2175,0.2202,0.2144,0.2201,0.2241,0.2185,0.2427,v0,clip_vit_b32_image
48242,/mnt/d/Photos/Z8/180-600mm/2026/2026-03-01/DSC_1678.NEF,23263,4,Blue,pick,picked,0.3906,0.411,0.535,0.2435,0.3035,0.4186,0.2853,-0.0044,-0.0036,0.0014,-0.0113,-0.0083,-0.0033,-0.0092,good dynamic range,misfocused,0.221,0.2263,0.2219,0.2169,0.2221,0.2179,0.2424,0.2254,0.2299,0.2204,0.2282,0.2304,0.2211,0.2516,v0,clip_vit_b32_image
48243,/mnt/d/Photos/Z8/180-600mm/2026/2026-03-01/DSC_1679.NEF,23263,4,Blue,reject,picked,0.4207,0.4729,0.5778,0.3119,0.3384,0.4771,0.3201,-0.0032,-0.0011,0.0031,-0.0079,-0.0067,-0.0009,-0.0075,good dynamic range,out of focus,0.2209,0.2267,0.2207,0.2198,0.2228,0.2207,0.2445,0.224,0.2278,0.2175,0.2277,0.2295,0.2216,0.2521,v0,clip_vit_b32_image
48244,/mnt/d/Photos/Z8/180-600mm/2026/2026-03-01/DSC_1680.NEF,23263,4,Blue,reject,picked,0.4595,0.5107,0.6006,0.3503,0.3475,0.4976,0.3564,-0.0016,0.0004,0.0041,-0.0062,-0.0063,-0.0001,-0.0059,good dynamic range,out of focus,0.2216,0.2284,0.2212,0.2211,0.223,0.2217,0.247,0.2232,0.228,0.2171,0.2273,0.2293,0.2218,0.2529,v0,clip_vit_b32_image
48245,/mnt/d/Photos/Z8/180-600mm/2026/2026-03-01/DSC_1681.NEF,23263,4,Blue,pick,picked,0.4296,0.4482,0.5875,0.3511,0.3383,0.4673,0.3147,-0.0028,-0.0021,0.0035,-0.0061,-0.0067,-0.0013,-0.0078,good dynamic range,out of focus,0.2238,0.2296,0.224,0.2234,0.2246,0.2227,0.2483,0.2266,0.2317,0.2205,0.2295,0.2313,0.224,0.2561,v0,clip_vit_b32_image
48246,/mnt/d/Photos/Z8/180-600mm/2026/2026-03-01/DSC_1682.NEF,23263,4,Blue,neutral,picked,0.4076,0.4795,0.5753,0.2808,0.3572,0.4686,0.3096,-0.0037,-0.0008,0.003,-0.0094,-0.0059,-0.0013,-0.008,good dynamic range,out of focus,0.2213,0.2269,0.2207,0.2194,0.2229,0.2194,0.2514,0.225,0.2278,0.2176,0.2288,0.2288,0.2206,0.2594,v0,clip_vit_b32_image
48247,/mnt/d/Photos/Z8/180-600mm/2026/2026-03-01/DSC_1683.NEF,23263,4,Blue,pick,picked,0.5136,0.5492,0.635,0.4791,0.29,0.491,0.3156,0.0005,0.002,0.0055,-0.0008,-0.009,-0.0004,-0.0077,good dynamic range,misfocused,0.2262,0.2335,0.2256,0.2253,0.2236,0.2255,0.2417,0.2257,0.2315,0.22,0.2261,0.2326,0.2259,0.2495,v0,clip_vit_b32_image
48248,/mnt/d/Photos/Z8/180-600mm/2026/2026-03-01/DSC_1684.NEF,23263,4,Blue,pick,picked,0.5198,0.5649,0.6564,0.4731,0.2991,0.5035,0.3134,0.0008,0.0026,0.0065,-0.0011,-0.0085,0.0001,-0.0078,good dynamic range,out of focus,0.2262,0.234,0.2258,0.2248,0.2232,0.2251,0.2454,0.2254,0.2314,0.2194,0.2259,0.2317,0.225,0.2532,v0,clip_vit_b32_image
48249,/mnt/d/Photos/Z8/180-600mm/2026/2026-03-01/DSC_1685.NEF,23263,4,Blue,pick,picked,0.486,0.5502,0.631,0.3836,0.3266,0.5184,0.3198,-0.0006,0.002,0.0054,-0.0047,-0.0072,0.0007,-0.0075,good dynamic range,out of focus,0.2234,0.2316,0.2226,0.2212,0.2227,0.2235,0.2499,0.224,0.2295,0.2173,0.226,0.2299,0.2228,0.2575,v0,clip_vit_b32_image
48250,/mnt/d/Photos/Z8/180-600mm/2026/2026-03-01/DSC_1686.NEF,23263,4,Blue,reject,picked,0.4194,0.4582,0.5727,0.3062,0.3113,0.4284,0.2647,-0.0033,-0.0017,0.0029,-0.0082,-0.0079,-0.0029,-0.0102,good dynamic range,misfocused,0.2228,0.2288,0.2223,0.2196,0.2231,0.2214,0.2488,0.2261,0.2305,0.2194,0.2278,0.2311,0.2243,0.259,v0,clip_vit_b32_image
23464,/mnt/d/Photos/Z6ii/28-400mm/2025/2025-08-31/DSC_4711.NEF,,3,Green,reject,neutral,0.416,0.5507,0.6557,0.1723,0.4396,0.5042,0.5008,-0.0034,0.002,0.0064,-0.0157,-0.0024,0.0002,0.0,good dynamic range,out of focus,0.2089,0.2138,0.2048,0.2052,0.2096,0.209,0.2428,0.2123,0.2117,0.1984,0.2209,0.212,0.2088,0.2428,v0,clip_vit_b32_image
23455,/mnt/d/Photos/Z6ii/28-400mm/2025/2025-08-31/DSC_4689.NEF,17496,3,Green,pick,neutral,0.5047,0.4632,0.6951,0.3793,0.5555,0.6664,0.5361,0.0002,-0.0015,0.0082,-0.0049,0.0022,0.0069,0.0014,well focused,out of focus,0.2155,0.2204,0.206,0.2132,0.2172,0.215,0.2485,0.2153,0.2218,0.1978,0.2181,0.2149,0.2081,0.2471,v0,clip_vit_b32_image
23413,/mnt/d/Photos/Z6ii/28-400mm/2025/2025-08-31/DSC_4566.NEF,17490,3,Green,neutral,neutral,0.5695,0.5979,0.7829,0.3761,0.5289,0.6639,0.6381,0.0028,0.004,0.0128,-0.0051,0.0012,0.0068,0.0057,well focused,technically flawed,0.2163,0.2181,0.2104,0.2116,0.2156,0.2143,0.2399,0.2135,0.2141,0.1975,0.2167,0.2144,0.2074,0.2343,v0,clip_vit_b32_image
23414,/mnt/d/Photos/Z6ii/28-400mm/2025/2025-08-31/DSC_4567.NEF,,3,Green,neutral,neutral,0.4927,0.5775,0.7729,0.2445,0.5239,0.5437,0.5587,-0.0003,0.0031,0.0122,-0.0113,0.001,0.0018,0.0024,good dynamic range,noisy,0.2074,0.2103,0.2046,0.2013,0.2087,0.2055,0.2342,0.2077,0.2072,0.1924,0.2125,0.2077,0.2038,0.2318,v0,clip_vit_b32_image
23415,/mnt/d/Photos/Z6ii/28-400mm/2025/2025-08-31/DSC_4568.NEF,17490,3,Green,neutral,neutral,0.6285,0.7386,0.8135,0.3938,0.5919,0.6571,0.7119,0.0053,0.0104,0.0147,-0.0043,0.0037,0.0065,0.009,good dynamic range,technically flawed,0.212,0.2158,0.2062,0.2064,0.2131,0.2097,0.2385,0.2068,0.2054,0.1915,0.2107,0.2094,0.2032,0.2294,v0,clip_vit_b32_image
23441,/mnt/d/Photos/Z6ii/28-400mm/2025/2025-08-31/DSC_4604.NEF,17494,3,Green,pick,neutral,0.5887,0.7033,0.8361,0.3788,0.5296,0.6463,0.6672,0.0036,0.0086,0.0163,-0.0049,0.0012,0.006,0.007,well focused,out of focus,0.2138,0.2238,0.2113,0.2124,0.2146,0.2148,0.2512,0.2102,0.2151,0.195,0.2173,0.2134,0.2088,0.2443,v0,clip_vit_b32_image
23412,/mnt/d/Photos/Z6ii/28-400mm/2025/2025-08-31/DSC_4565.NEF,17489,3,Green,neutral,neutral,0.4872,0.4706,0.6453,0.3906,0.4958,0.5203,0.6042,-0.0005,-0.0012,0.006,-0.0044,-0.0002,0.0008,0.0042,a photo with strong subject separation,technically flawed,0.2152,0.215,0.2072,0.2108,0.2177,0.2126,0.2395,0.2157,0.2162,0.2012,0.2153,0.2179,0.2118,0.2353,v0,clip_vit_b32_image
23410,/mnt/d/Photos/Z6ii/28-400mm/2025/2025-08-31/DSC_4563.NEF,17488,3,Green,neutral,neutral,0.5541,0.6356,0.753,0.2972,0.4631,0.5263,0.5392,0.0022,0.0056,0.0111,-0.0086,-0.0015,0.0011,0.0016,detailed,technically flawed,0.217,0.221,0.2153,0.2121,0.2162,0.2153,0.2398,0.2148,0.2154,0.2042,0.2207,0.2176,0.2142,0.2383,v0,clip_vit_b32_image
23419,/mnt/d/Photos/Z6ii/28-400mm/2025/2025-08-31/DSC_4572.NEF,17491,2,Green,pick,rejected,0.3807,0.3508,0.6824,0.1821,0.4342,0.5386,0.4832,-0.0049,-0.0062,0.0076,-0.015,-0.0026,0.0015,-0.0007,well focused,misfocused,0.2108,0.2138,0.208,0.2058,0.2087,0.2086,0.2391,0.2156,0.22,0.2003,0.2208,0.2114,0.207,0.2398,v0,clip_vit_b32_image
23460,/mnt/d/Photos/Z6ii/28-400mm/2025/2025-08-31/DSC_4696.NEF,,3,Green,pick,neutral,0.4967,0.5215,0.7395,0.3027,0.498,0.671,0.5283,-0.0001,0.0009,0.0104,-0.0083,-0.0001,0.0071,0.0011,good dynamic range,out of focus,0.2147,0.222,0.2092,0.2151,0.2142,0.2177,0.2488,0.2148,0.2211,0.1988,0.2234,0.2143,0.2106,0.2476,v0,clip_vit_b32_image
23471,/mnt/d/Photos/Z6ii/28-400mm/2025/2025-08-31/DSC_4720.NEF,,3,Green,neutral,neutral,0.4599,0.4204,0.7115,0.3186,0.512,0.6864,0.5596,-0.0016,-0.0032,0.009,-0.0076,0.0005,0.0078,0.0024,good dynamic range,out of focus,0.2179,0.2205,0.2127,0.2157,0.2163,0.2192,0.2407,0.2195,0.2237,0.2037,0.2233,0.2159,0.2113,0.2383,v0,clip_vit_b32_image
23466,/mnt/d/Photos/Z6ii/28-400mm/2025/2025-08-31/DSC_4714.NEF,,3,Green,reject,neutral,0.4456,0.5286,0.6925,0.2382,0.5124,0.5892,0.5303,-0.0022,0.0011,0.0081,-0.0116,0.0005,0.0036,0.0012,good dynamic range,out of focus,0.216,0.2225,0.2117,0.2112,0.2187,0.2173,0.2494,0.2182,0.2213,0.2036,0.2228,0.2182,0.2137,0.2481,v0,clip_vit_b32_image
23468,/mnt/d/Photos/Z6ii/28-400mm/2025/2025-08-31/DSC_4717.NEF,,3,Green,neutral,neutral,0.4905,0.6393,0.7308,0.2889,0.5026,0.6214,0.6043,-0.0004,0.0057,0.01,-0.009,0.0001,0.005,0.0042,good dynamic range,out of focus,0.2098,0.2177,0.2052,0.208,0.2107,0.2105,0.2473,0.2102,0.212,0.1952,0.217,0.2106,0.2055,0.2431,v0,clip_vit_b32_image
23463,/mnt/d/Photos/Z6ii/28-400mm/2025/2025-08-31/DSC_4707.NEF,,3,Green,neutral,neutral,0.5121,0.6513,0.688,0.283,0.4863,0.6312,0.6096,0.0005,0.0062,0.0079,-0.0093,-0.0005,0.0054,0.0045,good dynamic range,out of focus,0.214,0.2203,0.2096,0.2112,0.2138,0.2161,0.2495,0.2135,0.214,0.2017,0.2205,0.2144,0.2107,0.2451,v0,clip_vit_b32_image
23461,/mnt/d/Photos/Z6ii/28-400mm/2025/2025-08-31/DSC_4697.NEF,,3,Green,neutral,neutral,0.496,0.5333,0.6912,0.2673,0.5566,0.6806,0.6781,-0.0002,0.0013,0.0081,-0.0101,0.0023,0.0076,0.0074,good dynamic range,out of focus,0.2128,0.2196,0.2052,0.2097,0.2147,0.2139,0.2486,0.213,0.2182,0.1971,0.2198,0.2124,0.2063,0.2412,v0,clip_vit_b32_image
23457,/mnt/d/Photos/Z6ii/28-400mm/2025/2025-08-31/DSC_4691.NEF,17496,3,Green,pick,neutral,0.5615,0.5342,0.7599,0.4193,0.5951,0.7249,0.5863,0.0025,0.0014,0.0115,-0.0033,0.0039,0.0097,0.0035,good dynamic range,out of focus,0.215,0.2199,0.2073,0.214,0.2172,0.2173,0.2463,0.2126,0.2185,0.1958,0.2173,0.2133,0.2076,0.2429,v0,clip_vit_b32_image
23459,/mnt/d/Photos/Z6ii/28-400mm/2025/2025-08-31/DSC_4694.NEF,,3,Green,neutral,neutral,0.565,0.5935,0.7269,0.4216,0.5462,0.7133,0.6131,0.0026,0.0038,0.0098,-0.0032,0.0019,0.0091,0.0046,good dynamic range,out of focus,0.2149,0.2219,0.205,0.215,0.215,0.2166,0.249,0.2123,0.2181,0.1952,0.2182,0.2131,0.2075,0.2444,v0,clip_vit_b32_image
23453,/mnt/d/Photos/Z6ii/28-400mm/2025/2025-08-31/DSC_4684.NEF,,3,Green,pick,neutral,0.5374,0.5905,0.7765,0.3046,0.4938,0.5986,0.5713,0.0015,0.0037,0.0125,-0.0083,-0.0002,0.004,0.0029,good dynamic range,noisy,0.2115,0.2177,0.2062,0.2109,0.2134,0.2127,0.2463,0.21,0.214,0.1938,0.2192,0.2137,0.2087,0.2434,v0,clip_vit_b32_image
23448,/mnt/d/Photos/Z6ii/28-400mm/2025/2025-08-31/DSC_4629.NEF,,3,Green,reject,neutral,0.5306,0.6509,0.6904,0.3142,0.4414,0.5737,0.5415,0.0012,0.0062,0.008,-0.0078,-0.0024,0.003,0.0017,good dynamic range,misfocused,0.2141,0.2179,0.2096,0.2101,0.212,0.2118,0.2342,0.2128,0.2117,0.2016,0.2179,0.2144,0.2088,0.2325,v0,clip_vit_b32_image
23445,/mnt/d/Photos/Z6ii/28-400mm/2025/2025-08-31/DSC_4612.NEF,,3,Green,pick,neutral,0.5267,0.6822,0.6821,0.3972,0.5532,0.5624,0.6121,0.0011,0.0076,0.0076,-0.0042,0.0021,0.0025,0.0046,good dynamic range,noisy,0.221,0.2271,0.2146,0.2214,0.2233,0.22,0.2555,0.22,0.2194,0.207,0.2255,0.2212,0.2175,0.2509,v0,clip_vit_b32_image
23442,/mnt/d/Photos/Z6ii/28-400mm/2025/2025-08-31/DSC_4607.NEF,,3,Green,neutral,neutral,0.6085,0.8016,0.7708,0.3563,0.6162,0.6714,0.7589,0.0044,0.014,0.0121,-0.0059,0.0047,0.0071,0.0115,well focused,noisy,0.2122,0.2209,0.2048,0.2089,0.2154,0.2117,0.2457,0.2077,0.207,0.1927,0.2148,0.2106,0.2046,0.2342,v0,clip_vit_b32_image
23443,/mnt/d/Photos/Z6ii/28-400mm/2025/2025-08-31/DSC_4609.NEF,,3,Green,pick,neutral,0.6673,0.747,0.7917,0.3949,0.6399,0.703,0.7577,0.007,0.0108,0.0134,-0.0043,0.0058,0.0086,0.0114,good dynamic range,noisy,0.2177,0.2225,0.2103,0.2132,0.2195,0.2156,0.246,0.2107,0.2116,0.197,0.2175,0.2138,0.2069,0.2346,v0,clip_vit_b32_image
23435,/mnt/d/Photos/Z6ii/28-400mm/2025/2025-08-31/DSC_4596.NEF,17489,3,Green,neutral,neutral,0.5755,0.6681,0.8248,0.3327,0.5282,0.6211,0.7241,0.003,0.007,0.0155,-0.007,0.0011,0.0049,0.0096,good dynamic range,noisy,0.2137,0.2203,0.211,0.2114,0.2137,0.2134,0.2425,0.2107,0.2133,0.1955,0.2184,0.2126,0.2084,0.2328,v0,clip_vit_b32_image
23438,/mnt/d/Photos/Z6ii/28-400mm/2025/2025-08-31/DSC_4600.NEF,,2,Yellow,reject,rejected,0.5277,0.5881,0.7719,0.3222,0.5477,0.6277,0.7212,0.0011,0.0036,0.0122,-0.0074,0.0019,0.0052,0.0095,well focused,out of focus,0.2094,0.2147,0.2044,0.2051,0.2092,0.2071,0.2423,0.2083,0.2112,0.1922,0.2126,0.2073,0.2019,0.2328,v0,clip_vit_b32_image
23430,/mnt/d/Photos/Z6ii/28-400mm/2025/2025-08-31/DSC_4591.NEF,,3,Green,pick,neutral,0.6128,0.7195,0.817,0.3572,0.5656,0.6515,0.7232,0.0046,0.0094,0.015,-0.0059,0.0026,0.0063,0.0096,good dynamic range,technically flawed,0.2183,0.2241,0.2127,0.213,0.2197,0.2161,0.2464,0.2138,0.2147,0.1977,0.2188,0.2171,0.2098,0.2367,v0,clip_vit_b32_image
23432,/mnt/d/Photos/Z6ii/28-400mm/2025/2025-08-31/DSC_4593.NEF,,3,Green,pick,neutral,0.5356,0.6682,0.7767,0.2672,0.4993,0.6043,0.6656,0.0014,0.007,0.0125,-0.0101,-0.0,0.0042,0.0069,good dynamic range,noisy,0.2119,0.2186,0.2082,0.2079,0.2114,0.2113,0.2391,0.2104,0.2116,0.1958,0.218,0.2114,0.2071,0.2323,v0,clip_vit_b32_image
23425,/mnt/d/Photos/Z6ii/28-400mm/2025/2025-08-31/DSC_4584.NEF,,3,Green,reject,neutral,0.4451,0.5996,0.6812,0.1688,0.4559,0.4713,0.467,-0.0022,0.004,0.0076,-0.0159,-0.0018,-0.0012,-0.0013,good dynamic range,noisy,0.2131,0.2205,0.2091,0.2086,0.2135,0.2114,0.2452,0.2153,0.2165,0.2015,0.2246,0.2152,0.2125,0.2465,v0,clip_vit_b32_image
23427,/mnt/d/Photos/Z6ii/28-400mm/2025/2025-08-31/DSC_4586.NEF,,3,Green,reject,neutral,0.4365,0.5759,0.739,0.165,0.4999,0.5272,0.5554,-0.0026,0.0031,0.0104,-0.0162,-0.0,0.0011,0.0022,well focused,noisy,0.2057,0.2127,0.2022,0.2022,0.2076,0.2048,0.2367,0.2082,0.2097,0.1918,0.2184,0.2076,0.2037,0.2344,v0,clip_vit_b32_image
23420,/mnt/d/Photos/Z6ii/28-400mm/2025/2025-08-31/DSC_4575.NEF,,2,Green,reject,rejected,0.3824,0.3714,0.6964,0.1812,0.3673,0.5016,0.465,-0.0048,-0.0053,0.0083,-0.0151,-0.0054,0.0001,-0.0014,good dynamic range,misfocused,0.2124,0.2139,0.2111,0.2078,0.2086,0.2095,0.235,0.2172,0.2191,0.2028,0.2229,0.214,0.2095,0.2364,v0,clip_vit_b32_image
23422,/mnt/d/Photos/Z6ii/28-400mm/2025/2025-08-31/DSC_4579.NEF,,2,Green,reject,rejected,0.4342,0.5293,0.7117,0.146,0.432,0.4905,0.5142,-0.0026,0.0012,0.009,-0.0177,-0.0027,-0.0004,0.0006,good dynamic range,noisy,0.2068,0.212,0.2038,0.2011,0.2058,0.2059,0.2368,0.2094,0.2108,0.1948,0.2188,0.2086,0.2063,0.2363,v0,clip_vit_b32_image
23418,/mnt/d/Photos/Z6ii/28-400mm/2025/2025-08-31/DSC_4571.NEF,17488,3,Green,neutral,neutral,0.5546,0.6597,0.7345,0.4024,0.4897,0.5168,0.6885,0.0022,0.0066,0.0102,-0.004,-0.0004,0.0007,0.0079,good dynamic range,technically flawed,0.2198,0.2198,0.2152,0.2135,0.2201,0.2168,0.2329,0.2176,0.2132,0.205,0.2175,0.2205,0.2162,0.225,v0,clip_vit_b32_image
23417,/mnt/d/Photos/Z6ii/28-400mm/2025/2025-08-31/DSC_4570.NEF,,3,Green,neutral,neutral,0.5117,0.5219,0.7401,0.3028,0.4541,0.5194,0.6034,0.0005,0.0009,0.0105,-0.0083,-0.0018,0.0008,0.0042,detailed,technically flawed,0.2135,0.2134,0.2111,0.2074,0.2106,0.2095,0.2356,0.213,0.2126,0.2006,0.2157,0.2125,0.2087,0.2314,v0,clip_vit_b32_image
23469,/mnt/d/Photos/Z6ii/28-400mm/2025/2025-08-31/DSC_4718.NEF,17498,3,Green,pick,neutral,0.5014,0.6102,0.722,0.2918,0.5378,0.6709,0.6153,0.0001,0.0045,0.0095,-0.0089,0.0015,0.0071,0.0047,good dynamic range,out of focus,0.2159,0.2226,0.2104,0.2145,0.2185,0.218,0.2489,0.2158,0.2182,0.2008,0.2233,0.217,0.2109,0.2442,v0,clip_vit_b32_image
23473,/mnt/d/Photos/Z6ii/28-400mm/2025/2025-08-31/DSC_4722.NEF,17498,3,Green,pick,neutral,0.5265,0.479,0.6551,0.3785,0.5656,0.7306,0.5858,0.0011,-0.0008,0.0064,-0.005,0.0026,0.01,0.0035,good dynamic range,out of focus,0.2167,0.2193,0.2072,0.217,0.2153,0.2185,0.249,0.2156,0.2202,0.2008,0.222,0.2127,0.2085,0.2456,v0,clip_vit_b32_image
23458,/mnt/d/Photos/Z6ii/28-400mm/2025/2025-08-31/DSC_4692.NEF,17497,3,Green,pick,neutral,0.5164,0.4758,0.7161,0.3875,0.558,0.6824,0.526,0.0007,-0.001,0.0093,-0.0046,0.0023,0.0076,0.001,good dynamic range,out of focus,0.217,0.2218,0.2074,0.2158,0.2183,0.2181,0.2463,0.2163,0.2228,0.1982,0.2204,0.216,0.2104,0.2453,v0,clip_vit_b32_image
23456,/mnt/d/Photos/Z6ii/28-400mm/2025/2025-08-31/DSC_4690.NEF,17497,3,Green,pick,neutral,0.5536,0.5555,0.7127,0.4098,0.5979,0.6216,0.6265,0.0022,0.0022,0.0091,-0.0036,0.004,0.005,0.0052,good dynamic range,misfocused,0.2157,0.2195,0.2066,0.2121,0.2184,0.2137,0.2479,0.2135,0.2173,0.1975,0.2158,0.2144,0.2088,0.2427,v0,clip_vit_b32_image
23446,/mnt/d/Photos/Z6ii/28-400mm/2025/2025-08-31/DSC_4625.NEF,17495,3,Green,pick,neutral,0.5182,0.5011,0.6859,0.3857,0.5296,0.6563,0.6039,0.0007,0.0,0.0078,-0.0047,0.0012,0.0065,0.0042,good dynamic range,misfocused,0.2182,0.2212,0.2104,0.2159,0.2169,0.2165,0.245,0.2175,0.2212,0.2026,0.2205,0.2158,0.2101,0.2408,v0,clip_vit_b32_image
23454,/mnt/d/Photos/Z6ii/28-400mm/2025/2025-08-31/DSC_4688.NEF,17496,3,Green,pick,neutral,0.5254,0.5272,0.7717,0.3589,0.5442,0.6226,0.5242,0.001,0.0011,0.0122,-0.0058,0.0018,0.005,0.001,good dynamic range,out of focus,0.2122,0.2187,0.2064,0.2107,0.2137,0.2116,0.2477,0.2112,0.2176,0.1942,0.2165,0.2119,0.2066,0.2468,v0,clip_vit_b32_image
23447,/mnt/d/Photos/Z6ii/28-400mm/2025/2025-08-31/DSC_4627.NEF,17495,3,Green,pick,neutral,0.5412,0.5586,0.7019,0.3477,0.4717,0.57,0.5497,0.0017,0.0024,0.0086,-0.0063,-0.0011,0.0028,0.002,good dynamic range,misfocused,0.2162,0.2163,0.2094,0.2119,0.2141,0.2133,0.2301,0.2146,0.2139,0.2008,0.2182,0.2152,0.2105,0.2281,v0,clip_vit_b32_image
23439,/mnt/d/Photos/Z6ii/28-400mm/2025/2025-08-31/DSC_4601.NEF,17493,2,Yellow,neutral,rejected,0.5128,0.5755,0.7641,0.399,0.4818,0.5918,0.5973,0.0005,0.003,0.0118,-0.0041,-0.0007,0.0037,0.0039,well focused,out of focus,0.2196,0.2242,0.2164,0.2149,0.2174,0.2165,0.2473,0.2191,0.2211,0.2046,0.219,0.2181,0.2128,0.2433,v0,clip_vit_b32_image
23440,/mnt/d/Photos/Z6ii/28-400mm/2025/2025-08-31/DSC_4602.NEF,17494,2,Yellow,pick,rejected,0.5467,0.6983,0.7885,0.3413,0.5206,0.6466,0.6932,0.0019,0.0084,0.0132,-0.0066,0.0008,0.006,0.0082,good dynamic range,out of focus,0.2115,0.2211,0.2066,0.2101,0.2113,0.2127,0.2448,0.2096,0.2127,0.1935,0.2166,0.2104,0.2067,0.2367,v0,clip_vit_b32_image
23436,/mnt/d/Photos/Z6ii/28-400mm/2025/2025-08-31/DSC_4598.NEF,17492,3,Green,reject,neutral,0.5652,0.6419,0.8553,0.3602,0.535,0.5924,0.5947,0.0026,0.0058,0.0178,-0.0057,0.0014,0.0037,0.0038,well focused,out of focus,0.2192,0.2244,0.2161,0.2152,0.222,0.2184,0.2433,0.2166,0.2185,0.1983,0.2209,0.2206,0.2147,0.2394,v0,clip_vit_b32_image
23421,/mnt/d/Photos/Z6ii/28-400mm/2025/2025-08-31/DSC_4576.NEF,17491,2,Green,pick,rejected,0.4238,0.4187,0.6555,0.1342,0.3839,0.4703,0.538,-0.0031,-0.0033,0.0064,-0.0186,-0.0047,-0.0012,0.0015,good dynamic range,misfocused,0.2102,0.211,0.2086,0.2018,0.2076,0.2072,0.232,0.2133,0.2143,0.2022,0.2204,0.2124,0.2083,0.2304,v0,clip_vit_b32_image
23434,/mnt/d/Photos/Z6ii/28-400mm/2025/2025-08-31/DSC_4595.NEF,17492,3,Green,pick,neutral,0.5817,0.6268,0.7925,0.3249,0.4977,0.6406,0.6951,0.0033,0.0052,0.0134,-0.0073,-0.0001,0.0058,0.0082,detailed,technically flawed,0.2198,0.2222,0.2182,0.2147,0.2183,0.2188,0.2387,0.2165,0.2171,0.2048,0.222,0.2184,0.2131,0.2305,v0,clip_vit_b32_image
23433,/mnt/d/Photos/Z6ii/28-400mm/2025/2025-08-31/DSC_4594.NEF,17492,3,Green,pick,neutral,0.5755,0.5948,0.7856,0.2579,0.4949,0.6101,0.6756,0.003,0.0038,0.013,-0.0106,-0.0002,0.0045,0.0073,detailed,noisy,0.2205,0.2232,0.2202,0.2151,0.2176,0.2186,0.2372,0.2174,0.2194,0.2072,0.2257,0.2178,0.2141,0.2299,v0,clip_vit_b32_image
23426,/mnt/d/Photos/Z6ii/28-400mm/2025/2025-08-31/DSC_4585.NEF,,3,Green,reject,neutral,0.5081,0.686,0.7155,0.1827,0.5068,0.5675,0.6301,0.0003,0.0078,0.0092,-0.015,0.0003,0.0027,0.0053,good dynamic range,noisy,0.2109,0.2181,0.2071,0.2058,0.2128,0.2099,0.2445,0.2105,0.2102,0.1979,0.2208,0.2126,0.2072,0.2391,v0,clip_vit_b32_image
23465,/mnt/d/Photos/Z6ii/28-400mm/2025/2025-08-31/DSC_4713.NEF,,3,Green,reject,neutral,0.5164,0.6928,0.7031,0.2478,0.4671,0.5792,0.5874,0.0007,0.0081,0.0086,-0.0111,-0.0013,0.0032,0.0035,good dynamic range,out of focus,0.2116,0.2194,0.2082,0.2089,0.2119,0.2126,0.2466,0.2109,0.2112,0.1996,0.22,0.2132,0.2094,0.243,v0,clip_vit_b32_image
23423,/mnt/d/Photos/Z6ii/28-400mm/2025/2025-08-31/DSC_4582.NEF,,3,Green,neutral,neutral,0.4478,0.5708,0.6937,0.1884,0.435,0.4889,0.5396,-0.0021,0.0028,0.0082,-0.0146,-0.0026,-0.0004,0.0016,good dynamic range,misfocused,0.2146,0.2214,0.213,0.2102,0.2148,0.2143,0.2457,0.2166,0.2186,0.2048,0.2248,0.2175,0.2147,0.2441,v0,clip_vit_b32_image
23424,/mnt/d/Photos/Z6ii/28-400mm/2025/2025-08-31/DSC_4583.NEF,,3,Green,neutral,neutral,0.421,0.5536,0.6876,0.1747,0.457,0.5177,0.5379,-0.0032,0.0022,0.0079,-0.0155,-0.0017,0.0007,0.0015,well focused,noisy,0.2106,0.2185,0.2091,0.2076,0.2114,0.2099,0.2451,0.2138,0.2164,0.2012,0.2231,0.2131,0.2092,0.2435,v0,clip_vit_b32_image
23449,/mnt/d/Photos/Z6ii/28-400mm/2025/2025-08-31/DSC_4630.NEF,,3,Green,neutral,neutral,0.5818,0.6277,0.7332,0.4961,0.539,0.7074,0.6043,0.0033,0.0052,0.0101,-0.0002,0.0016,0.0088,0.0042,good dynamic range,misfocused,0.2211,0.2257,0.215,0.2213,0.2176,0.2205,0.2481,0.2178,0.2205,0.2048,0.2215,0.216,0.2117,0.2439,v0,clip_vit_b32_image
23470,/mnt/d/Photos/Z6ii/28-400mm/2025/2025-08-31/DSC_4719.NEF,,3,Green,neutral,neutral,0.4572,0.4846,0.7384,0.2992,0.4567,0.6594,0.5436,-0.0017,-0.0006,0.0104,-0.0085,-0.0017,0.0066,0.0017,good dynamic range,out of focus,0.2117,0.2169,0.2064,0.2112,0.2097,0.2136,0.2393,0.2134,0.2175,0.1961,0.2197,0.2115,0.207,0.2376,v0,clip_vit_b32_image
23467,/mnt/d/Photos/Z6ii/28-400mm/2025/2025-08-31/DSC_4716.NEF,,3,Green,neutral,neutral,0.487,0.5804,0.7112,0.3135,0.4973,0.5971,0.5885,-0.0005,0.0032,0.009,-0.0078,-0.0001,0.0039,0.0036,good dynamic range,out of focus,0.2117,0.2187,0.2084,0.2103,0.2121,0.2118,0.2476,0.2122,0.2154,0.1994,0.2181,0.2122,0.2079,0.244,v0,clip_vit_b32_image
23462,/mnt/d/Photos/Z6ii/28-400mm/2025/2025-08-31/DSC_4699.NEF,,3,Green,neutral,neutral,0.4688,0.6224,0.6976,0.2397,0.4626,0.6427,0.4948,-0.0012,0.005,0.0084,-0.0115,-0.0015,0.0059,-0.0002,good dynamic range,out of focus,0.2142,0.2208,0.2108,0.2106,0.2159,0.2179,0.2498,0.2154,0.2158,0.2025,0.2221,0.2174,0.212,0.2501,v0,clip_vit_b32_image
23472,/mnt/d/Photos/Z6ii/28-400mm/2025/2025-08-31/DSC_4721.NEF,,3,Green,neutral,neutral,0.5237,0.5966,0.6833,0.3771,0.5295,0.7386,0.6565,0.0009,0.0039,0.0077,-0.005,0.0012,0.0104,0.0065,good dynamic range,out of focus,0.2129,0.2185,0.205,0.2112,0.2117,0.2156,0.243,0.2119,0.2146,0.1973,0.2163,0.2105,0.2052,0.2365,v0,clip_vit_b32_image
23429,/mnt/d/Photos/Z6ii/28-400mm/2025/2025-08-31/DSC_4588.NEF,,3,Green,pick,neutral,0.6251,0.6491,0.7919,0.4364,0.6036,0.6588,0.7221,0.0051,0.0062,0.0134,-0.0026,0.0042,0.0066,0.0095,detailed,technically flawed,0.2208,0.2225,0.2155,0.2153,0.2235,0.2189,0.2442,0.2156,0.2163,0.2021,0.2178,0.2193,0.2124,0.2347,v0,clip_vit_b32_image
23416,/mnt/d/Photos/Z6ii/28-400mm/2025/2025-08-31/DSC_4569.NEF,,3,Green,neutral,neutral,0.5553,0.6182,0.7131,0.3304,0.4281,0.4322,0.5704,0.0022,0.0048,0.0091,-0.0071,-0.0029,-0.0027,0.0028,detailed,technically flawed,0.2158,0.2151,0.2166,0.2097,0.2133,0.2125,0.2285,0.2136,0.2103,0.2075,0.2168,0.2162,0.2153,0.2256,v0,clip_vit_b32_image
23411,/mnt/d/Photos/Z6ii/28-400mm/2025/2025-08-31/DSC_4564.NEF,,3,Green,pick,neutral,0.5557,0.5511,0.7506,0.2569,0.5043,0.6654,0.6372,0.0022,0.0021,0.011,-0.0106,0.0002,0.0069,0.0056,detailed,technically flawed,0.2143,0.2187,0.2118,0.2104,0.2132,0.2149,0.2407,0.2121,0.2167,0.2008,0.2211,0.213,0.208,0.235,v0,clip_vit_b32_image
23428,/mnt/d/Photos/Z6ii/28-400mm/2025/2025-08-31/DSC_4587.NEF,,3,Green,pick,neutral,0.5465,0.6665,0.7933,0.2766,0.5996,0.5993,0.6972,0.0019,0.0069,0.0134,-0.0096,0.004,0.004,0.0083,well focused,noisy,0.2089,0.2146,0.2028,0.2044,0.2114,0.2061,0.2426,0.207,0.2076,0.1894,0.214,0.2074,0.2021,0.2342,v0,clip_vit_b32_image
23444,/mnt/d/Photos/Z6ii/28-400mm/2025/2025-08-31/DSC_4610.NEF,,3,Green,pick,neutral,0.5884,0.7198,0.83,0.3868,0.5654,0.6902,0.6881,0.0036,0.0094,0.0159,-0.0046,0.0026,0.008,0.0079,good dynamic range,noisy,0.2135,0.2219,0.2072,0.2121,0.2161,0.2155,0.2463,0.2099,0.2124,0.1914,0.2167,0.2134,0.2075,0.2384,v0,clip_vit_b32_image
23431,/mnt/d/Photos/Z6ii/28-400mm/2025/2025-08-31/DSC_4592.NEF,17492,3,Green,pick,neutral,0.5497,0.6605,0.7793,0.3241,0.5056,0.6222,0.6871,0.002,0.0067,0.0126,-0.0073,0.0002,0.005,0.0079,well focused,noisy,0.2113,0.2165,0.2053,0.2081,0.2121,0.2103,0.2448,0.2093,0.2099,0.1927,0.2155,0.2119,0.2053,0.2369,v0,clip_vit_b32_image
23505,/mnt/d/Photos/Z6ii/28-400mm/2025/2025-08-31/DSC_4797.NEF,,3,Green,neutral,neutral,0.4803,0.5215,0.7416,0.3561,0.4361,0.5583,0.4278,-0.0008,0.0009,0.0105,-0.0059,-0.0026,0.0023,-0.0029,good dynamic range,out of focus,0.2197,0.223,0.2169,0.2181,0.2198,0.2185,0.2496,0.2205,0.2221,0.2064,0.224,0.2224,0.2161,0.2525,v0,clip_vit_b32_image
23486,/mnt/d/Photos/Z6ii/28-400mm/2025/2025-08-31/DSC_4769.NEF,17501,3,Green,pick,neutral,0.5682,0.703,0.8118,0.4629,0.5592,0.6545,0.5918,0.0027,0.0086,0.0146,-0.0015,0.0024,0.0064,0.0037,good dynamic range,out of focus,0.2166,0.2241,0.2124,0.2152,0.2203,0.218,0.2495,0.2139,0.2155,0.1978,0.2167,0.2179,0.2116,0.2458,v0,clip_vit_b32_image
23546,/mnt/d/Photos/Z6ii/28-400mm/2025/2025-08-31/DSC_4901.NEF,17515,3,Green,reject,neutral,0.5143,0.6147,0.7314,0.1982,0.5572,0.6815,0.6875,0.0006,0.0047,0.01,-0.014,0.0023,0.0076,0.0079,good dynamic range,noisy,0.2122,0.2219,0.2102,0.2107,0.2132,0.2151,0.2532,0.2116,0.2172,0.2002,0.2247,0.2109,0.2074,0.2453,v0,clip_vit_b32_image
23495,/mnt/d/Photos/Z6ii/28-400mm/2025/2025-08-31/DSC_4784.NEF,17504,3,Green,pick,neutral,0.3386,0.2776,0.6975,0.2632,0.4012,0.4977,0.3139,-0.0067,-0.0096,0.0084,-0.0103,-0.004,-0.0001,-0.0078,good dynamic range,out of focus,0.2173,0.2213,0.2135,0.2155,0.2204,0.2168,0.2471,0.224,0.2309,0.2051,0.2258,0.2244,0.2169,0.2549,v0,clip_vit_b32_image
23510,/mnt/d/Photos/Z6ii/28-400mm/2025/2025-08-31/DSC_4814.NEF,17505,3,Green,pick,neutral,0.5511,0.6177,0.7988,0.3371,0.4682,0.6297,0.489,0.0021,0.0048,0.0138,-0.0068,-0.0013,0.0053,-0.0004,good dynamic range,misfocused,0.2115,0.2166,0.2068,0.2089,0.2136,0.213,0.2419,0.2095,0.2118,0.1931,0.2156,0.2149,0.2077,0.2424,v0,clip_vit_b32_image
23507,/mnt/d/Photos/Z6ii/28-400mm/2025/2025-08-31/DSC_4808.NEF,17505,3,Green,pick,neutral,0.452,0.5062,0.784,0.2469,0.3948,0.5759,0.404,-0.0019,0.0002,0.0129,-0.0112,-0.0043,0.0031,-0.0039,good dynamic range,out of focus,0.2067,0.2135,0.2047,0.2061,0.2079,0.2094,0.2438,0.2086,0.2132,0.1918,0.2172,0.2121,0.2063,0.2476,v0,clip_vit_b32_image
23521,/mnt/d/Photos/Z6ii/28-400mm/2025/2025-08-31/DSC_4833.NEF,17509,3,Green,pick,neutral,0.5807,0.7184,0.7687,0.3883,0.5597,0.6749,0.674,0.0033,0.0094,0.012,-0.0045,0.0024,0.0073,0.0073,well focused,noisy,0.2066,0.2165,0.2024,0.2073,0.2095,0.2096,0.2477,0.2034,0.2072,0.1904,0.2118,0.2071,0.2023,0.2404,v0,clip_vit_b32_image
23517,/mnt/d/Photos/Z6ii/28-400mm/2025/2025-08-31/DSC_4828.NEF,17508,3,Green,pick,neutral,0.5572,0.6788,0.8176,0.3321,0.5314,0.6198,0.5868,0.0023,0.0075,0.015,-0.007,0.0013,0.0049,0.0035,good dynamic range,out of focus,0.2088,0.2165,0.2048,0.2067,0.2134,0.2107,0.2417,0.2065,0.209,0.1898,0.2137,0.2122,0.2058,0.2382,v0,clip_vit_b32_image
23524,/mnt/d/Photos/Z6ii/28-400mm/2025/2025-08-31/DSC_4841.NEF,17510,3,Green,pick,neutral,0.6179,0.732,0.8393,0.4387,0.5726,0.7166,0.7766,0.0048,0.01,0.0165,-0.0025,0.0029,0.0093,0.0125,well focused,noisy,0.2092,0.22,0.2085,0.2104,0.2111,0.2108,0.2543,0.2044,0.2099,0.192,0.2128,0.2082,0.2015,0.2418,v0,clip_vit_b32_image
23533,/mnt/d/Photos/Z6ii/28-400mm/2025/2025-08-31/DSC_4864.NEF,17514,3,Green,pick,neutral,0.5283,0.5437,0.7518,0.357,0.5953,0.6515,0.6475,0.0011,0.0018,0.0111,-0.0059,0.0039,0.0063,0.0061,good dynamic range,misfocused,0.217,0.223,0.2115,0.215,0.2197,0.217,0.2497,0.2159,0.2213,0.2004,0.2209,0.2159,0.2108,0.2436,v0,clip_vit_b32_image
23526,/mnt/d/Photos/Z6ii/28-400mm/2025/2025-08-31/DSC_4849.NEF,17512,3,Green,reject,neutral,0.5334,0.679,0.7524,0.318,0.5396,0.6848,0.7595,0.0013,0.0075,0.0111,-0.0076,0.0016,0.0078,0.0115,good dynamic range,noisy,0.2081,0.2186,0.2073,0.2067,0.2081,0.2093,0.2496,0.2068,0.2111,0.1962,0.2143,0.2065,0.2016,0.2381,v0,clip_vit_b32_image
23485,/mnt/d/Photos/Z6ii/28-400mm/2025/2025-08-31/DSC_4767.NEF,17500,3,Green,pick,neutral,0.4227,0.3968,0.7906,0.2855,0.3794,0.6047,0.3735,-0.0031,-0.0042,0.0133,-0.0092,-0.0049,0.0042,-0.0052,good dynamic range,out of focus,0.2113,0.2178,0.2127,0.2107,0.2124,0.2134,0.2425,0.2144,0.222,0.1995,0.2198,0.2174,0.2091,0.2477,v0,clip_vit_b32_image
23529,/mnt/d/Photos/Z6ii/28-400mm/2025/2025-08-31/DSC_4852.NEF,17512,3,Green,pick,neutral,0.4592,0.6117,0.7615,0.1667,0.4437,0.6134,0.5984,-0.0016,0.0045,0.0116,-0.0161,-0.0023,0.0046,0.004,good dynamic range,out of focus,0.2063,0.2173,0.2083,0.2058,0.2057,0.2094,0.2462,0.2079,0.2128,0.1967,0.2219,0.2079,0.2048,0.2422,v0,clip_vit_b32_image
23527,/mnt/d/Photos/Z6ii/28-400mm/2025/2025-08-31/DSC_4850.NEF,17512,3,Green,pick,neutral,0.504,0.6783,0.7384,0.3044,0.5378,0.5985,0.6463,0.0002,0.0075,0.0104,-0.0083,0.0015,0.004,0.006,good dynamic range,noisy,0.2117,0.2218,0.2107,0.2115,0.214,0.2117,0.2511,0.2115,0.2144,0.2003,0.2197,0.2125,0.2077,0.245,v0,clip_vit_b32_image
23531,/mnt/d/Photos/Z6ii/28-400mm/2025/2025-08-31/DSC_4858.NEF,17513,3,Green,pick,neutral,0.4565,0.5613,0.6534,0.1935,0.511,0.6026,0.6243,-0.0017,0.0025,0.0063,-0.0143,0.0004,0.0042,0.0051,good dynamic range,out of focus,0.2194,0.2281,0.2163,0.2188,0.2209,0.2202,0.257,0.2211,0.2256,0.21,0.2331,0.2205,0.216,0.2519,v0,clip_vit_b32_image
23537,/mnt/d/Photos/Z6ii/28-400mm/2025/2025-08-31/DSC_4877.NEF,17516,3,Green,pick,neutral,0.5501,0.7152,0.7661,0.2864,0.5587,0.6748,0.7325,0.002,0.0092,0.0119,-0.0091,0.0024,0.0073,0.0101,good dynamic range,noisy,0.2135,0.2256,0.2114,0.2155,0.2139,0.2159,0.2531,0.2115,0.2164,0.1995,0.2246,0.2116,0.2086,0.243,v0,clip_vit_b32_image
23497,/mnt/d/Photos/Z6ii/28-400mm/2025/2025-08-31/DSC_4786.NEF,,2,Yellow,reject,rejected,0.3778,0.3108,0.7684,0.2609,0.3973,0.5971,0.2929,-0.005,-0.008,0.012,-0.0104,-0.0042,0.0039,-0.0088,good dynamic range,out of focus,0.2098,0.214,0.2091,0.2077,0.2133,0.2131,0.2429,0.2148,0.222,0.1971,0.2181,0.2174,0.2092,0.2517,v0,clip_vit_b32_image
23502,/mnt/d/Photos/Z6ii/28-400mm/2025/2025-08-31/DSC_4794.NEF,,3,Green,neutral,neutral,0.4412,0.4555,0.7879,0.2247,0.3899,0.6131,0.3438,-0.0024,-0.0018,0.0131,-0.0124,-0.0045,0.0046,-0.0065,good dynamic range,out of focus,0.2111,0.2149,0.2099,0.2062,0.2118,0.2141,0.2382,0.2135,0.2167,0.1968,0.2186,0.2163,0.2095,0.2447,v0,clip_vit_b32_image
23504,/mnt/d/Photos/Z6ii/28-400mm/2025/2025-08-31/DSC_4796.NEF,,3,Green,neutral,neutral,0.3617,0.3891,0.7738,0.1424,0.3249,0.5483,0.3385,-0.0057,-0.0045,0.0123,-0.018,-0.0073,0.0019,-0.0067,good dynamic range,out of focus,0.2061,0.2129,0.2111,0.2027,0.2062,0.2085,0.2412,0.2117,0.2174,0.1988,0.2207,0.2135,0.2066,0.2479,v0,clip_vit_b32_image
23508,/mnt/d/Photos/Z6ii/28-400mm/2025/2025-08-31/DSC_4810.NEF,,3,Green,pick,neutral,0.4404,0.4268,0.7922,0.2915,0.3915,0.5919,0.3113,-0.0024,-0.0029,0.0134,-0.0089,-0.0044,0.0037,-0.0079,good dynamic range,out of focus,0.2098,0.2152,0.2088,0.2103,0.2081,0.2114,0.242,0.2122,0.2181,0.1954,0.2191,0.2125,0.2077,0.2499,v0,clip_vit_b32_image
23509,/mnt/d/Photos/Z6ii/28-400mm/2025/2025-08-31/DSC_4812.NEF,17501,3,Green,pick,neutral,0.5681,0.6071,0.8376,0.3534,0.4545,0.7024,0.4747,0.0027,0.0044,0.0164,-0.006,-0.0018,0.0086,-0.001,good dynamic range,out of focus,0.209,0.2149,0.2062,0.2075,0.209,0.2138,0.2409,0.2063,0.2105,0.1898,0.2135,0.2108,0.2052,0.2419,v0,clip_vit_b32_image
23512,/mnt/d/Photos/Z6ii/28-400mm/2025/2025-08-31/DSC_4820.NEF,,3,Green,pick,neutral,0.5027,0.5851,0.7868,0.2488,0.496,0.6607,0.5559,0.0001,0.0034,0.0131,-0.0111,-0.0002,0.0067,0.0022,good dynamic range,out of focus,0.2029,0.2117,0.2016,0.2027,0.206,0.2062,0.2413,0.2028,0.2082,0.1886,0.2138,0.2062,0.1995,0.2391,v0,clip_vit_b32_image
23515,/mnt/d/Photos/Z6ii/28-400mm/2025/2025-08-31/DSC_4826.NEF,,3,Green,pick,neutral,0.578,0.6633,0.8327,0.2895,0.5189,0.6413,0.5685,0.0031,0.0068,0.016,-0.009,0.0008,0.0058,0.0028,good dynamic range,out of focus,0.2052,0.2125,0.2019,0.2017,0.208,0.2064,0.2388,0.2021,0.2057,0.1859,0.2107,0.2072,0.2006,0.236,v0,clip_vit_b32_image
23519,/mnt/d/Photos/Z6ii/28-400mm/2025/2025-08-31/DSC_4830.NEF,17508,3,Green,pick,neutral,0.5881,0.677,0.8243,0.3755,0.5491,0.6088,0.6311,0.0036,0.0074,0.0155,-0.0051,0.002,0.0044,0.0054,good dynamic range,noisy,0.2065,0.2128,0.2039,0.2039,0.2091,0.2061,0.2409,0.203,0.2054,0.1885,0.209,0.2071,0.2016,0.2356,v0,clip_vit_b32_image
23522,/mnt/d/Photos/Z6ii/28-400mm/2025/2025-08-31/DSC_4839.NEF,17510,3,Green,pick,neutral,0.5406,0.6763,0.7985,0.3247,0.5484,0.6122,0.6737,0.0016,0.0074,0.0138,-0.0073,0.0019,0.0046,0.0073,well focused,noisy,0.2062,0.218,0.2036,0.2068,0.2093,0.2071,0.2485,0.2046,0.2106,0.1898,0.2141,0.2073,0.2025,0.2413,v0,clip_vit_b32_image
23528,/mnt/d/Photos/Z6ii/28-400mm/2025/2025-08-31/DSC_4851.NEF,17512,3,Green,pick,neutral,0.4935,0.7179,0.7247,0.2115,0.4965,0.5953,0.6593,-0.0003,0.0093,0.0097,-0.0132,-0.0001,0.0039,0.0066,good dynamic range,noisy,0.2029,0.2127,0.2022,0.2002,0.2051,0.2047,0.2424,0.2031,0.2033,0.1925,0.2133,0.2052,0.2009,0.2358,v0,clip_vit_b32_image
23535,/mnt/d/Photos/Z6ii/28-400mm/2025/2025-08-31/DSC_4867.NEF,,3,Green,neutral,neutral,0.4132,0.5127,0.6466,0.1487,0.5249,0.5653,0.5728,-0.0035,0.0005,0.006,-0.0174,0.001,0.0026,0.0029,good dynamic range,out of focus,0.2161,0.2242,0.2123,0.2136,0.2193,0.2175,0.253,0.2196,0.2237,0.2063,0.231,0.2183,0.2148,0.2501,v0,clip_vit_b32_image
23532,/mnt/d/Photos/Z6ii/28-400mm/2025/2025-08-31/DSC_4859.NEF,17513,3,Green,pick,neutral,0.4678,0.5624,0.6802,0.2165,0.5204,0.6375,0.5925,-0.0013,0.0025,0.0075,-0.0129,0.0008,0.0056,0.0037,good dynamic range,out of focus,0.2202,0.23,0.2184,0.2203,0.2211,0.2221,0.2597,0.2215,0.2275,0.2109,0.2331,0.2203,0.2165,0.256,v0,clip_vit_b32_image
23539,/mnt/d/Photos/Z6ii/28-400mm/2025/2025-08-31/DSC_4885.NEF,,3,Green,pick,neutral,0.5531,0.6385,0.7842,0.328,0.5994,0.6884,0.7002,0.0021,0.0057,0.0129,-0.0072,0.004,0.0079,0.0085,good dynamic range,out of focus,0.2143,0.2235,0.2115,0.2128,0.2159,0.2146,0.2533,0.2122,0.2179,0.1986,0.2199,0.2118,0.2066,0.2448,v0,clip_vit_b32_image
23540,/mnt/d/Photos/Z6ii/28-400mm/2025/2025-08-31/DSC_4886.NEF,17515,3,Green,pick,neutral,0.4379,0.5096,0.7053,0.2227,0.5107,0.6352,0.6029,-0.0025,0.0004,0.0087,-0.0125,0.0004,0.0055,0.0042,good dynamic range,out of focus,0.2157,0.225,0.214,0.2166,0.2184,0.2193,0.2551,0.2182,0.2247,0.2053,0.2291,0.2179,0.2137,0.2509,v0,clip_vit_b32_image
23542,/mnt/d/Photos/Z6ii/28-400mm/2025/2025-08-31/DSC_4891.NEF,17515,3,Green,reject,neutral,0.5287,0.6426,0.7461,0.2167,0.5186,0.6413,0.6878,0.0011,0.0059,0.0108,-0.0128,0.0007,0.0058,0.0079,good dynamic range,noisy,0.2121,0.2229,0.2114,0.212,0.211,0.2137,0.2516,0.2109,0.217,0.2006,0.2248,0.2102,0.2079,0.2437,v0,clip_vit_b32_image
23544,/mnt/d/Photos/Z6ii/28-400mm/2025/2025-08-31/DSC_4899.NEF,17518,3,Green,pick,neutral,0.4814,0.5849,0.7008,0.216,0.5378,0.5794,0.5884,-0.0007,0.0034,0.0085,-0.0129,0.0015,0.0032,0.0036,good dynamic range,out of focus,0.2105,0.2178,0.2062,0.2079,0.2121,0.2106,0.2473,0.2112,0.2144,0.1977,0.2208,0.2106,0.2074,0.2437,v0,clip_vit_b32_image
23547,/mnt/d/Photos/Z6ii/28-400mm/2025/2025-08-31/DSC_4902.NEF,,3,Green,neutral,neutral,0.4413,0.5089,0.6637,0.1939,0.5026,0.6353,0.596,-0.0024,0.0004,0.0068,-0.0142,0.0001,0.0056,0.0039,good dynamic range,out of focus,0.2126,0.2195,0.2104,0.2119,0.2133,0.215,0.2469,0.215,0.2191,0.2036,0.2261,0.2132,0.2095,0.243,v0,clip_vit_b32_image
23549,/mnt/d/Photos/Z6ii/28-400mm/2025/2025-08-31/DSC_4907.NEF,17519,3,Green,pick,neutral,0.5593,0.6054,0.7343,0.3575,0.6195,0.667,0.7249,0.0024,0.0043,0.0102,-0.0059,0.0049,0.0069,0.0097,good dynamic range,noisy,0.2183,0.2259,0.2132,0.218,0.2217,0.2178,0.2553,0.2159,0.2216,0.203,0.2238,0.2168,0.2109,0.2456,v0,clip_vit_b32_image
23553,/mnt/d/Photos/Z6ii/28-400mm/2025/2025-08-31/DSC_4911.NEF,17521,4,Green,neutral,picked,0.5374,0.5367,0.7067,0.3478,0.5798,0.7124,0.6874,0.0015,0.0015,0.0088,-0.0063,0.0032,0.0091,0.0079,good dynamic range,out of focus,0.22,0.2259,0.2149,0.2185,0.2219,0.2229,0.254,0.2185,0.2244,0.2061,0.2248,0.2187,0.2139,0.2461,v0,clip_vit_b32_image
23520,/mnt/d/Photos/Z6ii/28-400mm/2025/2025-08-31/DSC_4831.NEF,17509,3,Green,pick,neutral,0.5447,0.6876,0.8063,0.3311,0.5095,0.6154,0.6319,0.0018,0.0079,0.0143,-0.007,0.0004,0.0047,0.0054,good dynamic range,out of focus,0.2069,0.2167,0.206,0.2066,0.2088,0.2085,0.2453,0.2051,0.2088,0.1917,0.2136,0.2085,0.2038,0.2399,v0,clip_vit_b32_image
23518,/mnt/d/Photos/Z6ii/28-400mm/2025/2025-08-31/DSC_4829.NEF,17508,3,Green,pick,neutral,0.6048,0.7077,0.7979,0.3834,0.5598,0.6695,0.6753,0.0043,0.0088,0.0137,-0.0048,0.0024,0.0071,0.0073,good dynamic range,noisy,0.2092,0.2169,0.2044,0.2085,0.2118,0.2117,0.2445,0.2049,0.2081,0.1907,0.2132,0.2094,0.2046,0.2372,v0,clip_vit_b32_image
23525,/mnt/d/Photos/Z6ii/28-400mm/2025/2025-08-31/DSC_4845.NEF,17511,3,Green,pick,neutral,0.438,0.4089,0.6907,0.3398,0.5329,0.5521,0.5338,-0.0025,-0.0037,0.008,-0.0066,0.0013,0.0021,0.0014,good dynamic range,out of focus,0.2143,0.2202,0.2078,0.2131,0.2193,0.2135,0.2517,0.2168,0.2239,0.1998,0.2198,0.218,0.2114,0.2503,v0,clip_vit_b32_image
23523,/mnt/d/Photos/Z6ii/28-400mm/2025/2025-08-31/DSC_4840.NEF,17511,3,Green,pick,neutral,0.581,0.6697,0.7993,0.4544,0.5304,0.6156,0.6736,0.0033,0.0071,0.0138,-0.0018,0.0012,0.0047,0.0072,good dynamic range,noisy,0.2113,0.2188,0.2106,0.212,0.2129,0.2108,0.251,0.208,0.2118,0.1968,0.2138,0.2116,0.2061,0.2438,v0,clip_vit_b32_image
23530,/mnt/d/Photos/Z6ii/28-400mm/2025/2025-08-31/DSC_4853.NEF,17512,3,Green,reject,neutral,0.4464,0.6008,0.7171,0.1615,0.4634,0.6498,0.6407,-0.0022,0.0041,0.0093,-0.0165,-0.0015,0.0062,0.0058,good dynamic range,out of focus,0.2102,0.2216,0.2106,0.2092,0.2098,0.214,0.2517,0.2123,0.2176,0.2013,0.2257,0.2113,0.2078,0.246,v0,clip_vit_b32_image
23534,/mnt/d/Photos/Z6ii/28-400mm/2025/2025-08-31/DSC_4865.NEF,17514,3,Green,pick,neutral,0.445,0.5274,0.6859,0.2695,0.5361,0.5736,0.5857,-0.0022,0.0011,0.0078,-0.01,0.0014,0.003,0.0035,good dynamic range,out of focus,0.2166,0.2247,0.2096,0.2168,0.2207,0.2184,0.2517,0.2188,0.2237,0.2018,0.2267,0.2193,0.2155,0.2482,v0,clip_vit_b32_image
23548,/mnt/d/Photos/Z6ii/28-400mm/2025/2025-08-31/DSC_4904.NEF,17513,3,Green,pick,neutral,0.4909,0.5468,0.6405,0.1943,0.4563,0.6528,0.6573,-0.0004,0.0019,0.0058,-0.0142,-0.0018,0.0063,0.0065,good dynamic range,underexposed,0.218,0.2257,0.2169,0.2176,0.2162,0.22,0.2534,0.2184,0.2238,0.2112,0.2318,0.218,0.2137,0.2469,v0,clip_vit_b32_image
23543,/mnt/d/Photos/Z6ii/28-400mm/2025/2025-08-31/DSC_4892.NEF,17517,3,Green,pick,neutral,0.6019,0.6736,0.7667,0.3207,0.5559,0.6778,0.7563,0.0041,0.0072,0.0119,-0.0075,0.0022,0.0074,0.0113,good dynamic range,noisy,0.2135,0.2207,0.2101,0.2124,0.213,0.2129,0.2479,0.2094,0.2135,0.1982,0.2199,0.2108,0.2055,0.2366,v0,clip_vit_b32_image
23538,/mnt/d/Photos/Z6ii/28-400mm/2025/2025-08-31/DSC_4884.NEF,17516,3,Green,pick,neutral,0.4831,0.6224,0.6878,0.233,0.4881,0.6255,0.6513,-0.0007,0.005,0.0079,-0.0119,-0.0005,0.0051,0.0062,good dynamic range,out of focus,0.2138,0.2229,0.2113,0.2134,0.2136,0.216,0.2507,0.2145,0.2179,0.2034,0.2253,0.2141,0.2109,0.2444,v0,clip_vit_b32_image
23545,/mnt/d/Photos/Z6ii/28-400mm/2025/2025-08-31/DSC_4900.NEF,17518,3,Green,pick,neutral,0.5194,0.6044,0.7141,0.2072,0.4951,0.6623,0.6515,0.0008,0.0042,0.0092,-0.0134,-0.0002,0.0067,0.0063,good dynamic range,out of focus,0.2162,0.2255,0.217,0.2161,0.2147,0.2191,0.2535,0.2154,0.2213,0.2079,0.2295,0.2148,0.2124,0.2472,v0,clip_vit_b32_image
23550,/mnt/d/Photos/Z6ii/28-400mm/2025/2025-08-31/DSC_4908.NEF,17520,3,Green,pick,neutral,0.561,0.6669,0.7559,0.3219,0.5892,0.6984,0.7544,0.0025,0.0069,0.0113,-0.0075,0.0036,0.0084,0.0112,good dynamic range,noisy,0.2165,0.2263,0.2141,0.216,0.2183,0.2182,0.2562,0.2141,0.2194,0.2028,0.2235,0.2147,0.2098,0.2449,v0,clip_vit_b32_image
23552,/mnt/d/Photos/Z6ii/28-400mm/2025/2025-08-31/DSC_4910.NEF,17521,3,Green,neutral,neutral,0.5339,0.5815,0.6775,0.3746,0.5816,0.6802,0.6558,0.0014,0.0033,0.0074,-0.0051,0.0033,0.0075,0.0064,good dynamic range,out of focus,0.2186,0.2267,0.2117,0.2178,0.2217,0.2215,0.2554,0.2173,0.2234,0.2043,0.2229,0.2184,0.214,0.249,v0,clip_vit_b32_image
23551,/mnt/d/Photos/Z6ii/28-400mm/2025/2025-08-31/DSC_4909.NEF,17520,3,Green,pick,neutral,0.5727,0.5831,0.7066,0.3071,0.6198,0.6662,0.7036,0.0029,0.0034,0.0088,-0.0081,0.0049,0.0069,0.0086,good dynamic range,noisy,0.2168,0.2227,0.2122,0.214,0.2181,0.2167,0.2466,0.2138,0.2193,0.2034,0.2222,0.2132,0.2098,0.2379,v0,clip_vit_b32_image
23555,/mnt/d/Photos/Z6ii/28-400mm/2025/2025-08-31/DSC_4913.NEF,17523,3,Green,reject,neutral,0.5407,0.6008,0.7551,0.3146,0.5673,0.6973,0.6894,0.0016,0.0041,0.0113,-0.0078,0.0027,0.0083,0.008,good dynamic range,out of focus,0.2129,0.2231,0.2108,0.2124,0.215,0.2166,0.2546,0.2113,0.219,0.1996,0.2202,0.2123,0.2083,0.2466,v0,clip_vit_b32_image
23554,/mnt/d/Photos/Z6ii/28-400mm/2025/2025-08-31/DSC_4912.NEF,17522,3,Green,reject,neutral,0.5287,0.5051,0.7482,0.3894,0.5685,0.693,0.6006,0.0011,0.0002,0.0109,-0.0045,0.0028,0.0081,0.0041,good dynamic range,out of focus,0.2183,0.2263,0.2145,0.2184,0.2207,0.2204,0.258,0.2172,0.2261,0.2036,0.2229,0.2179,0.2122,0.2539,v0,clip_vit_b32_image
23492,/mnt/d/Photos/Z6ii/28-400mm/2025/2025-08-31/DSC_4779.NEF,17502,2,Green,pick,rejected,0.3529,0.2976,0.779,0.1814,0.3676,0.5787,0.2292,-0.0061,-0.0086,0.0126,-0.0151,-0.0054,0.0032,-0.0121,good dynamic range,out of focus,0.2131,0.2185,0.2142,0.2124,0.2133,0.2166,0.2443,0.2192,0.2271,0.2017,0.2274,0.2188,0.2134,0.2565,v0,clip_vit_b32_image
23488,/mnt/d/Photos/Z6ii/28-400mm/2025/2025-08-31/DSC_4774.NEF,17500,3,Green,pick,neutral,0.4515,0.4548,0.7757,0.278,0.4147,0.619,0.3893,-0.0019,-0.0018,0.0124,-0.0095,-0.0034,0.0049,-0.0045,good dynamic range,out of focus,0.211,0.2152,0.2104,0.2081,0.2115,0.2134,0.2393,0.213,0.2171,0.198,0.2177,0.215,0.2086,0.2438,v0,clip_vit_b32_image
23483,/mnt/d/Photos/Z6ii/28-400mm/2025/2025-08-31/DSC_4759.NEF,,3,Yellow,reject,neutral,0.538,0.6427,0.6967,0.5115,0.5332,0.7313,0.4977,0.0015,0.0059,0.0083,0.0005,0.0013,0.01,-0.0001,good dynamic range,out of focus,0.2203,0.2278,0.2101,0.2226,0.2216,0.2238,0.2524,0.2187,0.2219,0.2018,0.2222,0.2203,0.2138,0.2525,v0,clip_vit_b32_image
23484,/mnt/d/Photos/Z6ii/28-400mm/2025/2025-08-31/DSC_4762.NEF,,3,Green,pick,neutral,0.5704,0.6171,0.8334,0.3403,0.5179,0.7165,0.5142,0.0028,0.0048,0.0161,-0.0066,0.0007,0.0093,0.0006,good dynamic range,out of focus,0.2075,0.2153,0.2079,0.2074,0.2093,0.2123,0.2424,0.2046,0.2105,0.1918,0.214,0.2086,0.2031,0.2418,v0,clip_vit_b32_image
23476,/mnt/d/Photos/Z6ii/28-400mm/2025/2025-08-31/DSC_4740.NEF,,3,Green,neutral,neutral,0.5272,0.6028,0.7431,0.4491,0.5414,0.7151,0.5143,0.0011,0.0042,0.0106,-0.002,0.0017,0.0092,0.0006,good dynamic range,out of focus,0.2237,0.2305,0.2176,0.2248,0.224,0.2267,0.2549,0.2226,0.2263,0.207,0.2269,0.2223,0.2175,0.2543,v0,clip_vit_b32_image
23478,/mnt/d/Photos/Z6ii/28-400mm/2025/2025-08-31/DSC_4751.NEF,,3,Green,pick,neutral,0.5813,0.6917,0.766,0.5074,0.5237,0.7618,0.5861,0.0033,0.0081,0.0119,0.0003,0.0009,0.0116,0.0035,good dynamic range,out of focus,0.2202,0.2296,0.215,0.2225,0.2191,0.225,0.2543,0.2169,0.2216,0.2032,0.2222,0.2182,0.2133,0.2508,v0,clip_vit_b32_image
23474,/mnt/d/Photos/Z6ii/28-400mm/2025/2025-08-31/DSC_4725.NEF,,3,Green,neutral,neutral,0.4572,0.4919,0.7054,0.3748,0.4878,0.683,0.5144,-0.0017,-0.0003,0.0087,-0.0051,-0.0005,0.0077,0.0006,good dynamic range,out of focus,0.2179,0.2244,0.2118,0.2181,0.2168,0.2189,0.2503,0.2196,0.2248,0.2031,0.2232,0.2173,0.2113,0.2497,v0,clip_vit_b32_image
23536,/mnt/d/Photos/Z6ii/28-400mm/2025/2025-08-31/DSC_4870.NEF,17515,3,Green,pick,neutral,0.4745,0.4776,0.6935,0.2802,0.5277,0.5885,0.5602,-0.001,-0.0009,0.0082,-0.0094,0.0011,0.0036,0.0024,good dynamic range,out of focus,0.2171,0.2236,0.2133,0.2178,0.22,0.2193,0.2525,0.2181,0.2245,0.2051,0.2272,0.2189,0.2157,0.2501,v0,clip_vit_b32_image
23514,/mnt/d/Photos/Z6ii/28-400mm/2025/2025-08-31/DSC_4825.NEF,17507,3,Green,pick,neutral,0.6212,0.6593,0.8165,0.3477,0.5433,0.6533,0.6312,0.0049,0.0066,0.0149,-0.0063,0.0017,0.0063,0.0054,good dynamic range,out of focus,0.2076,0.2137,0.2026,0.2046,0.2069,0.2066,0.2393,0.2027,0.2071,0.1877,0.2109,0.2051,0.2002,0.2339,v0,clip_vit_b32_image
23511,/mnt/d/Photos/Z6ii/28-400mm/2025/2025-08-31/DSC_4817.NEF,17506,3,Green,neutral,neutral,0.4547,0.519,0.8244,0.2038,0.3808,0.6317,0.3935,-0.0018,0.0008,0.0155,-0.0136,-0.0049,0.0054,-0.0043,good dynamic range,out of focus,0.2132,0.2204,0.2172,0.2099,0.2136,0.2166,0.2454,0.215,0.2196,0.2017,0.2235,0.2185,0.2112,0.2497,v0,clip_vit_b32_image
23516,/mnt/d/Photos/Z6ii/28-400mm/2025/2025-08-31/DSC_4827.NEF,17507,3,Green,pick,neutral,0.5372,0.5756,0.7985,0.3568,0.4963,0.6725,0.6265,0.0015,0.003,0.0138,-0.0059,-0.0001,0.0072,0.0052,good dynamic range,out of focus,0.2041,0.2108,0.2013,0.2041,0.2054,0.2069,0.2395,0.2026,0.2077,0.1875,0.21,0.2056,0.1997,0.2343,v0,clip_vit_b32_image
23513,/mnt/d/Photos/Z6ii/28-400mm/2025/2025-08-31/DSC_4822.NEF,17506,3,Green,neutral,neutral,0.5697,0.6155,0.8028,0.299,0.5055,0.6244,0.5838,0.0028,0.0047,0.014,-0.0085,0.0002,0.0051,0.0034,good dynamic range,out of focus,0.2033,0.211,0.2011,0.2002,0.2051,0.2041,0.2381,0.2005,0.2063,0.187,0.2087,0.2049,0.199,0.2347,v0,clip_vit_b32_image
23498,/mnt/d/Photos/Z6ii/28-400mm/2025/2025-08-31/DSC_4790.NEF,17504,2,Yellow,pick,rejected,0.395,0.4238,0.7522,0.2574,0.4103,0.5441,0.361,-0.0043,-0.0031,0.0111,-0.0106,-0.0036,0.0018,-0.0057,good dynamic range,out of focus,0.2102,0.2166,0.2093,0.2087,0.2124,0.2105,0.2462,0.2144,0.2197,0.1982,0.2193,0.216,0.2087,0.2519,v0,clip_vit_b32_image
23493,/mnt/d/Photos/Z6ii/28-400mm/2025/2025-08-31/DSC_4782.NEF,17503,2,Green,pick,rejected,0.3603,0.4251,0.8057,0.1799,0.3784,0.5612,0.2797,-0.0057,-0.003,0.0142,-0.0152,-0.005,0.0025,-0.0095,well focused,out of focus,0.2098,0.2183,0.2141,0.2085,0.2111,0.2119,0.2479,0.2155,0.2213,0.1999,0.2237,0.2161,0.2094,0.2574,v0,clip_vit_b32_image
23494,/mnt/d/Photos/Z6ii/28-400mm/2025/2025-08-31/DSC_4783.NEF,17503,2,Green,pick,rejected,0.4035,0.4373,0.7429,0.212,0.4171,0.5262,0.3825,-0.0039,-0.0025,0.0106,-0.0131,-0.0033,0.001,-0.0048,good dynamic range,out of focus,0.2137,0.2178,0.2114,0.2092,0.2172,0.2131,0.2448,0.2176,0.2203,0.2007,0.2224,0.2205,0.212,0.2496,v0,clip_vit_b32_image
23490,/mnt/d/Photos/Z6ii/28-400mm/2025/2025-08-31/DSC_4777.NEF,17502,2,Green,pick,rejected,0.4373,0.5033,0.8168,0.2278,0.3873,0.5988,0.3645,-0.0025,0.0001,0.0149,-0.0122,-0.0046,0.004,-0.0056,natural colors,out of focus,0.2083,0.2154,0.2094,0.2061,0.2097,0.2109,0.2449,0.2109,0.2153,0.1945,0.2183,0.2143,0.2069,0.2504,v0,clip_vit_b32_image
23501,/mnt/d/Photos/Z6ii/28-400mm/2025/2025-08-31/DSC_4793.NEF,17501,3,Green,pick,neutral,0.4324,0.4642,0.8059,0.2202,0.4454,0.6313,0.4019,-0.0027,-0.0014,0.0142,-0.0126,-0.0022,0.0054,-0.004,good dynamic range,out of focus,0.2079,0.2154,0.2084,0.2059,0.2118,0.2129,0.2442,0.2106,0.2168,0.1942,0.2185,0.214,0.2076,0.2482,v0,clip_vit_b32_image
23500,/mnt/d/Photos/Z6ii/28-400mm/2025/2025-08-31/DSC_4792.NEF,17501,3,Green,reject,neutral,0.5109,0.5502,0.8392,0.3119,0.4345,0.6481,0.4332,0.0004,0.002,0.0165,-0.0079,-0.0026,0.0061,-0.0027,good dynamic range,out of focus,0.2088,0.2156,0.2086,0.2073,0.21,0.2124,0.2419,0.2084,0.2136,0.1921,0.2152,0.2127,0.2063,0.2445,v0,clip_vit_b32_image
23487,/mnt/d/Photos/Z6ii/28-400mm/2025/2025-08-31/DSC_4770.NEF,17501,3,Green,reject,neutral,0.5424,0.6203,0.8037,0.3503,0.4659,0.6822,0.5467,0.0017,0.0049,0.0141,-0.0062,-0.0014,0.0076,0.0019,good dynamic range,out of focus,0.2086,0.2151,0.2071,0.2065,0.2082,0.2113,0.2396,0.2069,0.2102,0.193,0.2127,0.2095,0.2037,0.2378,v0,clip_vit_b32_image
23482,/mnt/d/Photos/Z6ii/28-400mm/2025/2025-08-31/DSC_4756.NEF,17499,3,Green,pick,neutral,0.5086,0.5455,0.7129,0.4078,0.5108,0.6998,0.5618,0.0003,0.0018,0.0091,-0.0037,0.0004,0.0085,0.0025,good dynamic range,out of focus,0.2196,0.2243,0.2121,0.2181,0.2196,0.2207,0.2496,0.2192,0.2225,0.203,0.2218,0.2191,0.2122,0.2471,v0,clip_vit_b32_image
23481,/mnt/d/Photos/Z6ii/28-400mm/2025/2025-08-31/DSC_4754.NEF,17499,3,Green,pick,neutral,0.4269,0.4084,0.6533,0.2604,0.4513,0.7167,0.4684,-0.0029,-0.0037,0.0063,-0.0104,-0.002,0.0093,-0.0013,good dynamic range,out of focus,0.2201,0.2255,0.2166,0.2208,0.2184,0.2247,0.2503,0.2231,0.2293,0.2102,0.2313,0.2203,0.2154,0.2516,v0,clip_vit_b32_image
23477,/mnt/d/Photos/Z6ii/28-400mm/2025/2025-08-31/DSC_4744.NEF,,3,Green,reject,neutral,0.5679,0.7163,0.7539,0.4886,0.527,0.7051,0.5906,0.0027,0.0093,0.0112,-0.0005,0.0011,0.0087,0.0037,good dynamic range,out of focus,0.2192,0.2274,0.2112,0.2193,0.2198,0.221,0.2516,0.2165,0.2181,0.2001,0.2197,0.2187,0.2123,0.248,v0,clip_vit_b32_image
23491,/mnt/d/Photos/Z6ii/28-400mm/2025/2025-08-31/DSC_4778.NEF,,2,Green,reject,rejected,0.4129,0.4274,0.7924,0.2256,0.3745,0.6385,0.3032,-0.0035,-0.0029,0.0134,-0.0123,-0.0051,0.0057,-0.0083,natural colors,out of focus,0.2073,0.2157,0.2106,0.2072,0.2082,0.2128,0.2465,0.2108,0.2186,0.1973,0.2195,0.2133,0.2071,0.2548,v0,clip_vit_b32_image
23479,/mnt/d/Photos/Z6ii/28-400mm/2025/2025-08-31/DSC_4752.NEF,,3,Green,reject,neutral,0.5553,0.5959,0.7239,0.4273,0.4965,0.7609,0.5798,0.0022,0.0039,0.0096,-0.0029,-0.0001,0.0116,0.0032,good dynamic range,out of focus,0.2201,0.2266,0.2144,0.221,0.2199,0.2248,0.2499,0.2179,0.2227,0.2048,0.2239,0.22,0.2132,0.2467,v0,clip_vit_b32_image
23475,/mnt/d/Photos/Z6ii/28-400mm/2025/2025-08-31/DSC_4737.NEF,,3,Green,reject,neutral,0.5296,0.6823,0.7717,0.3437,0.5289,0.6725,0.5467,0.0012,0.0076,0.0122,-0.0065,0.0012,0.0072,0.0019,good dynamic range,out of focus,0.2205,0.2295,0.2153,0.22,0.2212,0.2222,0.2528,0.2194,0.2218,0.2031,0.2265,0.22,0.215,0.2509,v0,clip_vit_b32_image
23506,/mnt/d/Photos/Z6ii/28-400mm/2025/2025-08-31/DSC_4806.NEF,,3,Green,reject,neutral,0.4913,0.6119,0.7928,0.3103,0.4813,0.6342,0.5545,-0.0003,0.0046,0.0134,-0.008,-0.0007,0.0055,0.0022,good dynamic range,out of focus,0.2074,0.2161,0.2043,0.2049,0.2093,0.2084,0.241,0.2078,0.2115,0.1909,0.2128,0.21,0.2029,0.2388,v0,clip_vit_b32_image
23480,/mnt/d/Photos/Z6ii/28-400mm/2025/2025-08-31/DSC_4753.NEF,,3,Green,neutral,neutral,0.5137,0.5027,0.7271,0.3557,0.4841,0.7674,0.5118,0.0005,0.0001,0.0098,-0.0059,-0.0006,0.0119,0.0005,good dynamic range,out of focus,0.2251,0.2317,0.2205,0.226,0.224,0.2314,0.2529,0.2246,0.2316,0.2107,0.232,0.2246,0.2194,0.2524,v0,clip_vit_b32_image
23563,/mnt/d/Photos/Z6ii/28-400mm/2025/2025-08-31/DSC_4923.NEF,17526,3,Green,pick,neutral,0.694,0.8646,0.8881,0.522,0.5612,0.5855,0.7149,0.0082,0.0185,0.0207,0.0009,0.0025,0.0035,0.0092,detailed,technically flawed,0.2126,0.223,0.2156,0.2119,0.2167,0.2114,0.2523,0.2044,0.2045,0.1949,0.211,0.2142,0.208,0.2431,v0,clip_vit_b32_image
23561,/mnt/d/Photos/Z6ii/28-400mm/2025/2025-08-31/DSC_4919.NEF,17525,3,Green,pick,neutral,0.4548,0.4127,0.7502,0.2199,0.4935,0.5951,0.5601,-0.0018,-0.0035,0.011,-0.0127,-0.0003,0.0039,0.0024,good dynamic range,out of focus,0.2104,0.2188,0.212,0.2096,0.2072,0.2106,0.244,0.2122,0.2223,0.201,0.2223,0.2075,0.2068,0.2416,v0,clip_vit_b32_image
23566,/mnt/d/Photos/Z6ii/28-400mm/2025/2025-08-31/DSC_4933.NEF,17527,3,Green,pick,neutral,0.5891,0.7296,0.8291,0.4069,0.5768,0.6666,0.7194,0.0036,0.0099,0.0158,-0.0038,0.0031,0.0069,0.0094,good dynamic range,noisy,0.2149,0.2253,0.2148,0.2149,0.2171,0.216,0.2577,0.2113,0.2153,0.199,0.2186,0.214,0.2091,0.2483,v0,clip_vit_b32_image
23560,/mnt/d/Photos/Z6ii/28-400mm/2025/2025-08-31/DSC_4918.NEF,,3,Green,pick,neutral,0.4917,0.6122,0.8021,0.2496,0.5739,0.6355,0.6592,-0.0003,0.0046,0.014,-0.011,0.003,0.0056,0.0066,well focused,noisy,0.2067,0.218,0.205,0.2065,0.2092,0.2088,0.2467,0.207,0.2135,0.191,0.2175,0.2062,0.2032,0.2401,v0,clip_vit_b32_image
23557,/mnt/d/Photos/Z6ii/28-400mm/2025/2025-08-31/DSC_4915.NEF,17523,4,Green,pick,picked,0.637,0.742,0.8171,0.3609,0.6325,0.6969,0.8066,0.0056,0.0106,0.015,-0.0057,0.0054,0.0083,0.0143,well focused,noisy,0.2145,0.2265,0.2141,0.2138,0.2163,0.2156,0.2584,0.2088,0.2159,0.1992,0.2195,0.2109,0.2072,0.2441,v0,clip_vit_b32_image
23562,/mnt/d/Photos/Z6ii/28-400mm/2025/2025-08-31/DSC_4920.NEF,,3,Green,neutral,neutral,0.5196,0.4817,0.779,0.3588,0.5929,0.6315,0.5767,0.0008,-0.0007,0.0126,-0.0058,0.0038,0.0054,0.0031,good dynamic range,out of focus,0.2081,0.215,0.2046,0.2071,0.209,0.2072,0.2438,0.2073,0.2158,0.192,0.2129,0.2052,0.2018,0.2407,v0,clip_vit_b32_image
23565,/mnt/d/Photos/Z6ii/28-400mm/2025/2025-08-31/DSC_4929.NEF,17519,3,Green,reject,neutral,0.4941,0.5875,0.6318,0.2604,0.5633,0.6316,0.6863,-0.0002,0.0035,0.0054,-0.0104,0.0025,0.0054,0.0078,good dynamic range,noisy,0.2164,0.2226,0.2106,0.2138,0.218,0.217,0.2522,0.2166,0.2191,0.2052,0.2242,0.2155,0.2116,0.2444,v0,clip_vit_b32_image
23567,/mnt/d/Photos/Z6ii/28-400mm/2025/2025-08-31/DSC_4934.NEF,17527,3,Green,pick,neutral,0.6206,0.7137,0.8323,0.4275,0.5961,0.6968,0.735,0.0049,0.0091,0.016,-0.0029,0.0039,0.0083,0.0102,good dynamic range,noisy,0.2143,0.225,0.2146,0.2147,0.2139,0.2142,0.2573,0.2094,0.2159,0.1986,0.2176,0.21,0.2058,0.2471,v0,clip_vit_b32_image
23556,/mnt/d/Photos/Z6ii/28-400mm/2025/2025-08-31/DSC_4914.NEF,17523,3,Green,pick,neutral,0.6126,0.6858,0.8137,0.3955,0.6317,0.6841,0.7625,0.0046,0.0078,0.0147,-0.0042,0.0054,0.0077,0.0117,good dynamic range,noisy,0.2155,0.2256,0.2123,0.2149,0.2172,0.2152,0.256,0.2109,0.2178,0.1976,0.2191,0.2118,0.2074,0.2443,v0,clip_vit_b32_image
23559,/mnt/d/Photos/Z6ii/28-400mm/2025/2025-08-31/DSC_4917.NEF,17524,3,Green,pick,neutral,0.5756,0.6715,0.7468,0.3401,0.5973,0.6665,0.7467,0.003,0.0072,0.0108,-0.0066,0.0039,0.0069,0.0108,good dynamic range,noisy,0.207,0.216,0.2005,0.2055,0.2088,0.2083,0.2479,0.2039,0.2089,0.1897,0.2122,0.2049,0.2014,0.2371,v0,clip_vit_b32_image
23558,/mnt/d/Photos/Z6ii/28-400mm/2025/2025-08-31/DSC_4916.NEF,,3,Green,pick,neutral,0.5783,0.6,0.7816,0.3909,0.5944,0.6468,0.6735,0.0032,0.0041,0.0127,-0.0044,0.0038,0.006,0.0072,good dynamic range,out of focus,0.2147,0.2226,0.2108,0.2145,0.2169,0.2162,0.253,0.2116,0.2186,0.1981,0.219,0.2131,0.2101,0.2458,v0,clip_vit_b32_image
48251,/mnt/d/Photos/Z8/180-600mm/2026/2026-03-01/DSC_1687.NEF,23263,4,Blue,reject,picked,0.4479,0.4334,0.5601,0.4156,0.3017,0.4808,0.2659,-0.0021,-0.0027,0.0024,-0.0034,-0.0084,-0.0008,-0.0102,good dynamic range,out of focus,0.2279,0.2333,0.2257,0.2261,0.2269,0.2274,0.2473,0.23,0.236,0.2233,0.2295,0.2353,0.2282,0.2574,v0,clip_vit_b32_image
48252,/mnt/d/Photos/Z8/180-600mm/2026/2026-03-01/DSC_1688.NEF,23263,3,Blue,reject,neutral,0.4131,0.4671,0.5721,0.2884,0.3366,0.4679,0.3161,-0.0035,-0.0013,0.0029,-0.009,-0.0068,-0.0013,-0.0077,good dynamic range,out of focus,0.222,0.2287,0.2205,0.2193,0.224,0.2215,0.2496,0.2256,0.23,0.2176,0.2284,0.2308,0.2227,0.2573,v0,clip_vit_b32_image
48253,/mnt/d/Photos/Z8/180-600mm/2026/2026-03-01/DSC_1689.NEF,23263,4,Blue,pick,picked,0.3351,0.4101,0.5291,0.2135,0.3308,0.4363,0.2901,-0.0069,-0.0036,0.0012,-0.013,-0.007,-0.0026,-0.0089,good dynamic range,out of focus,0.222,0.2286,0.2212,0.2188,0.2254,0.221,0.243,0.2288,0.2322,0.22,0.2318,0.2324,0.2235,0.2519,v0,clip_vit_b32_image
48254,/mnt/d/Photos/Z8/180-600mm/2026/2026-03-01/DSC_1690.NEF,23263,4,Blue,reject,picked,0.4529,0.5047,0.5675,0.4085,0.3154,0.4215,0.3642,-0.0019,0.0002,0.0027,-0.0037,-0.0077,-0.0032,-0.0056,good dynamic range,misfocused,0.2262,0.2318,0.2238,0.2246,0.2276,0.2242,0.2449,0.2281,0.2316,0.2211,0.2283,0.2354,0.2274,0.2505,v0,clip_vit_b32_image
48255,/mnt/d/Photos/Z8/180-600mm/2026/2026-03-01/DSC_1691.NEF,23265,3,Blue,reject,neutral,0.3424,0.375,0.5402,0.1961,0.317,0.4789,0.2783,-0.0065,-0.0051,0.0016,-0.0141,-0.0077,-0.0008,-0.0095,good dynamic range,out of focus,0.2187,0.2239,0.2167,0.2139,0.2186,0.2169,0.2456,0.2252,0.229,0.2151,0.2281,0.2263,0.2177,0.2551,v0,clip_vit_b32_image
48256,/mnt/d/Photos/Z8/180-600mm/2026/2026-03-01/DSC_1692.NEF,23265,4,Blue,pick,picked,0.404,0.4645,0.5904,0.2302,0.3489,0.5517,0.3102,-0.0039,-0.0014,0.0037,-0.0121,-0.0062,0.0021,-0.008,good dynamic range,out of focus,0.2212,0.2291,0.2201,0.2168,0.2201,0.2202,0.2506,0.225,0.2306,0.2165,0.2288,0.2263,0.2181,0.2586,v0,clip_vit_b32_image
48257,/mnt/d/Photos/Z8/180-600mm/2026/2026-03-01/DSC_1693.NEF,23265,4,Blue,reject,picked,0.4511,0.5321,0.5802,0.3261,0.312,0.4145,0.3584,-0.002,0.0013,0.0032,-0.0073,-0.0079,-0.0035,-0.0058,good dynamic range,misfocused,0.2182,0.225,0.2163,0.2156,0.2181,0.2146,0.2448,0.2202,0.2237,0.2131,0.2229,0.226,0.218,0.2506,v0,clip_vit_b32_image
48258,/mnt/d/Photos/Z8/180-600mm/2026/2026-03-01/DSC_1694.NEF,23265,4,Blue,reject,picked,0.4214,0.5027,0.5839,0.2897,0.3098,0.4136,0.3572,-0.0032,0.0001,0.0034,-0.009,-0.008,-0.0035,-0.0059,good dynamic range,misfocused,0.2186,0.2265,0.217,0.2165,0.2188,0.2156,0.2439,0.2218,0.2264,0.2136,0.2255,0.2268,0.2191,0.2498,v0,clip_vit_b32_image
48259,/mnt/d/Photos/Z8/180-600mm/2026/2026-03-01/DSC_1695.NEF,23265,4,Blue,reject,picked,0.4484,0.4938,0.6225,0.3497,0.3053,0.4376,0.3619,-0.0021,-0.0002,0.005,-0.0062,-0.0082,-0.0025,-0.0057,good dynamic range,misfocused,0.2181,0.225,0.2179,0.2158,0.2176,0.2151,0.2391,0.2202,0.2253,0.2129,0.222,0.2259,0.2176,0.2448,v0,clip_vit_b32_image
48260,/mnt/d/Photos/Z8/180-600mm/2026/2026-03-01/DSC_1696.NEF,23265,3,Blue,reject,neutral,0.5015,0.6257,0.6388,0.3631,0.3465,0.4511,0.3868,0.0001,0.0051,0.0057,-0.0056,-0.0063,-0.002,-0.0046,good dynamic range,out of focus,0.2223,0.231,0.2203,0.2191,0.2216,0.2178,0.2506,0.2222,0.2259,0.2146,0.2247,0.228,0.2197,0.2552,v0,clip_vit_b32_image
48261,/mnt/d/Photos/Z8/180-600mm/2026/2026-03-01/DSC_1697.NEF,23265,4,Blue,reject,picked,0.4353,0.5193,0.5799,0.3055,0.2976,0.4759,0.3459,-0.0026,0.0008,0.0032,-0.0082,-0.0086,-0.001,-0.0064,good dynamic range,out of focus,0.2215,0.2294,0.2206,0.2188,0.2205,0.2201,0.2482,0.2241,0.2286,0.2174,0.227,0.2291,0.221,0.2545,v0,clip_vit_b32_image
48262,/mnt/d/Photos/Z8/180-600mm/2026/2026-03-01/DSC_1698.NEF,23265,4,Blue,pick,picked,0.4345,0.5229,0.6128,0.3058,0.3125,0.5067,0.3295,-0.0026,0.0009,0.0046,-0.0082,-0.0079,0.0003,-0.0071,good dynamic range,out of focus,0.222,0.2301,0.2224,0.2194,0.2205,0.2205,0.2495,0.2247,0.2292,0.2178,0.2276,0.2284,0.2203,0.2566,v0,clip_vit_b32_image
48263,/mnt/d/Photos/Z8/180-600mm/2026/2026-03-01/DSC_1699.NEF,23265,4,Blue,pick,picked,0.4607,0.5442,0.6207,0.3325,0.2732,0.4578,0.3446,-0.0016,0.0018,0.0049,-0.007,-0.0098,-0.0017,-0.0064,good dynamic range,misfocused,0.2207,0.2274,0.2216,0.2176,0.2181,0.2185,0.2442,0.2222,0.2256,0.2167,0.2245,0.2279,0.2202,0.2507,v0,clip_vit_b32_image
48264,/mnt/d/Photos/Z8/180-600mm/2026/2026-03-01/DSC_1700.NEF,23265,4,Blue,pick,picked,0.3196,0.4128,0.571,0.1713,0.3347,0.4632,0.2243,-0.0076,-0.0035,0.0029,-0.0158,-0.0069,-0.0015,-0.0124,good dynamic range,out of focus,0.2175,0.2247,0.219,0.2139,0.2187,0.2167,0.2498,0.2251,0.2283,0.2161,0.2296,0.2256,0.2182,0.2622,v0,clip_vit_b32_image
48265,/mnt/d/Photos/Z8/180-600mm/2026/2026-03-01/DSC_1701.NEF,23265,4,Blue,pick,picked,0.3929,0.4423,0.5921,0.3148,0.3071,0.4214,0.2378,-0.0044,-0.0023,0.0037,-0.0078,-0.0081,-0.0032,-0.0116,good dynamic range,out of focus,0.2241,0.2308,0.2243,0.2219,0.2245,0.2221,0.2532,0.2284,0.2331,0.2205,0.2296,0.2326,0.2253,0.2648,v0,clip_vit_b32_image
48266,/mnt/d/Photos/Z8/180-600mm/2026/2026-03-01/DSC_1702.NEF,23265,4,Blue,pick,picked,0.3402,0.4046,0.5598,0.1745,0.3144,0.4799,0.2356,-0.0066,-0.0039,0.0024,-0.0155,-0.0078,-0.0008,-0.0118,good dynamic range,out of focus,0.2177,0.2243,0.2191,0.2139,0.2188,0.2186,0.246,0.2243,0.2281,0.2167,0.2295,0.2266,0.2194,0.2577,v0,clip_vit_b32_image
48267,/mnt/d/Photos/Z8/180-600mm/2026/2026-03-01/DSC_1703.NEF,23265,4,Blue,pick,picked,0.4964,0.6188,0.6415,0.397,0.3258,0.425,0.3517,-0.0001,0.0048,0.0058,-0.0042,-0.0073,-0.003,-0.0061,good dynamic range,misfocused,0.2219,0.2297,0.2212,0.2194,0.2216,0.2186,0.2468,0.222,0.2249,0.2154,0.2236,0.2289,0.2216,0.253,v0,clip_vit_b32_image
48268,/mnt/d/Photos/Z8/180-600mm/2026/2026-03-01/DSC_1704.NEF,23265,4,Blue,pick,picked,0.4427,0.5209,0.5826,0.3951,0.3184,0.4165,0.3159,-0.0023,0.0008,0.0033,-0.0043,-0.0076,-0.0034,-0.0077,good dynamic range,misfocused,0.225,0.232,0.2234,0.2235,0.2271,0.2225,0.2428,0.2273,0.2312,0.2201,0.2278,0.2347,0.2258,0.2506,v0,clip_vit_b32_image
48269,/mnt/d/Photos/Z8/180-600mm/2026/2026-03-01/DSC_1705.NEF,23265,4,Blue,pick,picked,0.5321,0.6133,0.6757,0.3971,0.3505,0.4463,0.331,0.0013,0.0046,0.0073,-0.0042,-0.0062,-0.0022,-0.007,good dynamic range,misfocused,0.2229,0.2287,0.2243,0.2204,0.2238,0.2207,0.2448,0.2216,0.2241,0.2169,0.2246,0.23,0.2229,0.2519,v0,clip_vit_b32_image
48270,/mnt/d/Photos/Z8/180-600mm/2026/2026-03-01/DSC_1706.NEF,23266,4,Blue,reject,picked,0.3401,0.461,0.5928,0.0887,0.2851,0.6471,0.111,-0.0066,-0.0016,0.0038,-0.0233,-0.0092,0.0061,-0.0208,good dynamic range,misfocused,0.2173,0.2256,0.2234,0.212,0.2135,0.2239,0.2568,0.2239,0.2272,0.2197,0.2353,0.2227,0.2178,0.2776,v0,clip_vit_b32_image
48271,/mnt/d/Photos/Z8/180-600mm/2026/2026-03-01/DSC_1707.NEF,23266,4,Blue,pick,picked,0.3395,0.3756,0.5946,0.1203,0.3311,0.6693,0.1165,-0.0067,-0.0051,0.0038,-0.0199,-0.007,0.007,-0.0203,good dynamic range,out of focus,0.2206,0.2286,0.2239,0.2163,0.2185,0.2272,0.263,0.2273,0.2337,0.2201,0.2362,0.2255,0.2201,0.2833,v0,clip_vit_b32_image
48272,/mnt/d/Photos/Z8/180-600mm/2026/2026-03-01/DSC_1708.NEF,23266,4,Blue,pick,picked,0.3341,0.375,0.5856,0.1308,0.3905,0.6736,0.135,-0.0069,-0.0051,0.0035,-0.0189,-0.0045,0.0072,-0.0186,good dynamic range,out of focus,0.2242,0.2309,0.2264,0.2211,0.2231,0.2298,0.2625,0.2311,0.236,0.2229,0.24,0.2276,0.2226,0.2811,v0,clip_vit_b32_image
48273,/mnt/d/Photos/Z8/180-600mm/2026/2026-03-01/DSC_1709.NEF,23266,4,Blue,reject,picked,0.3871,0.5143,0.6162,0.135,0.3532,0.6368,0.1628,-0.0046,0.0006,0.0047,-0.0186,-0.006,0.0056,-0.0164,good dynamic range,out of focus,0.2208,0.2287,0.225,0.2153,0.2174,0.2249,0.2591,0.2254,0.2281,0.2202,0.2338,0.2235,0.2193,0.2755,v0,clip_vit_b32_image
48274,/mnt/d/Photos/Z8/180-600mm/2026/2026-03-01/DSC_1710.NEF,23266,3,Blue,reject,neutral,0.365,0.525,0.5817,0.1539,0.2674,0.6294,0.1215,-0.0055,0.001,0.0033,-0.017,-0.0101,0.0053,-0.0198,good dynamic range,out of focus,0.2215,0.232,0.2278,0.2188,0.2151,0.2274,0.2586,0.2271,0.231,0.2245,0.2359,0.2252,0.2221,0.2784,v0,clip_vit_b32_image
48275,/mnt/d/Photos/Z8/180-600mm/2026/2026-03-01/DSC_1711.NEF,23266,4,Blue,reject,picked,0.3863,0.4804,0.555,0.1816,0.2642,0.6053,0.1225,-0.0046,-0.0008,0.0022,-0.0151,-0.0102,0.0043,-0.0197,good dynamic range,misfocused,0.2256,0.2342,0.2294,0.2223,0.2166,0.2311,0.2556,0.2302,0.235,0.2272,0.2374,0.2269,0.2268,0.2753,v0,clip_vit_b32_image
48276,/mnt/d/Photos/Z8/180-600mm/2026/2026-03-01/DSC_1712.NEF,23266,4,Blue,reject,picked,0.3687,0.4835,0.5269,0.1485,0.2633,0.6112,0.132,-0.0054,-0.0007,0.0011,-0.0175,-0.0103,0.0045,-0.0188,good dynamic range,misfocused,0.226,0.2352,0.2301,0.2232,0.218,0.2321,0.2573,0.2313,0.2358,0.229,0.2406,0.2282,0.2276,0.2762,v0,clip_vit_b32_image
48277,/mnt/d/Photos/Z8/180-600mm/2026/2026-03-01/DSC_1713.NEF,23266,4,Blue,reject,picked,0.3733,0.5101,0.5468,0.1528,0.2975,0.6236,0.1555,-0.0052,0.0004,0.0019,-0.0171,-0.0086,0.005,-0.0169,good dynamic range,misfocused,0.2233,0.232,0.2274,0.2194,0.218,0.2289,0.2587,0.2285,0.2316,0.2255,0.2366,0.2266,0.2238,0.2757,v0,clip_vit_b32_image
48278,/mnt/d/Photos/Z8/180-600mm/2026/2026-03-01/DSC_1714.NEF,23266,3,Blue,reject,neutral,0.3839,0.5758,0.6092,0.1263,0.3134,0.6636,0.1323,-0.0047,0.0031,0.0044,-0.0193,-0.0078,0.0068,-0.0188,good dynamic range,out of focus,0.2237,0.2335,0.231,0.2195,0.2194,0.2304,0.2605,0.2285,0.2304,0.2266,0.2389,0.2272,0.2236,0.2793,v0,clip_vit_b32_image
48279,/mnt/d/Photos/Z8/180-600mm/2026/2026-03-01/DSC_1715.NEF,23266,3,Blue,reject,neutral,0.3433,0.4604,0.5552,0.1152,0.2969,0.646,0.118,-0.0065,-0.0016,0.0022,-0.0204,-0.0086,0.006,-0.0201,good dynamic range,misfocused,0.2219,0.2303,0.2268,0.2175,0.2162,0.2281,0.2583,0.2283,0.2319,0.2246,0.2379,0.2248,0.2221,0.2784,v0,clip_vit_b32_image
48280,/mnt/d/Photos/Z8/180-600mm/2026/2026-03-01/DSC_1716.NEF,23266,3,Blue,reject,neutral,0.3592,0.4603,0.5309,0.0796,0.329,0.6528,0.1604,-0.0058,-0.0016,0.0012,-0.0245,-0.0071,0.0063,-0.0165,good dynamic range,noisy,0.2173,0.2241,0.223,0.2118,0.2125,0.223,0.2552,0.2231,0.2257,0.2218,0.2363,0.2196,0.2167,0.2718,v0,clip_vit_b32_image
48281,/mnt/d/Photos/Z8/180-600mm/2026/2026-03-01/DSC_1717.NEF,23266,4,Blue,reject,picked,0.344,0.4343,0.5543,0.0774,0.2963,0.6111,0.1514,-0.0065,-0.0026,0.0022,-0.0248,-0.0087,0.0045,-0.0172,good dynamic range,noisy,0.2143,0.2185,0.2211,0.2075,0.209,0.2186,0.2471,0.2208,0.2212,0.2189,0.2322,0.2177,0.2141,0.2643,v0,clip_vit_b32_image
48282,/mnt/d/Photos/Z8/180-600mm/2026/2026-03-01/DSC_1718.NEF,23266,3,Blue,reject,neutral,0.3601,0.4726,0.5501,0.1159,0.2729,0.6003,0.1231,-0.0057,-0.0011,0.002,-0.0203,-0.0098,0.0041,-0.0196,good dynamic range,misfocused,0.2223,0.2312,0.2293,0.218,0.2141,0.2263,0.2574,0.228,0.2323,0.2273,0.2383,0.2239,0.2222,0.277,v0,clip_vit_b32_image
48283,/mnt/d/Photos/Z8/180-600mm/2026/2026-03-01/DSC_1719.NEF,23266,3,Blue,reject,neutral,0.3313,0.4813,0.5496,0.0956,0.2691,0.6387,0.1234,-0.007,-0.0007,0.002,-0.0225,-0.01,0.0057,-0.0196,good dynamic range,out of focus,0.2136,0.2232,0.2196,0.2109,0.2086,0.2203,0.2573,0.2206,0.224,0.2176,0.2333,0.2186,0.2146,0.2769,v0,clip_vit_b32_image
48284,/mnt/d/Photos/Z8/180-600mm/2026/2026-03-01/DSC_1720.NEF,23266,3,Blue,reject,neutral,0.3443,0.4844,0.5718,0.0962,0.3268,0.658,0.1418,-0.0064,-0.0006,0.0029,-0.0224,-0.0072,0.0065,-0.018,good dynamic range,out of focus,0.2163,0.2258,0.2197,0.2131,0.2139,0.2227,0.2614,0.2227,0.2264,0.2169,0.2355,0.2212,0.2161,0.2794,v0,clip_vit_b32_image
48285,/mnt/d/Photos/Z8/180-600mm/2026/2026-03-01/DSC_1721.NEF,23266,4,Blue,pick,picked,0.3542,0.4503,0.5333,0.1121,0.316,0.6189,0.1673,-0.006,-0.002,0.0013,-0.0207,-0.0077,0.0049,-0.016,good dynamic range,misfocused,0.2212,0.227,0.2251,0.2144,0.2168,0.2255,0.2552,0.2272,0.229,0.2238,0.2351,0.2245,0.2206,0.2712,v0,clip_vit_b32_image
48286,/mnt/d/Photos/Z8/180-600mm/2026/2026-03-01/DSC_1722.NEF,23266,3,Blue,reject,neutral,0.3318,0.3429,0.5758,0.078,0.2977,0.7341,0.1065,-0.007,-0.0065,0.0031,-0.0247,-0.0086,0.0102,-0.0213,good dynamic range,out of focus,0.218,0.2251,0.2255,0.2139,0.2122,0.227,0.2537,0.225,0.2316,0.2224,0.2386,0.2208,0.2168,0.275,v0,clip_vit_b32_image
48287,/mnt/d/Photos/Z8/180-600mm/2026/2026-03-01/DSC_1723.NEF,23266,3,Blue,reject,neutral,0.3475,0.3452,0.5753,0.0555,0.3207,0.7542,0.1124,-0.0063,-0.0064,0.003,-0.0283,-0.0075,0.0112,-0.0207,natural colors,out of focus,0.2167,0.222,0.2238,0.2097,0.211,0.2263,0.2525,0.223,0.2284,0.2208,0.2381,0.2185,0.2151,0.2732,v0,clip_vit_b32_image
48288,/mnt/d/Photos/Z8/180-600mm/2026/2026-03-01/DSC_1724.NEF,23266,3,Blue,reject,neutral,0.4161,0.4437,0.6254,0.0809,0.3237,0.7298,0.1636,-0.0034,-0.0023,0.0051,-0.0243,-0.0074,0.0099,-0.0163,natural colors,out of focus,0.2203,0.2264,0.2273,0.213,0.2146,0.2281,0.2583,0.2237,0.2286,0.2222,0.2373,0.2219,0.2181,0.2747,v0,clip_vit_b32_image
48289,/mnt/d/Photos/Z8/180-600mm/2026/2026-03-01/DSC_1725.NEF,23266,3,Blue,reject,neutral,0.3844,0.4173,0.5515,0.064,0.3376,0.7751,0.1504,-0.0047,-0.0033,0.0021,-0.0268,-0.0067,0.0124,-0.0173,natural colors,misfocused,0.2186,0.2244,0.2243,0.2102,0.2134,0.2279,0.2555,0.2233,0.2277,0.2222,0.237,0.2201,0.2155,0.2729,v0,clip_vit_b32_image
48290,/mnt/d/Photos/Z8/180-600mm/2026/2026-03-01/DSC_1726.NEF,23266,3,Blue,pick,neutral,0.3696,0.4018,0.537,0.0634,0.3387,0.7706,0.1381,-0.0053,-0.004,0.0015,-0.0269,-0.0067,0.0121,-0.0183,natural colors,misfocused,0.2191,0.2246,0.2245,0.2108,0.2147,0.2282,0.2577,0.2244,0.2286,0.223,0.2377,0.2214,0.2161,0.276,v0,clip_vit_b32_image
48291,/mnt/d/Photos/Z8/180-600mm/2026/2026-03-01/DSC_1727.NEF,23266,3,Blue,reject,neutral,0.3482,0.3634,0.5767,0.0453,0.3374,0.7584,0.1286,-0.0063,-0.0056,0.0031,-0.0305,-0.0067,0.0114,-0.0191,natural colors,out of focus,0.217,0.2228,0.2254,0.2096,0.2124,0.2271,0.2545,0.2233,0.2284,0.2223,0.24,0.2191,0.2156,0.2736,v0,clip_vit_b32_image
48292,/mnt/d/Photos/Z8/180-600mm/2026/2026-03-01/DSC_1728.NEF,23266,3,Blue,reject,neutral,0.4113,0.4503,0.5983,0.0629,0.3596,0.774,0.1763,-0.0036,-0.002,0.004,-0.027,-0.0058,0.0123,-0.0154,natural colors,noisy,0.2167,0.2228,0.2236,0.2094,0.2128,0.2267,0.2562,0.2202,0.2248,0.2196,0.2364,0.2186,0.2143,0.2717,v0,clip_vit_b32_image
48293,/mnt/d/Photos/Z8/180-600mm/2026/2026-03-01/DSC_1729.NEF,23266,3,Blue,reject,neutral,0.3991,0.3723,0.5917,0.0628,0.323,0.7765,0.1663,-0.0041,-0.0052,0.0037,-0.027,-0.0074,0.0125,-0.0161,natural colors,out of focus,0.2178,0.2231,0.2249,0.2101,0.2117,0.227,0.2558,0.2219,0.2283,0.2212,0.2372,0.2191,0.2146,0.2719,v0,clip_vit_b32_image
48294,/mnt/d/Photos/Z8/180-600mm/2026/2026-03-01/DSC_1730.NEF,23266,3,Blue,reject,neutral,0.3826,0.384,0.563,0.0592,0.3204,0.7777,0.1523,-0.0048,-0.0047,0.0025,-0.0277,-0.0075,0.0125,-0.0172,natural colors,out of focus,0.2165,0.2215,0.2227,0.2081,0.2106,0.2259,0.255,0.2213,0.2263,0.2201,0.2357,0.2182,0.2134,0.2722,v0,clip_vit_b32_image
48295,/mnt/d/Photos/Z8/180-600mm/2026/2026-03-01/DSC_1731.NEF,23266,3,Blue,reject,neutral,0.3844,0.4302,0.5797,0.0586,0.3334,0.7659,0.1437,-0.0047,-0.0028,0.0032,-0.0278,-0.0069,0.0119,-0.0178,natural colors,noisy,0.2176,0.2237,0.2255,0.2098,0.2129,0.2272,0.2571,0.2223,0.2265,0.2223,0.2376,0.2198,0.2154,0.275,v0,clip_vit_b32_image
48296,/mnt/d/Photos/Z8/180-600mm/2026/2026-03-01/DSC_1732.NEF,23266,3,Blue,reject,neutral,0.3791,0.3845,0.5529,0.0607,0.3475,0.7535,0.1432,-0.0049,-0.0047,0.0021,-0.0274,-0.0063,0.0112,-0.0179,natural colors,out of focus,0.2193,0.2247,0.2266,0.2122,0.214,0.2282,0.2588,0.2242,0.2294,0.2245,0.2396,0.2203,0.2171,0.2766,v0,clip_vit_b32_image
48297,/mnt/d/Photos/Z8/180-600mm/2026/2026-03-01/DSC_1733.NEF,23266,3,Blue,reject,neutral,0.3744,0.3936,0.5814,0.0523,0.3181,0.748,0.1399,-0.0051,-0.0043,0.0033,-0.029,-0.0076,0.0109,-0.0182,natural colors,noisy,0.2174,0.2232,0.226,0.2102,0.212,0.2266,0.2556,0.2225,0.2275,0.2227,0.2392,0.2196,0.2157,0.2737,v0,clip_vit_b32_image
48298,/mnt/d/Photos/Z8/180-600mm/2026/2026-03-01/DSC_1734.NEF,23266,3,Blue,reject,neutral,0.3773,0.4387,0.6269,0.0682,0.3097,0.7039,0.1503,-0.005,-0.0025,0.0052,-0.0262,-0.008,0.0087,-0.0173,good dynamic range,out of focus,0.2191,0.2268,0.2292,0.2132,0.2141,0.2275,0.2566,0.2242,0.2292,0.2241,0.2394,0.2221,0.2188,0.2739,v0,clip_vit_b32_image
48299,/mnt/d/Photos/Z8/180-600mm/2026/2026-03-01/DSC_1735.NEF,23266,3,Blue,reject,neutral,0.3923,0.4952,0.6402,0.0778,0.3269,0.7342,0.165,-0.0044,-0.0002,0.0058,-0.0247,-0.0072,0.0102,-0.0162,good dynamic range,out of focus,0.2175,0.2266,0.228,0.2131,0.213,0.2258,0.2572,0.2218,0.2268,0.2222,0.2378,0.2203,0.2156,0.2734,v0,clip_vit_b32_image
48300,/mnt/d/Photos/Z8/180-600mm/2026/2026-03-01/DSC_1736.NEF,23266,3,Blue,reject,neutral,0.3446,0.3807,0.5193,0.0706,0.2983,0.7206,0.1332,-0.0064,-0.0049,0.0008,-0.0258,-0.0086,0.0095,-0.0187,good dynamic range,out of focus,0.2174,0.2249,0.2252,0.2129,0.2126,0.226,0.2596,0.2238,0.2298,0.2244,0.2386,0.2211,0.2165,0.2783,v0,clip_vit_b32_image
48301,/mnt/d/Photos/Z8/180-600mm/2026/2026-03-01/DSC_1737.NEF,23266,3,Blue,reject,neutral,0.3149,0.3385,0.4947,0.0577,0.2768,0.6854,0.1216,-0.0078,-0.0067,-0.0002,-0.0279,-0.0096,0.0078,-0.0198,good dynamic range,out of focus,0.2168,0.2248,0.2243,0.2121,0.212,0.225,0.2594,0.2246,0.2315,0.2246,0.2401,0.2216,0.2173,0.2792,v0,clip_vit_b32_image
48302,/mnt/d/Photos/Z8/180-600mm/2026/2026-03-01/DSC_1738.NEF,23266,3,Blue,reject,neutral,0.3542,0.3668,0.5636,0.0726,0.288,0.7378,0.1199,-0.006,-0.0055,0.0026,-0.0255,-0.0091,0.0103,-0.0199,good dynamic range,out of focus,0.2203,0.2285,0.2279,0.2157,0.2138,0.2294,0.2614,0.2263,0.234,0.2253,0.2412,0.2228,0.219,0.2813,v0,clip_vit_b32_image
48303,/mnt/d/Photos/Z8/180-600mm/2026/2026-03-01/DSC_1739.NEF,23266,3,Blue,reject,neutral,0.3745,0.4303,0.5491,0.091,0.3119,0.7563,0.1331,-0.0051,-0.0028,0.002,-0.023,-0.0079,0.0113,-0.0187,good dynamic range,out of focus,0.2198,0.2284,0.2256,0.2162,0.2145,0.2296,0.2624,0.2249,0.2312,0.2237,0.2392,0.2225,0.2183,0.2811,v0,clip_vit_b32_image
48304,/mnt/d/Photos/Z8/180-600mm/2026/2026-03-01/DSC_1740.NEF,23266,3,Blue,reject,neutral,0.3535,0.3907,0.5331,0.0782,0.3061,0.7511,0.1327,-0.006,-0.0044,0.0013,-0.0247,-0.0082,0.011,-0.0188,good dynamic range,out of focus,0.2209,0.2296,0.2277,0.2178,0.2155,0.2305,0.2641,0.2269,0.2341,0.2264,0.2424,0.2237,0.2195,0.2829,v0,clip_vit_b32_image
48305,/mnt/d/Photos/Z8/180-600mm/2026/2026-03-01/DSC_1741.NEF,23266,3,Blue,reject,neutral,0.3741,0.4024,0.5709,0.0578,0.3285,0.7391,0.1522,-0.0051,-0.004,0.0029,-0.0279,-0.0072,0.0104,-0.0172,good dynamic range,out of focus,0.2172,0.2248,0.2265,0.2117,0.2124,0.2262,0.26,0.2223,0.2287,0.2237,0.2396,0.2195,0.2158,0.2772,v0,clip_vit_b32_image
48306,/mnt/d/Photos/Z8/180-600mm/2026/2026-03-01/DSC_1742.NEF,23266,3,Blue,reject,neutral,0.35,0.3843,0.5684,0.0542,0.31,0.7379,0.1419,-0.0062,-0.0047,0.0028,-0.0286,-0.008,0.0104,-0.018,natural colors,out of focus,0.2166,0.2245,0.2268,0.2116,0.2114,0.2256,0.2599,0.2228,0.2292,0.2241,0.2402,0.2194,0.2152,0.2779,v0,clip_vit_b32_image
48307,/mnt/d/Photos/Z8/180-600mm/2026/2026-03-01/DSC_1743.NEF,23266,3,Blue,reject,neutral,0.3688,0.4147,0.5846,0.0644,0.3192,0.7502,0.1592,-0.0054,-0.0034,0.0034,-0.0268,-0.0076,0.011,-0.0166,natural colors,out of focus,0.2153,0.2229,0.2245,0.2109,0.2095,0.2241,0.2581,0.2207,0.2264,0.2211,0.2376,0.2171,0.2131,0.2747,v0,clip_vit_b32_image
48308,/mnt/d/Photos/Z8/180-600mm/2026/2026-03-01/DSC_1744.NEF,23266,3,Blue,reject,neutral,0.3788,0.4191,0.6043,0.0564,0.3437,0.7581,0.1807,-0.0049,-0.0033,0.0042,-0.0282,-0.0065,0.0114,-0.0151,natural colors,out of focus,0.2157,0.2227,0.2247,0.2087,0.2108,0.2254,0.2566,0.2206,0.2259,0.2205,0.2369,0.2173,0.214,0.2718,v0,clip_vit_b32_image
48309,/mnt/d/Photos/Z8/180-600mm/2026/2026-03-01/DSC_1745.NEF,23266,3,Blue,reject,neutral,0.4172,0.4843,0.6241,0.063,0.3497,0.7677,0.1996,-0.0033,-0.0006,0.0051,-0.027,-0.0062,0.012,-0.0139,natural colors,underexposed,0.2163,0.2239,0.2252,0.2089,0.2109,0.2262,0.2571,0.2197,0.2245,0.2201,0.2359,0.2171,0.2143,0.271,v0,clip_vit_b32_image
48310,/mnt/d/Photos/Z8/180-600mm/2026/2026-03-01/DSC_1746.NEF,23266,3,Blue,reject,neutral,0.3991,0.4045,0.6102,0.0662,0.3482,0.7634,0.19,-0.0041,-0.0039,0.0045,-0.0265,-0.0063,0.0117,-0.0145,natural colors,out of focus,0.2172,0.2245,0.2264,0.2118,0.2123,0.2276,0.2583,0.2213,0.2283,0.2219,0.2382,0.2185,0.2159,0.2728,v0,clip_vit_b32_image
48311,/mnt/d/Photos/Z8/180-600mm/2026/2026-03-01/DSC_1747.NEF,23266,3,Blue,reject,neutral,0.3989,0.4959,0.5595,0.0816,0.3475,0.6841,0.1775,-0.0041,-0.0002,0.0024,-0.0242,-0.0063,0.0077,-0.0153,good dynamic range,noisy,0.2206,0.2285,0.2301,0.2155,0.2172,0.2255,0.2615,0.2247,0.2287,0.2277,0.2397,0.2235,0.2178,0.2768,v0,clip_vit_b32_image
48312,/mnt/d/Photos/Z8/180-600mm/2026/2026-03-01/DSC_1748.NEF,23266,3,Blue,reject,neutral,0.408,0.5127,0.6066,0.0712,0.3362,0.7091,0.1652,-0.0037,0.0005,0.0043,-0.0257,-0.0068,0.0089,-0.0162,good dynamic range,noisy,0.2202,0.2281,0.2302,0.2142,0.2157,0.2268,0.2608,0.2239,0.2276,0.2258,0.2399,0.2225,0.2179,0.277,v0,clip_vit_b32_image
48313,/mnt/d/Photos/Z8/180-600mm/2026/2026-03-01/DSC_1749.NEF,23266,3,Blue,reject,neutral,0.3961,0.4111,0.5376,0.0756,0.3255,0.7426,0.1548,-0.0042,-0.0036,0.0015,-0.025,-0.0073,0.0106,-0.017,natural colors,out of focus,0.2208,0.2264,0.2283,0.2157,0.2153,0.2286,0.2624,0.225,0.23,0.2268,0.2407,0.2226,0.218,0.2794,v0,clip_vit_b32_image
48314,/mnt/d/Photos/Z8/180-600mm/2026/2026-03-01/DSC_1750.NEF,23266,3,Blue,reject,neutral,0.3673,0.4173,0.5885,0.0545,0.3254,0.7381,0.1513,-0.0054,-0.0033,0.0036,-0.0285,-0.0073,0.0104,-0.0172,natural colors,out of focus,0.2156,0.222,0.2234,0.2088,0.21,0.2235,0.2551,0.221,0.2253,0.2198,0.2374,0.2173,0.2131,0.2723,v0,clip_vit_b32_image
48315,/mnt/d/Photos/Z8/180-600mm/2026/2026-03-01/DSC_1751.NEF,23266,3,Blue,pick,neutral,0.343,0.3843,0.5523,0.0559,0.3166,0.7504,0.1207,-0.0065,-0.0047,0.0021,-0.0283,-0.0077,0.011,-0.0199,natural colors,out of focus,0.2181,0.2257,0.2261,0.2132,0.2129,0.228,0.2586,0.2246,0.2304,0.224,0.2415,0.2205,0.2169,0.2785,v0,clip_vit_b32_image
48316,/mnt/d/Photos/Z8/180-600mm/2026/2026-03-01/DSC_1752.NEF,23266,3,Blue,reject,neutral,0.3682,0.4298,0.5684,0.0568,0.3137,0.7562,0.1565,-0.0054,-0.0028,0.0028,-0.0281,-0.0078,0.0113,-0.0168,natural colors,out of focus,0.2163,0.2233,0.2229,0.2099,0.2107,0.2253,0.2559,0.2217,0.2262,0.2202,0.238,0.2186,0.214,0.2728,v0,clip_vit_b32_image
48317,/mnt/d/Photos/Z8/180-600mm/2026/2026-03-01/DSC_1753.NEF,23266,3,Blue,reject,neutral,0.3844,0.4659,0.5779,0.0583,0.3139,0.7649,0.1653,-0.0047,-0.0014,0.0031,-0.0278,-0.0078,0.0118,-0.0162,natural colors,out of focus,0.2171,0.2241,0.2238,0.2101,0.2112,0.2266,0.2568,0.2218,0.2254,0.2207,0.2379,0.219,0.2148,0.273,v0,clip_vit_b32_image
48318,/mnt/d/Photos/Z8/180-600mm/2026/2026-03-01/DSC_1754.NEF,23266,3,Blue,pick,neutral,0.3901,0.4418,0.5759,0.064,0.3252,0.7337,0.1517,-0.0045,-0.0023,0.0031,-0.0268,-0.0073,0.0101,-0.0172,good dynamic range,out of focus,0.2178,0.2259,0.2249,0.2123,0.2121,0.2259,0.2587,0.2222,0.2282,0.2219,0.2392,0.2194,0.2157,0.2759,v0,clip_vit_b32_image
48319,/mnt/d/Photos/Z8/180-600mm/2026/2026-03-01/DSC_1755.NEF,23267,3,Blue,reject,neutral,0.4313,0.5939,0.6089,0.0576,0.3342,0.6878,0.2267,-0.0028,0.0038,0.0044,-0.0279,-0.0069,0.0079,-0.0123,good dynamic range,noisy,0.2147,0.2207,0.2227,0.2029,0.2093,0.2179,0.2483,0.2175,0.2169,0.2182,0.2308,0.2162,0.21,0.2606,v0,clip_vit_b32_image
48320,/mnt/d/Photos/Z8/180-600mm/2026/2026-03-01/DSC_1756.NEF,23267,3,Blue,reject,neutral,0.4227,0.6128,0.6144,0.0566,0.342,0.6931,0.222,-0.0031,0.0046,0.0047,-0.0281,-0.0065,0.0081,-0.0125,good dynamic range,noisy,0.2129,0.2196,0.2211,0.2012,0.2079,0.2167,0.2469,0.216,0.215,0.2165,0.2293,0.2144,0.2085,0.2594,v0,clip_vit_b32_image
48321,/mnt/d/Photos/Z8/180-600mm/2026/2026-03-01/DSC_1757.NEF,23267,3,Blue,pick,neutral,0.4542,0.5977,0.6065,0.0587,0.38,0.7029,0.2707,-0.0018,0.004,0.0043,-0.0278,-0.0049,0.0086,-0.0099,good dynamic range,noisy,0.2125,0.2165,0.2191,0.1992,0.2077,0.2146,0.2447,0.2144,0.2125,0.2148,0.227,0.2126,0.206,0.2546,v0,clip_vit_b32_image
48322,/mnt/d/Photos/Z8/180-600mm/2026/2026-03-01/DSC_1758.NEF,23267,3,Blue,pick,neutral,0.4441,0.5474,0.5969,0.0551,0.3381,0.6858,0.2454,-0.0022,0.0019,0.0039,-0.0284,-0.0067,0.0078,-0.0112,good dynamic range,noisy,0.2156,0.2197,0.2235,0.203,0.2091,0.218,0.2444,0.2178,0.2178,0.2196,0.2314,0.2158,0.2101,0.2556,v0,clip_vit_b32_image
48323,/mnt/d/Photos/Z8/180-600mm/2026/2026-03-01/DSC_1759.NEF,23267,3,Blue,pick,neutral,0.4187,0.5738,0.6149,0.0664,0.3161,0.6625,0.2189,-0.0033,0.003,0.0047,-0.0264,-0.0077,0.0067,-0.0127,good dynamic range,misfocused,0.2149,0.2216,0.2231,0.2039,0.2107,0.2184,0.2525,0.2182,0.2186,0.2184,0.2304,0.2185,0.2117,0.2652,v0,clip_vit_b32_image
48324,/mnt/d/Photos/Z8/180-600mm/2026/2026-03-01/DSC_1760.NEF,23267,3,Blue,reject,neutral,0.4434,0.601,0.6596,0.0903,0.3172,0.6506,0.2618,-0.0023,0.0041,0.0066,-0.0231,-0.0077,0.0062,-0.0104,natural colors,underexposed,0.2127,0.2176,0.221,0.2004,0.2098,0.2155,0.2501,0.215,0.2135,0.2144,0.2235,0.2175,0.2092,0.2605,v0,clip_vit_b32_image
48325,/mnt/d/Photos/Z8/180-600mm/2026/2026-03-01/DSC_1761.NEF,23267,3,Blue,reject,neutral,0.4561,0.5671,0.6575,0.1024,0.3952,0.6682,0.2393,-0.0018,0.0027,0.0065,-0.0217,-0.0043,0.007,-0.0116,good dynamic range,misfocused,0.2154,0.2185,0.2221,0.2031,0.2142,0.2185,0.25,0.2172,0.2158,0.2156,0.2248,0.2185,0.2115,0.2616,v0,clip_vit_b32_image
48326,/mnt/d/Photos/Z8/180-600mm/2026/2026-03-01/DSC_1762.NEF,23267,3,Blue,reject,neutral,0.4701,0.5803,0.6658,0.1134,0.3559,0.645,0.2569,-0.0012,0.0032,0.0069,-0.0206,-0.0059,0.006,-0.0106,good dynamic range,misfocused,0.2167,0.2196,0.2245,0.2042,0.2131,0.2182,0.2501,0.2179,0.2164,0.2176,0.2248,0.219,0.2122,0.2607,v0,clip_vit_b32_image
48327,/mnt/d/Photos/Z8/180-600mm/2026/2026-03-01/DSC_1763.NEF,23268,3,Blue,reject,neutral,0.4076,0.5301,0.579,0.0923,0.334,0.697,0.1428,-0.0037,0.0012,0.0032,-0.0229,-0.0069,0.0083,-0.0179,good dynamic range,underexposed,0.2171,0.2246,0.2235,0.2086,0.2143,0.2236,0.2562,0.2208,0.2234,0.2203,0.2315,0.2212,0.2153,0.2741,v0,clip_vit_b32_image
48328,/mnt/d/Photos/Z8/180-600mm/2026/2026-03-01/DSC_1764.NEF,23268,3,Blue,reject,neutral,0.3731,0.493,0.6006,0.0635,0.3587,0.6828,0.1315,-0.0052,-0.0003,0.0041,-0.0269,-0.0058,0.0077,-0.0189,good dynamic range,misfocused,0.2141,0.221,0.2217,0.2055,0.2122,0.2202,0.2556,0.2192,0.2213,0.2176,0.2324,0.2181,0.2126,0.2745,v0,clip_vit_b32_image
48329,/mnt/d/Photos/Z8/180-600mm/2026/2026-03-01/DSC_1765.NEF,23268,3,Blue,reject,neutral,0.3597,0.5079,0.5608,0.049,0.3333,0.6858,0.1241,-0.0058,0.0003,0.0024,-0.0297,-0.0069,0.0078,-0.0195,good dynamic range,noisy,0.2136,0.2221,0.2203,0.2058,0.21,0.2212,0.2539,0.2193,0.2218,0.2179,0.2355,0.217,0.2134,0.2735,v0,clip_vit_b32_image
48330,/mnt/d/Photos/Z8/180-600mm/2026/2026-03-01/DSC_1766.NEF,23268,3,Blue,reject,neutral,0.417,0.5813,0.6308,0.0608,0.3441,0.7262,0.167,-0.0034,0.0033,0.0054,-0.0274,-0.0065,0.0098,-0.0161,natural colors,underexposed,0.2119,0.2205,0.2195,0.2046,0.2072,0.2194,0.2532,0.2153,0.2172,0.2142,0.232,0.2136,0.2097,0.2693,v0,clip_vit_b32_image
48331,/mnt/d/Photos/Z8/180-600mm/2026/2026-03-01/DSC_1767.NEF,23268,3,Blue,reject,neutral,0.4369,0.6322,0.6097,0.0717,0.3698,0.7176,0.1802,-0.0025,0.0054,0.0045,-0.0256,-0.0053,0.0093,-0.0152,natural colors,underexposed,0.2116,0.2197,0.2178,0.204,0.2079,0.2186,0.2511,0.2141,0.2143,0.2133,0.2296,0.2132,0.2092,0.2662,v0,clip_vit_b32_image
48332,/mnt/d/Photos/Z8/180-600mm/2026/2026-03-01/DSC_1768.NEF,23268,3,Blue,reject,neutral,0.4131,0.5662,0.6017,0.0857,0.3752,0.7117,0.1873,-0.0035,0.0027,0.0041,-0.0237,-0.0051,0.009,-0.0147,good dynamic range,underexposed,0.2121,0.2194,0.2184,0.2039,0.2093,0.2182,0.2535,0.2156,0.2167,0.2143,0.2276,0.2144,0.2092,0.2682,v0,clip_vit_b32_image
48333,/mnt/d/Photos/Z8/180-600mm/2026/2026-03-01/DSC_1769.NEF,23268,3,Blue,reject,neutral,0.4845,0.5744,0.6157,0.1337,0.3789,0.691,0.2662,-0.0006,0.003,0.0047,-0.0187,-0.0049,0.008,-0.0101,good dynamic range,misfocused,0.2161,0.2203,0.2205,0.2065,0.2131,0.2201,0.2538,0.2167,0.2173,0.2158,0.2252,0.218,0.2121,0.2639,v0,clip_vit_b32_image
48334,/mnt/d/Photos/Z8/180-600mm/2026/2026-03-01/DSC_1770.NEF,23268,3,Blue,pick,neutral,0.4899,0.621,0.6397,0.112,0.4313,0.7449,0.2636,-0.0004,0.0049,0.0057,-0.0207,-0.0028,0.0107,-0.0103,natural colors,underexposed,0.2132,0.2194,0.2186,0.2057,0.2115,0.2186,0.2529,0.2136,0.2144,0.2128,0.2264,0.2143,0.2079,0.2631,v0,clip_vit_b32_image
48335,/mnt/d/Photos/Z8/180-600mm/2026/2026-03-01/DSC_1771.NEF,23268,3,Blue,reject,neutral,0.5043,0.6151,0.6463,0.1405,0.3865,0.6751,0.2296,0.0002,0.0047,0.006,-0.0181,-0.0046,0.0073,-0.0121,good dynamic range,underexposed,0.2182,0.2226,0.2231,0.2098,0.2162,0.2214,0.2541,0.218,0.2179,0.2171,0.2279,0.2208,0.2141,0.2662,v0,clip_vit_b32_image
48336,/mnt/d/Photos/Z8/180-600mm/2026/2026-03-01/DSC_1772.NEF,23268,3,Blue,reject,neutral,0.4465,0.5606,0.6312,0.123,0.3819,0.7091,0.2185,-0.0021,0.0024,0.0054,-0.0196,-0.0048,0.0089,-0.0127,good dynamic range,underexposed,0.214,0.2187,0.2184,0.2057,0.2127,0.2184,0.2543,0.2161,0.2163,0.213,0.2253,0.2175,0.2095,0.267,v0,clip_vit_b32_image
48337,/mnt/d/Photos/Z8/180-600mm/2026/2026-03-01/DSC_1773.NEF,23268,3,Blue,pick,neutral,0.4965,0.6008,0.6316,0.1322,0.385,0.7187,0.2256,-0.0001,0.0041,0.0054,-0.0188,-0.0047,0.0094,-0.0123,good dynamic range,underexposed,0.2184,0.2229,0.2219,0.2103,0.2144,0.2236,0.255,0.2186,0.2188,0.2165,0.2291,0.2191,0.2142,0.2673,v0,clip_vit_b32_image
48338,/mnt/d/Photos/Z8/180-600mm/2026/2026-03-01/DSC_1774.NEF,23268,3,Blue,reject,neutral,0.4422,0.5617,0.6124,0.1102,0.3741,0.7079,0.2293,-0.0023,0.0025,0.0046,-0.0209,-0.0051,0.0089,-0.0121,good dynamic range,underexposed,0.2164,0.2214,0.222,0.2083,0.2138,0.2223,0.2564,0.2187,0.2189,0.2174,0.2292,0.219,0.2134,0.2685,v0,clip_vit_b32_image
48339,/mnt/d/Photos/Z8/180-600mm/2026/2026-03-01/DSC_1775.NEF,23268,3,Blue,pick,neutral,0.4583,0.5478,0.6162,0.1144,0.3771,0.6831,0.2023,-0.0017,0.0019,0.0047,-0.0205,-0.005,0.0077,-0.0137,good dynamic range,underexposed,0.2193,0.2238,0.2247,0.2108,0.2173,0.2239,0.2552,0.221,0.2219,0.22,0.2313,0.2223,0.2162,0.2689,v0,clip_vit_b32_image
48340,/mnt/d/Photos/Z8/180-600mm/2026/2026-03-01/DSC_1776.NEF,23268,3,Blue,reject,neutral,0.4697,0.5955,0.6543,0.0998,0.4086,0.7068,0.2221,-0.0012,0.0039,0.0064,-0.022,-0.0037,0.0088,-0.0125,good dynamic range,underexposed,0.2146,0.2194,0.2189,0.2036,0.2136,0.2188,0.2499,0.2158,0.2156,0.2126,0.2256,0.2173,0.21,0.2625,v0,clip_vit_b32_image
48341,/mnt/d/Photos/Z8/180-600mm/2026/2026-03-01/DSC_1777.NEF,23268,3,Blue,reject,neutral,0.4561,0.6256,0.6274,0.0958,0.3938,0.6913,0.1981,-0.0018,0.0051,0.0052,-0.0224,-0.0043,0.0081,-0.014,good dynamic range,misfocused,0.214,0.2213,0.2183,0.2037,0.2138,0.219,0.2529,0.2158,0.2161,0.2131,0.2262,0.2181,0.2109,0.2669,v0,clip_vit_b32_image
48342,/mnt/d/Photos/Z8/180-600mm/2026/2026-03-01/DSC_1778.NEF,23269,3,Blue,reject,neutral,0.4194,0.5515,0.6118,0.114,0.4222,0.7988,0.2076,-0.0033,0.0021,0.0046,-0.0205,-0.0031,0.0138,-0.0134,natural colors,noisy,0.2135,0.2193,0.2173,0.2077,0.2114,0.2204,0.2574,0.2168,0.2172,0.2128,0.2282,0.2145,0.2066,0.2708,v0,clip_vit_b32_image
48343,/mnt/d/Photos/Z8/180-600mm/2026/2026-03-01/DSC_1779.NEF,23269,3,Blue,reject,neutral,0.3772,0.5088,0.5791,0.0834,0.3963,0.7607,0.1869,-0.005,0.0004,0.0032,-0.024,-0.0042,0.0116,-0.0147,natural colors,misfocused,0.2111,0.2182,0.2149,0.2042,0.2074,0.2163,0.2552,0.2161,0.2178,0.2117,0.2282,0.2116,0.2048,0.2699,v0,clip_vit_b32_image
48344,/mnt/d/Photos/Z8/180-600mm/2026/2026-03-01/DSC_1780.NEF,23269,3,Blue,reject,neutral,0.3592,0.4836,0.5446,0.0843,0.3736,0.7681,0.1731,-0.0058,-0.0007,0.0018,-0.0239,-0.0052,0.012,-0.0156,natural colors,out of focus,0.2116,0.2189,0.2144,0.2063,0.207,0.2191,0.2552,0.2174,0.2195,0.2126,0.2302,0.2122,0.2071,0.2708,v0,clip_vit_b32_image
48345,/mnt/d/Photos/Z8/180-600mm/2026/2026-03-01/DSC_1781.NEF,23269,3,Blue,pick,neutral,0.3731,0.4859,0.5295,0.0857,0.3978,0.8035,0.1977,-0.0052,-0.0006,0.0012,-0.0237,-0.0041,0.0141,-0.014,natural colors,underexposed,0.214,0.2214,0.2177,0.209,0.2117,0.2241,0.258,0.2192,0.222,0.2166,0.2326,0.2158,0.21,0.272,v0,clip_vit_b32_image
48346,/mnt/d/Photos/Z8/180-600mm/2026/2026-03-01/DSC_1782.NEF,23269,3,Blue,pick,neutral,0.4261,0.5644,0.5193,0.0882,0.4177,0.8083,0.2323,-0.003,0.0026,0.0008,-0.0234,-0.0033,0.0144,-0.012,natural colors,underexposed,0.2144,0.2226,0.2173,0.2101,0.2112,0.2242,0.2592,0.2174,0.22,0.2165,0.2335,0.2145,0.2098,0.2711,v0,clip_vit_b32_image
48347,/mnt/d/Photos/Z8/180-600mm/2026/2026-03-01/DSC_1783.NEF,23269,3,Blue,pick,neutral,0.3867,0.5226,0.5486,0.0557,0.3681,0.7748,0.2109,-0.0046,0.0009,0.0019,-0.0283,-0.0054,0.0124,-0.0132,natural colors,out of focus,0.2129,0.2208,0.2188,0.204,0.2097,0.222,0.2562,0.2176,0.2198,0.2169,0.2323,0.2151,0.2096,0.2694,v0,clip_vit_b32_image
48348,/mnt/d/Photos/Z8/180-600mm/2026/2026-03-01/DSC_1784.NEF,23270,3,Blue,pick,neutral,0.3847,0.4882,0.6047,0.0661,0.3748,0.7174,0.1584,-0.0047,-0.0005,0.0043,-0.0265,-0.0051,0.0093,-0.0167,good dynamic range,misfocused,0.2088,0.2162,0.2142,0.1989,0.2054,0.2131,0.2526,0.2135,0.2167,0.21,0.2254,0.2105,0.2038,0.2693,v0,clip_vit_b32_image
48349,/mnt/d/Photos/Z8/180-600mm/2026/2026-03-01/DSC_1785.NEF,23270,3,Blue,reject,neutral,0.367,0.4801,0.5968,0.0686,0.3656,0.7404,0.1434,-0.0055,-0.0008,0.0039,-0.0261,-0.0055,0.0105,-0.0179,natural colors,misfocused,0.2087,0.217,0.2138,0.2004,0.2045,0.2149,0.253,0.2141,0.2178,0.2099,0.2265,0.21,0.2044,0.2709,v0,clip_vit_b32_image
48350,/mnt/d/Photos/Z8/180-600mm/2026/2026-03-01/DSC_1786.NEF,23270,3,Blue,reject,neutral,0.3342,0.4235,0.567,0.054,0.3339,0.7489,0.1476,-0.0069,-0.0031,0.0027,-0.0286,-0.0069,0.0109,-0.0175,natural colors,misfocused,0.2102,0.2184,0.2163,0.202,0.2055,0.2171,0.2531,0.2171,0.2215,0.2136,0.2306,0.2124,0.2061,0.2707,v0,clip_vit_b32_image
48351,/mnt/d/Photos/Z8/180-600mm/2026/2026-03-01/DSC_1787.NEF,23270,3,Blue,reject,neutral,0.3892,0.5021,0.6137,0.069,0.3654,0.7466,0.1911,-0.0045,0.0001,0.0046,-0.026,-0.0055,0.0108,-0.0144,natural colors,misfocused,0.2114,0.2183,0.2166,0.2009,0.208,0.2159,0.2536,0.2159,0.2183,0.212,0.227,0.2135,0.2051,0.268,v0,clip_vit_b32_image
48352,/mnt/d/Photos/Z8/180-600mm/2026/2026-03-01/DSC_1788.NEF,23270,3,Blue,pick,neutral,0.3709,0.4635,0.6135,0.0683,0.3954,0.747,0.1748,-0.0053,-0.0015,0.0046,-0.0261,-0.0042,0.0108,-0.0155,natural colors,misfocused,0.2091,0.2159,0.213,0.1983,0.2063,0.2137,0.2511,0.2144,0.2174,0.2084,0.2245,0.2105,0.2028,0.2666,v0,clip_vit_b32_image
48353,/mnt/d/Photos/Z8/180-600mm/2026/2026-03-01/DSC_1789.NEF,23270,3,Blue,pick,neutral,0.4097,0.4793,0.6038,0.0718,0.363,0.6947,0.212,-0.0037,-0.0008,0.0042,-0.0256,-0.0056,0.0082,-0.0131,natural colors,misfocused,0.2143,0.2202,0.2204,0.2032,0.2105,0.2178,0.2504,0.218,0.221,0.2162,0.2288,0.2161,0.2096,0.2636,v0,clip_vit_b32_image
48354,/mnt/d/Photos/Z8/180-600mm/2026/2026-03-01/DSC_1790.NEF,23268,3,Blue,pick,neutral,0.4743,0.5549,0.6271,0.0825,0.4253,0.7117,0.2378,-0.001,0.0022,0.0052,-0.0241,-0.003,0.009,-0.0116,good dynamic range,noisy,0.2155,0.2224,0.2235,0.2077,0.2124,0.2203,0.2563,0.2165,0.2202,0.2183,0.2317,0.2154,0.2112,0.2679,v0,clip_vit_b32_image
48355,/mnt/d/Photos/Z8/180-600mm/2026/2026-03-01/DSC_1791.NEF,23268,3,Blue,pick,neutral,0.4427,0.5159,0.6283,0.0795,0.3692,0.7161,0.1825,-0.0023,0.0006,0.0052,-0.0245,-0.0054,0.0093,-0.015,good dynamic range,noisy,0.2165,0.2242,0.2259,0.2099,0.212,0.2229,0.258,0.2188,0.2236,0.2207,0.2344,0.2173,0.2137,0.273,v0,clip_vit_b32_image
48356,/mnt/d/Photos/Z8/180-600mm/2026/2026-03-01/DSC_1792.NEF,23268,3,Blue,pick,neutral,0.424,0.5113,0.6012,0.0654,0.3685,0.714,0.2046,-0.0031,0.0005,0.0041,-0.0266,-0.0054,0.0092,-0.0136,natural colors,underexposed,0.2155,0.2215,0.2251,0.207,0.2119,0.2227,0.2539,0.2186,0.2211,0.221,0.2336,0.2173,0.2135,0.2675,v0,clip_vit_b32_image
48357,/mnt/d/Photos/Z8/180-600mm/2026/2026-03-01/DSC_1793.NEF,23271,4,Blue,pick,picked,0.4811,0.6571,0.683,0.2103,0.3785,0.8359,0.2408,-0.0008,0.0065,0.0077,-0.0132,-0.005,0.0163,-0.0115,natural colors,noisy,0.2072,0.2178,0.2145,0.2082,0.201,0.2188,0.2586,0.208,0.2113,0.2068,0.2214,0.206,0.2025,0.2701,v0,clip_vit_b32_image
48358,/mnt/d/Photos/Z8/180-600mm/2026/2026-03-01/DSC_1794.NEF,23271,4,Blue,reject,picked,0.4672,0.618,0.6641,0.2065,0.3826,0.823,0.2478,-0.0013,0.0048,0.0068,-0.0135,-0.0048,0.0154,-0.0111,natural colors,noisy,0.2071,0.2164,0.2139,0.2073,0.2021,0.2179,0.2591,0.2085,0.2116,0.2071,0.2208,0.2069,0.2025,0.2702,v0,clip_vit_b32_image
48359,/mnt/d/Photos/Z8/180-600mm/2026/2026-03-01/DSC_1795.NEF,23271,3,Blue,reject,neutral,0.4118,0.543,0.6475,0.1462,0.394,0.8173,0.2207,-0.0036,0.0017,0.0061,-0.0177,-0.0043,0.015,-0.0126,natural colors,noisy,0.2052,0.2138,0.2113,0.2037,0.2013,0.216,0.2541,0.2088,0.2121,0.2053,0.2214,0.2056,0.201,0.2667,v0,clip_vit_b32_image
48360,/mnt/d/Photos/Z8/180-600mm/2026/2026-03-01/DSC_1796.NEF,23271,4,Blue,reject,picked,0.439,0.5832,0.6915,0.1688,0.3835,0.8423,0.2306,-0.0025,0.0034,0.0081,-0.0159,-0.0047,0.0168,-0.012,natural colors,noisy,0.2051,0.2152,0.2125,0.204,0.1999,0.2168,0.2567,0.2076,0.2119,0.2044,0.2199,0.2046,0.2001,0.2687,v0,clip_vit_b32_image
48361,/mnt/d/Photos/Z8/180-600mm/2026/2026-03-01/DSC_1797.NEF,23271,3,Blue,reject,neutral,0.4471,0.6291,0.6467,0.1859,0.4012,0.8232,0.2382,-0.0021,0.0053,0.006,-0.0148,-0.004,0.0154,-0.0116,natural colors,noisy,0.2034,0.2115,0.2073,0.2024,0.1971,0.2128,0.253,0.2055,0.2062,0.2013,0.2172,0.2011,0.1975,0.2646,v0,clip_vit_b32_image
48362,/mnt/d/Photos/Z8/180-600mm/2026/2026-03-01/DSC_1798.NEF,23271,3,Blue,reject,neutral,0.4577,0.6476,0.6348,0.2103,0.4014,0.8221,0.2401,-0.0017,0.0061,0.0055,-0.0132,-0.004,0.0153,-0.0115,natural colors,underexposed,0.2045,0.2127,0.2089,0.2035,0.1992,0.2134,0.2554,0.2061,0.2066,0.2034,0.2168,0.2032,0.1981,0.2669,v0,clip_vit_b32_image
48363,/mnt/d/Photos/Z8/180-600mm/2026/2026-03-01/DSC_1799.NEF,23271,4,Blue,reject,picked,0.4323,0.6047,0.6531,0.1863,0.3846,0.8172,0.2197,-0.0027,0.0043,0.0063,-0.0147,-0.0047,0.015,-0.0127,natural colors,underexposed,0.2056,0.2141,0.2109,0.2054,0.2004,0.2154,0.2563,0.2084,0.2098,0.2046,0.2201,0.2051,0.2004,0.269,v0,clip_vit_b32_image
48364,/mnt/d/Photos/Z8/180-600mm/2026/2026-03-01/DSC_1800.NEF,23271,3,Blue,reject,neutral,0.4575,0.6397,0.7031,0.183,0.3926,0.8188,0.2286,-0.0017,0.0057,0.0086,-0.015,-0.0044,0.0151,-0.0122,natural colors,noisy,0.2057,0.2154,0.2123,0.2048,0.201,0.2163,0.2555,0.2074,0.2097,0.2037,0.2198,0.2053,0.2012,0.2677,v0,clip_vit_b32_image
48365,/mnt/d/Photos/Z8/180-600mm/2026/2026-03-01/DSC_1801.NEF,23271,3,Blue,reject,neutral,0.397,0.5102,0.6355,0.1692,0.4081,0.8004,0.2347,-0.0042,0.0004,0.0056,-0.0159,-0.0037,0.0139,-0.0118,natural colors,noisy,0.2041,0.2101,0.2083,0.202,0.2002,0.2129,0.2509,0.2083,0.2096,0.2028,0.2179,0.2039,0.199,0.2627,v0,clip_vit_b32_image
48366,/mnt/d/Photos/Z8/180-600mm/2026/2026-03-01/DSC_1802.NEF,23271,3,Blue,reject,neutral,0.4015,0.5078,0.6412,0.1861,0.4193,0.7992,0.236,-0.004,0.0003,0.0058,-0.0148,-0.0033,0.0138,-0.0117,natural colors,noisy,0.2062,0.2119,0.2106,0.2042,0.2029,0.2143,0.2524,0.2102,0.2116,0.2048,0.2189,0.2061,0.2005,0.2641,v0,clip_vit_b32_image
48367,/mnt/d/Photos/Z8/180-600mm/2026/2026-03-01/DSC_1803.NEF,23271,4,Blue,pick,picked,0.4059,0.5547,0.6062,0.1615,0.399,0.7936,0.2123,-0.0038,0.0022,0.0043,-0.0165,-0.0041,0.0135,-0.0131,natural colors,underexposed,0.2037,0.2103,0.208,0.2016,0.1997,0.2132,0.2518,0.2075,0.2081,0.2036,0.2181,0.2038,0.1998,0.2649,v0,clip_vit_b32_image
48368,/mnt/d/Photos/Z8/180-600mm/2026/2026-03-01/DSC_1804.NEF,23271,4,Blue,pick,picked,0.3866,0.5326,0.5942,0.1484,0.3965,0.7926,0.1883,-0.0046,0.0013,0.0038,-0.0175,-0.0042,0.0134,-0.0146,natural colors,out of focus,0.2039,0.2116,0.2077,0.2018,0.2,0.2136,0.2533,0.2085,0.2103,0.2039,0.2193,0.2042,0.2002,0.2679,v0,clip_vit_b32_image
48369,/mnt/d/Photos/Z8/180-600mm/2026/2026-03-01/DSC_1805.NEF,23272,4,Blue,reject,picked,0.3679,0.484,0.7399,0.0923,0.3108,0.6913,0.1091,-0.0054,-0.0006,0.0105,-0.0229,-0.008,0.0081,-0.021,natural colors,noisy,0.2078,0.2166,0.2199,0.2034,0.2063,0.2155,0.2504,0.2132,0.2173,0.2095,0.2263,0.2143,0.2074,0.2714,v0,clip_vit_b32_image
48370,/mnt/d/Photos/Z8/180-600mm/2026/2026-03-01/DSC_1806.NEF,23272,4,Blue,reject,picked,0.4138,0.5712,0.7282,0.0897,0.3441,0.7305,0.164,-0.0035,0.0029,0.0099,-0.0232,-0.0064,0.01,-0.0163,natural colors,noisy,0.204,0.2125,0.2138,0.1988,0.2024,0.2127,0.2476,0.2075,0.2096,0.2039,0.222,0.2088,0.2028,0.2639,v0,clip_vit_b32_image
48371,/mnt/d/Photos/Z8/180-600mm/2026/2026-03-01/DSC_1807.NEF,23272,4,Blue,reject,picked,0.3919,0.4788,0.717,0.1081,0.3514,0.72,0.1541,-0.0044,-0.0008,0.0093,-0.0211,-0.0061,0.0094,-0.017,natural colors,noisy,0.2081,0.2153,0.2187,0.2035,0.2072,0.2157,0.2514,0.2125,0.2161,0.2094,0.2246,0.2134,0.2063,0.2684,v0,clip_vit_b32_image
48372,/mnt/d/Photos/Z8/180-600mm/2026/2026-03-01/DSC_1808.NEF,23272,4,Blue,pick,picked,0.4793,0.6008,0.7665,0.0991,0.4197,0.7682,0.1613,-0.0008,0.0041,0.0119,-0.0221,-0.0032,0.012,-0.0165,natural colors,noisy,0.2091,0.216,0.2196,0.2029,0.2075,0.2175,0.2442,0.2099,0.212,0.2077,0.225,0.2107,0.2056,0.2607,v0,clip_vit_b32_image
48373,/mnt/d/Photos/Z8/180-600mm/2026/2026-03-01/DSC_1809.NEF,23272,4,Blue,reject,picked,0.4525,0.5875,0.7296,0.0764,0.3936,0.7715,0.1282,-0.0019,0.0035,0.0099,-0.0249,-0.0043,0.0122,-0.0192,natural colors,noisy,0.2057,0.2123,0.2139,0.1983,0.2037,0.216,0.2377,0.2076,0.2088,0.2039,0.2232,0.2081,0.2038,0.2569,v0,clip_vit_b32_image
48374,/mnt/d/Photos/Z8/180-600mm/2026/2026-03-01/DSC_1810.NEF,23272,4,Blue,reject,picked,0.4537,0.611,0.7237,0.1175,0.4383,0.7985,0.1179,-0.0019,0.0045,0.0096,-0.0202,-0.0025,0.0138,-0.0201,natural colors,noisy,0.2099,0.217,0.2182,0.205,0.2082,0.2191,0.2406,0.2118,0.2125,0.2085,0.2251,0.2106,0.2053,0.2607,v0,clip_vit_b32_image
48375,/mnt/d/Photos/Z8/180-600mm/2026/2026-03-01/DSC_1811.NEF,23272,4,Blue,pick,picked,0.435,0.5678,0.7328,0.109,0.4438,0.8189,0.1156,-0.0026,0.0027,0.0101,-0.021,-0.0023,0.0151,-0.0203,natural colors,noisy,0.2072,0.2145,0.2155,0.202,0.2062,0.2178,0.2378,0.2098,0.2118,0.2054,0.2231,0.2085,0.2027,0.2581,v0,clip_vit_b32_image
48376,/mnt/d/Photos/Z8/180-600mm/2026/2026-03-01/DSC_1812.NEF,23272,4,Blue,reject,picked,0.418,0.5314,0.7366,0.1053,0.4146,0.7907,0.112,-0.0033,0.0013,0.0103,-0.0214,-0.0034,0.0133,-0.0207,good dynamic range,noisy,0.2109,0.2179,0.2205,0.205,0.2097,0.2206,0.2453,0.2142,0.2167,0.2103,0.2264,0.2131,0.2073,0.266,v0,clip_vit_b32_image
48377,/mnt/d/Photos/Z8/180-600mm/2026/2026-03-01/DSC_1813.NEF,23272,4,Blue,reject,picked,0.3706,0.4537,0.7241,0.0874,0.4402,0.7409,0.1277,-0.0053,-0.0019,0.0096,-0.0235,-0.0024,0.0105,-0.0192,natural colors,noisy,0.2049,0.2086,0.2128,0.1971,0.2061,0.2128,0.2354,0.2102,0.2105,0.2032,0.2206,0.2085,0.2023,0.2546,v0,clip_vit_b32_image
48378,/mnt/d/Photos/Z8/180-600mm/2026/2026-03-01/DSC_1814.NEF,23272,4,Blue,reject,picked,0.4709,0.5636,0.7478,0.1444,0.4203,0.7402,0.1904,-0.0012,0.0026,0.0109,-0.0178,-0.0032,0.0105,-0.0145,natural colors,noisy,0.2128,0.2174,0.2203,0.2045,0.2118,0.219,0.2454,0.214,0.2148,0.2095,0.2223,0.215,0.2086,0.2599,v0,clip_vit_b32_image
48379,/mnt/d/Photos/Z8/180-600mm/2026/2026-03-01/DSC_1815.NEF,23272,4,Blue,reject,picked,0.4494,0.5923,0.7268,0.1253,0.3881,0.7489,0.1653,-0.002,0.0037,0.0098,-0.0194,-0.0046,0.0109,-0.0162,natural colors,noisy,0.2139,0.2217,0.2227,0.2076,0.2142,0.2232,0.2525,0.2159,0.218,0.213,0.227,0.2188,0.2122,0.2687,v0,clip_vit_b32_image
48380,/mnt/d/Photos/Z8/180-600mm/2026/2026-03-01/DSC_1816.NEF,23272,4,Blue,reject,picked,0.4243,0.5765,0.7258,0.1144,0.3828,0.7341,0.144,-0.003,0.0031,0.0097,-0.0205,-0.0048,0.0102,-0.0178,natural colors,noisy,0.2109,0.219,0.2197,0.2053,0.2105,0.2196,0.2493,0.2139,0.216,0.21,0.2258,0.2153,0.2095,0.2671,v0,clip_vit_b32_image
48381,/mnt/d/Photos/Z8/180-600mm/2026/2026-03-01/DSC_1817.NEF,23272,4,Blue,reject,picked,0.4607,0.5755,0.7615,0.1487,0.3818,0.7567,0.1677,-0.0016,0.003,0.0116,-0.0174,-0.0048,0.0113,-0.016,natural colors,noisy,0.2133,0.2206,0.223,0.2073,0.2113,0.2211,0.25,0.2149,0.2176,0.2114,0.2248,0.2162,0.2097,0.266,v0,clip_vit_b32_image
48382,/mnt/d/Photos/Z8/180-600mm/2026/2026-03-01/DSC_1818.NEF,23272,4,Blue,reject,picked,0.4399,0.5689,0.7411,0.1273,0.3799,0.7314,0.1555,-0.0024,0.0028,0.0105,-0.0192,-0.0049,0.01,-0.0169,natural colors,noisy,0.2107,0.219,0.221,0.2053,0.2093,0.2187,0.2498,0.2131,0.2163,0.2105,0.2246,0.2142,0.2087,0.2667,v0,clip_vit_b32_image
48383,/mnt/d/Photos/Z8/180-600mm/2026/2026-03-01/DSC_1819.NEF,23272,4,Blue,reject,picked,0.4589,0.5754,0.7257,0.1405,0.3754,0.7339,0.1695,-0.0016,0.003,0.0097,-0.0181,-0.0051,0.0101,-0.0159,natural colors,noisy,0.2133,0.2209,0.2222,0.2073,0.2108,0.2206,0.2522,0.215,0.2178,0.2125,0.2254,0.2159,0.2105,0.2681,v0,clip_vit_b32_image
48384,/mnt/d/Photos/Z8/180-600mm/2026/2026-03-01/DSC_1820.NEF,23272,4,Blue,reject,picked,0.4041,0.5679,0.7326,0.0794,0.3906,0.7477,0.1197,-0.0039,0.0027,0.0101,-0.0245,-0.0044,0.0109,-0.02,natural colors,noisy,0.2059,0.2131,0.2173,0.1984,0.2053,0.2153,0.24,0.2098,0.2103,0.2073,0.2229,0.2098,0.2044,0.2599,v0,clip_vit_b32_image
48385,/mnt/d/Photos/Z8/180-600mm/2026/2026-03-01/DSC_1821.NEF,23272,4,Blue,reject,picked,0.4386,0.5943,0.7631,0.0856,0.4113,0.7748,0.1451,-0.0025,0.0038,0.0117,-0.0237,-0.0036,0.0124,-0.0177,natural colors,noisy,0.208,0.2147,0.2198,0.2002,0.2072,0.2174,0.2423,0.2105,0.2109,0.2081,0.2239,0.2108,0.2051,0.26,v0,clip_vit_b32_image
48386,/mnt/d/Photos/Z8/180-600mm/2026/2026-03-01/DSC_1822.NEF,23272,4,Blue,reject,picked,0.39,0.5693,0.7537,0.083,0.3444,0.7496,0.1415,-0.0045,0.0028,0.0112,-0.024,-0.0064,0.011,-0.018,natural colors,noisy,0.2059,0.2167,0.2196,0.2008,0.2026,0.2151,0.249,0.2104,0.214,0.2084,0.2248,0.209,0.2041,0.2671,v0,clip_vit_b32_image
48387,/mnt/d/Photos/Z8/180-600mm/2026/2026-03-01/DSC_1823.NEF,23272,4,Blue,reject,picked,0.4596,0.5837,0.7234,0.0973,0.4078,0.7418,0.2297,-0.0016,0.0034,0.0096,-0.0223,-0.0037,0.0106,-0.0121,natural colors,noisy,0.2076,0.2148,0.2174,0.2009,0.2042,0.2143,0.2494,0.2092,0.2114,0.2078,0.2231,0.2079,0.2037,0.2615,v0,clip_vit_b32_image
48388,/mnt/d/Photos/Z8/180-600mm/2026/2026-03-01/DSC_1824.NEF,23272,4,Blue,reject,picked,0.4312,0.6157,0.7432,0.0983,0.3658,0.7351,0.1819,-0.0028,0.0047,0.0106,-0.0222,-0.0055,0.0102,-0.015,natural colors,noisy,0.205,0.215,0.2173,0.201,0.2024,0.2136,0.2482,0.2078,0.2103,0.2067,0.2232,0.2079,0.2034,0.2633,v0,clip_vit_b32_image
48389,/mnt/d/Photos/Z8/180-600mm/2026/2026-03-01/DSC_1825.NEF,23272,4,Blue,reject,picked,0.4251,0.5952,0.7335,0.0929,0.387,0.7217,0.2003,-0.003,0.0039,0.0101,-0.0228,-0.0046,0.0095,-0.0138,natural colors,noisy,0.2027,0.2117,0.214,0.1981,0.201,0.2105,0.2445,0.2058,0.2079,0.2039,0.2209,0.2056,0.201,0.2583,v0,clip_vit_b32_image
48390,/mnt/d/Photos/Z8/180-600mm/2026/2026-03-01/DSC_1826.NEF,23272,4,Blue,reject,picked,0.4327,0.6058,0.7441,0.1063,0.3629,0.7199,0.1878,-0.0027,0.0043,0.0107,-0.0213,-0.0056,0.0094,-0.0146,natural colors,noisy,0.2037,0.2134,0.2157,0.1999,0.2009,0.2116,0.2461,0.2064,0.2091,0.2051,0.2212,0.2065,0.2022,0.2607,v0,clip_vit_b32_image
48391,/mnt/d/Photos/Z8/180-600mm/2026/2026-03-01/DSC_1827.NEF,23272,4,Blue,reject,picked,0.446,0.5851,0.7713,0.1191,0.3739,0.7901,0.185,-0.0022,0.0034,0.0122,-0.02,-0.0052,0.0133,-0.0148,natural colors,noisy,0.2046,0.215,0.2156,0.201,0.2005,0.2154,0.2474,0.2068,0.2115,0.2035,0.221,0.2057,0.2022,0.2622,v0,clip_vit_b32_image
48392,/mnt/d/Photos/Z8/180-600mm/2026/2026-03-01/DSC_1828.NEF,23272,4,Blue,reject,picked,0.4721,0.5868,0.7798,0.1559,0.3785,0.782,0.1785,-0.0011,0.0035,0.0126,-0.0169,-0.005,0.0128,-0.0153,natural colors,noisy,0.2103,0.2202,0.2223,0.2074,0.2057,0.2187,0.252,0.2115,0.2166,0.2097,0.2243,0.2106,0.2059,0.2673,v0,clip_vit_b32_image
48393,/mnt/d/Photos/Z8/180-600mm/2026/2026-03-01/DSC_1829.NEF,23272,4,Blue,pick,picked,0.4265,0.5602,0.6943,0.0765,0.3777,0.7571,0.1755,-0.003,0.0024,0.0082,-0.0249,-0.005,0.0114,-0.0155,natural colors,noisy,0.2091,0.2159,0.2182,0.2005,0.2069,0.219,0.2473,0.2121,0.2135,0.21,0.2255,0.2119,0.2076,0.2628,v0,clip_vit_b32_image
48394,/mnt/d/Photos/Z8/180-600mm/2026/2026-03-01/DSC_1830.NEF,23272,4,Blue,reject,picked,0.4174,0.5705,0.6981,0.0802,0.3784,0.7609,0.1591,-0.0033,0.0028,0.0084,-0.0244,-0.005,0.0116,-0.0167,natural colors,noisy,0.2116,0.2194,0.2223,0.2041,0.2093,0.2215,0.2499,0.215,0.2165,0.2139,0.2285,0.2143,0.21,0.2665,v0,clip_vit_b32_image
48395,/mnt/d/Photos/Z8/180-600mm/2026/2026-03-01/DSC_1831.NEF,23272,4,Blue,reject,picked,0.434,0.5465,0.7374,0.0976,0.364,0.7619,0.1641,-0.0027,0.0019,0.0103,-0.0222,-0.0056,0.0116,-0.0163,good dynamic range,noisy,0.2129,0.2201,0.223,0.2054,0.2092,0.2223,0.2476,0.2155,0.2183,0.2126,0.2276,0.2148,0.2107,0.2639,v0,clip_vit_b32_image
48396,/mnt/d/Photos/Z8/180-600mm/2026/2026-03-01/DSC_1832.NEF,23272,4,Blue,reject,picked,0.4782,0.6072,0.7401,0.129,0.4049,0.7748,0.1525,-0.0009,0.0044,0.0105,-0.0191,-0.0039,0.0124,-0.0172,natural colors,noisy,0.2119,0.2199,0.2209,0.2071,0.2108,0.222,0.2472,0.2128,0.2155,0.2105,0.2262,0.2146,0.2097,0.2644,v0,clip_vit_b32_image
48397,/mnt/d/Photos/Z8/180-600mm/2026/2026-03-01/DSC_1833.NEF,23272,4,Blue,reject,picked,0.5218,0.6608,0.7611,0.1211,0.4135,0.7859,0.1946,0.0009,0.0067,0.0116,-0.0198,-0.0035,0.013,-0.0142,natural colors,noisy,0.2098,0.2173,0.2182,0.203,0.2091,0.2202,0.2455,0.2089,0.2106,0.2066,0.2228,0.2126,0.2072,0.2598,v0,clip_vit_b32_image
48398,/mnt/d/Photos/Z8/180-600mm/2026/2026-03-01/DSC_1834.NEF,23272,4,Blue,reject,picked,0.5115,0.6157,0.7286,0.1334,0.4261,0.7997,0.1682,0.0005,0.0047,0.0099,-0.0187,-0.003,0.0138,-0.016,natural colors,noisy,0.2101,0.2152,0.2163,0.2032,0.2088,0.2202,0.2388,0.2096,0.2104,0.2065,0.2219,0.2118,0.2064,0.2548,v0,clip_vit_b32_image
48399,/mnt/d/Photos/Z8/180-600mm/2026/2026-03-01/DSC_1835.NEF,23272,4,Blue,reject,picked,0.4697,0.579,0.735,0.1174,0.4133,0.7924,0.1436,-0.0012,0.0032,0.0102,-0.0202,-0.0035,0.0134,-0.0179,natural colors,noisy,0.2091,0.2139,0.2174,0.2025,0.2064,0.2184,0.2364,0.2103,0.2107,0.2072,0.2227,0.2099,0.205,0.2543,v0,clip_vit_b32_image
48400,/mnt/d/Photos/Z8/180-600mm/2026/2026-03-01/DSC_1836.NEF,23272,4,Blue,reject,picked,0.4526,0.4933,0.725,0.115,0.3802,0.8028,0.1443,-0.0019,-0.0003,0.0097,-0.0204,-0.0049,0.014,-0.0178,natural colors,noisy,0.2123,0.2154,0.2211,0.2045,0.2069,0.2202,0.2348,0.2142,0.2156,0.2114,0.2249,0.2118,0.2061,0.2526,v0,clip_vit_b32_image
48401,/mnt/d/Photos/Z8/180-600mm/2026/2026-03-01/DSC_1837.NEF,23272,4,Blue,reject,picked,0.4485,0.5017,0.7086,0.0956,0.3533,0.7986,0.1727,-0.0021,0.0001,0.0089,-0.0225,-0.006,0.0138,-0.0157,natural colors,noisy,0.2124,0.217,0.2218,0.2045,0.2062,0.221,0.2405,0.2144,0.217,0.2129,0.227,0.2123,0.2072,0.2561,v0,clip_vit_b32_image
48402,/mnt/d/Photos/Z8/180-600mm/2026/2026-03-01/DSC_1838.NEF,23272,4,Blue,reject,picked,0.4271,0.4887,0.7004,0.0748,0.3372,0.7211,0.1574,-0.0029,-0.0005,0.0085,-0.0252,-0.0068,0.0095,-0.0168,natural colors,noisy,0.2102,0.2143,0.2196,0.2009,0.2054,0.2174,0.2377,0.2131,0.2148,0.2111,0.2261,0.2121,0.2079,0.2544,v0,clip_vit_b32_image
48403,/mnt/d/Photos/Z8/180-600mm/2026/2026-03-01/DSC_1839.NEF,23272,4,Blue,reject,picked,0.4187,0.49,0.665,0.0916,0.3773,0.7877,0.1401,-0.0033,-0.0004,0.0069,-0.0229,-0.005,0.0131,-0.0181,natural colors,noisy,0.2101,0.2141,0.2178,0.2027,0.2046,0.2181,0.2348,0.2134,0.2145,0.211,0.2256,0.2096,0.205,0.2529,v0,clip_vit_b32_image
48404,/mnt/d/Photos/Z8/180-600mm/2026/2026-03-01/DSC_1840.NEF,23272,4,Blue,pick,picked,0.454,0.5755,0.6719,0.1152,0.3645,0.7164,0.2117,-0.0018,0.003,0.0072,-0.0204,-0.0056,0.0093,-0.0131,natural colors,misfocused,0.213,0.219,0.2199,0.2055,0.2094,0.2181,0.2483,0.2149,0.2159,0.2127,0.2258,0.2149,0.2088,0.2614,v0,clip_vit_b32_image
48405,/mnt/d/Photos/Z8/180-600mm/2026/2026-03-01/DSC_1841.NEF,23272,4,Blue,reject,picked,0.4552,0.6252,0.6936,0.1019,0.3729,0.7396,0.2034,-0.0018,0.0051,0.0082,-0.0218,-0.0052,0.0104,-0.0137,natural colors,noisy,0.2079,0.2158,0.217,0.2024,0.2047,0.2145,0.2472,0.2097,0.2107,0.2089,0.2242,0.2099,0.2041,0.2608,v0,clip_vit_b32_image
48406,/mnt/d/Photos/Z8/180-600mm/2026/2026-03-01/DSC_1842.NEF,23272,4,Blue,reject,picked,0.486,0.6366,0.6985,0.1251,0.3947,0.7467,0.2303,-0.0006,0.0056,0.0084,-0.0194,-0.0043,0.0108,-0.0121,natural colors,noisy,0.2126,0.2208,0.219,0.2061,0.2098,0.2181,0.2546,0.2131,0.2152,0.2106,0.2255,0.2141,0.2073,0.2667,v0,clip_vit_b32_image
48407,/mnt/d/Photos/Z8/180-600mm/2026/2026-03-01/DSC_1843.NEF,23272,4,Blue,reject,picked,0.4373,0.6083,0.6642,0.1069,0.3879,0.7364,0.199,-0.0025,0.0044,0.0068,-0.0212,-0.0046,0.0103,-0.0139,natural colors,noisy,0.2097,0.2178,0.2169,0.2042,0.2075,0.2159,0.2511,0.2122,0.2134,0.2101,0.2254,0.212,0.2056,0.265,v0,clip_vit_b32_image
48408,/mnt/d/Photos/Z8/180-600mm/2026/2026-03-01/DSC_1844.NEF,23272,4,Blue,reject,picked,0.4317,0.5586,0.6982,0.081,0.3676,0.7469,0.2058,-0.0028,0.0024,0.0084,-0.0243,-0.0054,0.0108,-0.0135,natural colors,noisy,0.2052,0.2132,0.2142,0.1997,0.2018,0.2132,0.2461,0.2079,0.2108,0.2058,0.224,0.2072,0.2024,0.2596,v0,clip_vit_b32_image
48409,/mnt/d/Photos/Z8/180-600mm/2026/2026-03-01/DSC_1845.NEF,23272,4,Blue,reject,picked,0.448,0.6007,0.7273,0.1001,0.3952,0.7271,0.1854,-0.0021,0.0041,0.0098,-0.022,-0.0043,0.0098,-0.0148,natural colors,noisy,0.2094,0.2165,0.2193,0.2042,0.2081,0.2163,0.2489,0.2115,0.2125,0.2095,0.2262,0.2123,0.2065,0.2637,v0,clip_vit_b32_image
48410,/mnt/d/Photos/Z8/180-600mm/2026/2026-03-01/DSC_1846.NEF,23272,4,Blue,reject,picked,0.4646,0.6512,0.7379,0.1292,0.3852,0.6349,0.2,-0.0014,0.0062,0.0104,-0.0191,-0.0047,0.0055,-0.0139,natural colors,noisy,0.2137,0.2214,0.224,0.2088,0.2109,0.2172,0.2509,0.2152,0.2151,0.2137,0.2278,0.2156,0.2116,0.2648,v0,clip_vit_b32_image
48411,/mnt/d/Photos/Z8/180-600mm/2026/2026-03-01/DSC_1847.NEF,23272,4,Blue,reject,picked,0.4568,0.6119,0.7074,0.1107,0.404,0.6775,0.1817,-0.0017,0.0046,0.0088,-0.0208,-0.0039,0.0074,-0.015,natural colors,noisy,0.2119,0.2191,0.2209,0.2065,0.209,0.2169,0.25,0.2136,0.2146,0.2121,0.2273,0.2129,0.2095,0.265,v0,clip_vit_b32_image
48412,/mnt/d/Photos/Z8/180-600mm/2026/2026-03-01/DSC_1848.NEF,23272,4,Blue,reject,picked,0.4104,0.571,0.6868,0.079,0.3687,0.7067,0.154,-0.0036,0.0029,0.0079,-0.0246,-0.0054,0.0088,-0.017,natural colors,noisy,0.2078,0.2157,0.218,0.203,0.2062,0.2153,0.2489,0.2114,0.2128,0.2101,0.2276,0.2116,0.2065,0.2659,v0,clip_vit_b32_image
48413,/mnt/d/Photos/Z8/180-600mm/2026/2026-03-01/DSC_1849.NEF,23273,3,Blue,reject,neutral,0.3801,0.5992,0.5466,0.1336,0.3789,0.7738,0.2148,-0.0049,0.004,0.0019,-0.0187,-0.0049,0.0123,-0.013,natural colors,underexposed,0.2067,0.214,0.2106,0.2052,0.2039,0.2162,0.2533,0.2116,0.21,0.2088,0.2239,0.2089,0.2039,0.2663,v0,clip_vit_b32_image
48414,/mnt/d/Photos/Z8/180-600mm/2026/2026-03-01/DSC_1850.NEF,23273,4,Blue,reject,picked,0.3711,0.5604,0.5585,0.1316,0.3761,0.7447,0.2017,-0.0053,0.0024,0.0024,-0.0189,-0.0051,0.0107,-0.0138,natural colors,underexposed,0.2068,0.2126,0.2114,0.2054,0.2038,0.2149,0.2505,0.2121,0.2102,0.209,0.2243,0.2089,0.2042,0.2643,v0,clip_vit_b32_image
48415,/mnt/d/Photos/Z8/180-600mm/2026/2026-03-01/DSC_1851.NEF,23273,4,Blue,pick,picked,0.3876,0.6107,0.5787,0.1348,0.3834,0.7772,0.1925,-0.0046,0.0045,0.0032,-0.0186,-0.0048,0.0125,-0.0143,natural colors,underexposed,0.209,0.2173,0.2129,0.2076,0.2064,0.2186,0.2555,0.2136,0.2128,0.2097,0.2262,0.2111,0.2061,0.2699,v0,clip_vit_b32_image
48416,/mnt/d/Photos/Z8/180-600mm/2026/2026-03-01/DSC_1852.NEF,23273,4,Blue,reject,picked,0.3813,0.5723,0.5435,0.1295,0.3959,0.7836,0.1877,-0.0048,0.0029,0.0017,-0.0191,-0.0042,0.0129,-0.0146,natural colors,underexposed,0.2112,0.2188,0.2146,0.2103,0.2086,0.2208,0.2553,0.216,0.2159,0.2129,0.2293,0.2128,0.2079,0.27,v0,clip_vit_b32_image
48417,/mnt/d/Photos/Z8/180-600mm/2026/2026-03-01/DSC_1853.NEF,23273,4,Blue,pick,picked,0.37,0.557,0.5514,0.14,0.4087,0.7828,0.1774,-0.0053,0.0023,0.0021,-0.0181,-0.0037,0.0128,-0.0153,natural colors,underexposed,0.2107,0.2181,0.2134,0.2089,0.2092,0.2204,0.2552,0.2161,0.2158,0.2113,0.227,0.2129,0.2076,0.2705,v0,clip_vit_b32_image
48418,/mnt/d/Photos/Z8/180-600mm/2026/2026-03-01/DSC_1854.NEF,23273,3,Blue,reject,neutral,0.4189,0.6235,0.5771,0.1805,0.4219,0.7948,0.18,-0.0033,0.005,0.0031,-0.0151,-0.0031,0.0135,-0.0152,natural colors,underexposed,0.2121,0.2201,0.2154,0.2116,0.2101,0.222,0.2561,0.2154,0.2151,0.2122,0.2268,0.2133,0.2084,0.2712,v0,clip_vit_b32_image
48419,/mnt/d/Photos/Z8/180-600mm/2026/2026-03-01/DSC_1855.NEF,23273,4,Blue,reject,picked,0.394,0.5957,0.5798,0.1482,0.423,0.7759,0.2049,-0.0043,0.0039,0.0032,-0.0175,-0.0031,0.0124,-0.0136,natural colors,noisy,0.2126,0.2197,0.2167,0.2116,0.2104,0.221,0.2564,0.2169,0.2158,0.2135,0.2291,0.2135,0.2086,0.27,v0,clip_vit_b32_image
48420,/mnt/d/Photos/Z8/180-600mm/2026/2026-03-01/DSC_1856.NEF,23273,3,Blue,reject,neutral,0.3464,0.5449,0.5579,0.1179,0.393,0.7729,0.1591,-0.0063,0.0018,0.0023,-0.0201,-0.0043,0.0122,-0.0166,natural colors,underexposed,0.2096,0.2179,0.2152,0.2078,0.2076,0.2187,0.2542,0.2159,0.2161,0.2129,0.2279,0.212,0.2065,0.2709,v0,clip_vit_b32_image
48421,/mnt/d/Photos/Z8/180-600mm/2026/2026-03-01/DSC_1857.NEF,23273,3,Blue,reject,neutral,0.3917,0.6024,0.5996,0.1853,0.4133,0.783,0.1566,-0.0044,0.0042,0.004,-0.0148,-0.0035,0.0128,-0.0168,natural colors,underexposed,0.2122,0.2214,0.2175,0.2117,0.2097,0.2205,0.2585,0.2166,0.2172,0.2135,0.2265,0.2132,0.2077,0.2753,v0,clip_vit_b32_image
48422,/mnt/d/Photos/Z8/180-600mm/2026/2026-03-01/DSC_1858.NEF,23273,4,Blue,pick,picked,0.3854,0.5861,0.5742,0.1397,0.3899,0.7974,0.1733,-0.0047,0.0035,0.003,-0.0182,-0.0045,0.0137,-0.0156,natural colors,underexposed,0.2099,0.2176,0.2143,0.2087,0.2059,0.2192,0.2544,0.2146,0.2141,0.2113,0.2269,0.2104,0.2055,0.2701,v0,clip_vit_b32_image
48423,/mnt/d/Photos/Z8/180-600mm/2026/2026-03-01/DSC_1859.NEF,23273,4,Blue,reject,picked,0.4059,0.632,0.5935,0.1735,0.3796,0.7693,0.1959,-0.0038,0.0054,0.0038,-0.0156,-0.0049,0.012,-0.0141,natural colors,underexposed,0.2122,0.2207,0.2168,0.2102,0.2093,0.2203,0.2577,0.216,0.2153,0.213,0.2258,0.2142,0.2082,0.2718,v0,clip_vit_b32_image
48424,/mnt/d/Photos/Z8/180-600mm/2026/2026-03-01/DSC_1860.NEF,23273,4,Blue,reject,picked,0.385,0.5884,0.5356,0.1628,0.3721,0.7463,0.1834,-0.0047,0.0036,0.0014,-0.0164,-0.0052,0.0108,-0.0149,good dynamic range,underexposed,0.2134,0.2205,0.2174,0.2113,0.2097,0.2207,0.2585,0.2181,0.217,0.216,0.2277,0.215,0.2099,0.2734,v0,clip_vit_b32_image
48425,/mnt/d/Photos/Z8/180-600mm/2026/2026-03-01/DSC_1861.NEF,23272,4,Blue,reject,picked,0.3773,0.5174,0.7153,0.089,0.3378,0.7148,0.1297,-0.005,0.0007,0.0092,-0.0233,-0.0067,0.0092,-0.019,natural colors,noisy,0.2041,0.213,0.2141,0.1993,0.2021,0.2129,0.2448,0.2091,0.2123,0.2049,0.2225,0.2089,0.2037,0.2638,v0,clip_vit_b32_image
48426,/mnt/d/Photos/Z8/180-600mm/2026/2026-03-01/DSC_1862.NEF,23272,4,Blue,reject,picked,0.3803,0.5375,0.7157,0.0922,0.3354,0.705,0.1403,-0.0049,0.0015,0.0092,-0.0229,-0.0068,0.0087,-0.0181,natural colors,noisy,0.203,0.2119,0.2127,0.1976,0.2014,0.2116,0.2454,0.2079,0.2104,0.2035,0.2204,0.2082,0.2029,0.2636,v0,clip_vit_b32_image
48427,/mnt/d/Photos/Z8/180-600mm/2026/2026-03-01/DSC_1863.NEF,23272,4,Blue,reject,picked,0.4219,0.6097,0.7385,0.1066,0.351,0.7147,0.1649,-0.0032,0.0045,0.0104,-0.0213,-0.0061,0.0092,-0.0162,natural colors,noisy,0.204,0.2129,0.213,0.1984,0.2028,0.2123,0.2463,0.2071,0.2084,0.2026,0.2197,0.2089,0.2031,0.2625,v0,clip_vit_b32_image
48428,/mnt/d/Photos/Z8/180-600mm/2026/2026-03-01/DSC_1864.NEF,23272,4,Blue,reject,picked,0.4075,0.6578,0.7373,0.0841,0.3508,0.648,0.2052,-0.0037,0.0065,0.0103,-0.0239,-0.0062,0.0061,-0.0135,a photo with strong subject separation,noisy,0.2039,0.2151,0.2131,0.197,0.2021,0.2096,0.2464,0.2076,0.2086,0.2028,0.2209,0.2082,0.2035,0.26,v0,clip_vit_b32_image
48429,/mnt/d/Photos/Z8/180-600mm/2026/2026-03-01/DSC_1865.NEF,23272,4,Blue,reject,picked,0.3896,0.6083,0.7243,0.0791,0.3153,0.6551,0.1533,-0.0045,0.0044,0.0097,-0.0245,-0.0078,0.0064,-0.0171,natural colors,noisy,0.2053,0.2155,0.2162,0.1999,0.2022,0.2124,0.248,0.2098,0.2111,0.2065,0.2245,0.21,0.206,0.2651,v0,clip_vit_b32_image
48430,/mnt/d/Photos/Z8/180-600mm/2026/2026-03-01/DSC_1866.NEF,23272,4,Blue,pick,picked,0.384,0.5842,0.7335,0.0756,0.4027,0.7005,0.2083,-0.0047,0.0034,0.0101,-0.025,-0.0039,0.0085,-0.0134,natural colors,noisy,0.2031,0.211,0.213,0.1963,0.202,0.2097,0.2434,0.2078,0.2076,0.2029,0.2213,0.206,0.2012,0.2567,v0,clip_vit_b32_image
48431,/mnt/d/Photos/Z8/180-600mm/2026/2026-03-01/DSC_1867.NEF,23272,4,Blue,reject,picked,0.402,0.5688,0.7005,0.0858,0.3861,0.6858,0.2012,-0.004,0.0028,0.0085,-0.0237,-0.0046,0.0078,-0.0138,a photo with strong subject separation,noisy,0.2069,0.2166,0.2178,0.201,0.2057,0.2129,0.2505,0.2109,0.2138,0.2093,0.2247,0.2104,0.2051,0.2643,v0,clip_vit_b32_image
48432,/mnt/d/Photos/Z8/180-600mm/2026/2026-03-01/DSC_1868.NEF,23272,4,Blue,reject,picked,0.3832,0.5199,0.6979,0.0809,0.3813,0.7179,0.1843,-0.0048,0.0008,0.0084,-0.0243,-0.0048,0.0093,-0.0149,natural colors,noisy,0.2058,0.2132,0.2146,0.1985,0.204,0.2124,0.2471,0.2106,0.2124,0.2062,0.2228,0.2088,0.2031,0.2619,v0,clip_vit_b32_image
48433,/mnt/d/Photos/Z8/180-600mm/2026/2026-03-01/DSC_1869.NEF,23272,4,Blue,reject,picked,0.4153,0.5152,0.692,0.1162,0.3673,0.725,0.2061,-0.0034,0.0006,0.0081,-0.0203,-0.0054,0.0097,-0.0135,natural colors,noisy,0.205,0.2112,0.2123,0.2006,0.2029,0.2125,0.247,0.2085,0.2106,0.2043,0.2209,0.2084,0.2028,0.2604,v0,clip_vit_b32_image
48434,/mnt/d/Photos/Z8/180-600mm/2026/2026-03-01/DSC_1870.NEF,23272,4,Blue,pick,picked,0.4131,0.5753,0.7485,0.0926,0.4019,0.7291,0.1936,-0.0035,0.003,0.0109,-0.0228,-0.004,0.0099,-0.0143,natural colors,noisy,0.2067,0.2153,0.2142,0.1993,0.2062,0.2145,0.2502,0.2102,0.2122,0.2033,0.2221,0.2102,0.2046,0.2644,v0,clip_vit_b32_image
48435,/mnt/d/Photos/Z8/180-600mm/2026/2026-03-01/DSC_1871.NEF,23272,4,Blue,reject,picked,0.4082,0.5497,0.7389,0.1,0.3798,0.7176,0.1717,-0.0037,0.002,0.0104,-0.022,-0.0049,0.0093,-0.0157,natural colors,noisy,0.2095,0.2176,0.2175,0.2029,0.2081,0.2175,0.2513,0.2133,0.2156,0.2071,0.2249,0.213,0.2082,0.267,v0,clip_vit_b32_image
48436,/mnt/d/Photos/Z8/180-600mm/2026/2026-03-01/DSC_1872.NEF,23272,3,Blue,neutral,neutral,0.3619,0.4767,0.6857,0.0918,0.2937,0.6627,0.1326,-0.0057,-0.0009,0.0078,-0.0229,-0.0088,0.0068,-0.0188,natural colors,out of focus,0.2096,0.2179,0.2192,0.2044,0.2053,0.2161,0.2501,0.2152,0.2188,0.2114,0.2273,0.214,0.2094,0.2689,v0,clip_vit_b32_image
48437,/mnt/d/Photos/Z8/180-600mm/2026/2026-03-01/DSC_1873.NEF,23272,4,Blue,reject,picked,0.4332,0.6356,0.6954,0.0953,0.3939,0.6834,0.2379,-0.0027,0.0056,0.0083,-0.0225,-0.0043,0.0077,-0.0116,natural colors,noisy,0.2052,0.2137,0.2134,0.2005,0.2053,0.2125,0.2449,0.2078,0.2081,0.2052,0.223,0.2096,0.2049,0.2565,v0,clip_vit_b32_image
48438,/mnt/d/Photos/Z8/180-600mm/2026/2026-03-01/DSC_1874.NEF,23272,4,Blue,reject,picked,0.434,0.6466,0.7189,0.0944,0.3837,0.6948,0.2339,-0.0027,0.006,0.0094,-0.0226,-0.0047,0.0082,-0.0119,natural colors,noisy,0.205,0.2148,0.2137,0.2002,0.2042,0.213,0.2452,0.2076,0.2088,0.2043,0.2228,0.2089,0.2047,0.257,v0,clip_vit_b32_image
48439,/mnt/d/Photos/Z8/180-600mm/2026/2026-03-01/DSC_1875.NEF,23272,4,Blue,reject,picked,0.4274,0.6442,0.7081,0.1106,0.3564,0.6979,0.1772,-0.0029,0.0059,0.0089,-0.0208,-0.0059,0.0084,-0.0154,natural colors,noisy,0.207,0.2169,0.2165,0.2031,0.2049,0.2152,0.2486,0.2099,0.211,0.2076,0.2239,0.2108,0.2068,0.2639,v0,clip_vit_b32_image
48440,/mnt/d/Photos/Z8/180-600mm/2026/2026-03-01/DSC_1876.NEF,23272,4,Blue,reject,picked,0.4105,0.6035,0.7202,0.1055,0.375,0.7079,0.1643,-0.0036,0.0042,0.0095,-0.0214,-0.0051,0.0089,-0.0163,natural colors,noisy,0.2073,0.2162,0.2186,0.203,0.2059,0.2163,0.2496,0.2109,0.212,0.2091,0.2244,0.211,0.2074,0.2658,v0,clip_vit_b32_image
48441,/mnt/d/Photos/Z8/180-600mm/2026/2026-03-01/DSC_1877.NEF,23272,4,Blue,reject,picked,0.397,0.5704,0.7135,0.0977,0.358,0.7358,0.1594,-0.0042,0.0028,0.0091,-0.0222,-0.0058,0.0102,-0.0166,natural colors,noisy,0.2085,0.2172,0.2183,0.203,0.2064,0.2178,0.2502,0.2127,0.2144,0.2091,0.2252,0.2122,0.2075,0.2668,v0,clip_vit_b32_image
48442,/mnt/d/Photos/Z8/180-600mm/2026/2026-03-01/DSC_1878.NEF,23272,4,Blue,reject,picked,0.3816,0.55,0.6773,0.1084,0.3813,0.7107,0.1689,-0.0048,0.002,0.0074,-0.0211,-0.0048,0.009,-0.0159,a photo with strong subject separation,noisy,0.2105,0.2191,0.2202,0.2063,0.209,0.2177,0.2522,0.2153,0.2171,0.2128,0.2274,0.2138,0.2087,0.2682,v0,clip_vit_b32_image
48443,/mnt/d/Photos/Z8/180-600mm/2026/2026-03-01/DSC_1879.NEF,23272,4,Blue,reject,picked,0.3923,0.5676,0.7074,0.1201,0.3974,0.6852,0.2025,-0.0044,0.0027,0.0088,-0.0199,-0.0042,0.0078,-0.0137,a photo with strong subject separation,noisy,0.2115,0.2195,0.2206,0.2064,0.2111,0.2179,0.2499,0.2158,0.2168,0.2117,0.2263,0.2153,0.2101,0.2636,v0,clip_vit_b32_image
48444,/mnt/d/Photos/Z8/180-600mm/2026/2026-03-01/DSC_1880.NEF,23272,4,Blue,reject,picked,0.3968,0.5915,0.692,0.1118,0.3865,0.7196,0.1843,-0.0042,0.0037,0.0081,-0.0207,-0.0046,0.0094,-0.0149,natural colors,noisy,0.209,0.218,0.2185,0.205,0.2075,0.2176,0.2508,0.2131,0.2143,0.2105,0.2257,0.2121,0.2081,0.2657,v0,clip_vit_b32_image
48445,/mnt/d/Photos/Z8/180-600mm/2026/2026-03-01/DSC_1881.NEF,23272,4,Blue,reject,picked,0.3737,0.5602,0.6666,0.0934,0.3758,0.7058,0.1768,-0.0052,0.0024,0.0069,-0.0227,-0.0051,0.0088,-0.0154,natural colors,noisy,0.2079,0.2171,0.2176,0.2042,0.2064,0.2163,0.2514,0.2131,0.2147,0.2107,0.2269,0.2115,0.2075,0.2668,v0,clip_vit_b32_image
48446,/mnt/d/Photos/Z8/180-600mm/2026/2026-03-01/DSC_1882.NEF,23272,4,Blue,reject,picked,0.364,0.5267,0.6778,0.0818,0.3688,0.7144,0.1639,-0.0056,0.0011,0.0074,-0.0242,-0.0054,0.0092,-0.0163,a photo with strong subject separation,noisy,0.2074,0.217,0.2185,0.2037,0.2052,0.2159,0.2512,0.2129,0.216,0.2111,0.2278,0.2106,0.2067,0.2674,v0,clip_vit_b32_image
48447,/mnt/d/Photos/Z8/180-600mm/2026/2026-03-01/DSC_1883.NEF,23272,4,Blue,reject,picked,0.383,0.5532,0.6742,0.1028,0.3835,0.7075,0.1595,-0.0048,0.0021,0.0073,-0.0217,-0.0047,0.0088,-0.0166,natural colors,noisy,0.2104,0.2197,0.2206,0.2072,0.2089,0.2188,0.2537,0.2152,0.2175,0.2133,0.2289,0.2136,0.2099,0.2704,v0,clip_vit_b32_image
48448,/mnt/d/Photos/Z8/180-600mm/2026/2026-03-01/DSC_1884.NEF,23272,4,Blue,reject,picked,0.3923,0.5752,0.6752,0.1014,0.3593,0.7299,0.1512,-0.0044,0.003,0.0073,-0.0218,-0.0058,0.0099,-0.0172,natural colors,noisy,0.2094,0.2186,0.2183,0.2059,0.2075,0.2195,0.25,0.2137,0.2155,0.211,0.2277,0.2133,0.2095,0.2673,v0,clip_vit_b32_image
48449,/mnt/d/Photos/Z8/180-600mm/2026/2026-03-01/DSC_1885.NEF,23274,4,Blue,pick,picked,0.4998,0.4754,0.7855,0.1398,0.4848,0.7966,0.1231,-0.0,-0.001,0.013,-0.0182,-0.0006,0.0137,-0.0196,good dynamic range,out of focus,0.2183,0.2289,0.2267,0.2126,0.2164,0.2277,0.2631,0.2183,0.2299,0.2137,0.2307,0.217,0.214,0.2828,v0,clip_vit_b32_image
48450,/mnt/d/Photos/Z8/180-600mm/2026/2026-03-01/DSC_1886.NEF,,4,Blue,pick,picked,0.5153,0.4905,0.7995,0.158,0.4691,0.762,0.153,0.0006,-0.0004,0.0138,-0.0167,-0.0012,0.0116,-0.0171,good dynamic range,out of focus,0.2187,0.2295,0.2276,0.2131,0.2175,0.2262,0.2624,0.2181,0.2299,0.2138,0.2299,0.2187,0.2145,0.2795,v0,clip_vit_b32_image
48452,/mnt/d/Photos/Z8/180-600mm/2026/2026-03-01/DSC_1888.NEF,23274,4,Blue,reject,picked,0.462,0.4574,0.7373,0.1477,0.4586,0.7872,0.1639,-0.0015,-0.0017,0.0103,-0.0175,-0.0017,0.0131,-0.0163,good dynamic range,out of focus,0.2192,0.2289,0.2229,0.2115,0.2186,0.227,0.2656,0.2207,0.2306,0.2126,0.229,0.2203,0.2139,0.2818,v0,clip_vit_b32_image
48453,/mnt/d/Photos/Z8/180-600mm/2026/2026-03-01/DSC_1889.NEF,23274,4,Blue,pick,picked,0.4872,0.4751,0.7817,0.1709,0.4666,0.7637,0.1161,-0.0005,-0.001,0.0128,-0.0158,-0.0013,0.0117,-0.0203,good dynamic range,out of focus,0.219,0.23,0.2247,0.213,0.2175,0.2265,0.2658,0.2195,0.231,0.2119,0.2288,0.2188,0.2148,0.2861,v0,clip_vit_b32_image
48454,/mnt/d/Photos/Z8/180-600mm/2026/2026-03-01/DSC_1890.NEF,23274,4,Blue,reject,picked,0.4942,0.4634,0.7702,0.1509,0.4513,0.7639,0.1447,-0.0002,-0.0015,0.0121,-0.0173,-0.002,0.0117,-0.0178,good dynamic range,out of focus,0.2238,0.2353,0.2324,0.2193,0.221,0.2325,0.2682,0.224,0.2368,0.2203,0.2365,0.223,0.2207,0.286,v0,clip_vit_b32_image
48455,/mnt/d/Photos/Z8/180-600mm/2026/2026-03-01/DSC_1891.NEF,23274,4,Blue,reject,picked,0.472,0.4561,0.7395,0.1453,0.4346,0.7868,0.129,-0.0011,-0.0018,0.0104,-0.0177,-0.0026,0.0131,-0.0191,good dynamic range,out of focus,0.2233,0.2349,0.2318,0.2187,0.221,0.233,0.2698,0.2244,0.2367,0.2214,0.2365,0.2236,0.2199,0.2889,v0,clip_vit_b32_image
48456,/mnt/d/Photos/Z8/180-600mm/2026/2026-03-01/DSC_1892.NEF,23274,4,Blue,pick,picked,0.4174,0.4071,0.7037,0.098,0.3939,0.7578,0.0997,-0.0033,-0.0038,0.0086,-0.0222,-0.0043,0.0114,-0.022,good dynamic range,out of focus,0.2161,0.228,0.2235,0.2111,0.2133,0.225,0.2614,0.2194,0.2318,0.2148,0.2333,0.2177,0.2136,0.2834,v0,clip_vit_b32_image
48457,/mnt/d/Photos/Z8/180-600mm/2026/2026-03-01/DSC_1893.NEF,23274,4,Blue,reject,picked,0.452,0.4712,0.7499,0.1227,0.3889,0.7787,0.0976,-0.0019,-0.0012,0.011,-0.0197,-0.0045,0.0126,-0.0222,good dynamic range,out of focus,0.2178,0.2297,0.2271,0.213,0.2135,0.228,0.2615,0.2198,0.2309,0.2161,0.2327,0.218,0.2154,0.2837,v0,clip_vit_b32_image
48458,/mnt/d/Photos/Z8/180-600mm/2026/2026-03-01/DSC_1894.NEF,23274,4,Blue,reject,picked,0.4647,0.4571,0.771,0.1424,0.4021,0.7962,0.1147,-0.0014,-0.0017,0.0121,-0.018,-0.004,0.0136,-0.0204,good dynamic range,out of focus,0.2174,0.2294,0.2251,0.2125,0.2136,0.228,0.2643,0.2188,0.2312,0.213,0.2305,0.2176,0.2144,0.2848,v0,clip_vit_b32_image
48459,/mnt/d/Photos/Z8/180-600mm/2026/2026-03-01/DSC_1895.NEF,23274,4,Blue,reject,picked,0.4699,0.4763,0.7649,0.1679,0.4124,0.7774,0.1237,-0.0012,-0.0009,0.0118,-0.016,-0.0035,0.0125,-0.0196,good dynamic range,out of focus,0.2195,0.2307,0.2251,0.2144,0.2164,0.2285,0.2658,0.2207,0.2316,0.2133,0.2304,0.22,0.216,0.2854,v0,clip_vit_b32_image
48460,/mnt/d/Photos/Z8/180-600mm/2026/2026-03-01/DSC_1896.NEF,23274,4,Blue,reject,picked,0.4117,0.4064,0.7281,0.1194,0.3907,0.7809,0.102,-0.0036,-0.0038,0.0098,-0.02,-0.0044,0.0127,-0.0218,good dynamic range,out of focus,0.215,0.2268,0.2215,0.2108,0.2118,0.2248,0.262,0.2185,0.2306,0.2116,0.2308,0.2163,0.2121,0.2838,v0,clip_vit_b32_image
48461,/mnt/d/Photos/Z8/180-600mm/2026/2026-03-01/DSC_1897.NEF,23274,4,Blue,reject,picked,0.502,0.5061,0.7551,0.1473,0.4317,0.8195,0.1322,0.0001,0.0002,0.0113,-0.0176,-0.0028,0.0151,-0.0188,good dynamic range,out of focus,0.2193,0.2317,0.228,0.2157,0.2155,0.2305,0.2652,0.2193,0.2314,0.2168,0.2333,0.2182,0.2153,0.284,v0,clip_vit_b32_image
48462,/mnt/d/Photos/Z8/180-600mm/2026/2026-03-01/DSC_1898.NEF,23274,4,Blue,reject,picked,0.4743,0.4657,0.7403,0.128,0.4344,0.7714,0.1257,-0.001,-0.0014,0.0105,-0.0192,-0.0026,0.0122,-0.0194,good dynamic range,out of focus,0.218,0.2297,0.226,0.2126,0.215,0.2274,0.2615,0.219,0.231,0.2156,0.2318,0.2177,0.2152,0.2809,v0,clip_vit_b32_image
48463,/mnt/d/Photos/Z8/180-600mm/2026/2026-03-01/DSC_1899.NEF,23274,4,Blue,reject,picked,0.4134,0.3854,0.7107,0.114,0.3951,0.7795,0.1066,-0.0035,-0.0047,0.009,-0.0205,-0.0043,0.0126,-0.0213,good dynamic range,out of focus,0.2187,0.2306,0.2266,0.2144,0.2155,0.2288,0.2637,0.2222,0.2353,0.2176,0.2349,0.2197,0.2162,0.2849,v0,clip_vit_b32_image
48464,/mnt/d/Photos/Z8/180-600mm/2026/2026-03-01/DSC_1900.NEF,23274,4,Blue,reject,picked,0.4057,0.3733,0.7197,0.1107,0.3967,0.7673,0.1122,-0.0038,-0.0052,0.0094,-0.0208,-0.0042,0.0119,-0.0207,good dynamic range,out of focus,0.2186,0.23,0.227,0.2134,0.2158,0.2284,0.2615,0.2224,0.2352,0.2175,0.2342,0.22,0.2164,0.2822,v0,clip_vit_b32_image
48465,/mnt/d/Photos/Z8/180-600mm/2026/2026-03-01/DSC_1901.NEF,23274,4,Blue,reject,picked,0.4233,0.3439,0.7433,0.1608,0.418,0.7922,0.1012,-0.0031,-0.0065,0.0106,-0.0165,-0.0033,0.0134,-0.0218,good dynamic range,out of focus,0.223,0.2329,0.227,0.2192,0.22,0.2335,0.2657,0.226,0.2393,0.2163,0.2357,0.2233,0.2202,0.2876,v0,clip_vit_b32_image
48466,/mnt/d/Photos/Z8/180-600mm/2026/2026-03-01/DSC_1902.NEF,23274,4,Blue,reject,picked,0.4628,0.3856,0.7198,0.1568,0.4342,0.8167,0.1145,-0.0015,-0.0047,0.0094,-0.0168,-0.0026,0.0149,-0.0205,good dynamic range,out of focus,0.2219,0.2315,0.2279,0.2186,0.2183,0.2333,0.2642,0.2233,0.2362,0.2185,0.2355,0.221,0.2184,0.2847,v0,clip_vit_b32_image
48467,/mnt/d/Photos/Z8/180-600mm/2026/2026-03-01/DSC_1903.NEF,23274,4,Blue,reject,picked,0.4889,0.4893,0.7392,0.1349,0.439,0.7898,0.1278,-0.0004,-0.0004,0.0104,-0.0186,-0.0025,0.0132,-0.0192,good dynamic range,out of focus,0.219,0.2303,0.2264,0.2143,0.2166,0.2297,0.2619,0.2194,0.2308,0.216,0.2329,0.219,0.2165,0.2811,v0,clip_vit_b32_image
48468,/mnt/d/Photos/Z8/180-600mm/2026/2026-03-01/DSC_1904.NEF,23274,4,Blue,reject,picked,0.4475,0.4012,0.6896,0.138,0.43,0.7805,0.1355,-0.0021,-0.004,0.008,-0.0183,-0.0028,0.0127,-0.0185,good dynamic range,out of focus,0.2242,0.2341,0.2284,0.2186,0.2217,0.2342,0.2671,0.2263,0.2381,0.2204,0.2369,0.2246,0.2215,0.2856,v0,clip_vit_b32_image
48469,/mnt/d/Photos/Z8/180-600mm/2026/2026-03-01/DSC_1905.NEF,23274,4,Blue,reject,picked,0.4767,0.3894,0.7247,0.1705,0.4524,0.8148,0.1324,-0.0009,-0.0045,0.0097,-0.0158,-0.0019,0.0148,-0.0188,good dynamic range,out of focus,0.2269,0.2386,0.232,0.2234,0.2242,0.2382,0.2705,0.2278,0.2431,0.2223,0.2392,0.2261,0.2234,0.2893,v0,clip_vit_b32_image
48470,/mnt/d/Photos/Z8/180-600mm/2026/2026-03-01/DSC_1906.NEF,23274,4,Blue,reject,picked,0.4613,0.3953,0.6957,0.1564,0.4362,0.8197,0.1253,-0.0016,-0.0043,0.0083,-0.0169,-0.0026,0.0151,-0.0194,good dynamic range,out of focus,0.2252,0.236,0.2303,0.2215,0.2214,0.2365,0.2682,0.2268,0.2403,0.222,0.2383,0.2239,0.2214,0.2877,v0,clip_vit_b32_image
48471,/mnt/d/Photos/Z8/180-600mm/2026/2026-03-01/DSC_1907.NEF,23274,4,Blue,pick,picked,0.486,0.4673,0.7503,0.1335,0.43,0.7881,0.1392,-0.0006,-0.0013,0.011,-0.0187,-0.0028,0.0131,-0.0182,good dynamic range,out of focus,0.2234,0.2353,0.2319,0.2184,0.2199,0.2335,0.2661,0.2239,0.2366,0.2209,0.2371,0.2227,0.2203,0.2844,v0,clip_vit_b32_image
48472,/mnt/d/Photos/Z8/180-600mm/2026/2026-03-01/DSC_1908.NEF,23275,4,Blue,neutral,picked,0.4735,0.4079,0.7507,0.1408,0.4588,0.7872,0.1355,-0.0011,-0.0037,0.011,-0.0181,-0.0016,0.0131,-0.0185,good dynamic range,out of focus,0.2234,0.2336,0.229,0.2174,0.2216,0.233,0.2655,0.2245,0.2373,0.2179,0.2355,0.2233,0.2199,0.284,v0,clip_vit_b32_image
48473,/mnt/d/Photos/Z8/180-600mm/2026/2026-03-01/DSC_1909.NEF,23274,4,Blue,pick,picked,0.4493,0.4558,0.7603,0.1111,0.4241,0.7786,0.1281,-0.002,-0.0018,0.0115,-0.0208,-0.0031,0.0126,-0.0192,natural colors,out of focus,0.2187,0.2317,0.2266,0.2139,0.2163,0.2296,0.2632,0.2208,0.2334,0.2151,0.2347,0.2194,0.217,0.2824,v0,clip_vit_b32_image
48474,/mnt/d/Photos/Z8/180-600mm/2026/2026-03-01/DSC_1910.NEF,23274,4,Blue,pick,picked,0.5058,0.453,0.7611,0.1556,0.4814,0.8065,0.1331,0.0002,-0.0019,0.0116,-0.0169,-0.0007,0.0143,-0.0187,good dynamic range,out of focus,0.224,0.2343,0.2298,0.2185,0.2219,0.234,0.2667,0.2238,0.2362,0.2182,0.2354,0.2227,0.2198,0.2855,v0,clip_vit_b32_image
48475,/mnt/d/Photos/Z8/180-600mm/2026/2026-03-01/DSC_1911.NEF,23274,4,Blue,reject,picked,0.5159,0.4757,0.7706,0.1891,0.4638,0.7707,0.1466,0.0006,-0.001,0.0121,-0.0146,-0.0015,0.0121,-0.0176,good dynamic range,out of focus,0.2222,0.2326,0.2292,0.2151,0.2201,0.2301,0.2637,0.2216,0.2336,0.2171,0.2296,0.2215,0.218,0.2813,v0,clip_vit_b32_image
48476,/mnt/d/Photos/Z8/180-600mm/2026/2026-03-01/DSC_1913.NEF,23275,4,Blue,reject,picked,0.5185,0.5797,0.791,0.1385,0.5047,0.8097,0.1538,0.0007,0.0032,0.0133,-0.0183,0.0002,0.0145,-0.0171,good dynamic range,out of focus,0.2149,0.2268,0.2207,0.2101,0.2145,0.2255,0.2588,0.2141,0.2236,0.2074,0.2284,0.2143,0.211,0.2759,v0,clip_vit_b32_image
48477,/mnt/d/Photos/Z8/180-600mm/2026/2026-03-01/DSC_1914.NEF,23275,4,Blue,reject,picked,0.478,0.5252,0.762,0.135,0.49,0.7889,0.1416,-0.0009,0.001,0.0116,-0.0186,-0.0004,0.0132,-0.018,good dynamic range,out of focus,0.2142,0.2261,0.2189,0.2096,0.2134,0.2228,0.2585,0.2151,0.225,0.2073,0.2281,0.2138,0.2096,0.2765,v0,clip_vit_b32_image
48478,/mnt/d/Photos/Z8/180-600mm/2026/2026-03-01/DSC_1915.NEF,23275,4,Blue,reject,picked,0.4921,0.5084,0.744,0.165,0.5096,0.8376,0.1425,-0.0003,0.0003,0.0107,-0.0162,0.0004,0.0164,-0.0179,good dynamic range,out of focus,0.216,0.228,0.2204,0.2131,0.2147,0.2269,0.2636,0.2163,0.2277,0.2098,0.2293,0.2143,0.2105,0.2815,v0,clip_vit_b32_image
48479,/mnt/d/Photos/Z8/180-600mm/2026/2026-03-01/DSC_1916.NEF,23275,4,Blue,reject,picked,0.5255,0.5494,0.7923,0.1916,0.5409,0.8242,0.1733,0.001,0.002,0.0134,-0.0144,0.0016,0.0155,-0.0156,good dynamic range,out of focus,0.2159,0.2263,0.2224,0.2116,0.2155,0.2255,0.2624,0.2149,0.2243,0.2091,0.226,0.2138,0.21,0.278,v0,clip_vit_b32_image
48480,/mnt/d/Photos/Z8/180-600mm/2026/2026-03-01/DSC_1917.NEF,23275,4,Blue,reject,picked,0.5247,0.4922,0.7781,0.2325,0.5008,0.796,0.1452,0.001,-0.0003,0.0125,-0.0119,0.0,0.0136,-0.0177,good dynamic range,out of focus,0.2221,0.2337,0.2287,0.2179,0.2191,0.2306,0.2684,0.2211,0.234,0.2161,0.2299,0.2191,0.217,0.2861,v0,clip_vit_b32_image
48481,/mnt/d/Photos/Z8/180-600mm/2026/2026-03-01/DSC_1918.NEF,23275,4,Blue,reject,picked,0.5643,0.5209,0.7857,0.3044,0.4867,0.7944,0.1618,0.0026,0.0008,0.013,-0.0083,-0.0005,0.0135,-0.0165,good dynamic range,out of focus,0.227,0.2381,0.2307,0.2229,0.2229,0.2353,0.2693,0.2244,0.2372,0.2177,0.2311,0.2234,0.2218,0.2857,v0,clip_vit_b32_image
48482,/mnt/d/Photos/Z8/180-600mm/2026/2026-03-01/DSC_1919.NEF,23275,4,Blue,pick,picked,0.5338,0.4575,0.7885,0.3159,0.4791,0.8351,0.125,0.0014,-0.0017,0.0132,-0.0077,-0.0008,0.0162,-0.0195,good dynamic range,out of focus,0.2236,0.2353,0.228,0.2213,0.2197,0.2343,0.2695,0.2222,0.237,0.2148,0.229,0.2205,0.2181,0.2889,v0,clip_vit_b32_image
48483,/mnt/d/Photos/Z8/180-600mm/2026/2026-03-01/DSC_1920.NEF,23276,4,Blue,pick,picked,0.4999,0.4367,0.7774,0.2406,0.4718,0.8149,0.1262,-0.0,-0.0025,0.0125,-0.0115,-0.0011,0.0148,-0.0193,a photo with strong subject separation,out of focus,0.2208,0.2328,0.2264,0.2188,0.2164,0.2298,0.2678,0.2208,0.2354,0.2139,0.2303,0.2175,0.215,0.2871,v0,clip_vit_b32_image
48484,/mnt/d/Photos/Z8/180-600mm/2026/2026-03-01/DSC_1921.NEF,23276,4,Blue,pick,picked,0.4854,0.4428,0.7649,0.2265,0.4837,0.8142,0.1311,-0.0006,-0.0023,0.0118,-0.0123,-0.0007,0.0148,-0.0189,a photo with strong subject separation,out of focus,0.2184,0.2304,0.2235,0.2163,0.2145,0.2275,0.266,0.219,0.2327,0.2117,0.2285,0.2152,0.2127,0.2849,v0,clip_vit_b32_image
48485,/mnt/d/Photos/Z8/180-600mm/2026/2026-03-01/DSC_1922.NEF,23275,4,Blue,pick,picked,0.5271,0.5189,0.7739,0.2429,0.5347,0.8135,0.1595,0.0011,0.0008,0.0123,-0.0114,0.0014,0.0147,-0.0166,a photo with strong subject separation,out of focus,0.2182,0.2292,0.2205,0.2144,0.2168,0.2269,0.2676,0.2171,0.2284,0.2082,0.2258,0.2154,0.2122,0.2842,v0,clip_vit_b32_image
48486,/mnt/d/Photos/Z8/180-600mm/2026/2026-03-01/DSC_1923.NEF,23275,4,Blue,reject,picked,0.5422,0.5168,0.7392,0.2469,0.5361,0.8157,0.1547,0.0017,0.0007,0.0104,-0.0112,0.0014,0.0149,-0.017,a photo with strong subject separation,out of focus,0.2258,0.2355,0.2286,0.2222,0.2239,0.2339,0.2713,0.2241,0.2348,0.2182,0.2334,0.2225,0.219,0.2883,v0,clip_vit_b32_image
48487,/mnt/d/Photos/Z8/180-600mm/2026/2026-03-01/DSC_1924.NEF,23275,4,Blue,reject,picked,0.5536,0.5017,0.773,0.2962,0.5047,0.8129,0.1534,0.0022,0.0001,0.0123,-0.0087,0.0002,0.0147,-0.0171,good dynamic range,out of focus,0.2266,0.2375,0.2308,0.2244,0.2227,0.2349,0.2726,0.2245,0.2374,0.2186,0.233,0.2225,0.2202,0.2897,v0,clip_vit_b32_image
48488,/mnt/d/Photos/Z8/180-600mm/2026/2026-03-01/DSC_1925.NEF,23275,4,Blue,reject,picked,0.5295,0.5425,0.793,0.278,0.5119,0.8049,0.1556,0.0012,0.0017,0.0134,-0.0095,0.0005,0.0142,-0.0169,a photo with strong subject separation,out of focus,0.2199,0.2308,0.2235,0.2164,0.2183,0.2279,0.2675,0.2187,0.2291,0.2101,0.226,0.2178,0.2137,0.2845,v0,clip_vit_b32_image
48489,/mnt/d/Photos/Z8/180-600mm/2026/2026-03-01/DSC_1926.NEF,23275,4,Blue,reject,picked,0.5474,0.5842,0.7772,0.2654,0.5226,0.8313,0.1663,0.0019,0.0034,0.0125,-0.0102,0.0009,0.0159,-0.0161,a photo with strong subject separation,out of focus,0.2186,0.2303,0.2215,0.2155,0.2172,0.2283,0.2672,0.2167,0.2269,0.209,0.2257,0.2163,0.2124,0.2834,v0,clip_vit_b32_image
48490,/mnt/d/Photos/Z8/180-600mm/2026/2026-03-01/DSC_1927.NEF,23275,4,Blue,reject,picked,0.5632,0.5939,0.7585,0.2855,0.5716,0.8146,0.2329,0.0025,0.0038,0.0114,-0.0092,0.0029,0.0148,-0.0119,good dynamic range,out of focus,0.2195,0.2305,0.2215,0.2169,0.2182,0.2275,0.2688,0.217,0.2267,0.21,0.2261,0.2153,0.2127,0.2807,v0,clip_vit_b32_image
48491,/mnt/d/Photos/Z8/180-600mm/2026/2026-03-01/DSC_1928.NEF,23275,4,Blue,reject,picked,0.5352,0.5052,0.7884,0.2621,0.4181,0.7579,0.1395,0.0014,0.0002,0.0132,-0.0104,-0.0033,0.0114,-0.0182,good dynamic range,out of focus,0.2274,0.2397,0.2347,0.2235,0.2213,0.2348,0.2696,0.2259,0.2395,0.2215,0.2339,0.2246,0.2234,0.2878,v0,clip_vit_b32_image
48492,/mnt/d/Photos/Z8/180-600mm/2026/2026-03-01/DSC_1929.NEF,23275,4,Blue,reject,picked,0.5011,0.482,0.7427,0.2168,0.4229,0.7593,0.1158,0.0,-0.0007,0.0106,-0.0128,-0.0031,0.0115,-0.0203,good dynamic range,out of focus,0.2251,0.2372,0.2314,0.2208,0.2201,0.2333,0.2687,0.2251,0.2379,0.2208,0.2337,0.2232,0.2218,0.289,v0,clip_vit_b32_image
48493,/mnt/d/Photos/Z8/180-600mm/2026/2026-03-01/DSC_1930.NEF,23275,4,Blue,reject,picked,0.4877,0.4726,0.7253,0.1551,0.4487,0.7569,0.1373,-0.0005,-0.0011,0.0097,-0.017,-0.0021,0.0114,-0.0184,good dynamic range,out of focus,0.2214,0.2327,0.2281,0.2171,0.2178,0.2296,0.2657,0.2219,0.2338,0.2184,0.2341,0.2199,0.2183,0.2841,v0,clip_vit_b32_image
48494,/mnt/d/Photos/Z8/180-600mm/2026/2026-03-01/DSC_1931.NEF,23276,4,Blue,reject,picked,0.4401,0.4564,0.747,0.1599,0.4446,0.7744,0.1094,-0.0024,-0.0017,0.0108,-0.0166,-0.0022,0.0123,-0.021,good dynamic range,out of focus,0.2159,0.2278,0.2216,0.212,0.2134,0.2249,0.2622,0.2183,0.2296,0.2107,0.2286,0.2157,0.2126,0.2832,v0,clip_vit_b32_image
48495,/mnt/d/Photos/Z8/180-600mm/2026/2026-03-01/DSC_1932.NEF,23276,4,Blue,pick,picked,0.4294,0.4139,0.7218,0.1514,0.4228,0.7732,0.1036,-0.0028,-0.0035,0.0095,-0.0172,-0.0031,0.0123,-0.0216,good dynamic range,out of focus,0.2196,0.2316,0.2249,0.216,0.2164,0.2291,0.2644,0.2224,0.2351,0.2153,0.2332,0.2195,0.2168,0.286,v0,clip_vit_b32_image
48496,/mnt/d/Photos/Z8/180-600mm/2026/2026-03-01/DSC_1933.NEF,23276,4,Blue,pick,picked,0.4895,0.5092,0.7639,0.1521,0.447,0.795,0.127,-0.0004,0.0004,0.0117,-0.0172,-0.0021,0.0136,-0.0193,good dynamic range,out of focus,0.2165,0.2293,0.2241,0.2131,0.2126,0.2269,0.2596,0.2169,0.2289,0.2124,0.2303,0.2147,0.2133,0.2789,v0,clip_vit_b32_image
48497,/mnt/d/Photos/Z8/180-600mm/2026/2026-03-01/DSC_1934.NEF,23275,4,Blue,reject,picked,0.4627,0.4154,0.7373,0.1747,0.4236,0.7451,0.1057,-0.0015,-0.0034,0.0103,-0.0155,-0.0031,0.0107,-0.0214,good dynamic range,out of focus,0.2224,0.2346,0.2286,0.2186,0.2172,0.2311,0.2653,0.2239,0.238,0.2183,0.2341,0.2203,0.2204,0.2867,v0,clip_vit_b32_image
48498,/mnt/d/Photos/Z8/180-600mm/2026/2026-03-01/DSC_1935.NEF,23275,4,Blue,pick,picked,0.4345,0.4127,0.6947,0.1438,0.3959,0.7616,0.0909,-0.0026,-0.0035,0.0082,-0.0178,-0.0042,0.0116,-0.023,good dynamic range,out of focus,0.2241,0.2362,0.2297,0.2199,0.2191,0.2332,0.2663,0.2267,0.2397,0.2215,0.2378,0.2233,0.2216,0.2893,v0,clip_vit_b32_image
48499,/mnt/d/Photos/Z8/180-600mm/2026/2026-03-01/DSC_1936.NEF,23275,4,Blue,reject,picked,0.4524,0.4281,0.7446,0.1285,0.4224,0.7844,0.11,-0.0019,-0.0029,0.0107,-0.0191,-0.0031,0.0129,-0.0209,good dynamic range,out of focus,0.2189,0.23,0.2249,0.2156,0.2157,0.2289,0.2631,0.2208,0.2329,0.2142,0.2348,0.2188,0.216,0.284,v0,clip_vit_b32_image
48500,/mnt/d/Photos/Z8/180-600mm/2026/2026-03-01/DSC_1937.NEF,23275,4,Blue,reject,picked,0.4512,0.4377,0.7699,0.1448,0.4317,0.7856,0.1004,-0.002,-0.0025,0.0121,-0.0178,-0.0028,0.013,-0.0219,good dynamic range,out of focus,0.2184,0.2305,0.2263,0.2152,0.2162,0.2287,0.2624,0.2203,0.233,0.2143,0.2329,0.2189,0.2157,0.2844,v0,clip_vit_b32_image
48501,/mnt/d/Photos/Z8/180-600mm/2026/2026-03-01/DSC_1938.NEF,23275,4,Blue,reject,picked,0.4736,0.4692,0.7662,0.159,0.4487,0.7845,0.1249,-0.0011,-0.0012,0.0119,-0.0167,-0.0021,0.0129,-0.0195,good dynamic range,out of focus,0.2185,0.2297,0.2251,0.2153,0.2158,0.2279,0.2644,0.2196,0.231,0.2132,0.2319,0.2179,0.215,0.2839,v0,clip_vit_b32_image
48502,/mnt/d/Photos/Z8/180-600mm/2026/2026-03-01/DSC_1939.NEF,23275,4,Blue,pick,picked,0.4917,0.4874,0.7532,0.1732,0.4279,0.779,0.1086,-0.0003,-0.0005,0.0112,-0.0156,-0.0029,0.0126,-0.0211,good dynamic range,out of focus,0.2217,0.2346,0.2275,0.2183,0.2177,0.2315,0.2664,0.222,0.2351,0.2163,0.234,0.2206,0.2189,0.2875,v0,clip_vit_b32_image
48503,/mnt/d/Photos/Z8/180-600mm/2026/2026-03-01/DSC_1940.NEF,23275,4,Blue,reject,picked,0.4707,0.4079,0.7349,0.1943,0.4322,0.7487,0.112,-0.0012,-0.0037,0.0102,-0.0142,-0.0027,0.0109,-0.0207,good dynamic range,out of focus,0.2251,0.2373,0.2319,0.2216,0.2211,0.2343,0.2667,0.2263,0.241,0.2217,0.2358,0.2238,0.2234,0.2874,v0,clip_vit_b32_image
48504,/mnt/d/Photos/Z8/180-600mm/2026/2026-03-01/DSC_1941.NEF,23275,4,Blue,reject,picked,0.4095,0.3835,0.6975,0.1267,0.4258,0.7532,0.0967,-0.0037,-0.0047,0.0084,-0.0193,-0.003,0.0112,-0.0223,good dynamic range,out of focus,0.2206,0.2324,0.2267,0.2169,0.2179,0.2298,0.2634,0.2242,0.2372,0.2184,0.2362,0.2209,0.2187,0.2858,v0,clip_vit_b32_image
48505,/mnt/d/Photos/Z8/180-600mm/2026/2026-03-01/DSC_1942.NEF,23276,4,Blue,reject,picked,0.4366,0.4075,0.7362,0.1314,0.4626,0.7447,0.1153,-0.0026,-0.0037,0.0103,-0.0189,-0.0015,0.0107,-0.0204,good dynamic range,out of focus,0.2186,0.2292,0.2236,0.2136,0.2174,0.2261,0.2607,0.2212,0.233,0.2134,0.2325,0.2189,0.2154,0.281,v0,clip_vit_b32_image
48506,/mnt/d/Photos/Z8/180-600mm/2026/2026-03-01/DSC_1943.NEF,23276,4,Blue,reject,picked,0.4297,0.4438,0.725,0.1236,0.435,0.7698,0.105,-0.0028,-0.0023,0.0097,-0.0196,-0.0026,0.0121,-0.0214,good dynamic range,out of focus,0.215,0.2271,0.2212,0.2114,0.2119,0.2242,0.259,0.2179,0.2293,0.2115,0.231,0.2146,0.2122,0.2804,v0,clip_vit_b32_image
48507,/mnt/d/Photos/Z8/180-600mm/2026/2026-03-01/DSC_1944.NEF,23276,4,Blue,pick,picked,0.4349,0.4008,0.7326,0.1359,0.4526,0.7635,0.0972,-0.0026,-0.004,0.0101,-0.0185,-0.0019,0.0117,-0.0223,natural colors,out of focus,0.2182,0.2283,0.2234,0.2141,0.2164,0.2271,0.2604,0.2208,0.2323,0.2134,0.2326,0.2183,0.2154,0.2827,v0,clip_vit_b32_image
48508,/mnt/d/Photos/Z8/180-600mm/2026/2026-03-01/DSC_1945.NEF,23276,4,Blue,pick,picked,0.4649,0.5089,0.743,0.1344,0.4215,0.7865,0.1482,-0.0014,0.0004,0.0106,-0.0186,-0.0032,0.013,-0.0175,good dynamic range,out of focus,0.217,0.23,0.2244,0.2144,0.2124,0.2266,0.2629,0.2184,0.2296,0.2138,0.233,0.2156,0.2136,0.2804,v0,clip_vit_b32_image
48509,/mnt/d/Photos/Z8/180-600mm/2026/2026-03-01/DSC_1946.NEF,23275,4,Blue,neutral,picked,0.522,0.4308,0.7476,0.3054,0.4799,0.8042,0.1597,0.0009,-0.0028,0.0109,-0.0082,-0.0008,0.0141,-0.0166,a photo with strong subject separation,out of focus,0.2277,0.2367,0.2309,0.2237,0.2252,0.2377,0.2704,0.2268,0.2395,0.2201,0.232,0.226,0.2236,0.287,v0,clip_vit_b32_image
48510,/mnt/d/Photos/Z8/180-600mm/2026/2026-03-01/DSC_1947.NEF,23275,4,Blue,pick,picked,0.4808,0.4729,0.7266,0.1786,0.4947,0.761,0.1707,-0.0008,-0.0011,0.0098,-0.0153,-0.0002,0.0116,-0.0158,a photo with strong subject separation,out of focus,0.2186,0.2287,0.2219,0.2151,0.2182,0.2258,0.2643,0.2194,0.2298,0.2122,0.2303,0.2184,0.2142,0.2801,v0,clip_vit_b32_image
48511,/mnt/d/Photos/Z8/180-600mm/2026/2026-03-01/DSC_1948.NEF,23275,4,Blue,reject,picked,0.5003,0.4295,0.735,0.2285,0.4454,0.778,0.1237,0.0,-0.0028,0.0102,-0.0122,-0.0022,0.0125,-0.0196,good dynamic range,out of focus,0.2258,0.2358,0.2313,0.2235,0.2223,0.2344,0.2689,0.2258,0.2387,0.2211,0.2356,0.2245,0.2219,0.2885,v0,clip_vit_b32_image
48512,/mnt/d/Photos/Z8/180-600mm/2026/2026-03-01/DSC_1949.NEF,23275,4,Blue,reject,picked,0.4463,0.4596,0.725,0.1835,0.4432,0.7991,0.0994,-0.0022,-0.0016,0.0097,-0.0149,-0.0023,0.0138,-0.022,a photo with strong subject separation,out of focus,0.2207,0.2316,0.2251,0.2183,0.2188,0.2301,0.2656,0.2228,0.2333,0.2154,0.2332,0.2211,0.2163,0.2876,v0,clip_vit_b32_image
48513,/mnt/d/Photos/Z8/180-600mm/2026/2026-03-01/DSC_1950.NEF,23276,4,Blue,pick,picked,0.4833,0.4697,0.7773,0.1796,0.4298,0.8079,0.1037,-0.0007,-0.0012,0.0125,-0.0152,-0.0028,0.0144,-0.0216,good dynamic range,out of focus,0.2208,0.2323,0.2279,0.2172,0.2173,0.2301,0.2648,0.2215,0.2335,0.2154,0.2324,0.2201,0.2157,0.2864,v0,clip_vit_b32_image
48514,/mnt/d/Photos/Z8/180-600mm/2026/2026-03-01/DSC_1951.NEF,23275,4,Blue,pick,picked,0.4706,0.5389,0.7758,0.1164,0.4615,0.7709,0.1142,-0.0012,0.0016,0.0124,-0.0203,-0.0015,0.0121,-0.0205,good dynamic range,out of focus,0.2176,0.2312,0.2259,0.2132,0.216,0.226,0.2625,0.2188,0.2296,0.2135,0.2335,0.2175,0.2139,0.283,v0,clip_vit_b32_image
48515,/mnt/d/Photos/Z8/180-600mm/2026/2026-03-01/DSC_1952.NEF,23275,4,Blue,reject,picked,0.4842,0.4374,0.7755,0.1669,0.4666,0.7656,0.1144,-0.0006,-0.0025,0.0124,-0.0161,-0.0013,0.0118,-0.0205,good dynamic range,out of focus,0.22,0.2302,0.2273,0.2158,0.217,0.2289,0.2617,0.2206,0.2328,0.2149,0.2319,0.2184,0.2171,0.2822,v0,clip_vit_b32_image
48516,/mnt/d/Photos/Z8/180-600mm/2026/2026-03-01/DSC_1953.NEF,23275,4,Blue,reject,picked,0.4805,0.4309,0.7855,0.1715,0.4325,0.7687,0.1078,-0.0008,-0.0028,0.013,-0.0157,-0.0027,0.012,-0.0211,good dynamic range,out of focus,0.2202,0.2308,0.2286,0.2169,0.2165,0.2296,0.2623,0.221,0.2336,0.2156,0.2326,0.2192,0.2176,0.2834,v0,clip_vit_b32_image
48517,/mnt/d/Photos/Z8/180-600mm/2026/2026-03-01/DSC_1954.NEF,23275,4,Blue,reject,picked,0.4746,0.4253,0.7628,0.1623,0.4573,0.7823,0.1072,-0.001,-0.003,0.0117,-0.0164,-0.0017,0.0128,-0.0212,a photo with strong subject separation,out of focus,0.2188,0.2296,0.2246,0.215,0.216,0.2282,0.263,0.2198,0.2326,0.2129,0.2314,0.2177,0.2154,0.2842,v0,clip_vit_b32_image
48518,/mnt/d/Photos/Z8/180-600mm/2026/2026-03-01/DSC_1955.NEF,23275,4,Blue,reject,picked,0.4651,0.3945,0.7707,0.1935,0.4393,0.7967,0.1019,-0.0014,-0.0043,0.0121,-0.0143,-0.0024,0.0137,-0.0218,natural colors,out of focus,0.2211,0.2317,0.2263,0.2188,0.2178,0.231,0.2654,0.2225,0.236,0.2142,0.2331,0.2202,0.2174,0.2872,v0,clip_vit_b32_image
48519,/mnt/d/Photos/Z8/180-600mm/2026/2026-03-01/DSC_1956.NEF,23275,4,Blue,reject,picked,0.4459,0.3395,0.7473,0.2067,0.4501,0.7884,0.0979,-0.0022,-0.0067,0.0108,-0.0135,-0.002,0.0132,-0.0222,natural colors,out of focus,0.2242,0.2339,0.228,0.2212,0.2209,0.232,0.2681,0.2263,0.2406,0.2171,0.2346,0.2229,0.2188,0.2903,v0,clip_vit_b32_image
48520,/mnt/d/Photos/Z8/180-600mm/2026/2026-03-01/DSC_1957.NEF,23275,4,Blue,reject,picked,0.4747,0.404,0.7794,0.2009,0.4587,0.793,0.1125,-0.001,-0.0039,0.0126,-0.0138,-0.0017,0.0134,-0.0207,good dynamic range,out of focus,0.2232,0.2321,0.2288,0.2189,0.2202,0.2313,0.2642,0.2242,0.236,0.2162,0.2328,0.2218,0.2179,0.2849,v0,clip_vit_b32_image
48521,/mnt/d/Photos/Z8/180-600mm/2026/2026-03-01/DSC_1958.NEF,23276,4,Blue,pick,picked,0.4794,0.4654,0.7709,0.1715,0.4429,0.767,0.1112,-0.0008,-0.0014,0.0121,-0.0158,-0.0023,0.0119,-0.0208,good dynamic range,out of focus,0.2233,0.2352,0.2294,0.2202,0.2203,0.2312,0.2672,0.2241,0.2366,0.2172,0.236,0.2226,0.2193,0.288,v0,clip_vit_b32_image
48522,/mnt/d/Photos/Z8/180-600mm/2026/2026-03-01/DSC_1959.NEF,23276,4,Blue,pick,picked,0.4695,0.4878,0.7733,0.1411,0.4084,0.776,0.1082,-0.0012,-0.0005,0.0123,-0.0181,-0.0037,0.0124,-0.0211,good dynamic range,out of focus,0.2212,0.2347,0.2296,0.2189,0.2166,0.2312,0.2641,0.2224,0.2352,0.2173,0.2369,0.2203,0.2188,0.2852,v0,clip_vit_b32_image
48523,/mnt/d/Photos/Z8/180-600mm/2026/2026-03-01/DSC_1960.NEF,23275,4,Blue,reject,picked,0.4549,0.3921,0.7512,0.1778,0.3604,0.7401,0.1026,-0.0018,-0.0044,0.0111,-0.0153,-0.0057,0.0105,-0.0217,good dynamic range,out of focus,0.2266,0.2373,0.2342,0.2231,0.2192,0.2341,0.2658,0.2285,0.2417,0.2231,0.2384,0.2249,0.2237,0.2875,v0,clip_vit_b32_image
48524,/mnt/d/Photos/Z8/180-600mm/2026/2026-03-01/DSC_1961.NEF,23275,4,Blue,reject,picked,0.4563,0.4271,0.7494,0.1744,0.4337,0.752,0.1249,-0.0018,-0.0029,0.011,-0.0155,-0.0027,0.0111,-0.0195,good dynamic range,out of focus,0.2225,0.2327,0.229,0.2195,0.22,0.2321,0.2644,0.2242,0.2356,0.218,0.235,0.2227,0.221,0.2839,v0,clip_vit_b32_image
48525,/mnt/d/Photos/Z8/180-600mm/2026/2026-03-01/DSC_1962.NEF,23275,4,Blue,reject,picked,0.4431,0.3895,0.7373,0.1744,0.3928,0.7519,0.1051,-0.0023,-0.0045,0.0103,-0.0155,-0.0044,0.0111,-0.0214,good dynamic range,out of focus,0.2217,0.2316,0.2283,0.2195,0.217,0.2303,0.2652,0.224,0.2361,0.218,0.235,0.2214,0.2192,0.2866,v0,clip_vit_b32_image
48526,/mnt/d/Photos/Z8/180-600mm/2026/2026-03-01/DSC_1963.NEF,23275,4,Blue,reject,picked,0.5066,0.4381,0.7556,0.1918,0.3879,0.7147,0.1055,0.0003,-0.0025,0.0113,-0.0144,-0.0046,0.0092,-0.0214,good dynamic range,out of focus,0.2269,0.2383,0.2345,0.2243,0.2193,0.2345,0.2667,0.2266,0.2408,0.2232,0.2387,0.2239,0.2253,0.2881,v0,clip_vit_b32_image
48527,/mnt/d/Photos/Z8/180-600mm/2026/2026-03-01/DSC_1964.NEF,23276,4,Blue,pick,picked,0.4861,0.4273,0.7451,0.1609,0.4348,0.7377,0.128,-0.0006,-0.0029,0.0107,-0.0165,-0.0026,0.0103,-0.0192,good dynamic range,out of focus,0.2255,0.2361,0.2324,0.2212,0.2206,0.2331,0.2663,0.226,0.239,0.2217,0.2377,0.2233,0.2227,0.2855,v0,clip_vit_b32_image
48528,/mnt/d/Photos/Z8/180-600mm/2026/2026-03-01/DSC_1965.NEF,23275,4,Blue,reject,picked,0.5191,0.4774,0.7626,0.2368,0.3761,0.7306,0.1232,0.0008,-0.0009,0.0117,-0.0117,-0.0051,0.01,-0.0196,good dynamic range,out of focus,0.2306,0.2413,0.2368,0.2277,0.2233,0.238,0.2673,0.2298,0.2422,0.2252,0.2394,0.2284,0.2281,0.2869,v0,clip_vit_b32_image
48529,/mnt/d/Photos/Z8/180-600mm/2026/2026-03-01/DSC_1966.NEF,23275,4,Blue,reject,picked,0.4552,0.4073,0.7421,0.1922,0.421,0.7337,0.1007,-0.0018,-0.0038,0.0106,-0.0144,-0.0032,0.0101,-0.0219,good dynamic range,out of focus,0.2275,0.2374,0.2337,0.2231,0.224,0.2345,0.2678,0.2293,0.2412,0.2231,0.2375,0.2271,0.2243,0.2897,v0,clip_vit_b32_image
48530,/mnt/d/Photos/Z8/180-600mm/2026/2026-03-01/DSC_1967.NEF,23275,4,Blue,reject,picked,0.4874,0.471,0.7408,0.1542,0.4643,0.7552,0.1584,-0.0005,-0.0012,0.0105,-0.017,-0.0014,0.0113,-0.0167,good dynamic range,out of focus,0.2227,0.2331,0.2293,0.2179,0.2205,0.231,0.2652,0.2232,0.2343,0.2188,0.235,0.2219,0.2197,0.2819,v0,clip_vit_b32_image
48531,/mnt/d/Photos/Z8/180-600mm/2026/2026-03-01/DSC_1968.NEF,23275,4,Blue,reject,picked,0.4819,0.4107,0.7427,0.2011,0.4107,0.7481,0.1329,-0.0007,-0.0036,0.0106,-0.0138,-0.0036,0.0109,-0.0188,good dynamic range,out of focus,0.2233,0.2337,0.2302,0.219,0.2177,0.23,0.2648,0.224,0.2374,0.2196,0.2328,0.2213,0.2191,0.2836,v0,clip_vit_b32_image
48532,/mnt/d/Photos/Z8/180-600mm/2026/2026-03-01/DSC_1969.NEF,23275,4,Blue,neutral,picked,0.5043,0.5204,0.7343,0.176,0.455,0.7804,0.148,0.0002,0.0008,0.0102,-0.0154,-0.0018,0.0127,-0.0175,good dynamic range,out of focus,0.2211,0.2323,0.2264,0.2157,0.2192,0.2305,0.2665,0.2209,0.2315,0.2163,0.2311,0.221,0.2179,0.284,v0,clip_vit_b32_image
48533,/mnt/d/Photos/Z8/180-600mm/2026/2026-03-01/DSC_1970.NEF,23276,4,Blue,neutral,picked,0.542,0.4998,0.7457,0.2359,0.4229,0.7885,0.1414,0.0017,-0.0,0.0108,-0.0118,-0.0031,0.0132,-0.018,good dynamic range,out of focus,0.2288,0.2415,0.2333,0.2251,0.223,0.2378,0.2734,0.2271,0.2415,0.2225,0.2369,0.2261,0.2247,0.2915,v0,clip_vit_b32_image
48534,/mnt/d/Photos/Z8/180-600mm/2026/2026-03-01/DSC_1971.NEF,23277,4,Blue,reject,picked,0.4949,0.4863,0.7997,0.1762,0.444,0.791,0.1234,-0.0002,-0.0005,0.0138,-0.0154,-0.0022,0.0133,-0.0196,a photo with strong subject separation,out of focus,0.2172,0.2293,0.227,0.2127,0.2131,0.2271,0.2578,0.2175,0.2298,0.2132,0.2282,0.2154,0.2138,0.2774,v0,clip_vit_b32_image
48535,/mnt/d/Photos/Z8/180-600mm/2026/2026-03-01/DSC_1972.NEF,23277,4,Blue,pick,picked,0.4277,0.4153,0.7541,0.146,0.4174,0.7647,0.1108,-0.0029,-0.0034,0.0112,-0.0177,-0.0033,0.0118,-0.0208,a photo with strong subject separation,out of focus,0.2145,0.2252,0.2218,0.2109,0.2112,0.2234,0.2596,0.2174,0.2287,0.2106,0.2286,0.2145,0.2117,0.2805,v0,clip_vit_b32_image
48536,/mnt/d/Photos/Z8/180-600mm/2026/2026-03-01/DSC_1973.NEF,23277,4,Blue,pick,picked,0.4437,0.4486,0.7727,0.1388,0.391,0.7958,0.0993,-0.0023,-0.0021,0.0122,-0.0183,-0.0044,0.0136,-0.022,natural colors,out of focus,0.2141,0.2271,0.2246,0.2119,0.209,0.2256,0.2587,0.2163,0.2292,0.2124,0.2302,0.2135,0.212,0.2807,v0,clip_vit_b32_image
48537,/mnt/d/Photos/Z8/180-600mm/2026/2026-03-01/DSC_1974.NEF,23277,4,Blue,reject,picked,0.4744,0.4122,0.782,0.1588,0.4672,0.7858,0.1405,-0.001,-0.0035,0.0128,-0.0167,-0.0013,0.013,-0.0181,natural colors,out of focus,0.2151,0.2245,0.2231,0.2085,0.2119,0.2238,0.2598,0.2161,0.2281,0.2103,0.2252,0.2132,0.2108,0.2779,v0,clip_vit_b32_image
48538,/mnt/d/Photos/Z8/180-600mm/2026/2026-03-01/DSC_1975.NEF,23277,4,Blue,pick,picked,0.5267,0.5256,0.8134,0.191,0.4977,0.8385,0.2061,0.0011,0.001,0.0147,-0.0144,-0.0001,0.0165,-0.0135,a photo with strong subject separation,out of focus,0.2133,0.225,0.2221,0.2096,0.2108,0.2242,0.2613,0.2123,0.2239,0.2074,0.2241,0.2109,0.2077,0.2747,v0,clip_vit_b32_image
48539,/mnt/d/Photos/Z8/180-600mm/2026/2026-03-01/DSC_1976.NEF,23277,4,Blue,pick,picked,0.5639,0.578,0.8384,0.2183,0.5174,0.844,0.208,0.0026,0.0031,0.0165,-0.0128,0.0007,0.0169,-0.0134,natural colors,out of focus,0.2138,0.2249,0.2222,0.2105,0.2108,0.2251,0.2589,0.2112,0.2218,0.2057,0.2233,0.2101,0.2082,0.2723,v0,clip_vit_b32_image
48540,/mnt/d/Photos/Z8/180-600mm/2026/2026-03-01/DSC_1977.NEF,23277,4,Blue,reject,picked,0.5151,0.5337,0.7941,0.1788,0.4734,0.8224,0.175,0.0006,0.0014,0.0135,-0.0152,-0.0011,0.0153,-0.0155,natural colors,out of focus,0.2105,0.2212,0.2182,0.2071,0.2072,0.2214,0.2559,0.2099,0.2199,0.2047,0.2224,0.2083,0.2061,0.2715,v0,clip_vit_b32_image
48541,/mnt/d/Photos/Z8/180-600mm/2026/2026-03-01/DSC_1978.NEF,23277,4,Blue,reject,picked,0.4874,0.5328,0.7761,0.1529,0.4443,0.8047,0.1371,-0.0005,0.0013,0.0124,-0.0171,-0.0022,0.0142,-0.0184,natural colors,out of focus,0.2084,0.2203,0.217,0.2049,0.2053,0.2192,0.2549,0.2089,0.219,0.2046,0.222,0.2075,0.2051,0.2732,v0,clip_vit_b32_image
48542,/mnt/d/Photos/Z8/180-600mm/2026/2026-03-01/DSC_1979.NEF,23277,4,Blue,pick,picked,0.5348,0.5278,0.8159,0.1869,0.4422,0.8273,0.1689,0.0014,0.0011,0.0149,-0.0147,-0.0023,0.0157,-0.0159,natural colors,out of focus,0.2156,0.2258,0.2242,0.2125,0.2116,0.2269,0.2611,0.2142,0.2247,0.2093,0.2272,0.2139,0.2112,0.2771,v0,clip_vit_b32_image
48543,/mnt/d/Photos/Z8/180-600mm/2026/2026-03-01/DSC_1980.NEF,23277,4,Blue,reject,picked,0.514,0.445,0.8005,0.205,0.4325,0.8199,0.1297,0.0006,-0.0022,0.0139,-0.0136,-0.0027,0.0152,-0.019,good dynamic range,out of focus,0.2168,0.227,0.225,0.2134,0.2107,0.2273,0.2612,0.2162,0.2292,0.2111,0.2269,0.2134,0.2121,0.2802,v0,clip_vit_b32_image
48544,/mnt/d/Photos/Z8/180-600mm/2026/2026-03-01/DSC_1981.NEF,23278,3,Blue,reject,neutral,0.406,0.2757,0.5394,0.2572,0.3817,0.5796,0.1578,-0.0038,-0.0097,0.0016,-0.0106,-0.0048,0.0032,-0.0167,good dynamic range,out of focus,0.2251,0.2289,0.2246,0.2204,0.2296,0.2276,0.2556,0.2289,0.2385,0.223,0.231,0.2344,0.2244,0.2723,v0,clip_vit_b32_image
48545,/mnt/d/Photos/Z8/180-600mm/2026/2026-03-01/DSC_1982.NEF,23278,3,Blue,reject,neutral,0.4166,0.3225,0.5357,0.2215,0.4585,0.5459,0.1798,-0.0034,-0.0074,0.0014,-0.0126,-0.0017,0.0018,-0.0152,good dynamic range,out of focus,0.2279,0.2319,0.2236,0.221,0.237,0.2292,0.2561,0.2313,0.2394,0.2222,0.2336,0.2387,0.2274,0.2713,v0,clip_vit_b32_image
48546,/mnt/d/Photos/Z8/180-600mm/2026/2026-03-01/DSC_1983.NEF,23278,3,Blue,reject,neutral,0.4667,0.5106,0.5954,0.2969,0.4036,0.6474,0.2067,-0.0013,0.0004,0.0039,-0.0086,-0.0039,0.0061,-0.0135,good dynamic range,out of focus,0.2283,0.2354,0.2248,0.224,0.2334,0.2314,0.2623,0.2296,0.235,0.2209,0.2326,0.2373,0.2253,0.2758,v0,clip_vit_b32_image
48547,/mnt/d/Photos/Z8/180-600mm/2026/2026-03-01/DSC_1984.NEF,23278,3,Blue,reject,neutral,0.4713,0.499,0.6203,0.3268,0.3974,0.6133,0.1842,-0.0011,-0.0,0.0049,-0.0072,-0.0042,0.0046,-0.0149,good dynamic range,out of focus,0.2276,0.2346,0.2246,0.2233,0.2324,0.2297,0.261,0.2287,0.2347,0.2197,0.2305,0.2366,0.225,0.2758,v0,clip_vit_b32_image
48548,/mnt/d/Photos/Z8/180-600mm/2026/2026-03-01/DSC_1985.NEF,23278,4,Blue,pick,picked,0.4623,0.484,0.6185,0.2974,0.4455,0.6412,0.2296,-0.0015,-0.0006,0.0048,-0.0086,-0.0022,0.0058,-0.0121,good dynamic range,out of focus,0.2244,0.23,0.2211,0.218,0.2308,0.2262,0.2593,0.2259,0.2306,0.2163,0.2266,0.233,0.2204,0.2714,v0,clip_vit_b32_image
48549,/mnt/d/Photos/Z8/180-600mm/2026/2026-03-01/DSC_1986.NEF,23278,3,Blue,reject,neutral,0.4412,0.4224,0.5843,0.3216,0.4513,0.6716,0.1688,-0.0024,-0.0031,0.0034,-0.0075,-0.002,0.0072,-0.0159,good dynamic range,out of focus,0.227,0.2329,0.2241,0.223,0.2335,0.2309,0.2589,0.2294,0.236,0.2207,0.2305,0.2355,0.2237,0.2748,v0,clip_vit_b32_image
48550,/mnt/d/Photos/Z8/180-600mm/2026/2026-03-01/DSC_1987.NEF,23278,3,Blue,reject,neutral,0.4195,0.3838,0.5773,0.3121,0.4422,0.6438,0.1659,-0.0032,-0.0047,0.0031,-0.0079,-0.0023,0.0059,-0.0161,good dynamic range,out of focus,0.2266,0.2318,0.2223,0.2219,0.2329,0.2285,0.2587,0.2298,0.2366,0.2192,0.2298,0.2352,0.2226,0.2749,v0,clip_vit_b32_image
48551,/mnt/d/Photos/Z8/180-600mm/2026/2026-03-01/DSC_1988.NEF,23278,3,Blue,reject,neutral,0.4571,0.4609,0.6168,0.3125,0.4759,0.6614,0.2016,-0.0017,-0.0016,0.0048,-0.0079,-0.001,0.0067,-0.0138,good dynamic range,out of focus,0.226,0.2323,0.2219,0.2216,0.2322,0.2281,0.2598,0.2277,0.2339,0.2172,0.2294,0.2332,0.2214,0.2735,v0,clip_vit_b32_image
48552,/mnt/d/Photos/Z8/180-600mm/2026/2026-03-01/DSC_1989.NEF,23278,4,Blue,pick,picked,0.3881,0.4294,0.5667,0.26,0.4431,0.556,0.2022,-0.0046,-0.0028,0.0027,-0.0105,-0.0023,0.0022,-0.0137,good dynamic range,out of focus,0.2218,0.227,0.2184,0.2165,0.2306,0.2235,0.2567,0.2264,0.2298,0.2157,0.2269,0.2329,0.2213,0.2705,v0,clip_vit_b32_image
48553,/mnt/d/Photos/Z8/180-600mm/2026/2026-03-01/DSC_1990.NEF,23278,4,Blue,pick,picked,0.3623,0.3534,0.5515,0.2316,0.4355,0.5768,0.1723,-0.0057,-0.006,0.0021,-0.012,-0.0026,0.0031,-0.0157,good dynamic range,out of focus,0.2218,0.227,0.2191,0.2165,0.2292,0.2235,0.257,0.2275,0.2331,0.217,0.2284,0.2318,0.2204,0.2727,v0,clip_vit_b32_image
48554,/mnt/d/Photos/Z8/180-600mm/2026/2026-03-01/DSC_1991.NEF,23278,3,Blue,reject,neutral,0.3296,0.2771,0.5319,0.217,0.4177,0.5664,0.1659,-0.0071,-0.0096,0.0013,-0.0128,-0.0033,0.0027,-0.0162,good dynamic range,out of focus,0.2234,0.2285,0.2198,0.2179,0.2296,0.2244,0.258,0.2305,0.2381,0.2185,0.2308,0.233,0.2217,0.2742,v0,clip_vit_b32_image
48555,/mnt/d/Photos/Z8/180-600mm/2026/2026-03-01/DSC_1992.NEF,23279,4,Blue,reject,picked,0.5931,0.5723,0.7223,0.3401,0.5197,0.7287,0.3033,0.0038,0.0029,0.0096,-0.0066,0.0008,0.0099,-0.0083,good dynamic range,out of focus,0.223,0.2293,0.2181,0.2155,0.2276,0.2276,0.2573,0.2192,0.2264,0.2086,0.2221,0.2268,0.2178,0.2656,v0,clip_vit_b32_image
48556,/mnt/d/Photos/Z8/180-600mm/2026/2026-03-01/DSC_1993.NEF,23279,4,Blue,pick,picked,0.5738,0.5295,0.7171,0.3278,0.5028,0.7338,0.311,0.003,0.0012,0.0093,-0.0072,0.0001,0.0101,-0.008,good dynamic range,out of focus,0.2249,0.2321,0.2215,0.2166,0.2285,0.2288,0.2591,0.222,0.2309,0.2122,0.2238,0.2284,0.2186,0.267,v0,clip_vit_b32_image
48557,/mnt/d/Photos/Z8/180-600mm/2026/2026-03-01/DSC_1994.NEF,23279,4,Blue,pick,picked,0.6104,0.6056,0.74,0.4116,0.5194,0.7045,0.3883,0.0045,0.0043,0.0105,-0.0036,0.0008,0.0087,-0.0045,good dynamic range,out of focus,0.2251,0.2309,0.2196,0.2158,0.2294,0.2265,0.2521,0.2206,0.2266,0.2092,0.2193,0.2286,0.2178,0.2566,v0,clip_vit_b32_image
48558,/mnt/d/Photos/Z8/180-600mm/2026/2026-03-01/DSC_1995.NEF,23279,3,Blue,reject,neutral,0.5681,0.5176,0.656,0.3531,0.4716,0.7474,0.2854,0.0027,0.0007,0.0065,-0.0061,-0.0011,0.0108,-0.0092,good dynamic range,out of focus,0.2267,0.233,0.2227,0.2192,0.2307,0.2324,0.2539,0.224,0.2323,0.2162,0.2253,0.2318,0.2216,0.2631,v0,clip_vit_b32_image
48559,/mnt/d/Photos/Z8/180-600mm/2026/2026-03-01/DSC_1996.NEF,23279,3,Blue,reject,neutral,0.5513,0.5433,0.6413,0.296,0.4506,0.7606,0.2513,0.0021,0.0017,0.0058,-0.0087,-0.002,0.0116,-0.0109,good dynamic range,out of focus,0.226,0.2351,0.2225,0.221,0.2297,0.2339,0.2586,0.2239,0.2334,0.2167,0.2296,0.2317,0.2224,0.2695,v0,clip_vit_b32_image
48560,/mnt/d/Photos/Z8/180-600mm/2026/2026-03-01/DSC_1997.NEF,23279,4,Blue,pick,picked,0.5896,0.5697,0.6502,0.3328,0.549,0.7074,0.3638,0.0036,0.0028,0.0062,-0.007,0.002,0.0088,-0.0056,well focused,out of focus,0.2273,0.2327,0.2199,0.2183,0.2326,0.228,0.2603,0.2237,0.2299,0.2137,0.2252,0.2306,0.2192,0.2659,v0,clip_vit_b32_image
48561,/mnt/d/Photos/Z8/180-600mm/2026/2026-03-01/DSC_1998.NEF,23279,3,Blue,pick,neutral,0.628,0.5591,0.7016,0.4391,0.5037,0.765,0.3677,0.0052,0.0024,0.0085,-0.0024,0.0001,0.0118,-0.0054,good dynamic range,out of focus,0.226,0.2316,0.2228,0.2196,0.228,0.2319,0.253,0.2208,0.2292,0.2142,0.222,0.2279,0.2201,0.2584,v0,clip_vit_b32_image
48562,/mnt/d/Photos/Z8/180-600mm/2026/2026-03-01/DSC_1999.NEF,23279,4,Blue,pick,picked,0.5962,0.5521,0.68,0.4636,0.4703,0.7671,0.329,0.0039,0.0021,0.0075,-0.0015,-0.0012,0.0119,-0.0071,good dynamic range,out of focus,0.2274,0.2345,0.2233,0.2227,0.2301,0.2337,0.2581,0.2235,0.2324,0.2158,0.2242,0.2313,0.2218,0.2652,v0,clip_vit_b32_image
48563,/mnt/d/Photos/Z8/180-600mm/2026/2026-03-01/DSC_2000.NEF,23279,3,Blue,reject,neutral,0.5225,0.4421,0.6548,0.3335,0.4268,0.7431,0.237,0.0009,-0.0023,0.0064,-0.0069,-0.003,0.0106,-0.0117,good dynamic range,out of focus,0.2266,0.2334,0.2242,0.2212,0.2284,0.2331,0.2602,0.2257,0.2358,0.2178,0.2282,0.2313,0.2224,0.2719,v0,clip_vit_b32_image
48564,/mnt/d/Photos/Z8/180-600mm/2026/2026-03-01/DSC_2001.NEF,23279,4,Blue,reject,picked,0.5053,0.4659,0.5867,0.3634,0.4359,0.6706,0.266,0.0002,-0.0014,0.0035,-0.0056,-0.0026,0.0071,-0.0102,good dynamic range,out of focus,0.2312,0.2385,0.226,0.2264,0.2359,0.2358,0.261,0.231,0.2399,0.2225,0.232,0.2385,0.2287,0.2712,v0,clip_vit_b32_image
48565,/mnt/d/Photos/Z8/180-600mm/2026/2026-03-01/DSC_2002.NEF,23279,4,Blue,pick,picked,0.5801,0.5882,0.6553,0.3698,0.4939,0.7113,0.3272,0.0032,0.0036,0.0064,-0.0053,-0.0002,0.009,-0.0072,good dynamic range,out of focus,0.2313,0.2374,0.2253,0.2228,0.2364,0.2347,0.2626,0.2281,0.2338,0.2189,0.2282,0.2366,0.2257,0.2698,v0,clip_vit_b32_image
48566,/mnt/d/Photos/Z8/180-600mm/2026/2026-03-01/DSC_2003.NEF,23279,4,Blue,pick,picked,0.577,0.5666,0.6306,0.4307,0.5193,0.6664,0.3534,0.0031,0.0027,0.0053,-0.0028,0.0008,0.0069,-0.006,well focused,out of focus,0.2301,0.2356,0.2231,0.2224,0.236,0.2318,0.2604,0.227,0.2329,0.2177,0.2252,0.2352,0.2249,0.2665,v0,clip_vit_b32_image
48567,/mnt/d/Photos/Z8/180-600mm/2026/2026-03-01/DSC_2004.NEF,23279,4,Blue,reject,picked,0.5616,0.5712,0.6292,0.4405,0.4929,0.664,0.3321,0.0025,0.0029,0.0053,-0.0024,-0.0003,0.0068,-0.007,good dynamic range,out of focus,0.2289,0.234,0.2228,0.2206,0.2342,0.2299,0.2595,0.2264,0.2311,0.2175,0.223,0.2345,0.2231,0.2665,v0,clip_vit_b32_image
48568,/mnt/d/Photos/Z8/180-600mm/2026/2026-03-01/DSC_2005.NEF,23279,4,Blue,reject,picked,0.5565,0.5181,0.6381,0.4166,0.4979,0.6976,0.3029,0.0023,0.0007,0.0057,-0.0034,-0.0001,0.0084,-0.0083,good dynamic range,out of focus,0.2307,0.2368,0.2244,0.224,0.2354,0.2336,0.2599,0.2284,0.2361,0.2187,0.2274,0.2355,0.2252,0.2683,v0,clip_vit_b32_image
48569,/mnt/d/Photos/Z8/180-600mm/2026/2026-03-01/DSC_2006.NEF,23280,4,Blue,reject,picked,0.588,0.5351,0.736,0.489,0.5113,0.7472,0.3874,0.0036,0.0014,0.0103,-0.0004,0.0005,0.0108,-0.0046,well focused,out of focus,0.2285,0.2369,0.2238,0.2222,0.2325,0.2311,0.2609,0.225,0.2355,0.2135,0.2226,0.2321,0.2202,0.2655,v0,clip_vit_b32_image
48570,/mnt/d/Photos/Z8/180-600mm/2026/2026-03-01/DSC_2007.NEF,23280,4,Blue,reject,picked,0.5681,0.572,0.6813,0.3644,0.5244,0.7772,0.3935,0.0027,0.0029,0.0076,-0.0056,0.001,0.0125,-0.0043,well focused,out of focus,0.225,0.2338,0.2198,0.2179,0.2291,0.2297,0.2616,0.2222,0.2309,0.2122,0.2235,0.2282,0.2172,0.2659,v0,clip_vit_b32_image
48571,/mnt/d/Photos/Z8/180-600mm/2026/2026-03-01/DSC_2008.NEF,23280,4,Blue,reject,picked,0.6078,0.5643,0.6977,0.439,0.5583,0.7838,0.4401,0.0044,0.0026,0.0084,-0.0025,0.0023,0.0129,-0.0024,well focused,out of focus,0.2288,0.237,0.224,0.2224,0.2333,0.2322,0.2638,0.2244,0.2345,0.2157,0.2248,0.2309,0.2193,0.2662,v0,clip_vit_b32_image
48572,/mnt/d/Photos/Z8/180-600mm/2026/2026-03-01/DSC_2009.NEF,23280,4,Blue,reject,picked,0.6423,0.5981,0.6793,0.4482,0.5947,0.7902,0.49,0.0059,0.004,0.0075,-0.0021,0.0038,0.0133,-0.0004,well focused,out of focus,0.2298,0.237,0.2239,0.2233,0.2345,0.2335,0.2647,0.2239,0.233,0.2164,0.2254,0.2306,0.2203,0.2651,v0,clip_vit_b32_image
48573,/mnt/d/Photos/Z8/180-600mm/2026/2026-03-01/DSC_2010.NEF,23280,4,Blue,pick,picked,0.6518,0.6641,0.7111,0.4771,0.6014,0.783,0.5004,0.0063,0.0068,0.009,-0.0009,0.0041,0.0128,0.0,well focused,out of focus,0.2275,0.2362,0.2219,0.2197,0.2328,0.2303,0.2633,0.2212,0.2293,0.2129,0.2206,0.2287,0.2175,0.2632,v0,clip_vit_b32_image
48574,/mnt/d/Photos/Z8/180-600mm/2026/2026-03-01/DSC_2011.NEF,23280,4,Blue,reject,picked,0.6189,0.6026,0.6975,0.4505,0.5633,0.7539,0.4831,0.0049,0.0042,0.0084,-0.002,0.0025,0.0112,-0.0007,well focused,out of focus,0.2279,0.2354,0.2227,0.22,0.2327,0.2301,0.2608,0.2231,0.2313,0.2143,0.222,0.2302,0.2189,0.2614,v0,clip_vit_b32_image
48575,/mnt/d/Photos/Z8/180-600mm/2026/2026-03-01/DSC_2012.NEF,23280,4,Blue,reject,picked,0.5863,0.6235,0.71,0.4078,0.5797,0.7591,0.4412,0.0035,0.005,0.009,-0.0037,0.0032,0.0115,-0.0024,well focused,out of focus,0.2271,0.2353,0.2224,0.2203,0.2333,0.2305,0.2639,0.2236,0.2303,0.2134,0.224,0.2301,0.219,0.2663,v0,clip_vit_b32_image
48576,/mnt/d/Photos/Z8/180-600mm/2026/2026-03-01/DSC_2013.NEF,23280,4,Blue,pick,picked,0.6347,0.6228,0.7045,0.4711,0.586,0.7723,0.4774,0.0055,0.005,0.0087,-0.0012,0.0035,0.0122,-0.0009,well focused,out of focus,0.2285,0.236,0.2233,0.2216,0.2346,0.232,0.2624,0.223,0.231,0.2146,0.2227,0.2311,0.2198,0.2633,v0,clip_vit_b32_image
48577,/mnt/d/Photos/Z8/180-600mm/2026/2026-03-01/DSC_2014.NEF,23280,4,Blue,pick,picked,0.6148,0.6586,0.6905,0.4882,0.5823,0.7518,0.4659,0.0047,0.0066,0.008,-0.0005,0.0033,0.0111,-0.0014,well focused,out of focus,0.2275,0.2359,0.2216,0.2209,0.2335,0.2304,0.263,0.2229,0.2293,0.2135,0.2213,0.2302,0.2193,0.2643,v0,clip_vit_b32_image
48578,/mnt/d/Photos/Z8/180-600mm/2026/2026-03-01/DSC_2015.NEF,23280,3,Green,reject,neutral,0.6037,0.5678,0.6634,0.2785,0.5624,0.7982,0.3222,0.0042,0.0027,0.0068,-0.0095,0.0025,0.0138,-0.0074,well focused,out of focus,0.2242,0.2345,0.2203,0.2185,0.2278,0.231,0.2626,0.22,0.2318,0.2135,0.2281,0.2252,0.2173,0.27,v0,clip_vit_b32_image
48579,/mnt/d/Photos/Z8/180-600mm/2026/2026-03-01/DSC_2016.NEF,23280,4,Blue,pick,picked,0.5804,0.5673,0.648,0.3636,0.5324,0.7525,0.3815,0.0032,0.0027,0.0061,-0.0056,0.0013,0.0111,-0.0048,well focused,out of focus,0.2304,0.2393,0.226,0.2243,0.2348,0.2342,0.2636,0.2272,0.2366,0.2199,0.2299,0.2335,0.223,0.2684,v0,clip_vit_b32_image
48580,/mnt/d/Photos/Z8/180-600mm/2026/2026-03-01/DSC_2017.NEF,23280,4,Blue,pick,picked,0.646,0.6457,0.6881,0.4398,0.5639,0.788,0.3997,0.006,0.006,0.0079,-0.0024,0.0026,0.0131,-0.0041,well focused,out of focus,0.2314,0.2403,0.2261,0.2247,0.2359,0.2348,0.2639,0.2254,0.2343,0.2182,0.2271,0.2333,0.2217,0.2679,v0,clip_vit_b32_image
48581,/mnt/d/Photos/Z8/180-600mm/2026/2026-03-01/DSC_2018.NEF,23280,4,Blue,pick,picked,0.6488,0.7355,0.7012,0.3286,0.5761,0.8099,0.432,0.0061,0.0102,0.0085,-0.0071,0.0031,0.0145,-0.0027,well focused,out of focus,0.2235,0.2363,0.2223,0.2176,0.2283,0.2303,0.2626,0.2173,0.2261,0.2137,0.2248,0.2253,0.2158,0.2653,v0,clip_vit_b32_image
48582,/mnt/d/Photos/Z8/180-600mm/2026/2026-03-01/DSC_2019.NEF,23280,4,Blue,pick,picked,0.6015,0.6976,0.7063,0.2863,0.5747,0.7828,0.4144,0.0041,0.0084,0.0088,-0.0091,0.003,0.0128,-0.0035,well focused,out of focus,0.2198,0.2329,0.2178,0.2139,0.2258,0.2259,0.2613,0.2157,0.2245,0.209,0.2231,0.2228,0.213,0.2648,v0,clip_vit_b32_image
48583,/mnt/d/Photos/Z8/180-600mm/2026/2026-03-01/DSC_2020.NEF,23280,4,Blue,pick,picked,0.6231,0.6864,0.6882,0.3807,0.5835,0.776,0.4621,0.005,0.0078,0.0079,-0.0049,0.0034,0.0124,-0.0015,well focused,out of focus,0.2237,0.234,0.2187,0.2178,0.2295,0.2279,0.2629,0.2187,0.2261,0.2108,0.2226,0.2261,0.2154,0.2644,v0,clip_vit_b32_image
48584,/mnt/d/Photos/Z8/180-600mm/2026/2026-03-01/DSC_2021.NEF,23280,4,Blue,reject,picked,0.5575,0.5036,0.6664,0.3265,0.5341,0.7661,0.3058,0.0023,0.0001,0.0069,-0.0072,0.0014,0.0119,-0.0082,well focused,out of focus,0.2253,0.2344,0.2206,0.2198,0.2292,0.2293,0.2605,0.223,0.2342,0.2136,0.227,0.2279,0.2174,0.2687,v0,clip_vit_b32_image
48585,/mnt/d/Photos/Z8/180-600mm/2026/2026-03-01/DSC_2022.NEF,23280,4,Blue,reject,picked,0.5275,0.4436,0.6544,0.3187,0.5239,0.7747,0.2934,0.0011,-0.0023,0.0064,-0.0076,0.001,0.0123,-0.0088,well focused,out of focus,0.2237,0.2315,0.2196,0.218,0.2271,0.2287,0.2601,0.2226,0.2338,0.2132,0.2256,0.2261,0.2163,0.2688,v0,clip_vit_b32_image
48586,/mnt/d/Photos/Z8/180-600mm/2026/2026-03-01/DSC_2023.NEF,23280,4,Blue,reject,picked,0.5287,0.4544,0.6895,0.2999,0.5293,0.7565,0.291,0.0011,-0.0018,0.008,-0.0085,0.0012,0.0113,-0.0089,well focused,out of focus,0.2235,0.2319,0.2207,0.2181,0.2276,0.2279,0.2593,0.2224,0.2338,0.2127,0.2266,0.2265,0.2165,0.2682,v0,clip_vit_b32_image
48587,/mnt/d/Photos/Z8/180-600mm/2026/2026-03-01/DSC_2024.NEF,23280,4,Blue,reject,picked,0.5649,0.5256,0.7004,0.3553,0.5325,0.7567,0.3622,0.0026,0.001,0.0085,-0.006,0.0013,0.0113,-0.0057,well focused,out of focus,0.2235,0.2328,0.2198,0.2185,0.2279,0.2281,0.2603,0.2209,0.2318,0.2113,0.2244,0.2266,0.2168,0.2659,v0,clip_vit_b32_image
48588,/mnt/d/Photos/Z8/180-600mm/2026/2026-03-01/DSC_2025.NEF,23280,4,Blue,reject,picked,0.5424,0.5641,0.6821,0.2724,0.487,0.7389,0.3578,0.0017,0.0026,0.0076,-0.0098,-0.0005,0.0104,-0.0058,well focused,out of focus,0.2197,0.2294,0.2173,0.214,0.2224,0.2234,0.2577,0.218,0.2269,0.2097,0.2238,0.2229,0.213,0.2635,v0,clip_vit_b32_image
48589,/mnt/d/Photos/Z8/180-600mm/2026/2026-03-01/DSC_2026.NEF,23280,3,Blue,reject,neutral,0.571,0.5859,0.6696,0.2897,0.5155,0.7732,0.3345,0.0029,0.0035,0.0071,-0.009,0.0006,0.0123,-0.0069,good dynamic range,out of focus,0.219,0.2277,0.2149,0.2126,0.2208,0.2236,0.256,0.2161,0.2242,0.2079,0.2216,0.2202,0.2114,0.2629,v0,clip_vit_b32_image
48590,/mnt/d/Photos/Z8/180-600mm/2026/2026-03-01/DSC_2027.NEF,23280,4,Blue,pick,picked,0.5076,0.5095,0.6727,0.2963,0.4775,0.7181,0.3345,0.0003,0.0004,0.0072,-0.0087,-0.0009,0.0093,-0.0069,well focused,out of focus,0.2203,0.2298,0.2174,0.2147,0.2243,0.2244,0.2562,0.22,0.2294,0.2102,0.2234,0.2252,0.215,0.263,v0,clip_vit_b32_image
48591,/mnt/d/Photos/Z8/180-600mm/2026/2026-03-01/DSC_2028.NEF,23280,4,Blue,reject,picked,0.5393,0.5193,0.6823,0.3095,0.4996,0.7386,0.2967,0.0016,0.0008,0.0076,-0.008,-0.0,0.0104,-0.0086,well focused,out of focus,0.2273,0.2368,0.2251,0.2224,0.2309,0.2325,0.2616,0.2258,0.236,0.2175,0.2304,0.2309,0.2221,0.2702,v0,clip_vit_b32_image
48592,/mnt/d/Photos/Z8/180-600mm/2026/2026-03-01/DSC_2029.NEF,23280,4,Blue,reject,picked,0.504,0.5164,0.6477,0.2391,0.4731,0.743,0.2854,0.0002,0.0007,0.0061,-0.0116,-0.0011,0.0106,-0.0092,well focused,out of focus,0.2248,0.2347,0.2232,0.219,0.2285,0.2304,0.2604,0.2246,0.2341,0.2171,0.2306,0.2296,0.2198,0.2696,v0,clip_vit_b32_image
48593,/mnt/d/Photos/Z8/180-600mm/2026/2026-03-01/DSC_2030.NEF,23280,4,Blue,pick,picked,0.4996,0.5136,0.6492,0.2706,0.4869,0.7367,0.2794,-0.0,0.0005,0.0062,-0.0099,-0.0005,0.0103,-0.0095,well focused,out of focus,0.2233,0.2329,0.2205,0.2179,0.2273,0.228,0.2611,0.2233,0.2323,0.2144,0.2278,0.2278,0.2177,0.2706,v0,clip_vit_b32_image
48594,/mnt/d/Photos/Z8/180-600mm/2026/2026-03-01/DSC_2031.NEF,23280,4,Blue,pick,picked,0.5157,0.4965,0.637,0.3331,0.5287,0.7165,0.3485,0.0006,-0.0001,0.0056,-0.0069,0.0012,0.0093,-0.0063,well focused,out of focus,0.223,0.2302,0.2179,0.2158,0.2285,0.2254,0.26,0.2224,0.2304,0.2122,0.2228,0.2274,0.2161,0.2662,v0,clip_vit_b32_image
48595,/mnt/d/Photos/Z8/180-600mm/2026/2026-03-01/DSC_2032.NEF,23281,4,Blue,reject,picked,0.6345,0.7239,0.649,0.41,0.5722,0.791,0.4935,0.0055,0.0096,0.0061,-0.0036,0.0029,0.0133,-0.0003,well focused,out of focus,0.2263,0.2361,0.2206,0.2221,0.2292,0.2309,0.2654,0.2208,0.2265,0.2145,0.2257,0.2263,0.2175,0.2657,v0,clip_vit_b32_image
48596,/mnt/d/Photos/Z8/180-600mm/2026/2026-03-01/DSC_2033.NEF,23281,4,Blue,reject,picked,0.6704,0.7508,0.6614,0.5128,0.5976,0.8075,0.5358,0.0071,0.011,0.0067,0.0005,0.004,0.0143,0.0014,well focused,out of focus,0.2298,0.2391,0.2239,0.2259,0.2334,0.2343,0.267,0.2227,0.2281,0.2172,0.2254,0.2294,0.2199,0.2656,v0,clip_vit_b32_image
48597,/mnt/d/Photos/Z8/180-600mm/2026/2026-03-01/DSC_2034.NEF,23281,4,Blue,reject,picked,0.5943,0.6725,0.6515,0.3246,0.547,0.7874,0.4518,0.0038,0.0072,0.0063,-0.0073,0.0019,0.0131,-0.0019,well focused,out of focus,0.2235,0.2334,0.2186,0.2178,0.2273,0.2292,0.2632,0.2196,0.2262,0.2123,0.2251,0.2254,0.2162,0.2651,v0,clip_vit_b32_image
48598,/mnt/d/Photos/Z8/180-600mm/2026/2026-03-01/DSC_2035.NEF,23281,4,Blue,reject,picked,0.6267,0.7142,0.6946,0.3065,0.5551,0.7847,0.4737,0.0052,0.0092,0.0082,-0.0082,0.0022,0.0129,-0.0011,well focused,out of focus,0.2205,0.2302,0.216,0.2144,0.2239,0.2259,0.2607,0.2153,0.221,0.2078,0.2225,0.2217,0.213,0.2617,v0,clip_vit_b32_image
48599,/mnt/d/Photos/Z8/180-600mm/2026/2026-03-01/DSC_2036.NEF,23281,4,Blue,pick,picked,0.626,0.6915,0.6814,0.3387,0.5709,0.7626,0.4814,0.0051,0.0081,0.0076,-0.0067,0.0029,0.0117,-0.0007,well focused,out of focus,0.2227,0.2319,0.2157,0.2163,0.2274,0.2272,0.2614,0.2175,0.2238,0.2081,0.223,0.2245,0.2155,0.2622,v0,clip_vit_b32_image
48600,/mnt/d/Photos/Z8/180-600mm/2026/2026-03-01/DSC_2037.NEF,23281,4,Blue,reject,picked,0.6289,0.7271,0.6515,0.3805,0.5975,0.7887,0.5698,0.0053,0.0098,0.0063,-0.0049,0.004,0.0132,0.0028,well focused,out of focus,0.2255,0.235,0.2187,0.2183,0.2307,0.2292,0.2651,0.2202,0.2252,0.2124,0.2232,0.2267,0.216,0.2623,v0,clip_vit_b32_image
48601,/mnt/d/Photos/Z8/180-600mm/2026/2026-03-01/DSC_2038.NEF,23281,4,Blue,reject,picked,0.6155,0.6547,0.6547,0.3913,0.5655,0.7628,0.5095,0.0047,0.0064,0.0064,-0.0044,0.0026,0.0117,0.0004,well focused,out of focus,0.2288,0.2373,0.2242,0.2228,0.2325,0.232,0.2645,0.2241,0.2309,0.2178,0.2273,0.2298,0.2203,0.2641,v0,clip_vit_b32_image
48602,/mnt/d/Photos/Z8/180-600mm/2026/2026-03-01/DSC_2039.NEF,23281,4,Blue,reject,picked,0.62,0.6746,0.6522,0.392,0.5782,0.7735,0.5195,0.0049,0.0073,0.0063,-0.0044,0.0032,0.0123,0.0008,well focused,out of focus,0.2282,0.2368,0.2233,0.2219,0.232,0.2316,0.2642,0.2233,0.2295,0.217,0.2263,0.2288,0.2194,0.2634,v0,clip_vit_b32_image
48603,/mnt/d/Photos/Z8/180-600mm/2026/2026-03-01/DSC_2040.NEF,23281,4,Blue,reject,picked,0.6024,0.6964,0.6727,0.3439,0.5679,0.806,0.436,0.0042,0.0083,0.0072,-0.0065,0.0027,0.0142,-0.0026,well focused,out of focus,0.2245,0.2346,0.2206,0.2179,0.2279,0.2302,0.2641,0.2204,0.2263,0.2134,0.2244,0.2252,0.216,0.2667,v0,clip_vit_b32_image
48604,/mnt/d/Photos/Z8/180-600mm/2026/2026-03-01/DSC_2041.NEF,23281,4,Blue,pick,picked,0.6122,0.694,0.6741,0.367,0.5653,0.8119,0.442,0.0046,0.0082,0.0073,-0.0055,0.0026,0.0146,-0.0023,well focused,out of focus,0.2256,0.2356,0.2223,0.2196,0.229,0.2317,0.2643,0.221,0.2274,0.215,0.2251,0.2264,0.217,0.2666,v0,clip_vit_b32_image
48605,/mnt/d/Photos/Z8/180-600mm/2026/2026-03-01/DSC_2042.NEF,23281,4,Blue,pick,picked,0.5949,0.6638,0.6631,0.3773,0.5647,0.7987,0.3974,0.0038,0.0068,0.0068,-0.005,0.0026,0.0138,-0.0042,well focused,out of focus,0.2294,0.2389,0.2259,0.2232,0.2333,0.2351,0.2677,0.2256,0.2321,0.2191,0.2282,0.2307,0.2213,0.2718,v0,clip_vit_b32_image
48606,/mnt/d/Photos/Z8/180-600mm/2026/2026-03-01/DSC_2043.NEF,23281,4,Blue,pick,picked,0.6443,0.68,0.6753,0.4866,0.6357,0.7726,0.4925,0.0059,0.0075,0.0073,-0.0005,0.0056,0.0122,-0.0003,well focused,out of focus,0.2331,0.2428,0.2234,0.226,0.2378,0.2348,0.2686,0.2271,0.2353,0.2161,0.2265,0.2322,0.2226,0.2689,v0,clip_vit_b32_image
48607,/mnt/d/Photos/Z8/180-600mm/2026/2026-03-01/DSC_2044.NEF,23281,4,Blue,pick,picked,0.6161,0.6709,0.7176,0.5346,0.6375,0.7592,0.5172,0.0047,0.0071,0.0093,0.0014,0.0056,0.0115,0.0007,well focused,out of focus,0.2291,0.2398,0.22,0.2231,0.2367,0.231,0.2644,0.2244,0.2327,0.2106,0.2218,0.231,0.2195,0.2637,v0,clip_vit_b32_image
48608,/mnt/d/Photos/Z8/180-600mm/2026/2026-03-01/DSC_2045.NEF,23281,4,Blue,pick,picked,0.6036,0.6107,0.73,0.2831,0.5923,0.8309,0.4159,0.0042,0.0045,0.0099,-0.0093,0.0037,0.0159,-0.0034,well focused,out of focus,0.223,0.2339,0.2201,0.2156,0.2249,0.2281,0.2594,0.2188,0.2294,0.2102,0.2249,0.2212,0.2121,0.2627,v0,clip_vit_b32_image
48609,/mnt/d/Photos/Z8/180-600mm/2026/2026-03-01/DSC_2046.NEF,23281,4,Blue,pick,picked,0.6075,0.636,0.7393,0.3511,0.6293,0.8107,0.4946,0.0044,0.0056,0.0104,-0.0061,0.0053,0.0145,-0.0002,well focused,out of focus,0.2244,0.2352,0.2211,0.2169,0.2267,0.2274,0.262,0.22,0.2296,0.2107,0.223,0.2214,0.2128,0.2622,v0,clip_vit_b32_image
48610,/mnt/d/Photos/Z8/180-600mm/2026/2026-03-01/DSC_2047.NEF,23281,4,Blue,pick,picked,0.6128,0.6218,0.7518,0.3403,0.6369,0.7993,0.5107,0.0046,0.005,0.0111,-0.0066,0.0056,0.0138,0.0004,well focused,out of focus,0.224,0.2343,0.2213,0.2159,0.2269,0.2266,0.2611,0.2194,0.2293,0.2102,0.2225,0.2213,0.2128,0.2607,v0,clip_vit_b32_image
48611,/mnt/d/Photos/Z8/180-600mm/2026/2026-03-01/DSC_2048.NEF,23281,4,Blue,reject,picked,0.6401,0.6492,0.7378,0.3658,0.6495,0.8333,0.4111,0.0058,0.0062,0.0103,-0.0055,0.0062,0.0161,-0.0036,well focused,out of focus,0.2242,0.2353,0.2208,0.2184,0.226,0.2296,0.2608,0.2185,0.2292,0.2104,0.2239,0.2199,0.2135,0.2644,v0,clip_vit_b32_image
48612,/mnt/d/Photos/Z8/180-600mm/2026/2026-03-01/DSC_2049.NEF,23281,4,Blue,reject,picked,0.6519,0.684,0.7279,0.3695,0.6341,0.8251,0.3848,0.0063,0.0077,0.0098,-0.0053,0.0055,0.0155,-0.0047,well focused,out of focus,0.2246,0.2366,0.2207,0.2186,0.2272,0.2302,0.2591,0.2183,0.2289,0.2108,0.224,0.2217,0.2146,0.2638,v0,clip_vit_b32_image
48613,/mnt/d/Photos/Z8/180-600mm/2026/2026-03-01/DSC_2050.NEF,23281,4,Blue,reject,picked,0.6219,0.6203,0.7108,0.3388,0.6026,0.8349,0.3601,0.005,0.0049,0.009,-0.0067,0.0042,0.0162,-0.0057,well focused,out of focus,0.2265,0.2384,0.2236,0.2203,0.2278,0.2327,0.2591,0.2215,0.2335,0.2146,0.227,0.2236,0.2165,0.2648,v0,clip_vit_b32_image
48614,/mnt/d/Photos/Z8/180-600mm/2026/2026-03-01/DSC_2051.NEF,23281,4,Blue,pick,picked,0.6348,0.6416,0.7263,0.3953,0.6036,0.8255,0.3553,0.0055,0.0058,0.0098,-0.0043,0.0042,0.0155,-0.006,well focused,out of focus,0.229,0.24,0.2246,0.2233,0.2305,0.2342,0.2627,0.2235,0.2342,0.2149,0.2276,0.2263,0.2186,0.2687,v0,clip_vit_b32_image
48615,/mnt/d/Photos/Z8/180-600mm/2026/2026-03-01/DSC_2052.NEF,23281,3,Blue,reject,neutral,0.6495,0.6681,0.7281,0.3919,0.593,0.8443,0.3705,0.0062,0.007,0.0099,-0.0044,0.0038,0.0169,-0.0053,well focused,out of focus,0.2271,0.2392,0.2231,0.2221,0.2283,0.2343,0.2617,0.221,0.2323,0.2133,0.2265,0.2245,0.2174,0.267,v0,clip_vit_b32_image
48616,/mnt/d/Photos/Z8/180-600mm/2026/2026-03-01/DSC_2053.NEF,23281,4,Blue,pick,picked,0.7118,0.7299,0.71,0.6312,0.6484,0.8363,0.4076,0.009,0.0099,0.009,0.0054,0.0061,0.0163,-0.0037,well focused,out of focus,0.2307,0.2418,0.2213,0.2274,0.2348,0.2363,0.265,0.2216,0.2319,0.2123,0.222,0.2287,0.22,0.2687,v0,clip_vit_b32_image
48617,/mnt/d/Photos/Z8/180-600mm/2026/2026-03-01/DSC_2054.NEF,23281,4,Blue,pick,picked,0.6849,0.6973,0.6993,0.5607,0.6273,0.8254,0.3889,0.0078,0.0083,0.0084,0.0024,0.0052,0.0155,-0.0045,well focused,out of focus,0.2314,0.2425,0.2231,0.228,0.234,0.2369,0.2663,0.2236,0.2341,0.2147,0.2255,0.2287,0.2214,0.2708,v0,clip_vit_b32_image
48618,/mnt/d/Photos/Z8/180-600mm/2026/2026-03-01/DSC_2055.NEF,23282,3,Blue,reject,neutral,0.3163,0.2909,0.6722,0.0872,0.3126,0.7108,0.0594,-0.0077,-0.0089,0.0072,-0.0235,-0.0079,0.009,-0.0276,good dynamic range,out of focus,0.2185,0.2291,0.229,0.2177,0.2123,0.2266,0.2594,0.2262,0.238,0.2219,0.2412,0.2201,0.2176,0.287,v0,clip_vit_b32_image
48619,/mnt/d/Photos/Z8/180-600mm/2026/2026-03-01/DSC_2056.NEF,23282,3,Blue,pick,neutral,0.3781,0.3308,0.7259,0.1234,0.3345,0.7352,0.0861,-0.005,-0.007,0.0097,-0.0196,-0.0069,0.0102,-0.0236,good dynamic range,out of focus,0.2209,0.2315,0.2319,0.2201,0.2136,0.2286,0.2626,0.2259,0.2385,0.2221,0.2397,0.2205,0.2184,0.2862,v0,clip_vit_b32_image
48620,/mnt/d/Photos/Z8/180-600mm/2026/2026-03-01/DSC_2057.NEF,23283,3,Blue,pick,neutral,0.3626,0.3647,0.6702,0.1087,0.3816,0.714,0.1077,-0.0056,-0.0056,0.0071,-0.021,-0.0048,0.0091,-0.0211,good dynamic range,out of focus,0.2158,0.2245,0.2245,0.2137,0.2114,0.2223,0.2578,0.2214,0.2301,0.2174,0.2347,0.2162,0.2132,0.2789,v0,clip_vit_b32_image
48621,/mnt/d/Photos/Z8/180-600mm/2026/2026-03-01/DSC_2058.NEF,23282,3,Blue,reject,neutral,0.326,0.3062,0.6384,0.1008,0.3035,0.6949,0.0826,-0.0073,-0.0082,0.0057,-0.0219,-0.0083,0.0082,-0.0241,good dynamic range,out of focus,0.2206,0.2305,0.2306,0.2198,0.2138,0.2282,0.2618,0.2278,0.2387,0.2249,0.2417,0.2221,0.22,0.2859,v0,clip_vit_b32_image
48622,/mnt/d/Photos/Z8/180-600mm/2026/2026-03-01/DSC_2059.NEF,23282,3,Blue,reject,neutral,0.3275,0.3018,0.6573,0.114,0.3224,0.6872,0.0836,-0.0072,-0.0084,0.0065,-0.0205,-0.0074,0.0079,-0.024,good dynamic range,out of focus,0.2199,0.2287,0.2289,0.2193,0.2143,0.2273,0.2612,0.2271,0.2371,0.2224,0.2398,0.2217,0.2194,0.2851,v0,clip_vit_b32_image
48623,/mnt/d/Photos/Z8/180-600mm/2026/2026-03-01/DSC_2060.NEF,23282,3,Blue,reject,neutral,0.4076,0.3325,0.6698,0.2084,0.3132,0.6711,0.1555,-0.0037,-0.007,0.0071,-0.0133,-0.0079,0.0071,-0.0169,good dynamic range,out of focus,0.2239,0.2337,0.2326,0.2263,0.2166,0.2304,0.2651,0.2276,0.2407,0.2256,0.2397,0.2245,0.2233,0.282,v0,clip_vit_b32_image
48624,/mnt/d/Photos/Z8/180-600mm/2026/2026-03-01/DSC_2061.NEF,23282,3,Blue,reject,neutral,0.4075,0.3502,0.6577,0.1954,0.3129,0.6674,0.1289,-0.0037,-0.0062,0.0065,-0.0142,-0.0079,0.007,-0.0191,good dynamic range,out of focus,0.2272,0.237,0.2356,0.2272,0.2202,0.2331,0.2669,0.2309,0.2432,0.2291,0.2414,0.2281,0.2261,0.286,v0,clip_vit_b32_image
48625,/mnt/d/Photos/Z8/180-600mm/2026/2026-03-01/DSC_2062.NEF,23282,3,Blue,reject,neutral,0.3869,0.4114,0.6794,0.1361,0.3465,0.6865,0.1374,-0.0046,-0.0036,0.0075,-0.0185,-0.0063,0.0078,-0.0184,good dynamic range,out of focus,0.219,0.2299,0.2275,0.2189,0.2149,0.2268,0.2639,0.2236,0.2335,0.22,0.2374,0.2213,0.2189,0.2823,v0,clip_vit_b32_image
48626,/mnt/d/Photos/Z8/180-600mm/2026/2026-03-01/DSC_2063.NEF,23282,4,Blue,pick,picked,0.4114,0.3902,0.6956,0.1539,0.3594,0.6886,0.1484,-0.0036,-0.0045,0.0083,-0.017,-0.0058,0.0079,-0.0175,good dynamic range,out of focus,0.2224,0.2318,0.2307,0.2212,0.2169,0.2285,0.2645,0.226,0.2362,0.2224,0.2383,0.2227,0.2206,0.282,v0,clip_vit_b32_image
48627,/mnt/d/Photos/Z8/180-600mm/2026/2026-03-01/DSC_2064.NEF,23282,3,Blue,reject,neutral,0.3646,0.3409,0.6359,0.1202,0.3099,0.6637,0.1141,-0.0056,-0.0066,0.0056,-0.0199,-0.008,0.0068,-0.0205,good dynamic range,out of focus,0.2233,0.2328,0.2326,0.2223,0.2171,0.2304,0.2645,0.2288,0.2394,0.2271,0.2422,0.2251,0.2236,0.285,v0,clip_vit_b32_image
48628,/mnt/d/Photos/Z8/180-600mm/2026/2026-03-01/DSC_2065.NEF,23283,3,Blue,pick,neutral,0.3101,0.2778,0.6119,0.1257,0.3077,0.7311,0.0806,-0.008,-0.0096,0.0046,-0.0194,-0.0081,0.01,-0.0243,good dynamic range,out of focus,0.2221,0.2313,0.2311,0.2228,0.2152,0.2308,0.2622,0.2301,0.2408,0.2266,0.2422,0.2233,0.2208,0.2865,v0,clip_vit_b32_image
48629,/mnt/d/Photos/Z8/180-600mm/2026/2026-03-01/DSC_2066.NEF,23282,3,Blue,reject,neutral,0.3639,0.2768,0.6881,0.162,0.3395,0.7224,0.1241,-0.0056,-0.0096,0.0079,-0.0164,-0.0067,0.0096,-0.0195,good dynamic range,out of focus,0.2239,0.2325,0.2342,0.2244,0.2171,0.2313,0.2635,0.2295,0.2421,0.2263,0.2409,0.2238,0.2217,0.2831,v0,clip_vit_b32_image
48630,/mnt/d/Photos/Z8/180-600mm/2026/2026-03-01/DSC_2067.NEF,23282,3,Blue,reject,neutral,0.3697,0.3177,0.6789,0.146,0.3176,0.7203,0.1181,-0.0053,-0.0076,0.0075,-0.0177,-0.0076,0.0095,-0.0201,good dynamic range,out of focus,0.2224,0.232,0.2329,0.223,0.2151,0.2306,0.2643,0.2278,0.2397,0.2255,0.2407,0.2228,0.2211,0.2844,v0,clip_vit_b32_image
48631,/mnt/d/Photos/Z8/180-600mm/2026/2026-03-01/DSC_2068.NEF,23282,3,Blue,reject,neutral,0.3457,0.368,0.6872,0.1177,0.3578,0.7054,0.1176,-0.0064,-0.0054,0.0079,-0.0201,-0.0059,0.0087,-0.0202,good dynamic range,out of focus,0.2178,0.2282,0.2286,0.2151,0.213,0.2242,0.2596,0.2242,0.2336,0.2207,0.2352,0.2189,0.2155,0.2798,v0,clip_vit_b32_image
48632,/mnt/d/Photos/Z8/180-600mm/2026/2026-03-01/DSC_2069.NEF,23282,3,Blue,reject,neutral,0.3837,0.4278,0.7068,0.1132,0.3435,0.7272,0.1046,-0.0047,-0.0029,0.0088,-0.0206,-0.0065,0.0098,-0.0215,good dynamic range,out of focus,0.2195,0.2308,0.2281,0.2182,0.2152,0.2266,0.2629,0.2243,0.2337,0.2193,0.2388,0.2216,0.2168,0.2844,v0,clip_vit_b32_image
48633,/mnt/d/Photos/Z8/180-600mm/2026/2026-03-01/DSC_2070.NEF,23282,3,Blue,reject,neutral,0.3846,0.3999,0.6694,0.1231,0.3489,0.7133,0.1035,-0.0047,-0.0041,0.0071,-0.0196,-0.0062,0.0091,-0.0216,good dynamic range,out of focus,0.2208,0.2314,0.2281,0.2189,0.2168,0.2275,0.2632,0.2255,0.2354,0.221,0.2386,0.223,0.2183,0.2848,v0,clip_vit_b32_image
48634,/mnt/d/Photos/Z8/180-600mm/2026/2026-03-01/DSC_2071.NEF,23282,3,Blue,reject,neutral,0.3807,0.3856,0.6417,0.1367,0.3697,0.7301,0.0908,-0.0049,-0.0047,0.0058,-0.0184,-0.0053,0.01,-0.023,good dynamic range,out of focus,0.2192,0.2297,0.225,0.2179,0.2159,0.2275,0.2639,0.2241,0.2344,0.2192,0.2363,0.2212,0.2175,0.2869,v0,clip_vit_b32_image
48635,/mnt/d/Photos/Z8/180-600mm/2026/2026-03-01/DSC_2072.NEF,23282,3,Blue,reject,neutral,0.3807,0.4458,0.6539,0.1574,0.3887,0.7374,0.0948,-0.0049,-0.0022,0.0064,-0.0168,-0.0045,0.0103,-0.0226,good dynamic range,out of focus,0.2164,0.2271,0.219,0.2161,0.2124,0.2238,0.2599,0.2212,0.2293,0.2126,0.2328,0.2169,0.2135,0.2824,v0,clip_vit_b32_image
48636,/mnt/d/Photos/Z8/180-600mm/2026/2026-03-01/DSC_2073.NEF,23282,3,Blue,reject,neutral,0.3924,0.4029,0.6645,0.1488,0.4059,0.7558,0.1086,-0.0044,-0.0039,0.0068,-0.0174,-0.0038,0.0113,-0.0211,good dynamic range,out of focus,0.2198,0.2291,0.2257,0.2168,0.2159,0.2267,0.2574,0.2241,0.2331,0.2188,0.2342,0.2197,0.2154,0.2784,v0,clip_vit_b32_image
48637,/mnt/d/Photos/Z8/180-600mm/2026/2026-03-01/DSC_2074.NEF,23282,3,Blue,reject,neutral,0.3979,0.4395,0.5893,0.1537,0.3817,0.7635,0.0912,-0.0041,-0.0024,0.0036,-0.0171,-0.0048,0.0117,-0.023,good dynamic range,out of focus,0.2211,0.2332,0.2267,0.2199,0.215,0.2298,0.2597,0.2252,0.2356,0.223,0.237,0.2198,0.2181,0.2827,v0,clip_vit_b32_image
48638,/mnt/d/Photos/Z8/180-600mm/2026/2026-03-01/DSC_2075.NEF,23282,3,Blue,reject,neutral,0.4038,0.4431,0.7026,0.1406,0.3719,0.7464,0.1082,-0.0039,-0.0023,0.0086,-0.0181,-0.0052,0.0108,-0.0211,good dynamic range,out of focus,0.2201,0.2314,0.2274,0.2188,0.2161,0.2291,0.2646,0.224,0.2337,0.2188,0.237,0.2213,0.2183,0.2857,v0,clip_vit_b32_image
48639,/mnt/d/Photos/Z8/180-600mm/2026/2026-03-01/DSC_2076.NEF,23282,3,Blue,reject,neutral,0.3971,0.4296,0.6904,0.1338,0.3501,0.7494,0.1046,-0.0042,-0.0028,0.008,-0.0187,-0.0062,0.011,-0.0215,good dynamic range,out of focus,0.2201,0.2309,0.2286,0.2192,0.215,0.2299,0.2642,0.2242,0.2337,0.2206,0.2379,0.2212,0.2189,0.2856,v0,clip_vit_b32_image
48640,/mnt/d/Photos/Z8/180-600mm/2026/2026-03-01/DSC_2077.NEF,23282,3,Blue,reject,neutral,0.3905,0.4094,0.683,0.1316,0.3241,0.7349,0.1019,-0.0045,-0.0037,0.0077,-0.0189,-0.0074,0.0102,-0.0218,good dynamic range,out of focus,0.2228,0.234,0.2318,0.222,0.2168,0.2326,0.2657,0.2272,0.2377,0.2241,0.2409,0.2242,0.2225,0.2875,v0,clip_vit_b32_image
48641,/mnt/d/Photos/Z8/180-600mm/2026/2026-03-01/DSC_2078.NEF,23282,3,Blue,reject,neutral,0.3757,0.3959,0.6695,0.1076,0.3051,0.7471,0.0829,-0.0051,-0.0042,0.0071,-0.0212,-0.0082,0.0108,-0.024,good dynamic range,out of focus,0.2216,0.2334,0.2317,0.2211,0.2136,0.2308,0.2631,0.2266,0.2376,0.2246,0.2422,0.2218,0.22,0.2871,v0,clip_vit_b32_image
48642,/mnt/d/Photos/Z8/180-600mm/2026/2026-03-01/DSC_2079.NEF,23282,3,Blue,reject,neutral,0.4034,0.4943,0.6581,0.1407,0.3628,0.7544,0.0899,-0.0039,-0.0002,0.0065,-0.0181,-0.0056,0.0112,-0.0232,good dynamic range,out of focus,0.2194,0.2321,0.2279,0.2185,0.2141,0.2278,0.2596,0.2233,0.2324,0.2213,0.2366,0.2197,0.2166,0.2827,v0,clip_vit_b32_image
48643,/mnt/d/Photos/Z8/180-600mm/2026/2026-03-01/DSC_2080.NEF,23282,3,Blue,reject,neutral,0.3588,0.4143,0.6305,0.1299,0.3266,0.7122,0.0795,-0.0058,-0.0035,0.0053,-0.019,-0.0072,0.0091,-0.0245,good dynamic range,out of focus,0.2178,0.2287,0.2246,0.2174,0.2112,0.2259,0.2564,0.2236,0.2321,0.2193,0.2364,0.2184,0.2168,0.2809,v0,clip_vit_b32_image
48644,/mnt/d/Photos/Z8/180-600mm/2026/2026-03-01/DSC_2081.NEF,23282,3,Blue,reject,neutral,0.3802,0.4266,0.6484,0.1425,0.3485,0.7461,0.0886,-0.0049,-0.003,0.0061,-0.0179,-0.0063,0.0108,-0.0233,good dynamic range,out of focus,0.2188,0.2299,0.2244,0.2189,0.2133,0.2276,0.2598,0.2237,0.2329,0.2183,0.2368,0.2196,0.2168,0.2831,v0,clip_vit_b32_image
48645,/mnt/d/Photos/Z8/180-600mm/2026/2026-03-01/DSC_2082.NEF,23282,3,Blue,reject,neutral,0.3735,0.3731,0.6759,0.1205,0.363,0.7771,0.0834,-0.0052,-0.0052,0.0074,-0.0199,-0.0056,0.0125,-0.024,good dynamic range,out of focus,0.218,0.2286,0.2271,0.2168,0.2122,0.2279,0.2595,0.2231,0.2338,0.2197,0.2367,0.2178,0.2155,0.2834,v0,clip_vit_b32_image
48646,/mnt/d/Photos/Z8/180-600mm/2026/2026-03-01/DSC_2083.NEF,23282,3,Blue,reject,neutral,0.4067,0.4795,0.6451,0.1648,0.3546,0.7666,0.0869,-0.0038,-0.0008,0.006,-0.0162,-0.006,0.0119,-0.0235,good dynamic range,out of focus,0.2206,0.232,0.2272,0.2207,0.2147,0.2294,0.2615,0.2244,0.2328,0.2212,0.2369,0.2207,0.2175,0.285,v0,clip_vit_b32_image
48647,/mnt/d/Photos/Z8/180-600mm/2026/2026-03-01/DSC_2084.NEF,23282,3,Blue,reject,neutral,0.3596,0.423,0.6748,0.099,0.3332,0.7288,0.0785,-0.0058,-0.0031,0.0073,-0.0221,-0.0069,0.0099,-0.0246,good dynamic range,out of focus,0.2178,0.2299,0.226,0.2164,0.2114,0.2254,0.2594,0.2236,0.233,0.2187,0.2384,0.2183,0.2155,0.284,v0,clip_vit_b32_image
48648,/mnt/d/Photos/Z8/180-600mm/2026/2026-03-01/DSC_2085.NEF,23284,3,Blue,pick,neutral,0.4216,0.4587,0.7003,0.177,0.3652,0.7475,0.115,-0.0032,-0.0017,0.0085,-0.0154,-0.0055,0.0109,-0.0204,good dynamic range,out of focus,0.2264,0.2369,0.2339,0.2253,0.2215,0.2347,0.2667,0.2295,0.2386,0.2254,0.2407,0.227,0.2239,0.2871,v0,clip_vit_b32_image
48649,/mnt/d/Photos/Z8/180-600mm/2026/2026-03-01/DSC_2086.NEF,23284,3,Blue,pick,neutral,0.3866,0.3338,0.6615,0.1509,0.3643,0.7411,0.0905,-0.0046,-0.0069,0.0067,-0.0173,-0.0056,0.0105,-0.0231,good dynamic range,out of focus,0.227,0.2362,0.2344,0.2261,0.2208,0.2352,0.2652,0.2316,0.2431,0.2277,0.2434,0.2263,0.2247,0.2883,v0,clip_vit_b32_image
48650,/mnt/d/Photos/Z8/180-600mm/2026/2026-03-01/DSC_2087.NEF,23284,3,Blue,pick,neutral,0.3754,0.3756,0.6918,0.1118,0.3603,0.751,0.0896,-0.0051,-0.0051,0.0081,-0.0207,-0.0057,0.011,-0.0232,good dynamic range,out of focus,0.2191,0.2297,0.2278,0.2179,0.2128,0.2278,0.2596,0.2242,0.2347,0.2197,0.2386,0.2185,0.2168,0.2828,v0,clip_vit_b32_image
48651,/mnt/d/Photos/Z8/180-600mm/2026/2026-03-01/DSC_2088.NEF,23284,3,Blue,reject,neutral,0.343,0.342,0.6786,0.0981,0.3278,0.7165,0.0672,-0.0065,-0.0065,0.0075,-0.0222,-0.0072,0.0093,-0.0263,good dynamic range,out of focus,0.2195,0.2304,0.2285,0.2188,0.2126,0.2275,0.2607,0.226,0.237,0.221,0.2409,0.2198,0.2182,0.287,v0,clip_vit_b32_image
48652,/mnt/d/Photos/Z8/180-600mm/2026/2026-03-01/DSC_2089.NEF,23284,3,Blue,reject,neutral,0.3542,0.348,0.5967,0.1145,0.3705,0.7177,0.1018,-0.006,-0.0063,0.0039,-0.0205,-0.0053,0.0093,-0.0218,good dynamic range,out of focus,0.2222,0.2312,0.2284,0.2207,0.2171,0.2291,0.2621,0.2282,0.2375,0.2245,0.2412,0.2224,0.2198,0.2839,v0,clip_vit_b32_image
48653,/mnt/d/Photos/Z8/180-600mm/2026/2026-03-01/DSC_2090.NEF,23284,3,Blue,reject,neutral,0.409,0.4111,0.6735,0.1451,0.3045,0.6928,0.1161,-0.0037,-0.0036,0.0072,-0.0177,-0.0083,0.0081,-0.0203,good dynamic range,out of focus,0.2256,0.2375,0.2361,0.2267,0.2169,0.2333,0.266,0.2292,0.2411,0.2288,0.2445,0.2252,0.2252,0.2863,v0,clip_vit_b32_image
48654,/mnt/d/Photos/Z8/180-600mm/2026/2026-03-01/DSC_2091.NEF,23284,3,Blue,reject,neutral,0.4131,0.4609,0.697,0.1282,0.3664,0.725,0.1028,-0.0035,-0.0016,0.0083,-0.0192,-0.0055,0.0097,-0.0217,good dynamic range,out of focus,0.2219,0.2339,0.232,0.222,0.2159,0.2317,0.2631,0.2254,0.2355,0.2237,0.2411,0.2214,0.222,0.2848,v0,clip_vit_b32_image
48655,/mnt/d/Photos/Z8/180-600mm/2026/2026-03-01/DSC_2092.NEF,23282,3,Blue,reject,neutral,0.3231,0.389,0.6248,0.0915,0.2933,0.698,0.0812,-0.0074,-0.0045,0.0051,-0.023,-0.0088,0.0084,-0.0243,good dynamic range,out of focus,0.2193,0.232,0.2273,0.2185,0.214,0.2278,0.2656,0.2266,0.2365,0.2222,0.2414,0.2228,0.2195,0.2899,v0,clip_vit_b32_image
48656,/mnt/d/Photos/Z8/180-600mm/2026/2026-03-01/DSC_2093.NEF,23282,3,Blue,reject,neutral,0.3162,0.2687,0.6034,0.1354,0.3185,0.7046,0.0695,-0.0077,-0.01,0.0042,-0.0185,-0.0076,0.0087,-0.026,good dynamic range,out of focus,0.2234,0.2343,0.2307,0.224,0.2183,0.2324,0.2657,0.2311,0.2443,0.2265,0.2426,0.2259,0.2237,0.2917,v0,clip_vit_b32_image
48657,/mnt/d/Photos/Z8/180-600mm/2026/2026-03-01/DSC_2094.NEF,23284,3,Blue,reject,neutral,0.5245,0.6003,0.7419,0.2105,0.4751,0.8117,0.1965,0.001,0.0041,0.0106,-0.0132,-0.001,0.0146,-0.0141,good dynamic range,out of focus,0.2231,0.2351,0.2285,0.2206,0.219,0.2302,0.2662,0.2221,0.231,0.2179,0.2338,0.22,0.2156,0.2802,v0,clip_vit_b32_image
48658,/mnt/d/Photos/Z8/180-600mm/2026/2026-03-01/DSC_2095.NEF,23282,4,Blue,pick,picked,0.4405,0.4864,0.7141,0.1855,0.4014,0.7624,0.1218,-0.0024,-0.0005,0.0092,-0.0148,-0.004,0.0117,-0.0198,good dynamic range,out of focus,0.2191,0.2307,0.2265,0.2195,0.2147,0.228,0.2652,0.2215,0.2313,0.2174,0.2343,0.2187,0.2163,0.285,v0,clip_vit_b32_image
48659,/mnt/d/Photos/Z8/180-600mm/2026/2026-03-01/DSC_2096.NEF,23282,3,Blue,reject,neutral,0.4116,0.4535,0.6578,0.1954,0.3674,0.7706,0.1329,-0.0036,-0.0019,0.0065,-0.0142,-0.0054,0.0121,-0.0188,good dynamic range,out of focus,0.2206,0.2312,0.2274,0.2215,0.2151,0.23,0.2636,0.2242,0.233,0.2208,0.2357,0.2205,0.2179,0.2823,v0,clip_vit_b32_image
48660,/mnt/d/Photos/Z8/180-600mm/2026/2026-03-01/DSC_2097.NEF,23282,3,Blue,reject,neutral,0.3069,0.354,0.6196,0.0914,0.3003,0.7224,0.0691,-0.0081,-0.006,0.0049,-0.023,-0.0085,0.0096,-0.026,good dynamic range,out of focus,0.2181,0.2299,0.2273,0.2182,0.212,0.227,0.2617,0.2262,0.2359,0.2224,0.2411,0.2205,0.2174,0.2877,v0,clip_vit_b32_image
48661,/mnt/d/Photos/Z8/180-600mm/2026/2026-03-01/DSC_2098.NEF,23282,3,Blue,reject,neutral,0.3375,0.3219,0.6308,0.1331,0.3097,0.726,0.0723,-0.0067,-0.0074,0.0054,-0.0187,-0.008,0.0097,-0.0255,good dynamic range,out of focus,0.2196,0.2299,0.2277,0.2203,0.2122,0.2274,0.2633,0.2263,0.2374,0.2223,0.239,0.2203,0.2177,0.2888,v0,clip_vit_b32_image
48662,/mnt/d/Photos/Z8/180-600mm/2026/2026-03-01/DSC_2099.NEF,23282,3,Blue,reject,neutral,0.3144,0.2634,0.6012,0.1344,0.3066,0.7169,0.0792,-0.0078,-0.0103,0.0041,-0.0186,-0.0082,0.0093,-0.0245,good dynamic range,out of focus,0.2205,0.2303,0.2262,0.2213,0.2137,0.2293,0.2644,0.2283,0.2406,0.222,0.24,0.2219,0.22,0.289,v0,clip_vit_b32_image
48663,/mnt/d/Photos/Z8/180-600mm/2026/2026-03-01/DSC_2100.NEF,23282,3,Blue,reject,neutral,0.4017,0.4084,0.6337,0.1827,0.2969,0.6839,0.1062,-0.004,-0.0037,0.0055,-0.015,-0.0086,0.0077,-0.0213,good dynamic range,out of focus,0.2283,0.2395,0.2341,0.2288,0.2201,0.2365,0.2697,0.2322,0.2432,0.2286,0.2438,0.2287,0.2288,0.291,v0,clip_vit_b32_image
48664,/mnt/d/Photos/Z8/180-600mm/2026/2026-03-01/DSC_2101.NEF,23282,3,Blue,reject,neutral,0.3782,0.3765,0.6153,0.1624,0.2763,0.6719,0.119,-0.005,-0.005,0.0047,-0.0164,-0.0096,0.0072,-0.02,good dynamic range,out of focus,0.2279,0.2388,0.235,0.2284,0.2184,0.2354,0.2687,0.2328,0.2439,0.2303,0.2448,0.228,0.2283,0.2887,v0,clip_vit_b32_image
48665,/mnt/d/Photos/Z8/180-600mm/2026/2026-03-01/DSC_2102.NEF,23282,3,Blue,reject,neutral,0.2952,0.3064,0.6046,0.0809,0.2956,0.7145,0.0753,-0.0087,-0.0082,0.0042,-0.0243,-0.0087,0.0092,-0.0251,good dynamic range,out of focus,0.2184,0.2298,0.2279,0.2183,0.2124,0.2278,0.2635,0.2271,0.238,0.2236,0.2426,0.221,0.2186,0.2885,v0,clip_vit_b32_image
48666,/mnt/d/Photos/Z8/180-600mm/2026/2026-03-01/DSC_2103.NEF,23282,3,Blue,reject,neutral,0.3191,0.3256,0.6113,0.1027,0.3692,0.7402,0.0989,-0.0076,-0.0073,0.0045,-0.0217,-0.0054,0.0105,-0.0221,good dynamic range,out of focus,0.2179,0.2281,0.2245,0.2159,0.2129,0.2256,0.2581,0.2255,0.2354,0.2199,0.2376,0.2182,0.2151,0.2802,v0,clip_vit_b32_image
48667,/mnt/d/Photos/Z8/180-600mm/2026/2026-03-01/DSC_2104.NEF,23282,3,Blue,neutral,neutral,0.404,0.4534,0.6933,0.1453,0.3882,0.7635,0.108,-0.0039,-0.0019,0.0082,-0.0177,-0.0045,0.0117,-0.0211,good dynamic range,out of focus,0.2168,0.2274,0.2253,0.2156,0.2123,0.2258,0.2579,0.2207,0.2292,0.2171,0.2333,0.2169,0.2141,0.279,v0,clip_vit_b32_image
48668,/mnt/d/Photos/Z8/180-600mm/2026/2026-03-01/DSC_2105.NEF,23282,3,Blue,reject,neutral,0.3712,0.2942,0.694,0.1186,0.3502,0.7106,0.11,-0.0053,-0.0088,0.0082,-0.0201,-0.0062,0.009,-0.0209,good dynamic range,out of focus,0.2242,0.234,0.2348,0.2237,0.2182,0.2319,0.2647,0.2295,0.2427,0.2266,0.2437,0.2244,0.2229,0.2856,v0,clip_vit_b32_image
48669,/mnt/d/Photos/Z8/180-600mm/2026/2026-03-01/DSC_2106.NEF,23282,3,Blue,reject,neutral,0.3547,0.3514,0.6216,0.1198,0.268,0.7015,0.0808,-0.006,-0.0061,0.005,-0.0199,-0.01,0.0085,-0.0243,good dynamic range,out of focus,0.2237,0.2352,0.2341,0.2242,0.2156,0.2331,0.2655,0.2297,0.2413,0.2292,0.2442,0.2257,0.2245,0.2898,v0,clip_vit_b32_image
48670,/mnt/d/Photos/Z8/180-600mm/2026/2026-03-01/DSC_2107.NEF,23282,3,Blue,neutral,neutral,0.3579,0.3198,0.5989,0.1285,0.2829,0.6129,0.1017,-0.0058,-0.0075,0.004,-0.0191,-0.0093,0.0046,-0.0218,good dynamic range,misfocused,0.2264,0.2366,0.2347,0.2266,0.218,0.2322,0.2678,0.2322,0.2442,0.2307,0.2458,0.2273,0.2276,0.2895,v0,clip_vit_b32_image
48671,/mnt/d/Photos/Z8/180-600mm/2026/2026-03-01/DSC_2108.NEF,23282,3,Blue,neutral,neutral,0.4267,0.394,0.6366,0.272,0.2307,0.641,0.1103,-0.003,-0.0043,0.0056,-0.0098,-0.012,0.0058,-0.0209,crisp details,out of focus,0.2334,0.244,0.2402,0.2347,0.2182,0.2387,0.2607,0.2364,0.2483,0.2346,0.2445,0.2302,0.2329,0.2816,v0,clip_vit_b32_image
48672,/mnt/d/Photos/Z8/180-600mm/2026/2026-03-01/DSC_2109.NEF,23285,4,Blue,reject,picked,0.4345,0.5458,0.6761,0.1084,0.412,0.711,0.1649,-0.0026,0.0018,0.0074,-0.0211,-0.0036,0.009,-0.0162,good dynamic range,noisy,0.2164,0.2269,0.226,0.2143,0.2135,0.2224,0.2608,0.219,0.2251,0.2186,0.2353,0.2171,0.2134,0.2771,v0,clip_vit_b32_image
48673,/mnt/d/Photos/Z8/180-600mm/2026/2026-03-01/DSC_2110.NEF,23285,4,Blue,reject,picked,0.4472,0.5514,0.6757,0.112,0.4199,0.703,0.174,-0.0021,0.0021,0.0073,-0.0207,-0.0032,0.0086,-0.0156,good dynamic range,out of focus,0.2184,0.2289,0.2278,0.2147,0.2165,0.2245,0.2619,0.2205,0.2269,0.2205,0.2354,0.2197,0.2159,0.2775,v0,clip_vit_b32_image
48674,/mnt/d/Photos/Z8/180-600mm/2026/2026-03-01/DSC_2111.NEF,23285,4,Blue,reject,picked,0.4477,0.5407,0.6715,0.1236,0.4114,0.7064,0.1669,-0.0021,0.0016,0.0072,-0.0196,-0.0036,0.0088,-0.0161,good dynamic range,out of focus,0.2193,0.2288,0.2271,0.2151,0.2175,0.2255,0.2622,0.2214,0.2272,0.2199,0.2347,0.2211,0.2168,0.2782,v0,clip_vit_b32_image
48675,/mnt/d/Photos/Z8/180-600mm/2026/2026-03-01/DSC_2112.NEF,23285,4,Blue,pick,picked,0.401,0.4749,0.6968,0.0706,0.3712,0.6882,0.1695,-0.004,-0.001,0.0083,-0.0258,-0.0053,0.0079,-0.0159,good dynamic range,noisy,0.2169,0.2258,0.2282,0.2113,0.2125,0.2212,0.2583,0.2209,0.2268,0.2199,0.2371,0.2177,0.2133,0.2742,v0,clip_vit_b32_image
48676,/mnt/d/Photos/Z8/180-600mm/2026/2026-03-01/DSC_2113.NEF,23285,4,Blue,neutral,picked,0.4292,0.5687,0.7023,0.0847,0.3902,0.7389,0.1968,-0.0028,0.0028,0.0086,-0.0238,-0.0045,0.0104,-0.0141,good dynamic range,noisy,0.2099,0.2221,0.2191,0.208,0.2053,0.2179,0.2569,0.2128,0.2193,0.2105,0.2318,0.2098,0.2075,0.2709,v0,clip_vit_b32_image
48677,/mnt/d/Photos/Z8/180-600mm/2026/2026-03-01/DSC_2114.NEF,23285,4,Blue,reject,picked,0.4025,0.5684,0.6286,0.1175,0.3423,0.7015,0.211,-0.0039,0.0028,0.0053,-0.0202,-0.0065,0.0085,-0.0132,good dynamic range,underexposed,0.2138,0.2235,0.2227,0.2121,0.2089,0.2189,0.2591,0.2178,0.2208,0.2174,0.2323,0.2154,0.2104,0.2723,v0,clip_vit_b32_image
48678,/mnt/d/Photos/Z8/180-600mm/2026/2026-03-01/DSC_2115.NEF,23285,4,Blue,pick,picked,0.4299,0.5974,0.6733,0.1217,0.3516,0.7194,0.2178,-0.0028,0.0039,0.0072,-0.0198,-0.0061,0.0094,-0.0128,good dynamic range,underexposed,0.2127,0.2221,0.222,0.21,0.2079,0.2175,0.2583,0.2155,0.2181,0.2147,0.2297,0.214,0.2081,0.2711,v0,clip_vit_b32_image
48679,/mnt/d/Photos/Z8/180-600mm/2026/2026-03-01/DSC_2116.NEF,23285,3,Blue,reject,neutral,0.4765,0.5961,0.713,0.125,0.3914,0.7129,0.2161,-0.0009,0.0039,0.0091,-0.0195,-0.0044,0.0091,-0.0129,good dynamic range,noisy,0.2156,0.2253,0.2246,0.2123,0.2118,0.2221,0.2611,0.2166,0.2214,0.2155,0.2317,0.2162,0.2131,0.274,v0,clip_vit_b32_image
48680,/mnt/d/Photos/Z8/180-600mm/2026/2026-03-01/DSC_2117.NEF,23285,4,Blue,pick,picked,0.4948,0.6276,0.7321,0.1401,0.3725,0.7125,0.1974,-0.0002,0.0052,0.0101,-0.0181,-0.0052,0.0091,-0.014,good dynamic range,noisy,0.2183,0.2304,0.2276,0.2161,0.2134,0.2244,0.2618,0.2185,0.2252,0.2176,0.2343,0.2187,0.2153,0.2759,v0,clip_vit_b32_image
48681,/mnt/d/Photos/Z8/180-600mm/2026/2026-03-01/DSC_2118.NEF,23285,3,Blue,reject,neutral,0.3962,0.4595,0.6812,0.0843,0.3457,0.6931,0.1332,-0.0042,-0.0016,0.0076,-0.0239,-0.0064,0.0081,-0.0187,good dynamic range,out of focus,0.2133,0.2241,0.2236,0.2117,0.2083,0.2205,0.2587,0.2175,0.2257,0.216,0.2356,0.2146,0.2123,0.2774,v0,clip_vit_b32_image
48682,/mnt/d/Photos/Z8/180-600mm/2026/2026-03-01/DSC_2119.NEF,23285,3,Blue,reject,neutral,0.4933,0.5809,0.6882,0.1557,0.367,0.718,0.2214,-0.0003,0.0033,0.0079,-0.0169,-0.0054,0.0093,-0.0126,good dynamic range,noisy,0.2211,0.2309,0.2292,0.2198,0.2148,0.2265,0.2626,0.2214,0.2276,0.2213,0.2367,0.2203,0.2172,0.2751,v0,clip_vit_b32_image
48683,/mnt/d/Photos/Z8/180-600mm/2026/2026-03-01/DSC_2120.NEF,23285,3,Blue,reject,neutral,0.4456,0.4591,0.6486,0.1419,0.3836,0.7148,0.1542,-0.0022,-0.0016,0.0061,-0.018,-0.0047,0.0092,-0.017,good dynamic range,out of focus,0.2185,0.2268,0.2252,0.2162,0.2128,0.2222,0.2603,0.2207,0.2284,0.2191,0.2342,0.2175,0.213,0.2774,v0,clip_vit_b32_image
48684,/mnt/d/Photos/Z8/180-600mm/2026/2026-03-01/DSC_2121.NEF,23285,3,Blue,pick,neutral,0.3581,0.3755,0.5946,0.078,0.3481,0.7156,0.1367,-0.0058,-0.0051,0.0038,-0.0247,-0.0063,0.0092,-0.0184,good dynamic range,misfocused,0.219,0.2267,0.2283,0.2147,0.2129,0.2238,0.2584,0.2248,0.2317,0.2245,0.2394,0.2191,0.2146,0.2768,v0,clip_vit_b32_image
48685,/mnt/d/Photos/Z8/180-600mm/2026/2026-03-01/DSC_2122.NEF,23285,3,Blue,pick,neutral,0.3676,0.4321,0.5934,0.0778,0.3216,0.6932,0.1374,-0.0054,-0.0027,0.0038,-0.0247,-0.0075,0.0082,-0.0184,good dynamic range,underexposed,0.2173,0.2255,0.2264,0.2133,0.2121,0.2229,0.2594,0.2227,0.2282,0.2227,0.238,0.2195,0.2148,0.2778,v0,clip_vit_b32_image
48686,/mnt/d/Photos/Z8/180-600mm/2026/2026-03-01/DSC_2123.NEF,23285,3,Blue,reject,neutral,0.4301,0.4951,0.6907,0.1026,0.3659,0.7068,0.1473,-0.0028,-0.0002,0.008,-0.0217,-0.0055,0.0088,-0.0176,good dynamic range,out of focus,0.2205,0.2306,0.2293,0.2186,0.2163,0.2253,0.2637,0.2233,0.2308,0.2213,0.2403,0.2218,0.2165,0.2813,v0,clip_vit_b32_image
48687,/mnt/d/Photos/Z8/180-600mm/2026/2026-03-01/DSC_2124.NEF,,1,Red,reject,rejected,0.4425,0.4272,0.3889,0.5859,0.3556,0.4306,0.2538,-0.0023,-0.0029,-0.0045,0.0035,-0.0059,-0.0028,-0.0108,a photo with strong subject separation,misfocused,0.2281,0.234,0.2261,0.2326,0.2216,0.2269,0.2296,0.2304,0.2369,0.2306,0.2291,0.2276,0.2297,0.2404,v0,clip_vit_b32_image
48688,/mnt/d/Photos/Z8/180-600mm/2026/2026-03-01/DSC_2125.NEF,23286,3,Green,reject,neutral,0.6347,0.6077,0.7852,0.3977,0.522,0.7497,0.3144,0.0055,0.0044,0.013,-0.0042,0.0009,0.011,-0.0078,crisp details,out of focus,0.2156,0.2194,0.2165,0.2145,0.2152,0.2203,0.2364,0.2101,0.2151,0.2035,0.2186,0.2143,0.2093,0.2442,v0,clip_vit_b32_image
48689,/mnt/d/Photos/Z8/180-600mm/2026/2026-03-01/DSC_2126.NEF,23286,3,Green,reject,neutral,0.5683,0.5439,0.7493,0.3166,0.4913,0.7822,0.3071,0.0028,0.0018,0.0109,-0.0077,-0.0003,0.0128,-0.0081,good dynamic range,out of focus,0.2239,0.2277,0.2268,0.2206,0.2225,0.2284,0.2509,0.2212,0.226,0.2159,0.2283,0.2229,0.2156,0.2591,v0,clip_vit_b32_image
48690,/mnt/d/Photos/Z8/180-600mm/2026/2026-03-01/DSC_2127.NEF,23286,3,Green,neutral,neutral,0.5858,0.6073,0.7855,0.2901,0.6055,0.7857,0.3617,0.0035,0.0044,0.013,-0.0089,0.0043,0.013,-0.0057,a photo with strong subject separation,out of focus,0.22,0.2238,0.221,0.2159,0.2232,0.2241,0.254,0.2165,0.2195,0.208,0.2249,0.2189,0.2111,0.2597,v0,clip_vit_b32_image
48691,/mnt/d/Photos/Z8/180-600mm/2026/2026-03-01/DSC_2128.NEF,23286,3,Green,reject,neutral,0.5979,0.6062,0.7089,0.5042,0.4485,0.6411,0.2567,0.004,0.0043,0.0089,0.0002,-0.0021,0.0058,-0.0106,crisp details,out of focus,0.2224,0.2257,0.2236,0.2205,0.2229,0.2239,0.2419,0.2184,0.2214,0.2147,0.2203,0.225,0.2181,0.2525,v0,clip_vit_b32_image
48692,/mnt/d/Photos/Z8/180-600mm/2026/2026-03-01/DSC_2129.NEF,23286,3,Green,reject,neutral,0.5724,0.5907,0.7036,0.4355,0.428,0.614,0.2476,0.0029,0.0037,0.0086,-0.0026,-0.0029,0.0046,-0.0111,a photo with strong subject separation,out of focus,0.2218,0.2258,0.2215,0.2204,0.2225,0.2245,0.2393,0.2189,0.2222,0.2129,0.223,0.2254,0.2199,0.2504,v0,clip_vit_b32_image
48693,/mnt/d/Photos/Z8/180-600mm/2026/2026-03-01/DSC_2130.NEF,23286,3,Green,reject,neutral,0.6089,0.5935,0.7806,0.4328,0.4395,0.767,0.276,0.0044,0.0038,0.0127,-0.0027,-0.0024,0.0119,-0.0096,a photo with strong subject separation,out of focus,0.2256,0.2297,0.2306,0.224,0.2231,0.2304,0.2411,0.2212,0.2259,0.2179,0.2267,0.2255,0.2185,0.2508,v0,clip_vit_b32_image
48694,/mnt/d/Photos/Z8/180-600mm/2026/2026-03-01/DSC_2131.NEF,23286,4,Blue,reject,picked,0.599,0.6118,0.6995,0.3185,0.5719,0.6708,0.3966,0.004,0.0045,0.0085,-0.0076,0.0029,0.0071,-0.0042,good dynamic range,out of focus,0.2231,0.2246,0.2186,0.217,0.2279,0.2246,0.249,0.2191,0.22,0.2102,0.2246,0.225,0.2175,0.2532,v0,clip_vit_b32_image
48695,/mnt/d/Photos/Z8/180-600mm/2026/2026-03-01/DSC_2132.NEF,23286,4,Blue,pick,picked,0.571,0.6262,0.7346,0.2713,0.5347,0.6788,0.3777,0.0029,0.0052,0.0102,-0.0099,0.0014,0.0075,-0.005,a photo with strong subject separation,out of focus,0.218,0.2218,0.2163,0.2134,0.221,0.2199,0.2421,0.2152,0.2166,0.2061,0.2233,0.2196,0.2124,0.2471,v0,clip_vit_b32_image
48696,/mnt/d/Photos/Z8/180-600mm/2026/2026-03-01/DSC_2133.NEF,23286,4,Blue,pick,picked,0.5815,0.6033,0.6575,0.3944,0.4927,0.6519,0.3377,0.0033,0.0042,0.0065,-0.0043,-0.0003,0.0063,-0.0067,a photo with strong subject separation,out of focus,0.23,0.2315,0.2296,0.2244,0.2324,0.2294,0.2565,0.2267,0.2273,0.2231,0.2287,0.2326,0.2232,0.2632,v0,clip_vit_b32_image
48697,/mnt/d/Photos/Z8/180-600mm/2026/2026-03-01/DSC_2134.NEF,23286,4,Blue,reject,picked,0.5528,0.5965,0.6872,0.4474,0.4948,0.6358,0.2827,0.0021,0.0039,0.0079,-0.0021,-0.0002,0.0056,-0.0093,a photo with strong subject separation,out of focus,0.2302,0.2332,0.2294,0.2271,0.2323,0.2297,0.2561,0.2281,0.2293,0.2215,0.2292,0.2325,0.2241,0.2654,v0,clip_vit_b32_image
48698,/mnt/d/Photos/Z8/180-600mm/2026/2026-03-01/DSC_2135.NEF,23286,4,Blue,pick,picked,0.5658,0.6092,0.7102,0.3097,0.47,0.6179,0.3542,0.0026,0.0044,0.009,-0.008,-0.0012,0.0048,-0.006,a photo with strong subject separation,out of focus,0.2224,0.2258,0.2212,0.2176,0.2241,0.223,0.2426,0.2198,0.2213,0.2123,0.2256,0.2253,0.2182,0.2486,v0,clip_vit_b32_image
48699,/mnt/d/Photos/Z8/180-600mm/2026/2026-03-01/DSC_2136.NEF,23286,4,Blue,reject,picked,0.509,0.4364,0.6668,0.2768,0.4566,0.639,0.2838,0.0004,-0.0026,0.0069,-0.0096,-0.0017,0.0057,-0.0093,a photo with strong subject separation,out of focus,0.2232,0.2227,0.2233,0.2183,0.2249,0.2242,0.245,0.2228,0.2252,0.2163,0.2279,0.2266,0.2185,0.2542,v0,clip_vit_b32_image
48700,/mnt/d/Photos/Z8/180-600mm/2026/2026-03-01/DSC_2137.NEF,23286,4,Blue,reject,picked,0.5347,0.5902,0.7417,0.2838,0.6283,0.737,0.3742,0.0014,0.0036,0.0105,-0.0093,0.0053,0.0103,-0.0051,well focused,out of focus,0.2207,0.2256,0.22,0.216,0.2264,0.2226,0.2555,0.2193,0.222,0.2095,0.2252,0.2212,0.2123,0.2607,v0,clip_vit_b32_image
48701,/mnt/d/Photos/Z8/180-600mm/2026/2026-03-01/DSC_2138.NEF,23286,4,Blue,pick,picked,0.5171,0.6443,0.7388,0.2255,0.6325,0.732,0.4022,0.0007,0.0059,0.0104,-0.0123,0.0054,0.01,-0.004,well focused,out of focus,0.2192,0.2255,0.2191,0.213,0.2267,0.2213,0.2539,0.2185,0.2196,0.2087,0.2254,0.2212,0.2112,0.2578,v0,clip_vit_b32_image
48702,/mnt/d/Photos/Z8/180-600mm/2026/2026-03-01/DSC_2139.NEF,23286,4,Blue,pick,picked,0.5193,0.6357,0.7436,0.3024,0.6347,0.7499,0.5129,0.0008,0.0056,0.0106,-0.0084,0.0055,0.011,0.0005,well focused,out of focus,0.219,0.2229,0.2162,0.2127,0.2238,0.2195,0.2475,0.2183,0.2174,0.2055,0.2211,0.2183,0.2086,0.2469,v0,clip_vit_b32_image
48703,/mnt/d/Photos/Z8/180-600mm/2026/2026-03-01/DSC_2140.NEF,23286,4,Blue,pick,picked,0.5512,0.671,0.7593,0.2588,0.6284,0.7872,0.4448,0.0021,0.0071,0.0115,-0.0105,0.0053,0.0131,-0.0022,well focused,out of focus,0.219,0.2262,0.2199,0.2132,0.2232,0.2221,0.2536,0.2169,0.219,0.2084,0.2237,0.218,0.2091,0.2559,v0,clip_vit_b32_image
48704,/mnt/d/Photos/Z8/180-600mm/2026/2026-03-01/DSC_2141.NEF,23287,3,Green,reject,neutral,0.4314,0.4959,0.7114,0.1879,0.5539,0.7747,0.3062,-0.0028,-0.0002,0.009,-0.0146,0.0022,0.0123,-0.0082,a photo with strong subject separation,out of focus,0.2143,0.2201,0.2145,0.2114,0.2184,0.2189,0.2518,0.2171,0.2202,0.2055,0.226,0.2162,0.2065,0.26,v0,clip_vit_b32_image
48705,/mnt/d/Photos/Z8/180-600mm/2026/2026-03-01/DSC_2142.NEF,23287,3,Green,pick,neutral,0.545,0.5676,0.772,0.3963,0.5954,0.7957,0.3961,0.0018,0.0027,0.0122,-0.0042,0.0039,0.0136,-0.0042,well focused,out of focus,0.2203,0.224,0.2215,0.2151,0.2227,0.2226,0.2549,0.2185,0.2212,0.2093,0.2193,0.2189,0.209,0.2591,v0,clip_vit_b32_image
48706,/mnt/d/Photos/Z8/180-600mm/2026/2026-03-01/DSC_2143.NEF,23287,3,Green,pick,neutral,0.5453,0.6662,0.7891,0.2783,0.602,0.7988,0.4638,0.0018,0.0069,0.0132,-0.0095,0.0041,0.0138,-0.0015,a photo with strong subject separation,out of focus,0.2161,0.2218,0.2158,0.2137,0.2209,0.2205,0.2512,0.2143,0.2149,0.2026,0.2233,0.2167,0.2067,0.2527,v0,clip_vit_b32_image
48707,/mnt/d/Photos/Z8/180-600mm/2026/2026-03-01/DSC_2144.NEF,23287,3,Green,reject,neutral,0.5152,0.6072,0.774,0.2549,0.5838,0.7858,0.4282,0.0006,0.0044,0.0123,-0.0107,0.0034,0.013,-0.0029,a photo with strong subject separation,out of focus,0.213,0.2178,0.2131,0.2105,0.217,0.2171,0.2477,0.2124,0.2134,0.2008,0.2212,0.2136,0.2041,0.2506,v0,clip_vit_b32_image
48708,/mnt/d/Photos/Z8/180-600mm/2026/2026-03-01/DSC_2145.NEF,23287,3,Green,reject,neutral,0.5333,0.6249,0.7365,0.2679,0.5889,0.7833,0.4572,0.0013,0.0051,0.0103,-0.0101,0.0036,0.0129,-0.0017,a photo with strong subject separation,out of focus,0.2133,0.2169,0.2117,0.2099,0.2172,0.2171,0.2451,0.212,0.2118,0.2014,0.2199,0.2137,0.2042,0.2468,v0,clip_vit_b32_image
48709,/mnt/d/Photos/Z8/180-600mm/2026/2026-03-01/DSC_2146.NEF,23287,3,Green,reject,neutral,0.5051,0.5683,0.7182,0.2389,0.5606,0.7725,0.3948,0.0002,0.0027,0.0094,-0.0116,0.0024,0.0122,-0.0043,a photo with strong subject separation,out of focus,0.2141,0.2173,0.2125,0.2091,0.2176,0.2176,0.2473,0.2139,0.2146,0.2032,0.2207,0.2151,0.2054,0.2516,v0,clip_vit_b32_image
48710,/mnt/d/Photos/Z8/180-600mm/2026/2026-03-01/DSC_2147.NEF,23287,3,Green,reject,neutral,0.4918,0.5361,0.7041,0.264,0.5508,0.7514,0.3403,-0.0003,0.0014,0.0087,-0.0103,0.002,0.0111,-0.0066,a photo with strong subject separation,out of focus,0.2143,0.2172,0.2123,0.2097,0.2177,0.2175,0.2488,0.2146,0.2158,0.2036,0.2199,0.2157,0.2064,0.2554,v0,clip_vit_b32_image
48711,/mnt/d/Photos/Z8/180-600mm/2026/2026-03-01/DSC_2148.NEF,23287,3,Green,reject,neutral,0.5929,0.5416,0.7176,0.4019,0.6544,0.8436,0.4116,0.0038,0.0017,0.0093,-0.004,0.0064,0.0169,-0.0036,well focused,out of focus,0.2226,0.2252,0.223,0.2155,0.2257,0.2257,0.2582,0.2188,0.2235,0.2137,0.2195,0.2193,0.2088,0.2617,v0,clip_vit_b32_image
48712,/mnt/d/Photos/Z8/180-600mm/2026/2026-03-01/DSC_2149.NEF,23287,3,Green,reject,neutral,0.5972,0.4995,0.6634,0.4244,0.6355,0.7529,0.434,0.0039,-0.0,0.0068,-0.003,0.0056,0.0111,-0.0027,balanced contrast,out of focus,0.2223,0.2203,0.2195,0.2157,0.2255,0.2224,0.2523,0.2183,0.2203,0.2127,0.2187,0.22,0.2112,0.255,v0,clip_vit_b32_image
48713,/mnt/d/Photos/Z8/180-600mm/2026/2026-03-01/DSC_2150.NEF,23287,3,Green,reject,neutral,0.5723,0.4812,0.6638,0.4002,0.6414,0.7679,0.4129,0.0029,-0.0008,0.0068,-0.004,0.0058,0.012,-0.0035,well focused,out of focus,0.2225,0.2215,0.2204,0.2161,0.2265,0.2233,0.2552,0.2196,0.2222,0.2136,0.2202,0.2207,0.2113,0.2588,v0,clip_vit_b32_image
48714,/mnt/d/Photos/Z8/180-600mm/2026/2026-03-01/DSC_2151.NEF,23287,3,Green,reject,neutral,0.5224,0.582,0.7056,0.2404,0.6346,0.7977,0.423,0.0009,0.0033,0.0087,-0.0115,0.0055,0.0137,-0.0031,well focused,out of focus,0.2124,0.2171,0.2137,0.2067,0.218,0.2167,0.2521,0.2115,0.2138,0.205,0.2182,0.2125,0.203,0.2552,v0,clip_vit_b32_image
48715,/mnt/d/Photos/Z8/180-600mm/2026/2026-03-01/DSC_2152.NEF,23287,3,Green,reject,neutral,0.5237,0.6128,0.7273,0.2423,0.6542,0.8035,0.4447,0.0009,0.0046,0.0098,-0.0114,0.0064,0.0141,-0.0022,well focused,out of focus,0.2147,0.2205,0.2163,0.2091,0.2203,0.2179,0.252,0.2137,0.2159,0.2065,0.2205,0.2139,0.2039,0.2542,v0,clip_vit_b32_image
48716,/mnt/d/Photos/Z8/180-600mm/2026/2026-03-01/DSC_2153.NEF,23287,3,Green,reject,neutral,0.4939,0.5044,0.7003,0.2369,0.6232,0.761,0.4297,-0.0002,0.0002,0.0085,-0.0117,0.005,0.0116,-0.0028,well focused,out of focus,0.218,0.2214,0.218,0.2106,0.2236,0.2192,0.254,0.2182,0.2213,0.2095,0.2223,0.2186,0.2076,0.2568,v0,clip_vit_b32_image
48717,/mnt/d/Photos/Z8/180-600mm/2026/2026-03-01/DSC_2154.NEF,23287,3,Green,reject,neutral,0.4597,0.4853,0.6896,0.2021,0.6153,0.7742,0.3954,-0.0016,-0.0006,0.008,-0.0137,0.0047,0.0123,-0.0042,well focused,out of focus,0.2148,0.2201,0.2137,0.2097,0.2211,0.2191,0.2494,0.2165,0.2207,0.2058,0.2235,0.2164,0.2068,0.2536,v0,clip_vit_b32_image
48718,/mnt/d/Photos/Z8/180-600mm/2026/2026-03-01/DSC_2155.NEF,23287,3,Green,reject,neutral,0.4903,0.5039,0.7089,0.2646,0.6023,0.8045,0.4231,-0.0004,0.0002,0.0089,-0.0102,0.0041,0.0141,-0.0031,well focused,out of focus,0.2164,0.2211,0.2161,0.212,0.2212,0.2201,0.2564,0.2168,0.2209,0.2072,0.2222,0.217,0.2059,0.2595,v0,clip_vit_b32_image
48719,/mnt/d/Photos/Z8/180-600mm/2026/2026-03-01/DSC_2156.NEF,23287,3,Green,reject,neutral,0.5435,0.5217,0.6954,0.3632,0.6557,0.7275,0.4855,0.0017,0.0009,0.0083,-0.0056,0.0064,0.0098,-0.0006,well focused,out of focus,0.2208,0.2201,0.2158,0.2143,0.2278,0.2209,0.2489,0.2191,0.2192,0.2075,0.2199,0.2214,0.2111,0.2494,v0,clip_vit_b32_image
48720,/mnt/d/Photos/Z8/180-600mm/2026/2026-03-01/DSC_2157.NEF,23287,3,Green,reject,neutral,0.5332,0.4856,0.6873,0.3928,0.5958,0.7083,0.4505,0.0013,-0.0006,0.0079,-0.0044,0.0039,0.0089,-0.002,a photo with strong subject separation,out of focus,0.2193,0.2182,0.2154,0.2141,0.224,0.2198,0.2446,0.218,0.2188,0.2075,0.2184,0.2201,0.2109,0.2466,v0,clip_vit_b32_image
48721,/mnt/d/Photos/Z8/180-600mm/2026/2026-03-01/DSC_2158.NEF,23287,3,Blue,reject,neutral,0.5729,0.5731,0.6837,0.4368,0.5659,0.6659,0.448,0.0029,0.0029,0.0077,-0.0025,0.0027,0.0069,-0.0021,a photo with strong subject separation,out of focus,0.2192,0.2188,0.2139,0.2132,0.2213,0.2184,0.244,0.2163,0.2158,0.2062,0.2158,0.2186,0.2115,0.2461,v0,clip_vit_b32_image
48722,/mnt/d/Photos/Z8/180-600mm/2026/2026-03-01/DSC_2159.NEF,23287,3,Green,reject,neutral,0.5156,0.5787,0.713,0.2987,0.6016,0.7675,0.3824,0.0006,0.0032,0.0091,-0.0085,0.0041,0.0119,-0.0048,well focused,out of focus,0.2156,0.2195,0.2143,0.2109,0.2197,0.2186,0.2532,0.2149,0.2163,0.2052,0.2194,0.2156,0.2067,0.258,v0,clip_vit_b32_image
48723,/mnt/d/Photos/Z8/180-600mm/2026/2026-03-01/DSC_2160.NEF,23287,3,Blue,reject,neutral,0.4862,0.5125,0.7145,0.251,0.5702,0.7796,0.3267,-0.0006,0.0005,0.0092,-0.0109,0.0028,0.0126,-0.0072,well focused,out of focus,0.2153,0.2185,0.2174,0.2114,0.2173,0.2184,0.2507,0.2158,0.218,0.2082,0.2223,0.2145,0.2058,0.258,v0,clip_vit_b32_image
48724,/mnt/d/Photos/Z8/180-600mm/2026/2026-03-01/DSC_2161.NEF,23287,3,Blue,reject,neutral,0.538,0.5282,0.7559,0.3236,0.6312,0.8318,0.3733,0.0015,0.0011,0.0113,-0.0074,0.0054,0.016,-0.0052,a photo with strong subject separation,out of focus,0.2232,0.2277,0.2247,0.2179,0.2275,0.2268,0.2548,0.2217,0.2265,0.2134,0.2252,0.2222,0.2108,0.26,v0,clip_vit_b32_image
48725,/mnt/d/Photos/Z8/180-600mm/2026/2026-03-01/DSC_2162.NEF,23287,3,Blue,reject,neutral,0.527,0.546,0.7769,0.2922,0.6132,0.8299,0.3617,0.0011,0.0018,0.0125,-0.0088,0.0046,0.0158,-0.0057,a photo with strong subject separation,out of focus,0.2205,0.2245,0.2234,0.2161,0.2235,0.2239,0.253,0.2194,0.2226,0.211,0.225,0.2189,0.208,0.2586,v0,clip_vit_b32_image
48726,/mnt/d/Photos/Z8/180-600mm/2026/2026-03-01/DSC_2163.NEF,23287,3,Blue,reject,neutral,0.4933,0.4739,0.7408,0.274,0.6098,0.8117,0.3238,-0.0003,-0.001,0.0105,-0.0097,0.0045,0.0146,-0.0074,a photo with strong subject separation,out of focus,0.2187,0.2207,0.2202,0.2142,0.2217,0.2214,0.2498,0.2189,0.2218,0.2097,0.224,0.2173,0.2068,0.2572,v0,clip_vit_b32_image
48727,/mnt/d/Photos/Z8/180-600mm/2026/2026-03-01/DSC_2164.NEF,23287,3,Blue,pick,neutral,0.4778,0.4755,0.7314,0.2522,0.5905,0.7832,0.3078,-0.0009,-0.001,0.01,-0.0109,0.0037,0.0128,-0.0081,well focused,out of focus,0.2171,0.2192,0.2192,0.2135,0.2187,0.2189,0.2493,0.218,0.2202,0.2091,0.2243,0.215,0.206,0.2574,v0,clip_vit_b32_image
48728,/mnt/d/Photos/Z8/180-600mm/2026/2026-03-01/DSC_2165.NEF,23287,4,Blue,reject,picked,0.5652,0.6709,0.7989,0.3605,0.6612,0.8053,0.4387,0.0026,0.0071,0.0138,-0.0057,0.0067,0.0142,-0.0025,well focused,out of focus,0.2174,0.2235,0.2204,0.2143,0.2233,0.2205,0.2557,0.2148,0.2164,0.2066,0.22,0.2166,0.2063,0.2582,v0,clip_vit_b32_image
48729,/mnt/d/Photos/Z8/180-600mm/2026/2026-03-01/DSC_2166.NEF,23287,4,Blue,pick,picked,0.5511,0.6663,0.7674,0.3565,0.6651,0.7693,0.481,0.0021,0.0069,0.0119,-0.0059,0.0069,0.012,-0.0008,well focused,out of focus,0.2167,0.2226,0.2171,0.2138,0.224,0.2192,0.2548,0.2146,0.2156,0.2051,0.2197,0.2171,0.2071,0.2556,v0,clip_vit_b32_image
48730,/mnt/d/Photos/Z8/180-600mm/2026/2026-03-01/DSC_2167.NEF,23287,4,Blue,pick,picked,0.5913,0.7183,0.7715,0.4323,0.6571,0.7868,0.5102,0.0037,0.0094,0.0122,-0.0027,0.0065,0.0131,0.0004,well focused,out of focus,0.215,0.2199,0.2145,0.2128,0.2203,0.2168,0.252,0.2113,0.2105,0.2023,0.2155,0.2138,0.2037,0.2516,v0,clip_vit_b32_image
48731,/mnt/d/Photos/Z8/180-600mm/2026/2026-03-01/DSC_2168.NEF,23287,4,Blue,pick,picked,0.5267,0.6233,0.7904,0.3013,0.6214,0.7885,0.4138,0.0011,0.005,0.0133,-0.0084,0.005,0.0132,-0.0035,well focused,out of focus,0.2154,0.2216,0.2188,0.2126,0.2209,0.2183,0.2532,0.2143,0.2166,0.2055,0.221,0.216,0.2052,0.2567,v0,clip_vit_b32_image
48732,/mnt/d/Photos/Z8/180-600mm/2026/2026-03-01/DSC_2169.NEF,23287,4,Blue,pick,picked,0.5235,0.5936,0.7973,0.2929,0.6007,0.7777,0.4027,0.0009,0.0038,0.0137,-0.0088,0.0041,0.0125,-0.0039,well focused,out of focus,0.2149,0.2206,0.218,0.212,0.2184,0.2169,0.2513,0.214,0.2168,0.2043,0.2208,0.2143,0.2044,0.2553,v0,clip_vit_b32_image
48733,/mnt/d/Photos/Z8/180-600mm/2026/2026-03-01/DSC_2170.NEF,23287,4,Blue,pick,picked,0.5448,0.5849,0.7825,0.3272,0.6483,0.799,0.4329,0.0018,0.0034,0.0128,-0.0072,0.0061,0.0138,-0.0027,well focused,out of focus,0.2168,0.2211,0.2176,0.2116,0.2212,0.2174,0.251,0.215,0.2176,0.2048,0.2188,0.2151,0.2035,0.2537,v0,clip_vit_b32_image
48734,/mnt/d/Photos/Z8/180-600mm/2026/2026-03-01/DSC_2171.NEF,23287,3,Blue,pick,neutral,0.4977,0.5082,0.797,0.3033,0.586,0.8188,0.3287,-0.0001,0.0003,0.0137,-0.0083,0.0035,0.0151,-0.0071,a photo with strong subject separation,out of focus,0.2199,0.2257,0.2233,0.2167,0.2223,0.2225,0.258,0.22,0.2253,0.2096,0.2251,0.2188,0.2074,0.2651,v0,clip_vit_b32_image
48735,/mnt/d/Photos/Z8/180-600mm/2026/2026-03-01/DSC_2172.NEF,23287,3,Green,reject,neutral,0.5246,0.5804,0.7726,0.2952,0.5995,0.8285,0.3632,0.001,0.0032,0.0122,-0.0087,0.004,0.0157,-0.0056,well focused,out of focus,0.2185,0.2241,0.2209,0.2147,0.2206,0.2211,0.2576,0.2175,0.2208,0.2087,0.2234,0.2166,0.2054,0.2632,v0,clip_vit_b32_image
48736,/mnt/d/Photos/Z8/180-600mm/2026/2026-03-01/DSC_2173.NEF,23287,3,Green,reject,neutral,0.5114,0.5821,0.7582,0.2439,0.5923,0.8117,0.3503,0.0005,0.0033,0.0114,-0.0113,0.0037,0.0146,-0.0062,well focused,out of focus,0.2169,0.2232,0.2183,0.2137,0.22,0.2206,0.2578,0.2164,0.2199,0.2069,0.225,0.2162,0.206,0.264,v0,clip_vit_b32_image
48737,/mnt/d/Photos/Z8/180-600mm/2026/2026-03-01/DSC_2174.NEF,23287,3,Green,reject,neutral,0.5344,0.637,0.7606,0.2495,0.6006,0.8057,0.3892,0.0014,0.0056,0.0116,-0.011,0.0041,0.0142,-0.0045,a photo with strong subject separation,out of focus,0.217,0.2236,0.2177,0.2138,0.2209,0.221,0.2573,0.2156,0.2179,0.2061,0.2248,0.2169,0.2067,0.2618,v0,clip_vit_b32_image
48738,/mnt/d/Photos/Z8/180-600mm/2026/2026-03-01/DSC_2176.NEF,23287,4,Blue,reject,picked,0.533,0.5983,0.7345,0.3199,0.6237,0.7596,0.4055,0.0013,0.004,0.0102,-0.0075,0.0051,0.0115,-0.0038,well focused,out of focus,0.2148,0.2188,0.2123,0.2101,0.2195,0.218,0.2528,0.2135,0.2148,0.2021,0.2176,0.2144,0.2064,0.2567,v0,clip_vit_b32_image
48739,/mnt/d/Photos/Z8/180-600mm/2026/2026-03-01/DSC_2177.NEF,23287,3,Blue,reject,neutral,0.5303,0.5913,0.736,0.2747,0.6127,0.7526,0.3759,0.0012,0.0037,0.0103,-0.0097,0.0046,0.0111,-0.0051,a photo with strong subject separation,out of focus,0.2145,0.2187,0.2132,0.2089,0.2195,0.2173,0.251,0.2133,0.215,0.203,0.2186,0.2149,0.2062,0.2561,v0,clip_vit_b32_image
48740,/mnt/d/Photos/Z8/180-600mm/2026/2026-03-01/DSC_2178.NEF,23287,3,Blue,reject,neutral,0.4718,0.5099,0.6834,0.3099,0.5808,0.6884,0.3269,-0.0011,0.0004,0.0077,-0.008,0.0033,0.0079,-0.0072,well focused,out of focus,0.2113,0.2145,0.2082,0.2065,0.2152,0.2127,0.2498,0.2124,0.2141,0.2005,0.2145,0.212,0.2047,0.257,v0,clip_vit_b32_image
48741,/mnt/d/Photos/Z8/180-600mm/2026/2026-03-01/DSC_2179.NEF,23288,3,Green,reject,neutral,0.4957,0.5907,0.7544,0.3505,0.653,0.7612,0.3454,-0.0002,0.0037,0.0112,-0.0062,0.0063,0.0116,-0.0064,well focused,out of focus,0.2182,0.2252,0.2197,0.2151,0.2248,0.2229,0.2578,0.2184,0.2216,0.2085,0.2213,0.2185,0.2113,0.2642,v0,clip_vit_b32_image
48742,/mnt/d/Photos/Z8/180-600mm/2026/2026-03-01/DSC_2180.NEF,23287,4,Blue,pick,picked,0.4605,0.4783,0.7401,0.2209,0.5708,0.7736,0.318,-0.0016,-0.0009,0.0105,-0.0126,0.0029,0.0123,-0.0076,a photo with strong subject separation,out of focus,0.2144,0.2188,0.217,0.2101,0.2167,0.2183,0.2494,0.216,0.2197,0.2066,0.2227,0.2138,0.206,0.257,v0,clip_vit_b32_image
48743,/mnt/d/Photos/Z8/180-600mm/2026/2026-03-01/DSC_2181.NEF,23287,4,Blue,pick,picked,0.497,0.5259,0.745,0.2967,0.619,0.7426,0.4028,-0.0001,0.001,0.0107,-0.0086,0.0049,0.0106,-0.0039,a photo with strong subject separation,out of focus,0.2205,0.223,0.2215,0.2149,0.2246,0.2218,0.2503,0.2206,0.222,0.2108,0.2235,0.2198,0.2112,0.2542,v0,clip_vit_b32_image
48744,/mnt/d/Photos/Z8/180-600mm/2026/2026-03-01/DSC_2182.NEF,23287,4,Blue,pick,picked,0.5087,0.5776,0.7454,0.3049,0.6152,0.7379,0.4363,0.0003,0.0031,0.0107,-0.0082,0.0047,0.0103,-0.0026,a photo with strong subject separation,out of focus,0.2179,0.2202,0.2197,0.2133,0.2225,0.2191,0.2487,0.2176,0.2171,0.2089,0.2216,0.2178,0.2087,0.2513,v0,clip_vit_b32_image
48745,/mnt/d/Photos/Z8/180-600mm/2026/2026-03-01/DSC_2183.NEF,23287,3,Blue,reject,neutral,0.514,0.5128,0.7561,0.354,0.6264,0.751,0.3939,0.0006,0.0005,0.0113,-0.006,0.0052,0.011,-0.0043,a photo with strong subject separation,out of focus,0.2183,0.2196,0.2189,0.2123,0.2233,0.2194,0.2469,0.2177,0.2191,0.2075,0.2183,0.2181,0.2084,0.2513,v0,clip_vit_b32_image
48746,/mnt/d/Photos/Z8/180-600mm/2026/2026-03-01/DSC_2184.NEF,23287,3,Blue,reject,neutral,0.5367,0.5793,0.7615,0.3189,0.6543,0.7687,0.4026,0.0015,0.0032,0.0116,-0.0076,0.0064,0.012,-0.0039,well focused,out of focus,0.2192,0.2211,0.2205,0.213,0.2252,0.2189,0.2509,0.2177,0.2179,0.2089,0.2206,0.2188,0.2069,0.2548,v0,clip_vit_b32_image
48747,/mnt/d/Photos/Z8/180-600mm/2026/2026-03-01/DSC_2185.NEF,23288,3,Green,reject,neutral,0.5083,0.5738,0.7949,0.2893,0.6109,0.8164,0.3867,0.0003,0.003,0.0135,-0.009,0.0045,0.0149,-0.0046,well focused,out of focus,0.2128,0.2187,0.2163,0.2104,0.2169,0.2184,0.251,0.2124,0.2157,0.2027,0.2194,0.2124,0.2035,0.2557,v0,clip_vit_b32_image
48748,/mnt/d/Photos/Z8/180-600mm/2026/2026-03-01/DSC_2186.NEF,23288,3,Green,reject,neutral,0.4671,0.4916,0.7624,0.3001,0.6114,0.796,0.3512,-0.0013,-0.0003,0.0117,-0.0085,0.0045,0.0136,-0.0061,well focused,out of focus,0.2149,0.22,0.2178,0.2131,0.2202,0.2204,0.2533,0.2162,0.2203,0.2061,0.2215,0.2157,0.2068,0.2595,v0,clip_vit_b32_image
48749,/mnt/d/Photos/Z8/180-600mm/2026/2026-03-01/DSC_2187.NEF,23288,3,Green,reject,neutral,0.4609,0.5569,0.7438,0.2846,0.6032,0.7718,0.3552,-0.0016,0.0023,0.0107,-0.0092,0.0042,0.0122,-0.006,well focused,out of focus,0.2132,0.2191,0.2156,0.211,0.219,0.217,0.2517,0.2147,0.2168,0.205,0.2202,0.2148,0.2048,0.2577,v0,clip_vit_b32_image
48750,/mnt/d/Photos/Z8/180-600mm/2026/2026-03-01/DSC_2188.NEF,23288,3,Green,reject,neutral,0.4791,0.6017,0.7457,0.3486,0.6028,0.7839,0.3438,-0.0008,0.0041,0.0108,-0.0063,0.0042,0.0129,-0.0065,well focused,out of focus,0.2129,0.2195,0.2148,0.211,0.2188,0.2177,0.2526,0.2138,0.2154,0.204,0.2172,0.2147,0.2048,0.2591,v0,clip_vit_b32_image
48751,/mnt/d/Photos/Z8/180-600mm/2026/2026-03-01/DSC_2189.NEF,23288,3,Green,reject,neutral,0.4952,0.6144,0.7501,0.3348,0.608,0.7642,0.3726,-0.0002,0.0047,0.011,-0.0069,0.0044,0.0118,-0.0052,well focused,out of focus,0.2139,0.2198,0.2154,0.2109,0.2198,0.2172,0.2533,0.2141,0.2152,0.2044,0.2177,0.2155,0.2055,0.2585,v0,clip_vit_b32_image
48752,/mnt/d/Photos/Z8/180-600mm/2026/2026-03-01/DSC_2190.NEF,23288,3,Blue,reject,neutral,0.4992,0.6196,0.7491,0.3516,0.6504,0.714,0.4518,-0.0,0.0049,0.0109,-0.0061,0.0062,0.0091,-0.0019,well focused,out of focus,0.2132,0.2187,0.2099,0.2088,0.2197,0.2147,0.254,0.2132,0.2138,0.199,0.215,0.2135,0.2056,0.256,v0,clip_vit_b32_image
48753,/mnt/d/Photos/Z8/180-600mm/2026/2026-03-01/DSC_2191.NEF,23288,4,Blue,pick,picked,0.5101,0.5972,0.7475,0.3986,0.6315,0.7428,0.456,0.0004,0.0039,0.0109,-0.0041,0.0054,0.0106,-0.0018,well focused,out of focus,0.2127,0.2169,0.2106,0.2092,0.2182,0.2145,0.251,0.2123,0.213,0.1998,0.2133,0.2128,0.2039,0.2527,v0,clip_vit_b32_image
48754,/mnt/d/Photos/Z8/180-600mm/2026/2026-03-01/DSC_2192.NEF,23288,3,Green,reject,neutral,0.4975,0.5833,0.7003,0.3318,0.6334,0.7434,0.4312,-0.0001,0.0034,0.0085,-0.007,0.0055,0.0106,-0.0028,well focused,out of focus,0.211,0.2139,0.2069,0.2062,0.2158,0.2121,0.2484,0.2111,0.2106,0.1984,0.2132,0.2103,0.2014,0.2511,v0,clip_vit_b32_image
48755,/mnt/d/Photos/Z8/180-600mm/2026/2026-03-01/DSC_2193.NEF,23288,3,Green,reject,neutral,0.4822,0.5394,0.7097,0.2915,0.6017,0.7198,0.3742,-0.0007,0.0016,0.0089,-0.0089,0.0041,0.0094,-0.0051,well focused,out of focus,0.2096,0.2125,0.2058,0.2043,0.2139,0.2103,0.2479,0.2103,0.2109,0.1968,0.2132,0.2098,0.2009,0.253,v0,clip_vit_b32_image
48756,/mnt/d/Photos/Z8/180-600mm/2026/2026-03-01/DSC_2194.NEF,23288,3,Green,reject,neutral,0.4996,0.6319,0.7641,0.2629,0.6574,0.757,0.4099,-0.0,0.0054,0.0118,-0.0103,0.0065,0.0114,-0.0036,well focused,out of focus,0.211,0.2168,0.2119,0.205,0.2184,0.2138,0.2494,0.211,0.2114,0.2001,0.2153,0.2118,0.2024,0.2531,v0,clip_vit_b32_image
48757,/mnt/d/Photos/Z8/180-600mm/2026/2026-03-01/DSC_2195.NEF,23288,3,Green,reject,neutral,0.5117,0.6575,0.7843,0.2454,0.6329,0.7654,0.4201,0.0005,0.0065,0.0129,-0.0112,0.0054,0.0118,-0.0032,well focused,out of focus,0.2105,0.217,0.2128,0.2045,0.217,0.2139,0.2499,0.2101,0.2105,0.1998,0.2158,0.2115,0.2021,0.2531,v0,clip_vit_b32_image
48758,/mnt/d/Photos/Z8/180-600mm/2026/2026-03-01/DSC_2196.NEF,23288,4,Green,reject,picked,0.4748,0.5766,0.7096,0.2914,0.6122,0.7452,0.3559,-0.001,0.0031,0.0089,-0.0089,0.0046,0.0107,-0.0059,well focused,out of focus,0.2136,0.2178,0.2125,0.2084,0.2178,0.2148,0.2529,0.2146,0.2148,0.2036,0.2172,0.2133,0.2041,0.2589,v0,clip_vit_b32_image
48759,/mnt/d/Photos/Z8/180-600mm/2026/2026-03-01/DSC_2197.NEF,23288,4,Green,pick,picked,0.4602,0.5519,0.6998,0.2704,0.5977,0.7507,0.3374,-0.0016,0.0021,0.0085,-0.0099,0.004,0.011,-0.0067,well focused,out of focus,0.213,0.2162,0.2122,0.2075,0.2175,0.2151,0.2516,0.2146,0.2141,0.2037,0.2174,0.2135,0.2041,0.2583,v0,clip_vit_b32_image
48760,/mnt/d/Photos/Z8/180-600mm/2026/2026-03-01/DSC_2198.NEF,23288,3,Green,reject,neutral,0.4991,0.6307,0.7286,0.2636,0.6318,0.7792,0.3906,-0.0,0.0054,0.0099,-0.0103,0.0054,0.0126,-0.0044,well focused,out of focus,0.2134,0.2183,0.214,0.2076,0.2188,0.2168,0.2529,0.2134,0.2129,0.2042,0.2179,0.2134,0.2041,0.2573,v0,clip_vit_b32_image
48761,/mnt/d/Photos/Z8/180-600mm/2026/2026-03-01/DSC_2199.NEF,23288,3,Green,reject,neutral,0.4807,0.6517,0.7409,0.2488,0.6182,0.7447,0.4271,-0.0008,0.0063,0.0105,-0.011,0.0048,0.0107,-0.0029,well focused,noisy,0.2094,0.2147,0.2107,0.2036,0.2157,0.2127,0.2479,0.2102,0.2085,0.2002,0.2146,0.2109,0.202,0.2509,v0,clip_vit_b32_image
48762,/mnt/d/Photos/Z8/180-600mm/2026/2026-03-01/DSC_2200.NEF,23288,3,Green,reject,neutral,0.492,0.6415,0.7468,0.2544,0.6239,0.7711,0.3654,-0.0003,0.0058,0.0108,-0.0108,0.0051,0.0121,-0.0055,a photo with strong subject separation,out of focus,0.2133,0.2185,0.2152,0.2077,0.2197,0.2173,0.252,0.2136,0.2126,0.2044,0.2184,0.2146,0.2051,0.2575,v0,clip_vit_b32_image
48763,/mnt/d/Photos/Z8/180-600mm/2026/2026-03-01/DSC_2201.NEF,23288,3,Green,reject,neutral,0.4733,0.5906,0.6988,0.2967,0.6395,0.7588,0.4031,-0.0011,0.0037,0.0084,-0.0086,0.0057,0.0115,-0.0039,well focused,out of focus,0.2125,0.2165,0.2114,0.2072,0.2188,0.2148,0.2516,0.2136,0.2128,0.203,0.2158,0.213,0.2033,0.2555,v0,clip_vit_b32_image
48764,/mnt/d/Photos/Z8/180-600mm/2026/2026-03-01/DSC_2202.NEF,23288,4,Green,pick,picked,0.4703,0.5636,0.6931,0.3186,0.6192,0.7624,0.3701,-0.0012,0.0026,0.0081,-0.0076,0.0049,0.0117,-0.0053,well focused,out of focus,0.2128,0.2161,0.2108,0.2079,0.2177,0.2146,0.252,0.214,0.2135,0.2026,0.2155,0.2128,0.2029,0.2573,v0,clip_vit_b32_image
48765,/mnt/d/Photos/Z8/180-600mm/2026/2026-03-01/DSC_2203.NEF,23289,3,Green,reject,neutral,0.5811,0.7423,0.7753,0.3702,0.6769,0.7824,0.5027,0.0033,0.0106,0.0124,-0.0053,0.0074,0.0128,0.0001,well focused,out of focus,0.2176,0.2272,0.2177,0.2141,0.2242,0.2222,0.2607,0.2144,0.2166,0.2053,0.2194,0.2169,0.2094,0.2606,v0,clip_vit_b32_image
48766,/mnt/d/Photos/Z8/180-600mm/2026/2026-03-01/DSC_2204.NEF,23289,3,Green,reject,neutral,0.5407,0.5116,0.7951,0.39,0.6508,0.8081,0.3387,0.0016,0.0005,0.0136,-0.0045,0.0062,0.0144,-0.0067,well focused,out of focus,0.2212,0.226,0.2223,0.2177,0.2251,0.2253,0.2539,0.2195,0.2256,0.2088,0.2221,0.2189,0.211,0.2606,v0,clip_vit_b32_image
48767,/mnt/d/Photos/Z8/180-600mm/2026/2026-03-01/DSC_2205.NEF,23289,3,Green,reject,neutral,0.5323,0.5248,0.7784,0.3418,0.6339,0.7435,0.3756,0.0013,0.001,0.0126,-0.0066,0.0055,0.0106,-0.0051,a photo with strong subject separation,out of focus,0.2236,0.2287,0.2251,0.2192,0.2283,0.2266,0.2578,0.2223,0.2277,0.2126,0.2257,0.2228,0.216,0.2628,v0,clip_vit_b32_image
48768,/mnt/d/Photos/Z8/180-600mm/2026/2026-03-01/DSC_2206.NEF,23289,3,Green,pick,neutral,0.515,0.5331,0.768,0.3279,0.6108,0.7457,0.3339,0.0006,0.0013,0.012,-0.0072,0.0045,0.0108,-0.0069,a photo with strong subject separation,out of focus,0.2179,0.2236,0.2175,0.2127,0.2227,0.222,0.2524,0.2173,0.2223,0.2055,0.2199,0.2182,0.2113,0.2593,v0,clip_vit_b32_image
48769,/mnt/d/Photos/Z8/180-600mm/2026/2026-03-01/DSC_2207.NEF,23289,3,Green,pick,neutral,0.5521,0.5132,0.778,0.4064,0.6509,0.8062,0.3909,0.0021,0.0005,0.0125,-0.0038,0.0062,0.0143,-0.0044,well focused,out of focus,0.2192,0.224,0.2188,0.2148,0.2234,0.2238,0.2542,0.2171,0.2235,0.2063,0.2186,0.2171,0.2095,0.2587,v0,clip_vit_b32_image
48770,/mnt/d/Photos/Z8/180-600mm/2026/2026-03-01/DSC_2208.NEF,23289,3,Green,pick,neutral,0.591,0.537,0.764,0.5766,0.6453,0.7821,0.4146,0.0037,0.0015,0.0117,0.0031,0.006,0.0128,-0.0034,well focused,out of focus,0.2237,0.2282,0.221,0.2193,0.226,0.2258,0.2566,0.22,0.2267,0.2092,0.2162,0.22,0.213,0.26,v0,clip_vit_b32_image
48771,/mnt/d/Photos/Z8/180-600mm/2026/2026-03-01/DSC_2209.NEF,23289,3,Green,reject,neutral,0.5754,0.5734,0.7458,0.4588,0.6597,0.7776,0.4774,0.003,0.003,0.0108,-0.0017,0.0066,0.0125,-0.0009,well focused,out of focus,0.2173,0.2213,0.2134,0.2125,0.2207,0.2196,0.2542,0.2143,0.2184,0.2026,0.2142,0.214,0.2071,0.2551,v0,clip_vit_b32_image
48772,/mnt/d/Photos/Z8/180-600mm/2026/2026-03-01/DSC_2210.NEF,23289,3,Green,pick,neutral,0.5605,0.6547,0.7421,0.2924,0.6133,0.7635,0.4301,0.0024,0.0064,0.0106,-0.0088,0.0046,0.0117,-0.0028,well focused,out of focus,0.2107,0.2169,0.2097,0.2069,0.2136,0.2132,0.2495,0.2083,0.2105,0.1991,0.2157,0.209,0.2015,0.2523,v0,clip_vit_b32_image
48773,/mnt/d/Photos/Z8/180-600mm/2026/2026-03-01/DSC_2211.NEF,23289,4,Green,pick,picked,0.5565,0.6374,0.744,0.3723,0.6377,0.7432,0.4329,0.0023,0.0056,0.0107,-0.0052,0.0057,0.0106,-0.0027,well focused,out of focus,0.2145,0.2204,0.2119,0.2102,0.2179,0.215,0.2537,0.2122,0.2148,0.2013,0.2154,0.2123,0.2044,0.2564,v0,clip_vit_b32_image
48774,/mnt/d/Photos/Z8/180-600mm/2026/2026-03-01/DSC_2212.NEF,23289,3,Green,pick,neutral,0.5446,0.57,0.7201,0.4609,0.6535,0.7479,0.4846,0.0018,0.0028,0.0094,-0.0016,0.0063,0.0109,-0.0006,well focused,out of focus,0.2167,0.2209,0.2125,0.2132,0.2204,0.2172,0.251,0.2149,0.218,0.203,0.2148,0.214,0.2063,0.2517,v0,clip_vit_b32_image
48775,/mnt/d/Photos/Z8/180-600mm/2026/2026-03-01/DSC_2213.NEF,23290,4,Blue,reject,picked,0.6391,0.6535,0.7796,0.4008,0.6779,0.8893,0.4683,0.0057,0.0063,0.0126,-0.004,0.0074,0.0208,-0.0013,well focused,out of focus,0.2189,0.2268,0.2183,0.2157,0.22,0.2252,0.2607,0.2132,0.2205,0.2056,0.2197,0.2126,0.2044,0.262,v0,clip_vit_b32_image
48776,/mnt/d/Photos/Z8/180-600mm/2026/2026-03-01/DSC_2214.NEF,23290,4,Blue,reject,picked,0.626,0.6433,0.781,0.4045,0.6988,0.8724,0.4515,0.0051,0.0059,0.0127,-0.0039,0.0084,0.0192,-0.0019,well focused,out of focus,0.2184,0.2262,0.2164,0.2136,0.2211,0.2228,0.26,0.2133,0.2203,0.2037,0.2175,0.2126,0.2036,0.2619,v0,clip_vit_b32_image
48777,/mnt/d/Photos/Z8/180-600mm/2026/2026-03-01/DSC_2215.NEF,23290,4,Blue,reject,picked,0.6221,0.6577,0.7436,0.3994,0.6783,0.8004,0.5365,0.005,0.0065,0.0106,-0.0041,0.0075,0.0139,0.0015,well focused,out of focus,0.2163,0.2245,0.2118,0.2123,0.2203,0.2188,0.2597,0.2113,0.218,0.2011,0.2164,0.2129,0.2049,0.2583,v0,clip_vit_b32_image
48778,/mnt/d/Photos/Z8/180-600mm/2026/2026-03-01/DSC_2216.NEF,23290,4,Blue,pick,picked,0.6599,0.7253,0.7795,0.3953,0.7086,0.7998,0.5469,0.0066,0.0097,0.0126,-0.0042,0.0089,0.0138,0.0019,well focused,out of focus,0.214,0.2211,0.2074,0.2083,0.2169,0.2131,0.254,0.2074,0.2114,0.1948,0.2125,0.208,0.1993,0.2522,v0,clip_vit_b32_image
48779,/mnt/d/Photos/Z8/180-600mm/2026/2026-03-01/DSC_2217.NEF,23290,4,Blue,reject,picked,0.6456,0.6514,0.7575,0.3554,0.7053,0.8185,0.5253,0.006,0.0063,0.0114,-0.006,0.0087,0.0151,0.001,well focused,out of focus,0.2148,0.2228,0.2096,0.2094,0.2181,0.2165,0.2569,0.2088,0.2166,0.1982,0.2154,0.2093,0.2014,0.2559,v0,clip_vit_b32_image
48780,/mnt/d/Photos/Z8/180-600mm/2026/2026-03-01/DSC_2218.NEF,23290,3,Blue,reject,neutral,0.6616,0.7061,0.7763,0.3875,0.7054,0.8128,0.6006,0.0067,0.0088,0.0124,-0.0046,0.0087,0.0147,0.0041,well focused,out of focus,0.212,0.2203,0.2063,0.2069,0.2151,0.2138,0.2533,0.2053,0.2115,0.1938,0.2115,0.2064,0.1991,0.2492,v0,clip_vit_b32_image
48781,/mnt/d/Photos/Z8/180-600mm/2026/2026-03-01/DSC_2219.NEF,23290,4,Blue,reject,picked,0.6775,0.7434,0.7687,0.4401,0.7143,0.8083,0.632,0.0074,0.0106,0.012,-0.0024,0.0092,0.0144,0.0054,well focused,out of focus,0.2127,0.2198,0.2052,0.2082,0.216,0.2136,0.2541,0.2053,0.2092,0.1932,0.2106,0.2068,0.1992,0.2487,v0,clip_vit_b32_image
48782,/mnt/d/Photos/Z8/180-600mm/2026/2026-03-01/DSC_2220.NEF,23290,4,Blue,pick,picked,0.6517,0.709,0.7762,0.4305,0.6877,0.8041,0.5667,0.0063,0.0089,0.0124,-0.0028,0.0079,0.0141,0.0027,well focused,out of focus,0.2168,0.2244,0.211,0.2123,0.2191,0.2172,0.257,0.2105,0.2155,0.1986,0.2151,0.2112,0.2031,0.2544,v0,clip_vit_b32_image
48783,/mnt/d/Photos/Z8/180-600mm/2026/2026-03-01/DSC_2221.NEF,23290,4,Blue,reject,picked,0.665,0.743,0.7766,0.4327,0.7067,0.7876,0.6154,0.0069,0.0106,0.0125,-0.0027,0.0088,0.0131,0.0047,well focused,out of focus,0.2132,0.2212,0.207,0.2076,0.2164,0.2127,0.2547,0.2063,0.2106,0.1945,0.2103,0.2076,0.1995,0.25,v0,clip_vit_b32_image
48784,/mnt/d/Photos/Z8/180-600mm/2026/2026-03-01/DSC_2222.NEF,23290,4,Blue,reject,picked,0.6555,0.7218,0.7766,0.4103,0.7132,0.7758,0.5662,0.0064,0.0095,0.0125,-0.0036,0.0091,0.0124,0.0027,well focused,out of focus,0.2153,0.2227,0.2089,0.2102,0.2193,0.215,0.2555,0.2089,0.2132,0.1964,0.2138,0.2102,0.2026,0.2529,v0,clip_vit_b32_image
48785,/mnt/d/Photos/Z8/180-600mm/2026/2026-03-01/DSC_2223.NEF,23290,4,Blue,pick,picked,0.6928,0.7616,0.7697,0.47,0.7166,0.7999,0.605,0.0081,0.0116,0.0121,-0.0012,0.0093,0.0139,0.0043,well focused,out of focus,0.2159,0.2227,0.2087,0.2113,0.2184,0.215,0.2557,0.2078,0.2111,0.1966,0.2125,0.2091,0.2011,0.2515,v0,clip_vit_b32_image
48786,/mnt/d/Photos/Z8/180-600mm/2026/2026-03-01/DSC_2224.NEF,23290,3,Green,reject,neutral,0.5544,0.5419,0.7427,0.3387,0.594,0.7945,0.3135,0.0022,0.0017,0.0106,-0.0067,0.0038,0.0135,-0.0078,well focused,out of focus,0.2193,0.2293,0.2204,0.2163,0.2219,0.2259,0.2598,0.2171,0.2276,0.2098,0.223,0.2181,0.2124,0.2677,v0,clip_vit_b32_image
48787,/mnt/d/Photos/Z8/180-600mm/2026/2026-03-01/DSC_2225.NEF,23290,3,Green,reject,neutral,0.5877,0.5746,0.755,0.4034,0.6156,0.8223,0.3499,0.0035,0.003,0.0113,-0.0039,0.0047,0.0153,-0.0062,well focused,out of focus,0.2214,0.2316,0.2207,0.2185,0.2237,0.2286,0.2619,0.2178,0.2286,0.2094,0.2224,0.219,0.2133,0.2681,v0,clip_vit_b32_image
48788,/mnt/d/Photos/Z8/180-600mm/2026/2026-03-01/DSC_2226.NEF,23290,3,Blue,reject,neutral,0.555,0.5247,0.7464,0.3428,0.6483,0.7923,0.4084,0.0022,0.001,0.0108,-0.0065,0.0061,0.0134,-0.0037,well focused,out of focus,0.2124,0.2174,0.2108,0.2064,0.2149,0.2135,0.2519,0.2102,0.2164,0.2,0.2129,0.2088,0.2002,0.2557,v0,clip_vit_b32_image
48789,/mnt/d/Photos/Z8/180-600mm/2026/2026-03-01/DSC_2227.NEF,23290,3,Blue,reject,neutral,0.5561,0.5363,0.7448,0.3314,0.6273,0.7869,0.3814,0.0023,0.0015,0.0107,-0.007,0.0052,0.0131,-0.0048,well focused,out of focus,0.2152,0.2212,0.2139,0.2105,0.2176,0.2171,0.2539,0.2129,0.2198,0.2032,0.2175,0.2124,0.204,0.2588,v0,clip_vit_b32_image
48790,/mnt/d/Photos/Z8/180-600mm/2026/2026-03-01/DSC_2228.NEF,23290,3,Blue,reject,neutral,0.5237,0.4486,0.7104,0.3038,0.6334,0.7835,0.3264,0.0009,-0.0021,0.009,-0.0083,0.0055,0.0129,-0.0072,well focused,out of focus,0.2149,0.2207,0.213,0.2104,0.2182,0.2172,0.255,0.2139,0.2227,0.2041,0.2187,0.2127,0.2044,0.2623,v0,clip_vit_b32_image
48791,/mnt/d/Photos/Z8/180-600mm/2026/2026-03-01/DSC_2229.NEF,23290,3,Green,reject,neutral,0.5174,0.5366,0.716,0.2891,0.5963,0.7935,0.3202,0.0007,0.0015,0.0092,-0.009,0.0039,0.0135,-0.0075,well focused,out of focus,0.2107,0.2216,0.21,0.2077,0.2127,0.2177,0.2553,0.2101,0.2202,0.2008,0.2167,0.2088,0.2043,0.2629,v0,clip_vit_b32_image
48792,/mnt/d/Photos/Z8/180-600mm/2026/2026-03-01/DSC_2230.NEF,23291,3,Blue,reject,neutral,0.5458,0.4278,0.8096,0.3301,0.5678,0.7557,0.2889,0.0018,-0.0029,0.0145,-0.0071,0.0027,0.0113,-0.009,well focused,out of focus,0.2225,0.2317,0.2269,0.2217,0.2239,0.228,0.2642,0.2206,0.2346,0.2124,0.2287,0.2212,0.2167,0.2732,v0,clip_vit_b32_image
48793,/mnt/d/Photos/Z8/180-600mm/2026/2026-03-01/DSC_2231.NEF,23291,3,Blue,reject,neutral,0.5676,0.466,0.8282,0.2894,0.6094,0.7527,0.293,0.0027,-0.0014,0.0157,-0.009,0.0044,0.0111,-0.0088,a photo with strong subject separation,out of focus,0.2225,0.2311,0.2259,0.2205,0.2251,0.2268,0.2641,0.2198,0.2325,0.2102,0.2295,0.2207,0.2157,0.2729,v0,clip_vit_b32_image
48794,/mnt/d/Photos/Z8/180-600mm/2026/2026-03-01/DSC_2232.NEF,23291,3,Blue,reject,neutral,0.5392,0.4326,0.7954,0.1974,0.6176,0.7378,0.3012,0.0016,-0.0027,0.0136,-0.014,0.0048,0.0103,-0.0084,well focused,out of focus,0.2207,0.2296,0.2233,0.2165,0.2238,0.2251,0.2643,0.2192,0.2323,0.2097,0.2305,0.219,0.2147,0.2727,v0,clip_vit_b32_image
48795,/mnt/d/Photos/Z8/180-600mm/2026/2026-03-01/DSC_2233.NEF,23291,4,Blue,pick,picked,0.6439,0.6342,0.8414,0.2697,0.6638,0.8164,0.4133,0.0059,0.0055,0.0167,-0.01,0.0068,0.0149,-0.0035,well focused,out of focus,0.221,0.2331,0.2221,0.2157,0.2244,0.2262,0.2707,0.2151,0.2276,0.2054,0.2256,0.2176,0.2113,0.2742,v0,clip_vit_b32_image
48796,/mnt/d/Photos/Z8/180-600mm/2026/2026-03-01/DSC_2234.NEF,23291,4,Blue,pick,picked,0.6505,0.6347,0.8446,0.3098,0.6945,0.8141,0.4042,0.0062,0.0055,0.0169,-0.008,0.0082,0.0148,-0.0039,well focused,out of focus,0.2185,0.2307,0.2189,0.2139,0.222,0.2231,0.2677,0.2122,0.2252,0.2019,0.2219,0.2138,0.2083,0.2716,v0,clip_vit_b32_image
48797,/mnt/d/Photos/Z8/180-600mm/2026/2026-03-01/DSC_2235.NEF,23291,4,Blue,reject,picked,0.6575,0.6558,0.8394,0.3544,0.667,0.8191,0.4022,0.0065,0.0064,0.0165,-0.006,0.0069,0.0151,-0.004,well focused,out of focus,0.2181,0.2305,0.2191,0.2141,0.2211,0.2238,0.2674,0.2115,0.2241,0.2026,0.2201,0.2141,0.2087,0.2713,v0,clip_vit_b32_image
48798,/mnt/d/Photos/Z8/180-600mm/2026/2026-03-01/DSC_2236.NEF,23291,4,Blue,reject,picked,0.6441,0.6411,0.8261,0.3728,0.6755,0.7775,0.4089,0.0059,0.0058,0.0156,-0.0052,0.0073,0.0125,-0.0037,well focused,out of focus,0.2143,0.2259,0.2135,0.2096,0.2194,0.2186,0.2647,0.2083,0.2201,0.1979,0.2148,0.2121,0.2061,0.2684,v0,clip_vit_b32_image
48799,/mnt/d/Photos/Z8/180-600mm/2026/2026-03-01/DSC_2237.NEF,23291,4,Blue,reject,picked,0.6824,0.6961,0.8371,0.392,0.7032,0.797,0.491,0.0076,0.0083,0.0164,-0.0044,0.0086,0.0137,-0.0004,well focused,out of focus,0.216,0.2281,0.2151,0.2103,0.222,0.2196,0.2671,0.2084,0.2198,0.1988,0.2147,0.2134,0.206,0.2674,v0,clip_vit_b32_image
48800,/mnt/d/Photos/Z8/180-600mm/2026/2026-03-01/DSC_2238.NEF,23291,3,Blue,reject,neutral,0.6685,0.6575,0.8483,0.4736,0.6651,0.7901,0.43,0.007,0.0065,0.0172,-0.0011,0.0069,0.0133,-0.0028,well focused,out of focus,0.2206,0.2325,0.2213,0.2168,0.2247,0.2242,0.2703,0.2136,0.226,0.204,0.2179,0.2178,0.211,0.2731,v0,clip_vit_b32_image
48801,/mnt/d/Photos/Z8/180-600mm/2026/2026-03-01/DSC_2239.NEF,23291,4,Blue,reject,picked,0.6463,0.6575,0.8279,0.3713,0.6492,0.8052,0.3886,0.006,0.0065,0.0157,-0.0053,0.0062,0.0142,-0.0045,well focused,out of focus,0.2214,0.2342,0.222,0.2171,0.2246,0.2267,0.2702,0.2154,0.2276,0.2063,0.2223,0.2184,0.2125,0.2747,v0,clip_vit_b32_image
48802,/mnt/d/Photos/Z8/180-600mm/2026/2026-03-01/DSC_2240.NEF,23291,4,Blue,pick,picked,0.6378,0.6262,0.8358,0.3685,0.65,0.8007,0.373,0.0057,0.0052,0.0163,-0.0054,0.0062,0.0139,-0.0052,well focused,out of focus,0.2204,0.2326,0.2217,0.2162,0.2235,0.2255,0.2698,0.2148,0.2275,0.2054,0.2216,0.2173,0.2116,0.275,v0,clip_vit_b32_image
48803,/mnt/d/Photos/Z8/180-600mm/2026/2026-03-01/DSC_2241.NEF,23291,3,Blue,reject,neutral,0.6433,0.617,0.8319,0.3675,0.6659,0.8249,0.3982,0.0059,0.0048,0.016,-0.0054,0.0069,0.0155,-0.0041,well focused,out of focus,0.2186,0.2305,0.2193,0.2141,0.2216,0.2246,0.2684,0.2127,0.2257,0.2034,0.2195,0.2147,0.2091,0.2725,v0,clip_vit_b32_image
48804,/mnt/d/Photos/Z8/180-600mm/2026/2026-03-01/DSC_2242.NEF,23291,4,Blue,pick,picked,0.5425,0.4478,0.7443,0.182,0.625,0.7606,0.3183,0.0017,-0.0021,0.0107,-0.015,0.0051,0.0116,-0.0076,good dynamic range,out of focus,0.2138,0.2208,0.2113,0.2096,0.2147,0.2174,0.2541,0.2121,0.2229,0.2006,0.2246,0.2096,0.2059,0.2617,v0,clip_vit_b32_image
48805,/mnt/d/Photos/Z8/180-600mm/2026/2026-03-01/DSC_2243.NEF,23291,4,Blue,pick,picked,0.5448,0.4798,0.7387,0.1688,0.6155,0.7567,0.3182,0.0018,-0.0008,0.0104,-0.0159,0.0047,0.0113,-0.0076,good dynamic range,out of focus,0.2142,0.2218,0.2122,0.2101,0.2154,0.2182,0.2545,0.2124,0.2226,0.2018,0.2261,0.2107,0.2069,0.2621,v0,clip_vit_b32_image
48806,/mnt/d/Photos/Z8/180-600mm/2026/2026-03-01/DSC_2244.NEF,23291,4,Blue,pick,picked,0.52,0.4679,0.7526,0.1596,0.5989,0.753,0.3011,0.0008,-0.0013,0.0111,-0.0166,0.004,0.0111,-0.0084,good dynamic range,out of focus,0.2119,0.2199,0.2115,0.2071,0.2129,0.2161,0.2531,0.2111,0.2212,0.2003,0.2237,0.2089,0.205,0.2615,v0,clip_vit_b32_image
48807,/mnt/d/Photos/Z8/180-600mm/2026/2026-03-01/DSC_2245.NEF,23291,4,Blue,reject,picked,0.5867,0.5202,0.7996,0.1538,0.6767,0.8069,0.348,0.0035,0.0008,0.0138,-0.017,0.0074,0.0143,-0.0063,well focused,out of focus,0.214,0.2234,0.2135,0.2079,0.2153,0.2188,0.2572,0.2105,0.2225,0.1997,0.225,0.2079,0.2045,0.2635,v0,clip_vit_b32_image
48808,/mnt/d/Photos/Z8/180-600mm/2026/2026-03-01/DSC_2246.NEF,23291,4,Blue,reject,picked,0.589,0.5158,0.8493,0.1773,0.6301,0.8453,0.3609,0.0036,0.0006,0.0173,-0.0153,0.0053,0.017,-0.0057,well focused,out of focus,0.2112,0.2214,0.2151,0.2075,0.2121,0.2196,0.2569,0.2076,0.2208,0.1978,0.2229,0.2068,0.2026,0.2626,v0,clip_vit_b32_image
48809,/mnt/d/Photos/Z8/180-600mm/2026/2026-03-01/DSC_2247.NEF,23291,4,Blue,reject,picked,0.6035,0.5535,0.8109,0.1617,0.6644,0.8142,0.3933,0.0042,0.0021,0.0146,-0.0165,0.0068,0.0148,-0.0043,well focused,noisy,0.2092,0.2195,0.2111,0.203,0.2114,0.2154,0.2553,0.205,0.2173,0.1965,0.2195,0.2046,0.2007,0.2596,v0,clip_vit_b32_image
48810,/mnt/d/Photos/Z8/180-600mm/2026/2026-03-01/DSC_2248.NEF,23291,4,Blue,reject,picked,0.5929,0.5237,0.7824,0.1823,0.6542,0.8156,0.3637,0.0038,0.0009,0.0128,-0.015,0.0064,0.0149,-0.0056,well focused,out of focus,0.214,0.2255,0.2134,0.2086,0.2154,0.2199,0.2611,0.2102,0.2246,0.2006,0.2236,0.2091,0.205,0.2667,v0,clip_vit_b32_image
48811,/mnt/d/Photos/Z8/180-600mm/2026/2026-03-01/DSC_2249.NEF,23292,3,Blue,reject,neutral,0.5932,0.6584,0.7679,0.3393,0.6233,0.7799,0.3673,0.0038,0.0066,0.012,-0.0067,0.005,0.0127,-0.0054,well focused,out of focus,0.2138,0.2247,0.2155,0.2099,0.216,0.2197,0.2544,0.2101,0.2182,0.2035,0.2165,0.211,0.2071,0.2599,v0,clip_vit_b32_image
48812,/mnt/d/Photos/Z8/180-600mm/2026/2026-03-01/DSC_2250.NEF,23292,4,Blue,pick,picked,0.592,0.6647,0.7673,0.3304,0.6242,0.7702,0.378,0.0037,0.0068,0.0119,-0.0071,0.0051,0.0121,-0.005,well focused,out of focus,0.2148,0.2258,0.2174,0.211,0.2172,0.2205,0.2554,0.2111,0.219,0.2055,0.2181,0.2122,0.2084,0.2603,v0,clip_vit_b32_image
48813,/mnt/d/Photos/Z8/180-600mm/2026/2026-03-01/DSC_2251.NEF,23292,4,Blue,pick,picked,0.6068,0.667,0.7687,0.328,0.647,0.7904,0.3706,0.0043,0.0069,0.012,-0.0072,0.0061,0.0133,-0.0053,well focused,out of focus,0.2146,0.2256,0.2139,0.2112,0.2164,0.22,0.2559,0.2102,0.2186,0.2019,0.2184,0.2103,0.2068,0.2612,v0,clip_vit_b32_image
48814,/mnt/d/Photos/Z8/180-600mm/2026/2026-03-01/DSC_2252.NEF,23292,3,Green,reject,neutral,0.5054,0.4342,0.7398,0.2801,0.6191,0.7917,0.2967,0.0002,-0.0026,0.0104,-0.0094,0.0049,0.0134,-0.0086,well focused,out of focus,0.2123,0.2209,0.2134,0.2108,0.2143,0.2189,0.2546,0.2121,0.2236,0.2029,0.2202,0.2094,0.2056,0.2632,v0,clip_vit_b32_image
48815,/mnt/d/Photos/Z8/180-600mm/2026/2026-03-01/DSC_2253.NEF,23292,3,Blue,pick,neutral,0.5503,0.5011,0.8005,0.3263,0.6095,0.8028,0.3877,0.002,0.0,0.0139,-0.0072,0.0045,0.014,-0.0046,well focused,out of focus,0.2171,0.2268,0.2199,0.2155,0.2187,0.2232,0.2603,0.2151,0.2267,0.206,0.2228,0.2143,0.2092,0.2649,v0,clip_vit_b32_image
48816,/mnt/d/Photos/Z8/180-600mm/2026/2026-03-01/DSC_2254.NEF,23292,3,Green,reject,neutral,0.6211,0.6205,0.8414,0.3376,0.6679,0.816,0.4734,0.0049,0.0049,0.0167,-0.0067,0.007,0.0149,-0.0011,well focused,out of focus,0.2141,0.2244,0.2172,0.211,0.2169,0.2202,0.2583,0.2091,0.2195,0.2005,0.2178,0.2099,0.2053,0.2594,v0,clip_vit_b32_image
48817,/mnt/d/Photos/Z8/180-600mm/2026/2026-03-01/DSC_2255.NEF,23292,3,Blue,reject,neutral,0.4886,0.39,0.7162,0.412,0.6002,0.7534,0.348,-0.0005,-0.0045,0.0093,-0.0036,0.0041,0.0112,-0.0063,well focused,out of focus,0.2147,0.2208,0.2128,0.2121,0.217,0.2197,0.2546,0.2152,0.2253,0.2035,0.2156,0.213,0.2085,0.2609,v0,clip_vit_b32_image
48818,/mnt/d/Photos/Z8/180-600mm/2026/2026-03-01/DSC_2256.NEF,23292,3,Blue,reject,neutral,0.6147,0.5896,0.7976,0.373,0.6039,0.7912,0.3442,0.0047,0.0036,0.0137,-0.0052,0.0042,0.0133,-0.0064,well focused,out of focus,0.2181,0.2296,0.2173,0.2154,0.2189,0.2242,0.2594,0.2135,0.226,0.2036,0.2206,0.2146,0.2109,0.2659,v0,clip_vit_b32_image
48819,/mnt/d/Photos/Z8/180-600mm/2026/2026-03-01/DSC_2257.NEF,23292,4,Blue,reject,picked,0.579,0.5619,0.7986,0.3623,0.6007,0.7805,0.3239,0.0032,0.0025,0.0138,-0.0057,0.0041,0.0127,-0.0074,well focused,out of focus,0.2172,0.2275,0.2164,0.2134,0.2185,0.2226,0.2556,0.214,0.225,0.2026,0.219,0.2144,0.2099,0.263,v0,clip_vit_b32_image
48820,/mnt/d/Photos/Z8/180-600mm/2026/2026-03-01/DSC_2258.NEF,23292,4,Blue,pick,picked,0.5875,0.5758,0.7987,0.3693,0.6192,0.7977,0.3436,0.0035,0.0031,0.0138,-0.0054,0.0049,0.0137,-0.0065,well focused,out of focus,0.2158,0.2261,0.2149,0.2121,0.2168,0.2213,0.2566,0.2123,0.2231,0.2011,0.2175,0.2119,0.2075,0.2631,v0,clip_vit_b32_image
48821,/mnt/d/Photos/Z8/180-600mm/2026/2026-03-01/DSC_2259.NEF,23292,4,Blue,pick,picked,0.6203,0.6152,0.8137,0.3941,0.6503,0.7928,0.3958,0.0049,0.0047,0.0147,-0.0043,0.0062,0.0134,-0.0042,well focused,out of focus,0.2156,0.2252,0.2149,0.2123,0.2174,0.2202,0.2576,0.2107,0.2205,0.2002,0.2166,0.2112,0.2068,0.2619,v0,clip_vit_b32_image
48822,/mnt/d/Photos/Z8/180-600mm/2026/2026-03-01/DSC_2260.NEF,23292,4,Blue,pick,picked,0.6542,0.6575,0.827,0.4714,0.6625,0.797,0.4405,0.0064,0.0065,0.0156,-0.0011,0.0067,0.0137,-0.0024,well focused,out of focus,0.2165,0.2259,0.2145,0.2134,0.2186,0.2206,0.257,0.2102,0.2194,0.1989,0.2146,0.2118,0.2069,0.2593,v0,clip_vit_b32_image
48823,/mnt/d/Photos/Z8/180-600mm/2026/2026-03-01/DSC_2261.NEF,23292,3,Green,reject,neutral,0.5417,0.3761,0.7788,0.3053,0.6704,0.8011,0.3665,0.0017,-0.0051,0.0126,-0.0082,0.0071,0.0139,-0.0055,well focused,out of focus,0.2146,0.2216,0.2165,0.212,0.2166,0.219,0.2556,0.2129,0.2267,0.2039,0.2203,0.2095,0.2051,0.2611,v0,clip_vit_b32_image
48824,/mnt/d/Photos/Z8/180-600mm/2026/2026-03-01/DSC_2262.NEF,23293,4,Blue,reject,picked,0.688,0.748,0.8416,0.2468,0.7697,0.8151,0.633,0.0079,0.0109,0.0167,-0.0112,0.0121,0.0148,0.0055,well focused,noisy,0.2174,0.2267,0.2162,0.2117,0.2234,0.2201,0.2642,0.2095,0.2158,0.1995,0.2228,0.2113,0.2053,0.2588,v0,clip_vit_b32_image
48825,/mnt/d/Photos/Z8/180-600mm/2026/2026-03-01/DSC_2263.NEF,23293,4,Blue,pick,picked,0.7065,0.783,0.8328,0.3036,0.7748,0.8341,0.6538,0.0088,0.0128,0.0161,-0.0083,0.0124,0.0161,0.0064,well focused,noisy,0.2171,0.2266,0.215,0.2123,0.2221,0.2198,0.2636,0.2083,0.2138,0.1989,0.2206,0.2097,0.2037,0.2573,v0,clip_vit_b32_image
48826,/mnt/d/Photos/Z8/180-600mm/2026/2026-03-01/DSC_2264.NEF,23293,4,Blue,reject,picked,0.6936,0.7658,0.8362,0.2783,0.7568,0.8271,0.6238,0.0082,0.0118,0.0163,-0.0095,0.0114,0.0157,0.0051,well focused,noisy,0.2173,0.2271,0.2153,0.2124,0.2223,0.2202,0.2648,0.2091,0.2152,0.199,0.2219,0.2109,0.2045,0.2598,v0,clip_vit_b32_image
48827,/mnt/d/Photos/Z8/180-600mm/2026/2026-03-01/DSC_2265.NEF,23293,4,Blue,pick,picked,0.6734,0.7373,0.8188,0.2861,0.7478,0.8293,0.6239,0.0072,0.0103,0.0151,-0.0091,0.0109,0.0158,0.0051,well focused,noisy,0.2155,0.2246,0.2129,0.2103,0.2201,0.2182,0.2616,0.2082,0.2143,0.1978,0.2195,0.2092,0.2024,0.2565,v0,clip_vit_b32_image
48828,/mnt/d/Photos/Z8/180-600mm/2026/2026-03-01/DSC_2266.NEF,23293,4,Blue,pick,picked,0.6851,0.7488,0.8287,0.2904,0.7549,0.8211,0.6213,0.0078,0.0109,0.0158,-0.0089,0.0113,0.0152,0.005,well focused,noisy,0.2155,0.2252,0.2122,0.2102,0.2203,0.2179,0.2623,0.2078,0.2143,0.1964,0.2191,0.209,0.2027,0.2573,v0,clip_vit_b32_image
48829,/mnt/d/Photos/Z8/180-600mm/2026/2026-03-01/DSC_2267.NEF,23293,4,Blue,reject,picked,0.5429,0.5016,0.798,0.2462,0.7099,0.7978,0.4477,0.0017,0.0001,0.0137,-0.0112,0.009,0.0137,-0.0021,well focused,out of focus,0.2102,0.2168,0.2093,0.2042,0.215,0.2128,0.2535,0.2085,0.2167,0.1955,0.2154,0.206,0.1991,0.2556,v0,clip_vit_b32_image
48830,/mnt/d/Photos/Z8/180-600mm/2026/2026-03-01/DSC_2268.NEF,23293,4,Blue,reject,picked,0.6477,0.6839,0.8231,0.3846,0.7598,0.7689,0.597,0.0061,0.0077,0.0154,-0.0047,0.0115,0.012,0.0039,well focused,out of focus,0.2134,0.2198,0.2098,0.2074,0.2192,0.2127,0.2548,0.2073,0.2121,0.1944,0.2121,0.2076,0.2007,0.2508,v0,clip_vit_b32_image
48831,/mnt/d/Photos/Z8/180-600mm/2026/2026-03-01/DSC_2269.NEF,23293,4,Blue,pick,picked,0.6191,0.6344,0.8401,0.3039,0.6825,0.7998,0.5315,0.0049,0.0055,0.0166,-0.0083,0.0077,0.0138,0.0013,well focused,out of focus,0.2132,0.2203,0.2155,0.2086,0.214,0.2147,0.253,0.2083,0.2147,0.1989,0.2169,0.2063,0.2008,0.2518,v0,clip_vit_b32_image
48832,/mnt/d/Photos/Z8/180-600mm/2026/2026-03-01/DSC_2270.NEF,23293,4,Blue,pick,picked,0.6074,0.6503,0.8419,0.2769,0.6727,0.8035,0.5294,0.0044,0.0062,0.0167,-0.0096,0.0072,0.0141,0.0012,good dynamic range,out of focus,0.2108,0.2186,0.2138,0.206,0.2114,0.2127,0.2522,0.2065,0.2124,0.197,0.2156,0.2042,0.1986,0.2511,v0,clip_vit_b32_image
48833,/mnt/d/Photos/Z8/180-600mm/2026/2026-03-01/DSC_2271.NEF,23293,4,Blue,pick,picked,0.5757,0.6118,0.8125,0.2587,0.6574,0.7747,0.5107,0.003,0.0045,0.0147,-0.0105,0.0065,0.0124,0.0004,good dynamic range,out of focus,0.2115,0.2191,0.2097,0.206,0.2145,0.2128,0.252,0.2085,0.2146,0.195,0.2165,0.208,0.2004,0.2515,v0,clip_vit_b32_image
48834,/mnt/d/Photos/Z8/180-600mm/2026/2026-03-01/DSC_2272.NEF,23294,4,Blue,reject,picked,0.6284,0.575,0.8223,0.3649,0.7629,0.8275,0.5851,0.0053,0.003,0.0153,-0.0055,0.0117,0.0157,0.0034,well focused,out of focus,0.2181,0.2254,0.2162,0.2134,0.2227,0.2203,0.2627,0.2129,0.2224,0.2009,0.2189,0.2111,0.2046,0.2593,v0,clip_vit_b32_image
48835,/mnt/d/Photos/Z8/180-600mm/2026/2026-03-01/DSC_2273.NEF,23294,4,Blue,reject,picked,0.6167,0.5625,0.8213,0.3517,0.7609,0.8079,0.5858,0.0048,0.0025,0.0153,-0.0061,0.0116,0.0144,0.0035,well focused,out of focus,0.2171,0.2243,0.2143,0.2121,0.2218,0.2183,0.2615,0.2123,0.2218,0.1991,0.2182,0.2103,0.2039,0.258,v0,clip_vit_b32_image
48836,/mnt/d/Photos/Z8/180-600mm/2026/2026-03-01/DSC_2274.NEF,23294,4,Blue,reject,picked,0.5702,0.514,0.7764,0.3249,0.7188,0.7939,0.4835,0.0028,0.0006,0.0124,-0.0073,0.0094,0.0135,-0.0007,well focused,out of focus,0.2154,0.224,0.213,0.2104,0.2203,0.2173,0.259,0.2125,0.2234,0.2006,0.2178,0.2109,0.2038,0.2596,v0,clip_vit_b32_image
48837,/mnt/d/Photos/Z8/180-600mm/2026/2026-03-01/DSC_2275.NEF,23294,4,Blue,reject,picked,0.5849,0.5533,0.7937,0.3342,0.7488,0.7869,0.5603,0.0034,0.0021,0.0135,-0.0069,0.0109,0.0131,0.0024,well focused,out of focus,0.215,0.2235,0.2096,0.2092,0.2223,0.2164,0.2588,0.2116,0.2214,0.1962,0.2161,0.2113,0.2033,0.2563,v0,clip_vit_b32_image
48838,/mnt/d/Photos/Z8/180-600mm/2026/2026-03-01/DSC_2276.NEF,23294,4,Blue,reject,picked,0.5951,0.5714,0.8109,0.2996,0.7393,0.7657,0.5023,0.0039,0.0029,0.0146,-0.0085,0.0104,0.0118,0.0001,well focused,out of focus,0.2173,0.2264,0.2138,0.2125,0.224,0.2183,0.2604,0.2134,0.2235,0.1993,0.2209,0.2136,0.2064,0.2603,v0,clip_vit_b32_image
48839,/mnt/d/Photos/Z8/180-600mm/2026/2026-03-01/DSC_2277.NEF,23294,4,Blue,reject,picked,0.5855,0.5961,0.7951,0.3851,0.7167,0.7793,0.5079,0.0035,0.0039,0.0136,-0.0047,0.0093,0.0126,0.0003,well focused,out of focus,0.2155,0.2238,0.2122,0.2118,0.2217,0.217,0.2574,0.212,0.22,0.1986,0.2165,0.2124,0.2044,0.2571,v0,clip_vit_b32_image
48840,/mnt/d/Photos/Z8/180-600mm/2026/2026-03-01/DSC_2278.NEF,23294,4,Blue,pick,picked,0.6342,0.6424,0.8145,0.394,0.7382,0.7813,0.5161,0.0055,0.0059,0.0148,-0.0043,0.0104,0.0127,0.0006,well focused,out of focus,0.2193,0.2278,0.2172,0.2158,0.2249,0.2206,0.2601,0.2138,0.2219,0.2024,0.2202,0.2146,0.2078,0.2594,v0,clip_vit_b32_image
48841,/mnt/d/Photos/Z8/180-600mm/2026/2026-03-01/DSC_2279.NEF,23294,4,Blue,pick,picked,0.6385,0.6332,0.8234,0.4282,0.7624,0.7891,0.5514,0.0057,0.0055,0.0154,-0.0029,0.0117,0.0132,0.0021,well focused,out of focus,0.2177,0.2259,0.2142,0.2137,0.2238,0.2186,0.2578,0.2121,0.2204,0.1988,0.2166,0.2121,0.2054,0.2557,v0,clip_vit_b32_image
48842,/mnt/d/Photos/Z8/180-600mm/2026/2026-03-01/DSC_2280.NEF,23294,4,Blue,reject,picked,0.6519,0.6653,0.8176,0.4532,0.7657,0.8073,0.592,0.0063,0.0069,0.015,-0.0019,0.0118,0.0143,0.0037,well focused,out of focus,0.2204,0.2288,0.2156,0.2149,0.2262,0.2213,0.2606,0.2141,0.222,0.2006,0.2168,0.2144,0.207,0.2569,v0,clip_vit_b32_image
48843,/mnt/d/Photos/Z8/180-600mm/2026/2026-03-01/DSC_2281.NEF,23294,4,Blue,reject,picked,0.6364,0.6303,0.8014,0.4216,0.7575,0.7737,0.5508,0.0056,0.0053,0.0139,-0.0032,0.0114,0.0123,0.002,well focused,out of focus,0.218,0.2263,0.2108,0.2113,0.2246,0.2186,0.2595,0.2124,0.2209,0.1968,0.2145,0.2132,0.2063,0.2575,v0,clip_vit_b32_image
48844,/mnt/d/Photos/Z8/180-600mm/2026/2026-03-01/DSC_2282.NEF,23294,4,Blue,pick,picked,0.6387,0.694,0.8339,0.3829,0.7497,0.7603,0.6196,0.0057,0.0082,0.0161,-0.0048,0.011,0.0115,0.0049,well focused,noisy,0.2105,0.219,0.2108,0.2088,0.2164,0.2133,0.254,0.2048,0.2108,0.1947,0.2136,0.2054,0.2017,0.2491,v0,clip_vit_b32_image
48845,/mnt/d/Photos/Z8/180-600mm/2026/2026-03-01/DSC_2283.NEF,23294,4,Blue,reject,picked,0.6694,0.7227,0.8456,0.3584,0.7754,0.7845,0.6872,0.0071,0.0096,0.017,-0.0058,0.0124,0.0129,0.0079,well focused,noisy,0.2131,0.2208,0.2129,0.209,0.22,0.2151,0.2574,0.2061,0.2112,0.1959,0.2148,0.2076,0.2022,0.2496,v0,clip_vit_b32_image
48846,/mnt/d/Photos/Z8/180-600mm/2026/2026-03-01/DSC_2284.NEF,23294,4,Blue,reject,picked,0.6413,0.6669,0.8091,0.4496,0.7716,0.7988,0.6887,0.0058,0.0069,0.0144,-0.002,0.0122,0.0138,0.0079,well focused,noisy,0.2141,0.2198,0.211,0.2104,0.221,0.2159,0.2573,0.2083,0.2129,0.1965,0.2124,0.2088,0.2021,0.2494,v0,clip_vit_b32_image
48847,/mnt/d/Photos/Z8/180-600mm/2026/2026-03-01/DSC_2285.NEF,23294,4,Blue,reject,picked,0.7222,0.7457,0.8623,0.5108,0.8124,0.7713,0.7484,0.0096,0.0108,0.0183,0.0004,0.0147,0.0122,0.0109,well focused,noisy,0.2191,0.2247,0.2166,0.2164,0.2264,0.2182,0.261,0.2095,0.2139,0.1983,0.216,0.2117,0.206,0.2501,v0,clip_vit_b32_image
48848,/mnt/d/Photos/Z8/180-600mm/2026/2026-03-01/DSC_2286.NEF,23294,4,Blue,reject,picked,0.6862,0.7499,0.8742,0.3359,0.7638,0.7744,0.6421,0.0078,0.011,0.0194,-0.0068,0.0117,0.0123,0.0058,well focused,noisy,0.2167,0.2267,0.2188,0.213,0.2222,0.2172,0.2639,0.2089,0.2157,0.1994,0.2198,0.2105,0.2048,0.258,v0,clip_vit_b32_image
48849,/mnt/d/Photos/Z8/180-600mm/2026/2026-03-01/DSC_2287.NEF,23295,4,Blue,reject,picked,0.6436,0.7249,0.85,0.3688,0.6794,0.8088,0.4986,0.0059,0.0097,0.0173,-0.0054,0.0075,0.0144,-0.0001,well focused,out of focus,0.2091,0.2213,0.2148,0.2076,0.2095,0.2119,0.2486,0.2032,0.2116,0.1974,0.2129,0.202,0.1974,0.2487,v0,clip_vit_b32_image
48850,/mnt/d/Photos/Z8/180-600mm/2026/2026-03-01/DSC_2288.NEF,23295,5,Blue,reject,picked,0.6665,0.7655,0.8648,0.3691,0.7036,0.8273,0.5357,0.0069,0.0118,0.0186,-0.0054,0.0086,0.0157,0.0014,natural colors,noisy,0.2092,0.2222,0.2161,0.2079,0.2095,0.2128,0.2524,0.2023,0.2104,0.1975,0.2132,0.2008,0.1972,0.251,v0,clip_vit_b32_image
48851,/mnt/d/Photos/Z8/180-600mm/2026/2026-03-01/DSC_2289.NEF,23295,4,Blue,reject,picked,0.6387,0.726,0.8663,0.3581,0.6985,0.8416,0.5183,0.0057,0.0097,0.0187,-0.0058,0.0084,0.0167,0.0007,natural colors,out of focus,0.2105,0.2228,0.2167,0.2081,0.212,0.2155,0.2531,0.2048,0.2131,0.198,0.214,0.2036,0.1988,0.2524,v0,clip_vit_b32_image
48852,/mnt/d/Photos/Z8/180-600mm/2026/2026-03-01/DSC_2290.NEF,23295,4,Blue,reject,picked,0.6181,0.7207,0.8428,0.3415,0.6757,0.8325,0.5165,0.0048,0.0095,0.0168,-0.0066,0.0073,0.016,0.0007,natural colors,out of focus,0.209,0.2207,0.2137,0.2066,0.2102,0.2141,0.251,0.2042,0.2112,0.1969,0.2132,0.2028,0.198,0.2504,v0,clip_vit_b32_image
48853,/mnt/d/Photos/Z8/180-600mm/2026/2026-03-01/DSC_2291.NEF,23295,4,Blue,reject,picked,0.6417,0.7755,0.8579,0.3413,0.6822,0.8269,0.5287,0.0058,0.0124,0.018,-0.0066,0.0076,0.0156,0.0011,well focused,out of focus,0.2092,0.2236,0.2143,0.2073,0.2112,0.2145,0.254,0.2034,0.2112,0.1963,0.2139,0.2035,0.1989,0.2529,v0,clip_vit_b32_image
48854,/mnt/d/Photos/Z8/180-600mm/2026/2026-03-01/DSC_2292.NEF,23295,4,Blue,reject,picked,0.7018,0.8009,0.8718,0.4232,0.7366,0.8168,0.6167,0.0086,0.0139,0.0192,-0.0031,0.0103,0.0149,0.0048,well focused,noisy,0.2142,0.2269,0.217,0.2121,0.2169,0.2172,0.2583,0.2056,0.213,0.1978,0.2152,0.2067,0.2023,0.2536,v0,clip_vit_b32_image
48855,/mnt/d/Photos/Z8/180-600mm/2026/2026-03-01/DSC_2293.NEF,23295,4,Blue,reject,picked,0.6912,0.8239,0.8772,0.4441,0.7212,0.8195,0.6516,0.0081,0.0154,0.0197,-0.0022,0.0095,0.0151,0.0063,well focused,noisy,0.2116,0.2249,0.2157,0.2096,0.2147,0.2149,0.2553,0.2036,0.2095,0.196,0.2118,0.2052,0.1998,0.249,v0,clip_vit_b32_image
48856,/mnt/d/Photos/Z8/180-600mm/2026/2026-03-01/DSC_2294.NEF,23295,4,Blue,reject,picked,0.66,0.7959,0.8537,0.3751,0.7069,0.8259,0.6141,0.0066,0.0136,0.0176,-0.0051,0.0088,0.0156,0.0046,well focused,out of focus,0.2092,0.2224,0.2121,0.2052,0.2114,0.2129,0.2526,0.2025,0.2088,0.1944,0.2103,0.2026,0.1973,0.248,v0,clip_vit_b32_image
48857,/mnt/d/Photos/Z8/180-600mm/2026/2026-03-01/DSC_2295.NEF,23295,4,Blue,reject,picked,0.6214,0.7363,0.844,0.3386,0.6862,0.8128,0.5473,0.005,0.0103,0.0169,-0.0067,0.0078,0.0147,0.0019,well focused,out of focus,0.21,0.2237,0.2135,0.2072,0.2124,0.2143,0.2538,0.205,0.2134,0.1966,0.2139,0.2046,0.1996,0.2519,v0,clip_vit_b32_image
48858,/mnt/d/Photos/Z8/180-600mm/2026/2026-03-01/DSC_2296.NEF,23295,4,Blue,reject,picked,0.6323,0.7555,0.8305,0.2939,0.6697,0.8071,0.5393,0.0054,0.0113,0.0159,-0.0088,0.0071,0.0143,0.0016,well focused,out of focus,0.2084,0.223,0.2138,0.2057,0.2105,0.214,0.2522,0.203,0.2117,0.1979,0.2144,0.2035,0.1997,0.2506,v0,clip_vit_b32_image
48859,/mnt/d/Photos/Z8/180-600mm/2026/2026-03-01/DSC_2297.NEF,23295,5,Blue,reject,picked,0.6148,0.7431,0.8431,0.3076,0.6684,0.7941,0.5293,0.0047,0.0106,0.0168,-0.0081,0.007,0.0135,0.0012,a photo with strong subject separation,out of focus,0.2077,0.2214,0.2148,0.2049,0.2097,0.2125,0.2507,0.203,0.2108,0.198,0.213,0.2026,0.1991,0.2496,v0,clip_vit_b32_image
48860,/mnt/d/Photos/Z8/180-600mm/2026/2026-03-01/DSC_2298.NEF,23295,5,Blue,pick,picked,0.5962,0.7384,0.8114,0.3146,0.658,0.776,0.4567,0.0039,0.0104,0.0146,-0.0078,0.0065,0.0124,-0.0017,well focused,out of focus,0.2076,0.2204,0.2122,0.2065,0.2084,0.2113,0.2484,0.2037,0.21,0.1976,0.2143,0.2019,0.1988,0.2502,v0,clip_vit_b32_image
48861,/mnt/d/Photos/Z8/180-600mm/2026/2026-03-01/DSC_2299.NEF,23295,4,Blue,reject,picked,0.6259,0.7835,0.8252,0.3271,0.6767,0.7993,0.5271,0.0051,0.0129,0.0155,-0.0072,0.0074,0.0138,0.0011,well focused,noisy,0.2092,0.2228,0.2132,0.2073,0.2089,0.2125,0.2496,0.2041,0.2099,0.1977,0.2145,0.2015,0.1987,0.2485,v0,clip_vit_b32_image
48862,/mnt/d/Photos/Z8/180-600mm/2026/2026-03-01/DSC_2300.NEF,23295,5,Blue,reject,picked,0.6801,0.842,0.8637,0.361,0.6621,0.8426,0.5268,0.0075,0.0167,0.0185,-0.0057,0.0067,0.0168,0.0011,natural colors,noisy,0.2074,0.2237,0.2138,0.2063,0.2058,0.2122,0.251,0.1998,0.2069,0.1953,0.212,0.1991,0.1954,0.25,v0,clip_vit_b32_image
48863,/mnt/d/Photos/Z8/180-600mm/2026/2026-03-01/DSC_2301.NEF,23295,5,Blue,reject,picked,0.6622,0.8255,0.8638,0.3422,0.6413,0.8489,0.5018,0.0067,0.0155,0.0185,-0.0065,0.0058,0.0173,0.0001,good dynamic range,noisy,0.2101,0.2266,0.2182,0.2097,0.2086,0.2157,0.2539,0.2034,0.2111,0.1998,0.2162,0.2027,0.1985,0.2538,v0,clip_vit_b32_image
48864,/mnt/d/Photos/Z8/180-600mm/2026/2026-03-01/DSC_2302.NEF,23295,5,Blue,reject,picked,0.6847,0.8572,0.8659,0.3491,0.652,0.844,0.5224,0.0078,0.0179,0.0187,-0.0062,0.0063,0.0169,0.0009,natural colors,noisy,0.2089,0.2258,0.2165,0.2085,0.2078,0.2142,0.2528,0.2012,0.2079,0.1978,0.2147,0.2015,0.1974,0.252,v0,clip_vit_b32_image
48865,/mnt/d/Photos/Z8/180-600mm/2026/2026-03-01/DSC_2303.NEF,23295,5,Blue,reject,picked,0.686,0.8226,0.8494,0.3469,0.6863,0.8426,0.551,0.0078,0.0153,0.0173,-0.0063,0.0078,0.0168,0.002,well focused,noisy,0.2084,0.2226,0.2127,0.2058,0.2067,0.213,0.2481,0.2005,0.2073,0.1954,0.2121,0.1989,0.1962,0.246,v0,clip_vit_b32_image
48866,/mnt/d/Photos/Z8/180-600mm/2026/2026-03-01/DSC_2304.NEF,23295,4,Blue,reject,picked,0.5918,0.7109,0.8264,0.2843,0.6506,0.8075,0.4419,0.0037,0.009,0.0156,-0.0092,0.0062,0.0143,-0.0023,good dynamic range,out of focus,0.206,0.2191,0.2121,0.204,0.2052,0.2111,0.2461,0.2023,0.2101,0.1965,0.2132,0.199,0.1967,0.2484,v0,clip_vit_b32_image
48867,/mnt/d/Photos/Z8/180-600mm/2026/2026-03-01/DSC_2305.NEF,23295,4,Blue,reject,picked,0.6254,0.7758,0.8291,0.3249,0.6667,0.7998,0.4755,0.0051,0.0124,0.0158,-0.0073,0.0069,0.0139,-0.001,good dynamic range,out of focus,0.2074,0.2208,0.2132,0.2053,0.2083,0.2118,0.2492,0.2023,0.2084,0.1974,0.2126,0.2014,0.198,0.2502,v0,clip_vit_b32_image
48868,/mnt/d/Photos/Z8/180-600mm/2026/2026-03-01/DSC_2306.NEF,23295,4,Blue,reject,picked,0.5983,0.74,0.8248,0.293,0.65,0.7943,0.4349,0.004,0.0105,0.0155,-0.0088,0.0062,0.0135,-0.0026,natural colors,out of focus,0.2071,0.2205,0.2131,0.2049,0.2072,0.2113,0.2487,0.2032,0.21,0.1976,0.2137,0.201,0.1978,0.2513,v0,clip_vit_b32_image
48869,/mnt/d/Photos/Z8/180-600mm/2026/2026-03-01/DSC_2307.NEF,23295,4,Blue,reject,picked,0.6357,0.7689,0.8143,0.3184,0.6763,0.7972,0.496,0.0056,0.012,0.0148,-0.0076,0.0074,0.0137,-0.0002,well focused,noisy,0.2076,0.2209,0.2116,0.2055,0.208,0.2113,0.2482,0.202,0.2089,0.1968,0.2131,0.2006,0.1976,0.2483,v0,clip_vit_b32_image
48870,/mnt/d/Photos/Z8/180-600mm/2026/2026-03-01/DSC_2308.NEF,23295,4,Blue,reject,picked,0.6131,0.7454,0.816,0.3353,0.6306,0.8008,0.4286,0.0046,0.0107,0.0149,-0.0068,0.0053,0.0139,-0.0029,natural colors,out of focus,0.2082,0.2218,0.2134,0.2079,0.2079,0.213,0.2494,0.2036,0.2111,0.1985,0.2147,0.2026,0.1991,0.2523,v0,clip_vit_b32_image
48871,/mnt/d/Photos/Z8/180-600mm/2026/2026-03-01/DSC_2309.NEF,23295,4,Blue,reject,picked,0.6144,0.7665,0.8008,0.3085,0.6464,0.7546,0.4633,0.0047,0.0119,0.0139,-0.0081,0.006,0.0112,-0.0015,well focused,out of focus,0.2063,0.2199,0.21,0.2047,0.2066,0.2091,0.2464,0.2017,0.208,0.1961,0.2127,0.2005,0.1978,0.2478,v0,clip_vit_b32_image
48872,/mnt/d/Photos/Z8/180-600mm/2026/2026-03-01/DSC_2310.NEF,23295,4,Blue,reject,picked,0.5951,0.7374,0.8211,0.3018,0.6549,0.7856,0.4776,0.0039,0.0103,0.0152,-0.0084,0.0064,0.013,-0.0009,good dynamic range,out of focus,0.2076,0.2199,0.2131,0.2062,0.2069,0.2109,0.2462,0.2038,0.2096,0.1979,0.2146,0.2005,0.198,0.2471,v0,clip_vit_b32_image
48873,/mnt/d/Photos/Z8/180-600mm/2026/2026-03-01/DSC_2311.NEF,23295,5,Blue,pick,picked,0.6832,0.7868,0.8602,0.35,0.7238,0.8046,0.6108,0.0077,0.0131,0.0182,-0.0062,0.0096,0.0142,0.0045,a photo with strong subject separation,noisy,0.2058,0.2172,0.2108,0.2032,0.2072,0.2081,0.2486,0.1981,0.2041,0.1926,0.2094,0.1975,0.1939,0.2441,v0,clip_vit_b32_image
48874,/mnt/d/Photos/Z8/180-600mm/2026/2026-03-01/DSC_2312.NEF,23295,5,Blue,reject,picked,0.6703,0.777,0.8521,0.3915,0.7359,0.8042,0.6133,0.0071,0.0125,0.0175,-0.0044,0.0102,0.0141,0.0046,well focused,noisy,0.2087,0.2201,0.2131,0.2073,0.2114,0.2113,0.2516,0.2016,0.2076,0.1956,0.2117,0.2011,0.1971,0.247,v0,clip_vit_b32_image
48875,/mnt/d/Photos/Z8/180-600mm/2026/2026-03-01/DSC_2313.NEF,23296,5,Blue,reject,picked,0.688,0.8033,0.8614,0.4456,0.7386,0.8499,0.6238,0.0079,0.0141,0.0183,-0.0022,0.0104,0.0173,0.0051,a photo with strong subject separation,noisy,0.2134,0.2258,0.2189,0.2129,0.2145,0.2175,0.2555,0.2055,0.2117,0.2006,0.2151,0.2041,0.2002,0.2504,v0,clip_vit_b32_image
48876,/mnt/d/Photos/Z8/180-600mm/2026/2026-03-01/DSC_2314.NEF,23296,5,Blue,reject,picked,0.6135,0.705,0.8686,0.3676,0.7175,0.8351,0.5519,0.0046,0.0087,0.0189,-0.0054,0.0093,0.0162,0.0021,a photo with strong subject separation,noisy,0.2092,0.2208,0.2159,0.208,0.2109,0.2137,0.253,0.2045,0.2121,0.197,0.2135,0.2016,0.1975,0.2509,v0,clip_vit_b32_image
48877,/mnt/d/Photos/Z8/180-600mm/2026/2026-03-01/DSC_2315.NEF,23295,4,Blue,reject,picked,0.6238,0.7946,0.8397,0.3833,0.6571,0.8077,0.4774,0.0051,0.0135,0.0166,-0.0048,0.0065,0.0143,-0.0009,good dynamic range,noisy,0.2148,0.2263,0.2205,0.2137,0.2157,0.2194,0.2539,0.2098,0.2127,0.2039,0.2185,0.2092,0.2051,0.2548,v0,clip_vit_b32_image
48878,/mnt/d/Photos/Z8/180-600mm/2026/2026-03-01/DSC_2316.NEF,23295,4,Blue,reject,picked,0.6043,0.7715,0.834,0.324,0.6362,0.7993,0.44,0.0042,0.0122,0.0161,-0.0074,0.0056,0.0138,-0.0024,a photo with strong subject separation,noisy,0.214,0.2267,0.2193,0.2119,0.2144,0.2182,0.2542,0.2098,0.2145,0.2032,0.2193,0.2088,0.2043,0.2566,v0,clip_vit_b32_image
48879,/mnt/d/Photos/Z8/180-600mm/2026/2026-03-01/DSC_2317.NEF,23295,4,Blue,reject,picked,0.6827,0.8137,0.8659,0.4071,0.6735,0.8403,0.4554,0.0077,0.0147,0.0187,-0.0038,0.0072,0.0166,-0.0018,natural colors,out of focus,0.2142,0.2289,0.22,0.2137,0.2142,0.2195,0.2546,0.2066,0.2142,0.2014,0.2175,0.2069,0.2029,0.2564,v0,clip_vit_b32_image
48880,/mnt/d/Photos/Z8/180-600mm/2026/2026-03-01/DSC_2318.NEF,23295,4,Blue,reject,picked,0.614,0.7749,0.8501,0.3332,0.6035,0.759,0.4404,0.0046,0.0124,0.0174,-0.0069,0.0042,0.0115,-0.0024,natural colors,out of focus,0.2083,0.2229,0.2155,0.2077,0.2068,0.2118,0.2492,0.2036,0.2105,0.1982,0.2147,0.2026,0.2003,0.2516,v0,clip_vit_b32_image
48881,/mnt/d/Photos/Z8/180-600mm/2026/2026-03-01/DSC_2319.NEF,23295,5,Blue,reject,picked,0.63,0.7827,0.8458,0.3737,0.6465,0.7583,0.4819,0.0053,0.0128,0.017,-0.0052,0.006,0.0114,-0.0007,a photo with strong subject separation,noisy,0.2102,0.2229,0.2158,0.2097,0.2101,0.2129,0.251,0.2049,0.2101,0.1987,0.2148,0.2041,0.2015,0.2518,v0,clip_vit_b32_image
48882,/mnt/d/Photos/Z8/180-600mm/2026/2026-03-01/DSC_2320.NEF,23295,5,Blue,reject,picked,0.6152,0.7772,0.8344,0.3268,0.6354,0.7706,0.4769,0.0047,0.0125,0.0162,-0.0072,0.0056,0.0121,-0.0009,natural colors,noisy,0.2092,0.2233,0.2164,0.2089,0.2078,0.2119,0.2494,0.2045,0.2108,0.2002,0.2162,0.2023,0.1997,0.2503,v0,clip_vit_b32_image
48883,/mnt/d/Photos/Z8/180-600mm/2026/2026-03-01/DSC_2321.NEF,23296,5,Blue,reject,picked,0.686,0.7763,0.8709,0.4663,0.7269,0.7809,0.6981,0.0078,0.0124,0.0191,-0.0014,0.0098,0.0127,0.0084,a photo with strong subject separation,noisy,0.2091,0.2205,0.2108,0.2073,0.2095,0.2092,0.2523,0.2013,0.2081,0.1917,0.2086,0.1997,0.1965,0.2439,v0,clip_vit_b32_image
48884,/mnt/d/Photos/Z8/180-600mm/2026/2026-03-01/DSC_2322.NEF,23296,5,Blue,reject,picked,0.6796,0.7806,0.8701,0.4699,0.7275,0.7685,0.6887,0.0075,0.0127,0.019,-0.0012,0.0098,0.012,0.0079,well focused,noisy,0.2088,0.221,0.2108,0.2074,0.2089,0.2087,0.2519,0.2013,0.2083,0.1918,0.2086,0.1991,0.1967,0.2439,v0,clip_vit_b32_image
48885,/mnt/d/Photos/Z8/180-600mm/2026/2026-03-01/DSC_2323.NEF,23296,5,Blue,reject,picked,0.6771,0.7789,0.8626,0.448,0.6892,0.7795,0.6291,0.0074,0.0126,0.0184,-0.0021,0.008,0.0126,0.0053,a photo with strong subject separation,out of focus,0.2118,0.2243,0.2165,0.212,0.2111,0.2136,0.252,0.2044,0.2117,0.1982,0.2141,0.2031,0.201,0.2467,v0,clip_vit_b32_image
48886,/mnt/d/Photos/Z8/180-600mm/2026/2026-03-01/DSC_2324.NEF,23296,5,Blue,reject,picked,0.6995,0.7805,0.8643,0.5131,0.7769,0.7961,0.6331,0.0085,0.0127,0.0185,0.0005,0.0125,0.0136,0.0055,a photo with strong subject separation,noisy,0.2137,0.2224,0.2163,0.2117,0.215,0.2136,0.2533,0.2053,0.2097,0.1978,0.2111,0.2025,0.2,0.2479,v0,clip_vit_b32_image
48887,/mnt/d/Photos/Z8/180-600mm/2026/2026-03-01/DSC_2325.NEF,23296,5,Blue,pick,picked,0.7085,0.7966,0.8605,0.5471,0.7801,0.775,0.6453,0.0089,0.0137,0.0182,0.0019,0.0127,0.0124,0.006,a photo with strong subject separation,noisy,0.2117,0.2201,0.2131,0.2097,0.2135,0.2108,0.252,0.2028,0.2064,0.1949,0.2078,0.2008,0.1984,0.246,v0,clip_vit_b32_image
48888,/mnt/d/Photos/Z8/180-600mm/2026/2026-03-01/DSC_2326.NEF,23296,5,Blue,pick,picked,0.7366,0.8511,0.8804,0.5719,0.7619,0.8086,0.677,0.0103,0.0174,0.02,0.0029,0.0116,0.0144,0.0074,a photo with strong subject separation,noisy,0.213,0.2235,0.2153,0.2116,0.2137,0.2135,0.2549,0.2028,0.2061,0.1953,0.2087,0.202,0.1991,0.2475,v0,clip_vit_b32_image
48889,/mnt/d/Photos/Z8/180-600mm/2026/2026-03-01/DSC_2327.NEF,23296,5,Blue,pick,picked,0.7144,0.79,0.8746,0.5492,0.7619,0.8022,0.6612,0.0092,0.0133,0.0194,0.002,0.0116,0.014,0.0067,a photo with strong subject separation,noisy,0.2118,0.2215,0.2154,0.2111,0.2128,0.2126,0.2529,0.2027,0.2083,0.196,0.2091,0.2012,0.1986,0.2462,v0,clip_vit_b32_image
48890,/mnt/d/Photos/Z8/180-600mm/2026/2026-03-01/DSC_2328.NEF,23296,5,Blue,reject,picked,0.7297,0.7938,0.8549,0.5473,0.7662,0.7815,0.6951,0.0099,0.0135,0.0177,0.0019,0.0119,0.0127,0.0082,well focused,noisy,0.2107,0.2194,0.211,0.2095,0.212,0.2109,0.251,0.2008,0.2059,0.1932,0.2076,0.2001,0.1982,0.2428,v0,clip_vit_b32_image
48891,/mnt/d/Photos/Z8/180-600mm/2026/2026-03-01/DSC_2329.NEF,23296,4,Blue,reject,picked,0.6485,0.7567,0.8674,0.3678,0.7272,0.8006,0.6323,0.0061,0.0113,0.0188,-0.0054,0.0098,0.0139,0.0054,a photo with strong subject separation,noisy,0.2085,0.2192,0.2115,0.2076,0.2119,0.2114,0.2524,0.2023,0.2079,0.1928,0.213,0.2021,0.1975,0.247,v0,clip_vit_b32_image
48892,/mnt/d/Photos/Z8/180-600mm/2026/2026-03-01/DSC_2330.NEF,23296,4,Blue,reject,picked,0.6537,0.7819,0.8722,0.3671,0.7182,0.8154,0.5833,0.0064,0.0128,0.0192,-0.0054,0.0094,0.0149,0.0034,a photo with strong subject separation,noisy,0.2094,0.221,0.2126,0.2077,0.2108,0.212,0.2532,0.2031,0.2082,0.1934,0.2132,0.2015,0.1972,0.2499,v0,clip_vit_b32_image
48893,/mnt/d/Photos/Z8/180-600mm/2026/2026-03-01/DSC_2331.NEF,23296,4,Blue,reject,picked,0.67,0.7507,0.8818,0.356,0.7274,0.8165,0.6219,0.0071,0.011,0.0201,-0.0059,0.0098,0.0149,0.005,a photo with strong subject separation,noisy,0.2105,0.221,0.2155,0.2087,0.2114,0.2131,0.2532,0.2035,0.21,0.1954,0.2146,0.2016,0.1981,0.2483,v0,clip_vit_b32_image
48894,/mnt/d/Photos/Z8/180-600mm/2026/2026-03-01/DSC_2332.NEF,23296,4,Blue,reject,picked,0.6478,0.7869,0.8666,0.3453,0.7265,0.8107,0.6237,0.0061,0.0131,0.0187,-0.0064,0.0098,0.0145,0.0051,a photo with strong subject separation,noisy,0.2098,0.2217,0.2119,0.2077,0.2119,0.2125,0.2539,0.2037,0.2086,0.1932,0.2141,0.2021,0.1979,0.2489,v0,clip_vit_b32_image
48895,/mnt/d/Photos/Z8/180-600mm/2026/2026-03-01/DSC_2333.NEF,23296,4,Blue,reject,picked,0.638,0.7104,0.8549,0.3742,0.741,0.7606,0.6455,0.0057,0.009,0.0177,-0.0051,0.0105,0.0116,0.006,a photo with strong subject separation,noisy,0.2071,0.2147,0.2093,0.2032,0.2097,0.2059,0.2463,0.2015,0.2057,0.1916,0.2083,0.1992,0.1943,0.2403,v0,clip_vit_b32_image
48896,/mnt/d/Photos/Z8/180-600mm/2026/2026-03-01/DSC_2334.NEF,23296,4,Blue,reject,picked,0.6327,0.726,0.8431,0.3677,0.7446,0.7556,0.6704,0.0054,0.0097,0.0168,-0.0054,0.0107,0.0113,0.0071,a photo with strong subject separation,noisy,0.2052,0.2136,0.207,0.2022,0.2092,0.2049,0.2464,0.1998,0.2038,0.1902,0.2076,0.1985,0.1936,0.2393,v0,clip_vit_b32_image
48897,/mnt/d/Photos/Z8/180-600mm/2026/2026-03-01/DSC_2335.NEF,23296,4,Blue,reject,picked,0.6712,0.7449,0.8349,0.4481,0.76,0.776,0.6606,0.0071,0.0107,0.0162,-0.0021,0.0115,0.0124,0.0067,a photo with strong subject separation,noisy,0.2107,0.2175,0.2105,0.2071,0.2128,0.2096,0.2485,0.2036,0.2068,0.1942,0.2092,0.2013,0.1971,0.2419,v0,clip_vit_b32_image
48898,/mnt/d/Photos/Z8/180-600mm/2026/2026-03-01/DSC_2336.NEF,23296,4,Blue,reject,picked,0.6884,0.7729,0.8646,0.4269,0.7866,0.7974,0.7054,0.0079,0.0122,0.0185,-0.0029,0.013,0.0137,0.0087,a photo with strong subject separation,noisy,0.2118,0.2189,0.2125,0.2078,0.2147,0.2104,0.251,0.2039,0.2066,0.194,0.2108,0.2017,0.1967,0.2423,v0,clip_vit_b32_image
48899,/mnt/d/Photos/Z8/180-600mm/2026/2026-03-01/DSC_2337.NEF,23295,4,Blue,reject,picked,0.6318,0.7824,0.8548,0.32,0.6941,0.8003,0.5638,0.0054,0.0128,0.0177,-0.0075,0.0082,0.0139,0.0026,good dynamic range,noisy,0.2056,0.2172,0.2111,0.2045,0.2048,0.2074,0.244,0.2002,0.2044,0.1934,0.212,0.1966,0.1935,0.2414,v0,clip_vit_b32_image
48900,/mnt/d/Photos/Z8/180-600mm/2026/2026-03-01/DSC_2338.NEF,23295,4,Blue,reject,picked,0.6209,0.7957,0.8385,0.3308,0.6648,0.7666,0.5472,0.0049,0.0136,0.0165,-0.007,0.0068,0.0119,0.0019,a photo with strong subject separation,noisy,0.2036,0.2167,0.2083,0.2021,0.2024,0.2057,0.2441,0.1986,0.2031,0.1918,0.2092,0.1956,0.1938,0.2423,v0,clip_vit_b32_image
48901,/mnt/d/Photos/Z8/180-600mm/2026/2026-03-01/DSC_2339.NEF,23295,4,Blue,reject,picked,0.6548,0.8247,0.8321,0.3314,0.6774,0.785,0.6238,0.0064,0.0155,0.016,-0.007,0.0074,0.013,0.0051,well focused,noisy,0.2056,0.2188,0.2094,0.2045,0.2039,0.2069,0.2465,0.1992,0.2033,0.1934,0.2115,0.1965,0.1939,0.2414,v0,clip_vit_b32_image
48902,/mnt/d/Photos/Z8/180-600mm/2026/2026-03-01/DSC_2340.NEF,23295,4,Blue,reject,picked,0.6271,0.7678,0.8661,0.2805,0.6563,0.7843,0.542,0.0052,0.012,0.0187,-0.0094,0.0065,0.0129,0.0017,a photo with strong subject separation,noisy,0.2033,0.2166,0.2098,0.2019,0.2027,0.2061,0.2464,0.1981,0.2046,0.1911,0.2113,0.1962,0.1932,0.2447,v0,clip_vit_b32_image
48903,/mnt/d/Photos/Z8/180-600mm/2026/2026-03-01/DSC_2341.NEF,23295,4,Blue,reject,picked,0.6059,0.726,0.8812,0.2431,0.6344,0.7811,0.5024,0.0043,0.0097,0.02,-0.0114,0.0055,0.0127,0.0001,a photo with strong subject separation,noisy,0.2059,0.2193,0.2157,0.205,0.2056,0.2092,0.2486,0.2016,0.2096,0.1956,0.2164,0.2001,0.1965,0.2485,v0,clip_vit_b32_image
48904,/mnt/d/Photos/Z8/180-600mm/2026/2026-03-01/DSC_2342.NEF,23295,4,Blue,reject,picked,0.6394,0.7746,0.8766,0.2482,0.6379,0.7992,0.5156,0.0057,0.0123,0.0196,-0.0111,0.0057,0.0138,0.0006,natural colors,noisy,0.202,0.2151,0.21,0.2005,0.1986,0.2051,0.2424,0.1963,0.2028,0.1904,0.2116,0.193,0.1913,0.2417,v0,clip_vit_b32_image
48905,/mnt/d/Photos/Z8/180-600mm/2026/2026-03-01/DSC_2343.NEF,23295,4,Blue,reject,picked,0.7187,0.8505,0.8757,0.4168,0.7099,0.8174,0.5991,0.0094,0.0174,0.0195,-0.0034,0.009,0.015,0.004,natural colors,noisy,0.2083,0.2209,0.2139,0.2073,0.2055,0.2093,0.2487,0.1989,0.2035,0.1944,0.2107,0.1965,0.1943,0.2447,v0,clip_vit_b32_image
48906,/mnt/d/Photos/Z8/180-600mm/2026/2026-03-01/DSC_2344.NEF,23295,4,Blue,reject,picked,0.6779,0.8341,0.8227,0.3255,0.6753,0.7977,0.5816,0.0074,0.0162,0.0153,-0.0073,0.0073,0.0137,0.0033,crisp details,noisy,0.2031,0.216,0.2059,0.201,0.2005,0.2058,0.2436,0.1956,0.1999,0.1906,0.2082,0.1931,0.1921,0.2403,v0,clip_vit_b32_image
48907,/mnt/d/Photos/Z8/180-600mm/2026/2026-03-01/DSC_2345.NEF,23295,4,Blue,reject,picked,0.6849,0.8076,0.8744,0.2958,0.6813,0.8254,0.5835,0.0078,0.0143,0.0194,-0.0087,0.0076,0.0155,0.0034,natural colors,noisy,0.2035,0.216,0.2091,0.201,0.2016,0.2064,0.2447,0.1957,0.2016,0.1896,0.2096,0.194,0.1909,0.2413,v0,clip_vit_b32_image
48908,/mnt/d/Photos/Z8/180-600mm/2026/2026-03-01/DSC_2346.NEF,23295,4,Blue,reject,picked,0.6561,0.7967,0.8576,0.2894,0.6813,0.7985,0.5951,0.0065,0.0137,0.018,-0.009,0.0076,0.0138,0.0039,good dynamic range,noisy,0.2047,0.2176,0.2093,0.2025,0.2031,0.2069,0.2464,0.1982,0.2039,0.1913,0.2115,0.1955,0.1931,0.2426,v0,clip_vit_b32_image
48909,/mnt/d/Photos/Z8/180-600mm/2026/2026-03-01/DSC_2347.NEF,23295,5,Blue,reject,picked,0.6449,0.8078,0.866,0.2495,0.6629,0.8154,0.5777,0.006,0.0144,0.0187,-0.011,0.0068,0.0149,0.0031,good dynamic range,noisy,0.204,0.2166,0.2098,0.2022,0.2025,0.2071,0.2457,0.198,0.2023,0.1911,0.2132,0.1957,0.1923,0.2426,v0,clip_vit_b32_image
48910,/mnt/d/Photos/Z8/180-600mm/2026/2026-03-01/DSC_2348.NEF,23295,5,Blue,reject,picked,0.6111,0.7921,0.8617,0.2739,0.6635,0.817,0.5067,0.0045,0.0134,0.0183,-0.0097,0.0068,0.015,0.0003,a photo with strong subject separation,noisy,0.2055,0.2199,0.2146,0.2049,0.2049,0.2092,0.2491,0.201,0.2065,0.1963,0.2146,0.1981,0.1942,0.2488,v0,clip_vit_b32_image
48911,/mnt/d/Photos/Z8/180-600mm/2026/2026-03-01/DSC_2349.NEF,23295,5,Blue,pick,picked,0.6039,0.7818,0.8593,0.2874,0.6613,0.8159,0.4803,0.0042,0.0128,0.0181,-0.0091,0.0067,0.0149,-0.0008,a photo with strong subject separation,noisy,0.2054,0.2187,0.2129,0.2051,0.2049,0.2094,0.2486,0.2012,0.2059,0.1948,0.2142,0.1982,0.1945,0.2494,v0,clip_vit_b32_image
48912,/mnt/d/Photos/Z8/180-600mm/2026/2026-03-01/DSC_2350.NEF,23295,5,Blue,reject,picked,0.6726,0.8337,0.864,0.3127,0.6857,0.8125,0.5736,0.0072,0.0161,0.0185,-0.0079,0.0078,0.0147,0.003,natural colors,noisy,0.2045,0.2177,0.2114,0.2033,0.2034,0.2071,0.2476,0.1973,0.2016,0.1929,0.2111,0.1956,0.1925,0.2446,v0,clip_vit_b32_image
48913,/mnt/d/Photos/Z8/180-600mm/2026/2026-03-01/DSC_2351.NEF,23295,4,Blue,reject,picked,0.6237,0.7809,0.8588,0.2286,0.6463,0.8049,0.5299,0.0051,0.0127,0.0181,-0.0122,0.006,0.0142,0.0012,good dynamic range,noisy,0.2004,0.2128,0.2071,0.1974,0.1989,0.2042,0.24,0.1953,0.2001,0.1891,0.2096,0.1929,0.19,0.2389,v0,clip_vit_b32_image
48914,/mnt/d/Photos/Z8/180-600mm/2026/2026-03-01/DSC_2352.NEF,23297,4,Blue,pick,picked,0.6367,0.7968,0.8577,0.3761,0.6737,0.8298,0.5512,0.0056,0.0137,0.018,-0.0051,0.0072,0.0158,0.0021,a photo with strong subject separation,noisy,0.2127,0.2244,0.2184,0.2131,0.2152,0.2186,0.258,0.2071,0.2107,0.2005,0.2182,0.2079,0.2028,0.256,v0,clip_vit_b32_image
48915,/mnt/d/Photos/Z8/180-600mm/2026/2026-03-01/DSC_2353.NEF,23297,4,Blue,pick,picked,0.6513,0.8252,0.863,0.3547,0.6877,0.8405,0.5832,0.0062,0.0155,0.0184,-0.006,0.0079,0.0166,0.0034,a photo with strong subject separation,noisy,0.2127,0.2252,0.2191,0.2131,0.2154,0.2194,0.2588,0.2065,0.2097,0.2007,0.2191,0.2075,0.2028,0.2555,v0,clip_vit_b32_image
48916,/mnt/d/Photos/Z8/180-600mm/2026/2026-03-01/DSC_2354.NEF,23297,4,Blue,pick,picked,0.68,0.8346,0.8647,0.4117,0.7255,0.8428,0.6135,0.0075,0.0162,0.0186,-0.0036,0.0097,0.0168,0.0046,a photo with strong subject separation,noisy,0.2134,0.2241,0.2177,0.2127,0.2158,0.2177,0.2589,0.2059,0.208,0.1991,0.2163,0.2061,0.2009,0.2543,v0,clip_vit_b32_image
48917,/mnt/d/Photos/Z8/180-600mm/2026/2026-03-01/DSC_2355.NEF,23298,4,Blue,pick,picked,0.5938,0.7476,0.8385,0.3124,0.5641,0.7858,0.4246,0.0038,0.0109,0.0165,-0.0079,0.0026,0.013,-0.003,a photo with strong subject separation,noisy,0.2086,0.2231,0.2187,0.2102,0.2062,0.2145,0.2543,0.2048,0.2122,0.2023,0.2181,0.2036,0.2015,0.2573,v0,clip_vit_b32_image
48918,/mnt/d/Photos/Z8/180-600mm/2026/2026-03-01/DSC_2356.NEF,23298,4,Blue,pick,picked,0.6126,0.7914,0.8396,0.34,0.5854,0.7764,0.453,0.0046,0.0133,0.0166,-0.0066,0.0034,0.0124,-0.0019,natural colors,noisy,0.2062,0.2217,0.2147,0.2074,0.2034,0.2108,0.2516,0.2016,0.2083,0.1981,0.214,0.2,0.1984,0.2535,v0,clip_vit_b32_image
48919,/mnt/d/Photos/Z8/180-600mm/2026/2026-03-01/DSC_2357.NEF,23298,4,Blue,pick,picked,0.607,0.7782,0.8323,0.3524,0.5853,0.7734,0.4834,0.0043,0.0126,0.016,-0.0061,0.0034,0.0123,-0.0007,natural colors,noisy,0.2077,0.2229,0.2151,0.2089,0.2054,0.2119,0.2537,0.2034,0.2104,0.1991,0.215,0.2019,0.1996,0.2543,v0,clip_vit_b32_image
48920,/mnt/d/Photos/Z8/180-600mm/2026/2026-03-01/DSC_2358.NEF,23298,4,Blue,reject,picked,0.5691,0.7114,0.8418,0.2897,0.5888,0.7758,0.4073,0.0028,0.009,0.0167,-0.009,0.0036,0.0124,-0.0038,a photo with strong subject separation,noisy,0.2061,0.2204,0.215,0.207,0.2058,0.2113,0.2532,0.2033,0.2113,0.1983,0.216,0.2022,0.1989,0.257,v0,clip_vit_b32_image
48921,/mnt/d/Photos/Z8/180-600mm/2026/2026-03-01/DSC_2359.NEF,23298,4,Blue,reject,picked,0.6187,0.7513,0.8608,0.3296,0.6245,0.7934,0.5255,0.0048,0.0111,0.0182,-0.0071,0.0051,0.0135,0.001,natural colors,noisy,0.2072,0.2209,0.2163,0.2086,0.2074,0.212,0.2527,0.2024,0.2098,0.1981,0.2157,0.2023,0.1986,0.2517,v0,clip_vit_b32_image
48922,/mnt/d/Photos/Z8/180-600mm/2026/2026-03-01/DSC_2360.NEF,23298,4,Blue,reject,picked,0.5872,0.7145,0.8414,0.2855,0.6096,0.7559,0.4409,0.0035,0.0092,0.0167,-0.0092,0.0045,0.0113,-0.0024,natural colors,noisy,0.2033,0.2166,0.2118,0.2035,0.2026,0.2077,0.2478,0.1998,0.2075,0.1951,0.2127,0.1981,0.1964,0.2502,v0,clip_vit_b32_image
48923,/mnt/d/Photos/Z8/180-600mm/2026/2026-03-01/DSC_2361.NEF,23298,4,Blue,reject,picked,0.6059,0.7715,0.8494,0.2986,0.6036,0.778,0.4559,0.0043,0.0122,0.0173,-0.0085,0.0042,0.0125,-0.0018,a photo with strong subject separation,noisy,0.2059,0.2203,0.2145,0.2054,0.2061,0.2104,0.2497,0.2016,0.2082,0.1972,0.2139,0.2019,0.1979,0.2515,v0,clip_vit_b32_image
48924,/mnt/d/Photos/Z8/180-600mm/2026/2026-03-01/DSC_2362.NEF,23298,4,Blue,reject,picked,0.5874,0.7598,0.8265,0.3145,0.5901,0.7554,0.432,0.0035,0.0115,0.0156,-0.0078,0.0036,0.0113,-0.0027,natural colors,noisy,0.2078,0.2228,0.2167,0.2096,0.2067,0.2126,0.2539,0.2043,0.2113,0.2011,0.2174,0.2031,0.2013,0.2567,v0,clip_vit_b32_image
48925,/mnt/d/Photos/Z8/180-600mm/2026/2026-03-01/DSC_2363.NEF,23298,4,Blue,reject,picked,0.5609,0.7251,0.8282,0.2909,0.5615,0.7402,0.3961,0.0024,0.0097,0.0157,-0.0089,0.0025,0.0105,-0.0042,a photo with strong subject separation,noisy,0.2046,0.2197,0.2138,0.2065,0.2039,0.2096,0.25,0.2022,0.21,0.1981,0.2154,0.2014,0.1991,0.2542,v0,clip_vit_b32_image
48926,/mnt/d/Photos/Z8/180-600mm/2026/2026-03-01/DSC_2364.NEF,23298,4,Blue,reject,picked,0.5381,0.6922,0.8097,0.303,0.5568,0.735,0.3694,0.0015,0.0081,0.0145,-0.0083,0.0023,0.0102,-0.0053,a photo with strong subject separation,out of focus,0.206,0.2206,0.2149,0.2084,0.2049,0.2108,0.251,0.2045,0.2125,0.2005,0.2167,0.2026,0.2006,0.2564,v0,clip_vit_b32_image
48927,/mnt/d/Photos/Z8/180-600mm/2026/2026-03-01/DSC_2365.NEF,23298,4,Blue,reject,picked,0.5301,0.6884,0.8082,0.2931,0.5591,0.7412,0.3693,0.0012,0.0079,0.0144,-0.0088,0.0024,0.0105,-0.0054,a photo with strong subject separation,out of focus,0.2057,0.2203,0.2142,0.2076,0.2056,0.2112,0.2504,0.2045,0.2123,0.1998,0.2165,0.2033,0.2007,0.2557,v0,clip_vit_b32_image
48928,/mnt/d/Photos/Z8/180-600mm/2026/2026-03-01/DSC_2366.NEF,23298,4,Blue,reject,picked,0.536,0.7032,0.8141,0.3043,0.5775,0.7655,0.4162,0.0014,0.0086,0.0148,-0.0083,0.0031,0.0118,-0.0034,well focused,out of focus,0.2054,0.2205,0.2141,0.2076,0.2044,0.2107,0.2496,0.204,0.2119,0.1993,0.2158,0.2013,0.1988,0.253,v0,clip_vit_b32_image
48929,/mnt/d/Photos/Z8/180-600mm/2026/2026-03-01/DSC_2367.NEF,23298,4,Blue,reject,picked,0.5559,0.7194,0.8002,0.3211,0.5834,0.7412,0.4483,0.0022,0.0094,0.0139,-0.0075,0.0034,0.0105,-0.0021,well focused,out of focus,0.2056,0.2198,0.2126,0.2072,0.2049,0.2104,0.2497,0.2034,0.2104,0.1987,0.2147,0.2016,0.1998,0.2518,v0,clip_vit_b32_image
48930,/mnt/d/Photos/Z8/180-600mm/2026/2026-03-01/DSC_2368.NEF,23298,4,Blue,reject,picked,0.5994,0.774,0.8332,0.3056,0.6067,0.788,0.5263,0.004,0.0123,0.0161,-0.0082,0.0043,0.0131,0.0011,well focused,out of focus,0.2061,0.2218,0.2125,0.2053,0.2047,0.2108,0.252,0.2021,0.2095,0.1964,0.2135,0.2003,0.1976,0.2509,v0,clip_vit_b32_image
48931,/mnt/d/Photos/Z8/180-600mm/2026/2026-03-01/DSC_2369.NEF,23298,4,Blue,reject,picked,0.5633,0.705,0.8339,0.2558,0.5913,0.7718,0.4207,0.0025,0.0087,0.0161,-0.0107,0.0037,0.0122,-0.0032,natural colors,out of focus,0.2056,0.2199,0.2148,0.2049,0.2036,0.21,0.249,0.2031,0.2111,0.1987,0.2156,0.1999,0.1978,0.2522,v0,clip_vit_b32_image
48932,/mnt/d/Photos/Z8/180-600mm/2026/2026-03-01/DSC_2370.NEF,23299,4,Blue,reject,picked,0.6057,0.7276,0.8148,0.274,0.6622,0.8158,0.5007,0.0043,0.0098,0.0148,-0.0097,0.0067,0.0149,0.0,well focused,out of focus,0.2067,0.2206,0.214,0.204,0.2047,0.2105,0.2496,0.2024,0.2108,0.1991,0.2137,0.1979,0.1956,0.2495,v0,clip_vit_b32_image
48933,/mnt/d/Photos/Z8/180-600mm/2026/2026-03-01/DSC_2371.NEF,23299,4,Blue,reject,picked,0.5952,0.7138,0.8188,0.2483,0.6429,0.8216,0.4747,0.0039,0.0091,0.0151,-0.0111,0.0059,0.0153,-0.001,good dynamic range,out of focus,0.2065,0.2207,0.2143,0.2033,0.2049,0.2112,0.249,0.2027,0.2115,0.1992,0.2144,0.199,0.1959,0.25,v0,clip_vit_b32_image
48934,/mnt/d/Photos/Z8/180-600mm/2026/2026-03-01/DSC_2372.NEF,23299,4,Blue,reject,picked,0.6128,0.7178,0.81,0.2536,0.6565,0.8301,0.4722,0.0046,0.0093,0.0145,-0.0108,0.0065,0.0159,-0.0011,well focused,out of focus,0.2101,0.2242,0.2153,0.2064,0.2082,0.2149,0.2524,0.2055,0.2149,0.2008,0.2172,0.2017,0.199,0.2535,v0,clip_vit_b32_image
48935,/mnt/d/Photos/Z8/180-600mm/2026/2026-03-01/DSC_2373.NEF,23299,4,Blue,reject,picked,0.616,0.7292,0.8173,0.272,0.66,0.8178,0.4629,0.0047,0.0099,0.015,-0.0098,0.0066,0.015,-0.0015,well focused,out of focus,0.2098,0.2238,0.2155,0.2067,0.2075,0.2135,0.2522,0.205,0.2139,0.2005,0.2165,0.2009,0.1985,0.2537,v0,clip_vit_b32_image
48936,/mnt/d/Photos/Z8/180-600mm/2026/2026-03-01/DSC_2374.NEF,23299,4,Blue,pick,picked,0.6457,0.7466,0.8333,0.2339,0.6444,0.8487,0.5417,0.006,0.0108,0.0161,-0.0119,0.0059,0.0172,0.0017,good dynamic range,out of focus,0.2101,0.2238,0.2156,0.2064,0.208,0.2147,0.2486,0.2041,0.213,0.1995,0.2183,0.2021,0.1974,0.2469,v0,clip_vit_b32_image
48937,/mnt/d/Photos/Z8/180-600mm/2026/2026-03-01/DSC_2375.NEF,23299,4,Blue,pick,picked,0.6995,0.8246,0.8395,0.2776,0.6578,0.8654,0.5943,0.0084,0.0155,0.0165,-0.0096,0.0065,0.0186,0.0038,good dynamic range,noisy,0.2127,0.2271,0.2184,0.2097,0.2095,0.2167,0.2541,0.2042,0.2116,0.2018,0.2193,0.203,0.1981,0.2502,v0,clip_vit_b32_image
48938,/mnt/d/Photos/Z8/180-600mm/2026/2026-03-01/DSC_2376.NEF,23299,4,Blue,reject,picked,0.6454,0.7578,0.8256,0.2395,0.6326,0.8414,0.4542,0.006,0.0114,0.0156,-0.0116,0.0054,0.0167,-0.0018,well focused,out of focus,0.213,0.2273,0.2194,0.2101,0.209,0.2184,0.2536,0.207,0.2159,0.2039,0.2216,0.2036,0.2017,0.2554,v0,clip_vit_b32_image
48939,/mnt/d/Photos/Z8/180-600mm/2026/2026-03-01/DSC_2377.NEF,23299,3,Green,reject,neutral,0.5837,0.5974,0.7935,0.2507,0.6639,0.8445,0.4669,0.0034,0.0039,0.0135,-0.0109,0.0068,0.0169,-0.0013,good dynamic range,out of focus,0.2129,0.2238,0.2175,0.2088,0.2123,0.2172,0.2521,0.2095,0.2198,0.204,0.2197,0.2055,0.2003,0.2534,v0,clip_vit_b32_image
48940,/mnt/d/Photos/Z8/180-600mm/2026/2026-03-01/DSC_2378.NEF,23299,4,Green,pick,picked,0.5695,0.5748,0.8,0.2267,0.6422,0.8479,0.4381,0.0028,0.003,0.0139,-0.0123,0.0058,0.0172,-0.0025,good dynamic range,out of focus,0.2124,0.2234,0.2186,0.2092,0.2105,0.2177,0.2516,0.2096,0.2204,0.2047,0.2215,0.2047,0.2005,0.2541,v0,clip_vit_b32_image
48941,/mnt/d/Photos/Z8/180-600mm/2026/2026-03-01/DSC_2379.NEF,23299,3,Green,pick,neutral,0.5474,0.5184,0.7544,0.2349,0.6653,0.8417,0.4121,0.0019,0.0007,0.0112,-0.0118,0.0069,0.0167,-0.0036,well focused,out of focus,0.2134,0.2229,0.2178,0.2089,0.2134,0.2181,0.2517,0.2115,0.2222,0.2066,0.2207,0.2065,0.2014,0.2553,v0,clip_vit_b32_image
48942,/mnt/d/Photos/Z8/180-600mm/2026/2026-03-01/DSC_2380.NEF,23299,3,Green,pick,neutral,0.5763,0.6766,0.8232,0.2109,0.6494,0.8257,0.4342,0.0031,0.0074,0.0154,-0.0132,0.0062,0.0156,-0.0026,well focused,out of focus,0.2094,0.2222,0.2164,0.2049,0.2081,0.2142,0.2499,0.2064,0.2148,0.201,0.2181,0.2019,0.1986,0.2525,v0,clip_vit_b32_image
48943,/mnt/d/Photos/Z8/180-600mm/2026/2026-03-01/DSC_2381.NEF,23299,4,Blue,reject,picked,0.5908,0.6871,0.8111,0.2239,0.6322,0.8278,0.4715,0.0037,0.0079,0.0146,-0.0124,0.0054,0.0157,-0.0011,well focused,out of focus,0.2114,0.2243,0.2168,0.2067,0.2092,0.2154,0.2488,0.2078,0.2164,0.2022,0.2192,0.2038,0.1997,0.2499,v0,clip_vit_b32_image
48944,/mnt/d/Photos/Z8/180-600mm/2026/2026-03-01/DSC_2382.NEF,23299,4,Blue,reject,picked,0.6347,0.7634,0.8305,0.2544,0.6515,0.8158,0.5478,0.0055,0.0117,0.0159,-0.0108,0.0063,0.0149,0.0019,well focused,out of focus,0.2139,0.2268,0.2197,0.2091,0.2128,0.2163,0.2526,0.2083,0.2151,0.2038,0.2199,0.2065,0.2014,0.2507,v0,clip_vit_b32_image
48945,/mnt/d/Photos/Z8/180-600mm/2026/2026-03-01/DSC_2383.NEF,23299,4,Blue,reject,picked,0.6266,0.7292,0.8235,0.2448,0.6572,0.8329,0.5514,0.0052,0.0099,0.0154,-0.0113,0.0065,0.0161,0.0021,good dynamic range,out of focus,0.2129,0.2255,0.2187,0.2082,0.2118,0.2161,0.2508,0.2077,0.2156,0.2033,0.2194,0.2053,0.2001,0.2487,v0,clip_vit_b32_image
48946,/mnt/d/Photos/Z8/180-600mm/2026/2026-03-01/DSC_2384.NEF,23299,4,Blue,reject,picked,0.6555,0.77,0.8462,0.2634,0.664,0.853,0.6004,0.0064,0.0121,0.0171,-0.0103,0.0068,0.0176,0.0041,good dynamic range,out of focus,0.2081,0.2202,0.2133,0.2032,0.2069,0.2125,0.2494,0.2016,0.2081,0.1962,0.2135,0.2001,0.1949,0.2454,v0,clip_vit_b32_image
48947,/mnt/d/Photos/Z8/180-600mm/2026/2026-03-01/DSC_2385.NEF,23299,4,Blue,reject,picked,0.6453,0.774,0.8305,0.2628,0.6509,0.8321,0.5962,0.006,0.0123,0.0159,-0.0103,0.0062,0.016,0.0039,good dynamic range,out of focus,0.2077,0.2204,0.2121,0.2035,0.2063,0.2113,0.249,0.2017,0.2081,0.1963,0.2138,0.2001,0.1953,0.2451,v0,clip_vit_b32_image
48948,/mnt/d/Photos/Z8/180-600mm/2026/2026-03-01/DSC_2386.NEF,23299,4,Blue,pick,picked,0.5776,0.6863,0.8052,0.2037,0.6112,0.8332,0.4315,0.0031,0.0078,0.0142,-0.0136,0.0045,0.0161,-0.0028,good dynamic range,out of focus,0.2073,0.2212,0.2124,0.2037,0.2037,0.2116,0.2464,0.2042,0.2134,0.1982,0.2173,0.1992,0.1956,0.2492,v0,clip_vit_b32_image
48949,/mnt/d/Photos/Z8/180-600mm/2026/2026-03-01/DSC_2387.NEF,,4,Blue,neutral,picked,0.4769,0.4886,0.6609,0.3413,0.6688,0.6761,0.3959,-0.0009,-0.0005,0.0067,-0.0066,0.007,0.0074,-0.0042,well focused,out of focus,0.2194,0.2258,0.2198,0.2156,0.2226,0.22,0.2533,0.2203,0.2262,0.2131,0.2222,0.2156,0.2126,0.2575,v0,clip_vit_b32_image
48950,/mnt/d/Photos/Z8/180-600mm/2026/2026-03-01/DSC_2388.NEF,,3,Blue,neutral,neutral,0.4484,0.4122,0.5876,0.309,0.6494,0.6334,0.3745,-0.0021,-0.0035,0.0035,-0.008,0.0062,0.0055,-0.0051,well focused,out of focus,0.224,0.2284,0.2189,0.2197,0.2302,0.2226,0.2572,0.2261,0.232,0.2153,0.2277,0.2241,0.2171,0.2623,v0,clip_vit_b32_image
48951,/mnt/d/Photos/Z8/180-600mm/2026/2026-03-01/DSC_2389.NEF,23300,4,Blue,reject,picked,0.5543,0.667,0.8441,0.1983,0.5684,0.7855,0.4313,0.0022,0.0069,0.0169,-0.014,0.0028,0.013,-0.0028,a photo with strong subject separation,out of focus,0.2125,0.2287,0.2237,0.211,0.2111,0.2165,0.2599,0.2103,0.2218,0.2068,0.225,0.2083,0.2036,0.2626,v0,clip_vit_b32_image
48952,/mnt/d/Photos/Z8/180-600mm/2026/2026-03-01/DSC_2390.NEF,23300,4,Blue,pick,picked,0.5436,0.7046,0.7967,0.2307,0.5862,0.6955,0.5678,0.0017,0.0087,0.0137,-0.012,0.0035,0.0083,0.0027,well focused,out of focus,0.2005,0.2142,0.2066,0.1969,0.1993,0.2001,0.2435,0.1987,0.2055,0.193,0.2089,0.1958,0.1918,0.2408,v0,clip_vit_b32_image
48953,/mnt/d/Photos/Z8/180-600mm/2026/2026-03-01/DSC_2391.NEF,23300,4,Blue,pick,picked,0.5527,0.7015,0.8615,0.2166,0.5693,0.7569,0.4929,0.0021,0.0085,0.0183,-0.0129,0.0028,0.0114,-0.0003,natural colors,out of focus,0.2035,0.2195,0.2148,0.2014,0.2007,0.2054,0.2487,0.2014,0.2109,0.1965,0.2143,0.1979,0.1941,0.249,v0,clip_vit_b32_image
48954,/mnt/d/Photos/Z8/180-600mm/2026/2026-03-01/DSC_2392.NEF,23300,4,Blue,pick,picked,0.553,0.6696,0.8082,0.2291,0.5678,0.7001,0.4326,0.0021,0.0071,0.0144,-0.0121,0.0027,0.0085,-0.0027,natural colors,out of focus,0.1977,0.2104,0.2038,0.1943,0.195,0.1991,0.2375,0.1955,0.2033,0.1894,0.2064,0.1922,0.1906,0.2402,v0,clip_vit_b32_image
48955,/mnt/d/Photos/Z8/180-600mm/2026/2026-03-01/DSC_2393.NEF,23300,4,Blue,reject,picked,0.5367,0.6724,0.8186,0.2008,0.5459,0.7029,0.332,0.0015,0.0072,0.0151,-0.0138,0.0018,0.0086,-0.007,a photo with strong subject separation,out of focus,0.2037,0.2187,0.213,0.2008,0.2013,0.2066,0.2457,0.2022,0.2115,0.1979,0.2146,0.1995,0.198,0.2527,v0,clip_vit_b32_image
48956,/mnt/d/Photos/Z8/180-600mm/2026/2026-03-01/DSC_2394.NEF,23300,4,Blue,reject,picked,0.5364,0.6761,0.859,0.2042,0.5567,0.7222,0.3905,0.0015,0.0074,0.0181,-0.0136,0.0023,0.0096,-0.0045,a photo with strong subject separation,out of focus,0.2074,0.2229,0.2196,0.2046,0.206,0.2094,0.2517,0.206,0.2156,0.2015,0.2182,0.2038,0.1999,0.2562,v0,clip_vit_b32_image
48957,/mnt/d/Photos/Z8/180-600mm/2026/2026-03-01/DSC_2395.NEF,23300,4,Blue,reject,picked,0.5172,0.5933,0.8509,0.2044,0.5624,0.7166,0.3728,0.0007,0.0038,0.0174,-0.0136,0.0025,0.0093,-0.0052,a photo with strong subject separation,out of focus,0.2088,0.2229,0.2195,0.2057,0.2071,0.2105,0.2506,0.2081,0.2191,0.2021,0.2193,0.2046,0.2013,0.2558,v0,clip_vit_b32_image
48958,/mnt/d/Photos/Z8/180-600mm/2026/2026-03-01/DSC_2396.NEF,23300,4,Blue,reject,picked,0.4994,0.5828,0.796,0.184,0.5554,0.7149,0.3279,-0.0,0.0033,0.0136,-0.0149,0.0022,0.0092,-0.0072,well focused,out of focus,0.2059,0.2191,0.2138,0.2033,0.2045,0.2092,0.2469,0.2059,0.2158,0.2002,0.2182,0.2023,0.2,0.2541,v0,clip_vit_b32_image
48959,/mnt/d/Photos/Z8/180-600mm/2026/2026-03-01/DSC_2397.NEF,23300,3,Blue,reject,neutral,0.4985,0.5858,0.7967,0.1965,0.5591,0.7074,0.3391,-0.0001,0.0035,0.0137,-0.0141,0.0024,0.0088,-0.0067,well focused,out of focus,0.2042,0.2173,0.2125,0.2014,0.2021,0.2068,0.244,0.2043,0.2139,0.1988,0.2155,0.1997,0.1979,0.2507,v0,clip_vit_b32_image
48960,/mnt/d/Photos/Z8/180-600mm/2026/2026-03-01/DSC_2398.NEF,23300,4,Blue,reject,picked,0.4885,0.549,0.8031,0.1899,0.5726,0.7053,0.3516,-0.0005,0.002,0.0141,-0.0145,0.0029,0.0087,-0.0061,well focused,out of focus,0.2066,0.2191,0.2145,0.2036,0.2049,0.2086,0.2453,0.2071,0.2171,0.2005,0.2182,0.2019,0.1999,0.2514,v0,clip_vit_b32_image
48961,/mnt/d/Photos/Z8/180-600mm/2026/2026-03-01/DSC_2399.NEF,23300,3,Green,reject,neutral,0.4734,0.5413,0.8042,0.1717,0.5463,0.692,0.3183,-0.0011,0.0017,0.0141,-0.0157,0.0019,0.0081,-0.0076,a photo with strong subject separation,out of focus,0.2075,0.2201,0.2166,0.2041,0.2065,0.2099,0.2474,0.2086,0.2184,0.2025,0.2198,0.2047,0.2018,0.255,v0,clip_vit_b32_image
48962,/mnt/d/Photos/Z8/180-600mm/2026/2026-03-01/DSC_2400.NEF,23301,4,Blue,neutral,picked,0.4636,0.4893,0.7559,0.2256,0.3158,0.7552,0.0983,-0.0015,-0.0004,0.0113,-0.0123,-0.0077,0.0113,-0.0222,crisp details,out of focus,0.2265,0.2405,0.234,0.224,0.2173,0.2356,0.2592,0.2279,0.2409,0.2227,0.2364,0.2251,0.2243,0.2813,v0,clip_vit_b32_image
48963,/mnt/d/Photos/Z8/180-600mm/2026/2026-03-01/DSC_2401.NEF,23301,3,Green,pick,neutral,0.449,0.4842,0.6934,0.1817,0.3599,0.801,0.1238,-0.002,-0.0006,0.0082,-0.0151,-0.0058,0.0139,-0.0196,natural colors,out of focus,0.2212,0.2345,0.2273,0.2185,0.2142,0.2326,0.2599,0.2232,0.2351,0.2192,0.2336,0.2199,0.2187,0.2795,v0,clip_vit_b32_image
48964,/mnt/d/Photos/Z8/180-600mm/2026/2026-03-01/DSC_2402.NEF,23301,3,Blue,pick,neutral,0.4631,0.5136,0.7191,0.1618,0.3923,0.779,0.144,-0.0015,0.0005,0.0094,-0.0164,-0.0044,0.0126,-0.0178,natural colors,out of focus,0.2198,0.2323,0.2271,0.2162,0.2152,0.2304,0.2598,0.2213,0.2317,0.2177,0.2327,0.2196,0.2178,0.2777,v0,clip_vit_b32_image
48965,/mnt/d/Photos/Z8/180-600mm/2026/2026-03-01/DSC_2403.NEF,23301,4,Blue,neutral,picked,0.4968,0.5783,0.7152,0.2181,0.2608,0.7625,0.1159,-0.0001,0.0032,0.0092,-0.0128,-0.0104,0.0117,-0.0203,crisp details,out of focus,0.221,0.235,0.2264,0.2177,0.2047,0.2303,0.236,0.2211,0.2318,0.2172,0.2304,0.2151,0.2186,0.2563,v0,clip_vit_b32_image
48966,/mnt/d/Photos/Z8/180-600mm/2026/2026-03-01/DSC_2404.NEF,23302,3,Green,pick,neutral,0.5205,0.6481,0.7925,0.3467,0.2543,0.7758,0.1649,0.0008,0.0061,0.0134,-0.0063,-0.0108,0.0124,-0.0162,natural colors,out of focus,0.2203,0.2319,0.2323,0.2215,0.2042,0.2287,0.2323,0.2195,0.2257,0.2189,0.2279,0.2149,0.2163,0.2485,v0,clip_vit_b32_image
48967,/mnt/d/Photos/Z8/180-600mm/2026/2026-03-01/DSC_2405.NEF,23302,3,Green,pick,neutral,0.5157,0.6398,0.7385,0.3362,0.2721,0.7853,0.1605,0.0006,0.0057,0.0104,-0.0068,-0.0098,0.013,-0.0165,crisp details,out of focus,0.2208,0.2311,0.2299,0.2215,0.2057,0.2294,0.2396,0.2202,0.2254,0.2195,0.2283,0.2156,0.2165,0.2562,v0,clip_vit_b32_image
48968,/mnt/d/Photos/Z8/180-600mm/2026/2026-03-01/DSC_2406.NEF,23302,3,Green,pick,neutral,0.5162,0.6511,0.7655,0.2958,0.2854,0.8051,0.1553,0.0006,0.0062,0.0118,-0.0087,-0.0092,0.0142,-0.0169,natural colors,out of focus,0.2205,0.2322,0.2304,0.2215,0.2063,0.2306,0.2458,0.2198,0.2259,0.2186,0.2301,0.2155,0.2164,0.2627,v0,clip_vit_b32_image
48969,/mnt/d/Photos/Z8/180-600mm/2026/2026-03-01/DSC_2407.NEF,,3,Blue,neutral,neutral,0.4878,0.5353,0.808,0.1804,0.4626,0.8436,0.1809,-0.0005,0.0014,0.0144,-0.0151,-0.0015,0.0169,-0.0151,natural colors,out of focus,0.209,0.2208,0.2187,0.2053,0.2042,0.2203,0.2487,0.2095,0.2194,0.2043,0.2205,0.2057,0.2035,0.2638,v0,clip_vit_b32_image
48970,/mnt/d/Photos/Z8/180-600mm/2026/2026-03-01/DSC_2408.NEF,23302,3,Green,neutral,neutral,0.4967,0.6244,0.7109,0.3226,0.2661,0.7917,0.1356,-0.0001,0.0051,0.009,-0.0074,-0.0101,0.0134,-0.0185,crisp details,out of focus,0.2236,0.2341,0.2312,0.2245,0.209,0.2327,0.2488,0.2238,0.229,0.2222,0.2319,0.2191,0.2194,0.2673,v0,clip_vit_b32_image
48971,/mnt/d/Photos/Z8/180-600mm/2026/2026-03-01/DSC_2409.NEF,23303,3,Blue,reject,neutral,0.5487,0.5562,0.7643,0.2245,0.3595,0.7628,0.1975,0.002,0.0023,0.0118,-0.0124,-0.0058,0.0117,-0.014,good dynamic range,out of focus,0.2213,0.2322,0.2268,0.2155,0.2136,0.2271,0.2585,0.2194,0.23,0.215,0.2279,0.2194,0.2155,0.2725,v0,clip_vit_b32_image
48972,/mnt/d/Photos/Z8/180-600mm/2026/2026-03-01/DSC_2410.NEF,23303,4,Blue,reject,picked,0.5347,0.5015,0.697,0.2221,0.3381,0.6965,0.184,0.0014,0.0001,0.0083,-0.0125,-0.0067,0.0083,-0.0149,crisp details,misfocused,0.221,0.2295,0.2273,0.2138,0.2115,0.2242,0.2449,0.2196,0.2295,0.2189,0.2263,0.2182,0.2159,0.2598,v0,clip_vit_b32_image
48973,/mnt/d/Photos/Z8/180-600mm/2026/2026-03-01/DSC_2411.NEF,23303,4,Blue,reject,picked,0.51,0.5026,0.7282,0.225,0.3143,0.7316,0.1441,0.0004,0.0001,0.0099,-0.0124,-0.0078,0.01,-0.0178,natural colors,out of focus,0.2221,0.2327,0.2268,0.2172,0.2119,0.2271,0.2563,0.2217,0.2326,0.217,0.2296,0.2197,0.217,0.2741,v0,clip_vit_b32_image
48974,/mnt/d/Photos/Z8/180-600mm/2026/2026-03-01/DSC_2412.NEF,23303,3,Blue,reject,neutral,0.521,0.5079,0.724,0.2308,0.2865,0.7601,0.1354,0.0008,0.0003,0.0096,-0.012,-0.0091,0.0115,-0.0185,natural colors,out of focus,0.2236,0.2347,0.2284,0.2199,0.211,0.2303,0.2522,0.2227,0.2344,0.2188,0.2319,0.2201,0.2188,0.2708,v0,clip_vit_b32_image
48975,/mnt/d/Photos/Z8/180-600mm/2026/2026-03-01/DSC_2413.NEF,23303,3,Blue,reject,neutral,0.4616,0.5163,0.7011,0.1582,0.3503,0.7246,0.1544,-0.0015,0.0007,0.0085,-0.0167,-0.0062,0.0097,-0.017,good dynamic range,out of focus,0.2222,0.2346,0.2258,0.2173,0.2169,0.2281,0.2619,0.2237,0.2339,0.2173,0.234,0.2231,0.2184,0.2789,v0,clip_vit_b32_image
48976,/mnt/d/Photos/Z8/180-600mm/2026/2026-03-01/DSC_2414.NEF,23303,4,Blue,pick,picked,0.5041,0.5145,0.7365,0.224,0.3279,0.7044,0.1857,0.0002,0.0006,0.0103,-0.0124,-0.0072,0.0087,-0.0148,good dynamic range,out of focus,0.2232,0.233,0.2298,0.2183,0.2158,0.2266,0.2546,0.223,0.2324,0.2195,0.2308,0.223,0.2179,0.2694,v0,clip_vit_b32_image
48977,/mnt/d/Photos/Z8/180-600mm/2026/2026-03-01/DSC_2415.NEF,23303,4,Blue,pick,picked,0.5264,0.5233,0.7319,0.2563,0.3746,0.731,0.1941,0.0011,0.0009,0.01,-0.0107,-0.0051,0.01,-0.0142,good dynamic range,out of focus,0.2224,0.2319,0.226,0.2177,0.2158,0.2266,0.2578,0.2213,0.2309,0.2159,0.2283,0.221,0.2166,0.2721,v0,clip_vit_b32_image
48978,/mnt/d/Photos/Z8/180-600mm/2026/2026-03-01/DSC_2416.NEF,23303,3,Blue,reject,neutral,0.4811,0.4847,0.7107,0.1774,0.3316,0.6867,0.1717,-0.0008,-0.0006,0.009,-0.0153,-0.007,0.0078,-0.0157,good dynamic range,out of focus,0.2249,0.2358,0.2292,0.2188,0.2173,0.2289,0.2574,0.2256,0.2364,0.2202,0.2342,0.2243,0.221,0.2731,v0,clip_vit_b32_image
48979,/mnt/d/Photos/Z8/180-600mm/2026/2026-03-01/DSC_2417.NEF,23303,3,Blue,reject,neutral,0.5019,0.4632,0.7382,0.2135,0.2798,0.7488,0.1299,0.0001,-0.0015,0.0104,-0.013,-0.0095,0.0109,-0.019,natural colors,out of focus,0.2241,0.2354,0.2301,0.2191,0.2129,0.2307,0.2511,0.224,0.2369,0.2198,0.2321,0.2223,0.2198,0.2701,v0,clip_vit_b32_image
48980,/mnt/d/Photos/Z8/180-600mm/2026/2026-03-01/DSC_2418.NEF,23303,3,Blue,reject,neutral,0.4435,0.3838,0.7122,0.183,0.3263,0.6864,0.1549,-0.0023,-0.0047,0.0091,-0.015,-0.0072,0.0078,-0.017,good dynamic range,out of focus,0.2221,0.2327,0.226,0.2159,0.2145,0.2256,0.2557,0.2243,0.2374,0.2169,0.2308,0.2218,0.2178,0.2727,v0,clip_vit_b32_image
48981,/mnt/d/Photos/Z8/180-600mm/2026/2026-03-01/DSC_2419.NEF,23303,3,Blue,reject,neutral,0.5104,0.537,0.7393,0.195,0.3322,0.7227,0.181,0.0004,0.0015,0.0104,-0.0142,-0.007,0.0096,-0.0151,natural colors,out of focus,0.2242,0.235,0.2305,0.219,0.2174,0.23,0.2618,0.2238,0.2336,0.2201,0.2332,0.2244,0.2204,0.2769,v0,clip_vit_b32_image
48982,/mnt/d/Photos/Z8/180-600mm/2026/2026-03-01/DSC_2420.NEF,23303,4,Blue,pick,picked,0.5019,0.4803,0.7342,0.2177,0.3052,0.7683,0.133,0.0001,-0.0008,0.0102,-0.0128,-0.0082,0.012,-0.0188,natural colors,out of focus,0.2251,0.2357,0.2296,0.2205,0.2141,0.2315,0.2601,0.2251,0.2365,0.2195,0.2333,0.2224,0.2195,0.2789,v0,clip_vit_b32_image
48983,/mnt/d/Photos/Z8/180-600mm/2026/2026-03-01/DSC_2421.NEF,23303,3,Blue,reject,neutral,0.541,0.5814,0.7536,0.2051,0.3544,0.7575,0.1987,0.0016,0.0033,0.0112,-0.0135,-0.006,0.0114,-0.0139,natural colors,out of focus,0.2213,0.2325,0.2263,0.2148,0.213,0.2263,0.2606,0.2196,0.2293,0.2152,0.2284,0.219,0.2149,0.2746,v0,clip_vit_b32_image
48984,/mnt/d/Photos/Z8/180-600mm/2026/2026-03-01/DSC_2422.NEF,23303,3,Blue,reject,neutral,0.4789,0.4623,0.7324,0.2086,0.2936,0.7358,0.1369,-0.0008,-0.0015,0.0101,-0.0133,-0.0088,0.0102,-0.0184,natural colors,out of focus,0.225,0.2353,0.231,0.2207,0.215,0.2303,0.2612,0.2259,0.2368,0.2209,0.234,0.2238,0.2201,0.2796,v0,clip_vit_b32_image
48985,/mnt/d/Photos/Z8/180-600mm/2026/2026-03-01/DSC_2423.NEF,23303,3,Blue,pick,neutral,0.4887,0.4726,0.7303,0.2029,0.2973,0.7449,0.1476,-0.0005,-0.0011,0.01,-0.0137,-0.0086,0.0107,-0.0175,natural colors,out of focus,0.2237,0.2342,0.2291,0.2184,0.2126,0.2289,0.2584,0.2242,0.2353,0.2191,0.2321,0.2212,0.2182,0.276,v0,clip_vit_b32_image
48986,/mnt/d/Photos/Z8/180-600mm/2026/2026-03-01/DSC_2424.NEF,23303,3,Blue,pick,neutral,0.5472,0.5512,0.7477,0.2392,0.3043,0.769,0.1763,0.0019,0.0021,0.0109,-0.0116,-0.0083,0.012,-0.0154,natural colors,out of focus,0.2247,0.2351,0.2307,0.2199,0.213,0.2306,0.256,0.2229,0.233,0.2199,0.2315,0.2213,0.2186,0.2714,v0,clip_vit_b32_image
48987,/mnt/d/Photos/Z8/180-600mm/2026/2026-03-01/DSC_2425.NEF,23303,3,Blue,pick,neutral,0.5314,0.5032,0.7339,0.2516,0.3343,0.7636,0.161,0.0013,0.0001,0.0101,-0.0109,-0.0069,0.0117,-0.0165,natural colors,out of focus,0.2243,0.2338,0.2287,0.2194,0.2143,0.2306,0.2518,0.2231,0.2337,0.2185,0.2303,0.2212,0.2189,0.2683,v0,clip_vit_b32_image
48988,/mnt/d/Photos/Z8/180-600mm/2026/2026-03-01/DSC_2426.NEF,23304,3,Blue,pick,neutral,0.567,0.7854,0.642,0.2472,0.5096,0.6534,0.5166,0.0027,0.013,0.0058,-0.0111,0.0004,0.0063,0.0007,well focused,noisy,0.2181,0.2279,0.2113,0.2142,0.2205,0.2176,0.2604,0.2154,0.215,0.2054,0.2253,0.2202,0.2112,0.2598,v0,clip_vit_b32_image
48989,/mnt/d/Photos/Z8/180-600mm/2026/2026-03-01/DSC_2427.NEF,23304,3,Green,pick,neutral,0.5321,0.6887,0.6071,0.3071,0.5217,0.7079,0.3999,0.0013,0.0079,0.0044,-0.0081,0.0009,0.0089,-0.0041,well focused,out of focus,0.2232,0.2326,0.2147,0.221,0.2253,0.2244,0.2642,0.2219,0.2246,0.2104,0.2291,0.2244,0.2155,0.2682,v0,clip_vit_b32_image
48990,/mnt/d/Photos/Z8/180-600mm/2026/2026-03-01/DSC_2428.NEF,23304,3,Green,reject,neutral,0.5906,0.7745,0.6421,0.3347,0.5508,0.7207,0.4297,0.0037,0.0123,0.0058,-0.0069,0.002,0.0095,-0.0028,well focused,out of focus,0.223,0.2334,0.2143,0.2209,0.226,0.225,0.2651,0.2194,0.2211,0.2085,0.2278,0.2239,0.2155,0.2679,v0,clip_vit_b32_image
48991,/mnt/d/Photos/Z8/180-600mm/2026/2026-03-01/DSC_2429.NEF,23304,3,Green,reject,neutral,0.6251,0.8062,0.6402,0.3943,0.5673,0.6885,0.4248,0.0051,0.0143,0.0058,-0.0043,0.0027,0.0079,-0.003,balanced contrast,noisy,0.2279,0.2374,0.2189,0.2259,0.2322,0.2287,0.2665,0.2228,0.2231,0.2132,0.2302,0.2295,0.2208,0.2696,v0,clip_vit_b32_image
48992,/mnt/d/Photos/Z8/180-600mm/2026/2026-03-01/DSC_2430.NEF,23304,3,Green,reject,neutral,0.6016,0.7871,0.6063,0.3767,0.5669,0.6781,0.4707,0.0041,0.0131,0.0043,-0.005,0.0027,0.0075,-0.0012,well focused,noisy,0.2282,0.2368,0.2185,0.2261,0.2331,0.2284,0.2677,0.2241,0.2237,0.2142,0.2311,0.2304,0.2209,0.2689,v0,clip_vit_b32_image
48993,/mnt/d/Photos/Z8/180-600mm/2026/2026-03-01/DSC_2431.NEF,23304,3,Green,reject,neutral,0.6621,0.8255,0.6393,0.4642,0.5714,0.6783,0.5037,0.0067,0.0155,0.0057,-0.0014,0.0029,0.0075,0.0001,balanced contrast,noisy,0.2317,0.2415,0.2227,0.2316,0.2343,0.2313,0.2697,0.225,0.2259,0.217,0.233,0.2314,0.2238,0.2695,v0,clip_vit_b32_image
48994,/mnt/d/Photos/Z8/180-600mm/2026/2026-03-01/DSC_2432.NEF,23304,3,Green,pick,neutral,0.626,0.7912,0.6048,0.424,0.5462,0.6736,0.4559,0.0052,0.0133,0.0043,-0.0031,0.0019,0.0072,-0.0018,balanced contrast,out of focus,0.2288,0.2385,0.2187,0.2276,0.2317,0.2287,0.268,0.2236,0.2252,0.2144,0.2307,0.2298,0.2215,0.2698,v0,clip_vit_b32_image
48995,/mnt/d/Photos/Z8/180-600mm/2026/2026-03-01/DSC_2433.NEF,23304,3,Green,reject,neutral,0.6114,0.7726,0.5999,0.3815,0.5335,0.6774,0.4295,0.0045,0.0122,0.0041,-0.0048,0.0013,0.0074,-0.0028,balanced contrast,out of focus,0.2289,0.2385,0.2189,0.2273,0.2314,0.2294,0.2682,0.2244,0.2263,0.2149,0.2322,0.2301,0.222,0.271,v0,clip_vit_b32_image
48996,/mnt/d/Photos/Z8/180-600mm/2026/2026-03-01/DSC_2434.NEF,23304,3,Green,reject,neutral,0.6177,0.7941,0.6588,0.4179,0.5489,0.6548,0.4662,0.0048,0.0135,0.0066,-0.0033,0.002,0.0064,-0.0014,balanced contrast,out of focus,0.2297,0.2409,0.2213,0.2269,0.2339,0.23,0.2686,0.2249,0.2274,0.2147,0.2302,0.2319,0.2236,0.2699,v0,clip_vit_b32_image
48997,/mnt/d/Photos/Z8/180-600mm/2026/2026-03-01/DSC_2435.NEF,23304,3,Green,reject,neutral,0.634,0.8318,0.6294,0.3672,0.5738,0.7167,0.4596,0.0055,0.016,0.0053,-0.0054,0.003,0.0093,-0.0016,balanced contrast,noisy,0.225,0.2362,0.2158,0.2226,0.2292,0.227,0.2666,0.2195,0.2202,0.2105,0.228,0.2262,0.2177,0.2682,v0,clip_vit_b32_image
48998,/mnt/d/Photos/Z8/180-600mm/2026/2026-03-01/DSC_2436.NEF,23304,3,Green,reject,neutral,0.6525,0.843,0.6261,0.424,0.5694,0.711,0.523,0.0063,0.0168,0.0052,-0.0031,0.0028,0.009,0.0009,balanced contrast,noisy,0.2261,0.2372,0.2156,0.2245,0.2294,0.2275,0.2679,0.2198,0.2204,0.2105,0.2276,0.2266,0.2185,0.2669,v0,clip_vit_b32_image
48999,/mnt/d/Photos/Z8/180-600mm/2026/2026-03-01/DSC_2437.NEF,23304,3,Green,reject,neutral,0.5811,0.7905,0.6154,0.3357,0.5206,0.702,0.4471,0.0033,0.0133,0.0047,-0.0068,0.0008,0.0086,-0.0021,well focused,out of focus,0.225,0.2366,0.2182,0.2232,0.227,0.2266,0.2668,0.2217,0.2234,0.2135,0.23,0.2261,0.2181,0.269,v0,clip_vit_b32_image
49000,/mnt/d/Photos/Z8/180-600mm/2026/2026-03-01/DSC_2438.NEF,23304,3,Green,reject,neutral,0.6448,0.821,0.621,0.3673,0.5442,0.7183,0.4428,0.006,0.0152,0.0049,-0.0054,0.0018,0.0094,-0.0023,balanced contrast,noisy,0.2274,0.2389,0.2197,0.2265,0.229,0.2301,0.2675,0.2214,0.2236,0.2148,0.232,0.2272,0.2207,0.2698,v0,clip_vit_b32_image
49001,/mnt/d/Photos/Z8/180-600mm/2026/2026-03-01/DSC_2439.NEF,23305,3,Blue,pick,neutral,0.6259,0.811,0.6882,0.3347,0.5793,0.7683,0.5283,0.0051,0.0146,0.0079,-0.0069,0.0032,0.012,0.0011,well focused,out of focus,0.2217,0.2327,0.2129,0.2196,0.2236,0.2244,0.2634,0.2166,0.2182,0.205,0.2265,0.2204,0.2124,0.2622,v0,clip_vit_b32_image
49002,/mnt/d/Photos/Z8/180-600mm/2026/2026-03-01/DSC_2440.NEF,23305,3,Blue,pick,neutral,0.5748,0.7497,0.6669,0.272,0.5376,0.7772,0.4434,0.003,0.011,0.0069,-0.0098,0.0015,0.0125,-0.0023,well focused,out of focus,0.2214,0.2332,0.2154,0.2197,0.2229,0.2276,0.2639,0.2183,0.2222,0.2084,0.2296,0.2214,0.2151,0.2661,v0,clip_vit_b32_image
49003,/mnt/d/Photos/Z8/180-600mm/2026/2026-03-01/DSC_2441.NEF,23305,3,Green,reject,neutral,0.5272,0.6884,0.5814,0.2885,0.55,0.7673,0.4042,0.0011,0.0079,0.0033,-0.009,0.002,0.0119,-0.0039,well focused,out of focus,0.2183,0.2284,0.2101,0.2175,0.2195,0.2224,0.2625,0.2172,0.2204,0.2069,0.2265,0.2175,0.2105,0.2664,v0,clip_vit_b32_image
49004,/mnt/d/Photos/Z8/180-600mm/2026/2026-03-01/DSC_2442.NEF,23305,3,Green,reject,neutral,0.5394,0.6822,0.5937,0.3013,0.5542,0.7598,0.4224,0.0016,0.0076,0.0038,-0.0084,0.0022,0.0115,-0.0031,well focused,out of focus,0.2188,0.2268,0.2101,0.2164,0.2204,0.222,0.2617,0.2172,0.2191,0.2063,0.2249,0.2183,0.2105,0.2648,v0,clip_vit_b32_image
49005,/mnt/d/Photos/Z8/180-600mm/2026/2026-03-01/DSC_2443.NEF,23305,3,Blue,reject,neutral,0.54,0.6591,0.575,0.2837,0.5499,0.7525,0.3972,0.0016,0.0066,0.003,-0.0093,0.002,0.0111,-0.0042,well focused,out of focus,0.2216,0.2305,0.2133,0.2204,0.2227,0.2254,0.2639,0.22,0.2239,0.2102,0.2296,0.2207,0.2143,0.2681,v0,clip_vit_b32_image
49006,/mnt/d/Photos/Z8/180-600mm/2026/2026-03-01/DSC_2444.NEF,23305,3,Blue,reject,neutral,0.5994,0.7658,0.5859,0.3216,0.5511,0.7337,0.4973,0.004,0.0118,0.0035,-0.0075,0.0021,0.0101,-0.0001,balanced contrast,noisy,0.221,0.2311,0.2142,0.22,0.2228,0.2246,0.2628,0.217,0.2193,0.2107,0.2275,0.2207,0.2145,0.2629,v0,clip_vit_b32_image
49007,/mnt/d/Photos/Z8/180-600mm/2026/2026-03-01/DSC_2445.NEF,23305,3,Green,reject,neutral,0.5196,0.7008,0.643,0.2132,0.4971,0.7667,0.3844,0.0008,0.0085,0.0059,-0.0131,-0.0001,0.0119,-0.0047,good dynamic range,out of focus,0.2144,0.2271,0.2108,0.2134,0.2142,0.221,0.2572,0.2136,0.2185,0.2049,0.2265,0.2144,0.2091,0.262,v0,clip_vit_b32_image
49008,/mnt/d/Photos/Z8/180-600mm/2026/2026-03-01/DSC_2446.NEF,23305,3,Blue,reject,neutral,0.4863,0.6852,0.6157,0.1765,0.4802,0.7628,0.4007,-0.0005,0.0078,0.0047,-0.0154,-0.0008,0.0117,-0.004,good dynamic range,out of focus,0.2104,0.2222,0.2069,0.2084,0.2107,0.2172,0.2542,0.2109,0.2144,0.2022,0.2238,0.2115,0.2055,0.2582,v0,clip_vit_b32_image
49009,/mnt/d/Photos/Z8/180-600mm/2026/2026-03-01/DSC_2447.NEF,23305,3,Blue,pick,neutral,0.6012,0.7554,0.5989,0.3204,0.5728,0.7471,0.463,0.0041,0.0113,0.004,-0.0075,0.0029,0.0108,-0.0015,well focused,out of focus,0.2212,0.2316,0.2141,0.219,0.2228,0.2241,0.2621,0.2171,0.2203,0.21,0.2265,0.2198,0.2133,0.2635,v0,clip_vit_b32_image
49010,/mnt/d/Photos/Z8/180-600mm/2026/2026-03-01/DSC_2448.NEF,23306,3,Green,reject,neutral,0.3026,0.3635,0.557,0.1241,0.2996,0.693,0.1337,-0.0083,-0.0056,0.0023,-0.0195,-0.0085,0.0081,-0.0187,good dynamic range,out of focus,0.2183,0.2276,0.2255,0.221,0.2118,0.2255,0.2636,0.2267,0.2332,0.2232,0.2405,0.2203,0.2174,0.2823,v0,clip_vit_b32_image
49011,/mnt/d/Photos/Z8/180-600mm/2026/2026-03-01/DSC_2449.NEF,23306,3,Blue,reject,neutral,0.3558,0.4486,0.534,0.1482,0.3152,0.7198,0.1595,-0.0059,-0.0021,0.0014,-0.0175,-0.0078,0.0094,-0.0166,good dynamic range,out of focus,0.2195,0.2281,0.2231,0.2202,0.2146,0.227,0.2639,0.2255,0.2301,0.2218,0.2377,0.2223,0.2176,0.2805,v0,clip_vit_b32_image
49012,/mnt/d/Photos/Z8/180-600mm/2026/2026-03-01/DSC_2450.NEF,23306,3,Blue,pick,neutral,0.3162,0.4207,0.4873,0.1051,0.3004,0.6917,0.1543,-0.0077,-0.0032,-0.0005,-0.0214,-0.0085,0.0081,-0.017,good dynamic range,misfocused,0.2157,0.2243,0.2206,0.2148,0.211,0.2229,0.2596,0.2234,0.2275,0.2212,0.2362,0.2194,0.2149,0.2767,v0,clip_vit_b32_image
49013,/mnt/d/Photos/Z8/180-600mm/2026/2026-03-01/DSC_2451.NEF,23306,3,Blue,reject,neutral,0.3266,0.4589,0.4777,0.1109,0.3198,0.7014,0.1847,-0.0072,-0.0016,-0.0009,-0.0208,-0.0075,0.0085,-0.0148,good dynamic range,underexposed,0.2146,0.2226,0.2173,0.2134,0.2097,0.2212,0.2582,0.2219,0.2243,0.2182,0.2342,0.2172,0.2127,0.273,v0,clip_vit_b32_image
49014,/mnt/d/Photos/Z8/180-600mm/2026/2026-03-01/DSC_2452.NEF,23306,3,Blue,reject,neutral,0.3035,0.3251,0.4483,0.156,0.291,0.6662,0.1299,-0.0083,-0.0073,-0.0021,-0.0169,-0.0089,0.0069,-0.019,good dynamic range,out of focus,0.2256,0.2332,0.2295,0.2278,0.2176,0.2311,0.2652,0.2339,0.2405,0.2315,0.2446,0.2265,0.2242,0.2842,v0,clip_vit_b32_image
49015,/mnt/d/Photos/Z8/180-600mm/2026/2026-03-01/DSC_2453.NEF,23306,3,Blue,pick,neutral,0.3725,0.4605,0.4948,0.2169,0.3152,0.6644,0.2219,-0.0052,-0.0016,-0.0002,-0.0128,-0.0078,0.0068,-0.0125,good dynamic range,misfocused,0.2233,0.2296,0.2277,0.225,0.2162,0.2265,0.2655,0.2285,0.2312,0.2279,0.2378,0.224,0.2196,0.278,v0,clip_vit_b32_image
49016,/mnt/d/Photos/Z8/180-600mm/2026/2026-03-01/DSC_2454.NEF,23306,3,Blue,pick,neutral,0.3003,0.3226,0.5065,0.1449,0.3186,0.6965,0.1445,-0.0085,-0.0074,0.0003,-0.0177,-0.0076,0.0083,-0.0178,good dynamic range,out of focus,0.2234,0.2315,0.2298,0.2251,0.2182,0.2302,0.2704,0.2319,0.2389,0.2296,0.2429,0.2258,0.2219,0.2882,v0,clip_vit_b32_image
49017,/mnt/d/Photos/Z8/180-600mm/2026/2026-03-01/DSC_2455.NEF,23306,3,Blue,reject,neutral,0.3193,0.3426,0.5304,0.1678,0.3091,0.6806,0.1617,-0.0076,-0.0065,0.0012,-0.016,-0.008,0.0076,-0.0165,good dynamic range,out of focus,0.2239,0.2323,0.2305,0.2264,0.2168,0.2296,0.2681,0.2314,0.2388,0.2293,0.2424,0.2248,0.222,0.2846,v0,clip_vit_b32_image
49018,/mnt/d/Photos/Z8/180-600mm/2026/2026-03-01/DSC_2456.NEF,23306,3,Blue,reject,neutral,0.2757,0.3106,0.5305,0.1421,0.2965,0.6748,0.1316,-0.0097,-0.008,0.0012,-0.018,-0.0086,0.0073,-0.0189,good dynamic range,out of focus,0.2189,0.2278,0.2247,0.2205,0.2129,0.2254,0.2651,0.2285,0.2358,0.2234,0.2385,0.2216,0.2181,0.284,v0,clip_vit_b32_image
49019,/mnt/d/Photos/Z8/180-600mm/2026/2026-03-01/DSC_2457.NEF,23307,3,Green,reject,neutral,0.5349,0.6198,0.7109,0.2007,0.3819,0.7794,0.2062,0.0014,0.0049,0.009,-0.0138,-0.0048,0.0126,-0.0135,good dynamic range,out of focus,0.2113,0.2232,0.215,0.205,0.2072,0.2214,0.2593,0.2099,0.2184,0.206,0.2188,0.212,0.2088,0.2728,v0,clip_vit_b32_image
49020,/mnt/d/Photos/Z8/180-600mm/2026/2026-03-01/DSC_2458.NEF,23307,3,Green,reject,neutral,0.4919,0.5858,0.634,0.1582,0.3567,0.7732,0.183,-0.0003,0.0035,0.0055,-0.0167,-0.0059,0.0123,-0.015,good dynamic range,misfocused,0.2122,0.2221,0.2147,0.2048,0.2076,0.2203,0.2556,0.2125,0.2187,0.2093,0.2215,0.2135,0.208,0.2706,v0,clip_vit_b32_image
49021,/mnt/d/Photos/Z8/180-600mm/2026/2026-03-01/DSC_2459.NEF,23307,3,Green,reject,neutral,0.5089,0.578,0.6717,0.1193,0.3496,0.7711,0.2184,0.0004,0.0031,0.0072,-0.02,-0.0062,0.0121,-0.0127,natural colors,out of focus,0.2052,0.2171,0.2104,0.1979,0.201,0.2155,0.254,0.2048,0.2139,0.2033,0.2179,0.2072,0.2033,0.2667,v0,clip_vit_b32_image
49022,/mnt/d/Photos/Z8/180-600mm/2026/2026-03-01/DSC_2460.NEF,23307,3,Blue,pick,neutral,0.512,0.6181,0.6785,0.143,0.3569,0.7841,0.2284,0.0005,0.0048,0.0075,-0.0179,-0.0059,0.0129,-0.0122,natural colors,misfocused,0.2083,0.2191,0.2138,0.2017,0.2015,0.2175,0.2537,0.2078,0.2142,0.2063,0.2196,0.2074,0.2046,0.2659,v0,clip_vit_b32_image
49023,/mnt/d/Photos/Z8/180-600mm/2026/2026-03-01/DSC_2461.NEF,23307,3,Green,pick,neutral,0.5053,0.538,0.6911,0.1743,0.3569,0.7996,0.1955,0.0002,0.0015,0.0081,-0.0156,-0.0059,0.0138,-0.0141,natural colors,out of focus,0.211,0.2218,0.2183,0.2062,0.2045,0.2211,0.2567,0.2108,0.2203,0.2102,0.2217,0.2104,0.2072,0.2708,v0,clip_vit_b32_image
49024,/mnt/d/Photos/Z8/180-600mm/2026/2026-03-01/DSC_2462.NEF,23307,3,Green,reject,neutral,0.489,0.5361,0.6585,0.1627,0.3005,0.7518,0.196,-0.0004,0.0014,0.0066,-0.0164,-0.0085,0.0111,-0.0141,natural colors,out of focus,0.2108,0.2215,0.2158,0.2031,0.2038,0.2182,0.2558,0.2112,0.22,0.2092,0.2195,0.2122,0.2071,0.2699,v0,clip_vit_b32_image
49025,/mnt/d/Photos/Z8/180-600mm/2026/2026-03-01/DSC_2463.NEF,23307,3,Blue,pick,neutral,0.482,0.5616,0.6949,0.1347,0.3387,0.7447,0.212,-0.0007,0.0025,0.0082,-0.0186,-0.0067,0.0107,-0.0131,good dynamic range,out of focus,0.21,0.2201,0.215,0.2017,0.204,0.217,0.2548,0.2107,0.2176,0.2068,0.2203,0.2107,0.2063,0.268,v0,clip_vit_b32_image
49026,/mnt/d/Photos/Z8/180-600mm/2026/2026-03-01/DSC_2464.NEF,23307,3,Green,reject,neutral,0.4959,0.5547,0.6599,0.1834,0.3619,0.7195,0.2296,-0.0002,0.0022,0.0066,-0.0149,-0.0057,0.0094,-0.0121,good dynamic range,out of focus,0.2098,0.2188,0.2116,0.2023,0.2051,0.215,0.2555,0.21,0.2166,0.2049,0.2172,0.2108,0.2056,0.2676,v0,clip_vit_b32_image
49027,/mnt/d/Photos/Z8/180-600mm/2026/2026-03-01/DSC_2465.NEF,23308,3,Blue,pick,neutral,0.428,0.4105,0.6294,0.1614,0.3146,0.7436,0.1571,-0.0029,-0.0036,0.0053,-0.0165,-0.0078,0.0106,-0.0168,natural colors,out of focus,0.2093,0.218,0.2108,0.2042,0.2043,0.218,0.2519,0.2122,0.2216,0.2055,0.2207,0.2121,0.2073,0.2687,v0,clip_vit_b32_image
49028,/mnt/d/Photos/Z8/180-600mm/2026/2026-03-01/DSC_2466.NEF,23308,3,Green,pick,neutral,0.4886,0.5741,0.7182,0.1818,0.3478,0.7087,0.2803,-0.0005,0.003,0.0094,-0.015,-0.0063,0.0089,-0.0094,well focused,out of focus,0.2119,0.2227,0.2166,0.2031,0.2097,0.2167,0.2562,0.2124,0.2197,0.2072,0.2181,0.216,0.2078,0.2657,v0,clip_vit_b32_image
49029,/mnt/d/Photos/Z8/180-600mm/2026/2026-03-01/DSC_2467.NEF,23308,3,Green,neutral,neutral,0.4712,0.513,0.6667,0.146,0.3433,0.7297,0.229,-0.0012,0.0005,0.0069,-0.0177,-0.0065,0.0099,-0.0121,good dynamic range,misfocused,0.2141,0.2236,0.2171,0.2054,0.2101,0.2198,0.2566,0.2153,0.2231,0.2102,0.223,0.2165,0.2099,0.2687,v0,clip_vit_b32_image
49030,/mnt/d/Photos/Z8/180-600mm/2026/2026-03-01/DSC_2468.NEF,23309,4,Blue,reject,picked,0.4561,0.5199,0.6452,0.1375,0.4057,0.8012,0.1939,-0.0018,0.0008,0.006,-0.0184,-0.0038,0.0139,-0.0142,good dynamic range,out of focus,0.2091,0.2212,0.2145,0.2031,0.2038,0.2196,0.256,0.2108,0.2204,0.2085,0.2214,0.2076,0.2057,0.2703,v0,clip_vit_b32_image
49031,/mnt/d/Photos/Z8/180-600mm/2026/2026-03-01/DSC_2469.NEF,23309,3,Blue,reject,neutral,0.4136,0.4638,0.623,0.1426,0.3768,0.8034,0.1479,-0.0035,-0.0015,0.005,-0.0179,-0.005,0.0141,-0.0175,natural colors,out of focus,0.2095,0.2199,0.2127,0.2055,0.2046,0.2215,0.2572,0.213,0.2213,0.2077,0.2234,0.2096,0.2074,0.2747,v0,clip_vit_b32_image
49032,/mnt/d/Photos/Z8/180-600mm/2026/2026-03-01/DSC_2470.NEF,23309,4,Blue,reject,picked,0.4346,0.4235,0.6599,0.1345,0.3699,0.794,0.1499,-0.0026,-0.0031,0.0066,-0.0186,-0.0053,0.0135,-0.0174,natural colors,out of focus,0.2096,0.2191,0.2139,0.2019,0.2054,0.2203,0.2556,0.2123,0.2222,0.2073,0.2205,0.2107,0.2068,0.273,v0,clip_vit_b32_image
49033,/mnt/d/Photos/Z8/180-600mm/2026/2026-03-01/DSC_2471.NEF,23309,3,Blue,reject,neutral,0.4476,0.4433,0.6556,0.1771,0.3928,0.7747,0.1394,-0.0021,-0.0023,0.0064,-0.0154,-0.0044,0.0124,-0.0182,natural colors,out of focus,0.2089,0.2169,0.2121,0.2031,0.204,0.2177,0.2537,0.211,0.2191,0.2057,0.2185,0.2084,0.2053,0.2719,v0,clip_vit_b32_image
49034,/mnt/d/Photos/Z8/180-600mm/2026/2026-03-01/DSC_2472.NEF,23309,3,Blue,reject,neutral,0.4652,0.4907,0.6759,0.1485,0.4023,0.7805,0.1809,-0.0014,-0.0004,0.0074,-0.0175,-0.004,0.0127,-0.0151,natural colors,out of focus,0.2076,0.2156,0.2114,0.2007,0.2025,0.216,0.2525,0.209,0.2159,0.2041,0.2182,0.2065,0.2034,0.2676,v0,clip_vit_b32_image
23570,/mnt/d/Photos/Z6ii/28-400mm/2025/2025-08-31/DSC_4939.NEF,17528,3,Green,pick,neutral,0.5725,0.6904,0.7938,0.3189,0.5525,0.6981,0.7003,0.0029,0.008,0.0135,-0.0076,0.0021,0.0084,0.0085,good dynamic range,noisy,0.2093,0.2199,0.2082,0.2083,0.2105,0.2128,0.2497,0.2064,0.2119,0.1947,0.2158,0.2084,0.2044,0.2412,v0,clip_vit_b32_image
23571,/mnt/d/Photos/Z6ii/28-400mm/2025/2025-08-31/DSC_4940.NEF,17528,3,Green,pick,neutral,0.551,0.6261,0.7604,0.3865,0.5328,0.6854,0.7024,0.002,0.0052,0.0115,-0.0046,0.0013,0.0078,0.0086,good dynamic range,out of focus,0.212,0.2217,0.2092,0.2125,0.2111,0.2141,0.2509,0.2099,0.2166,0.1977,0.2171,0.2098,0.2063,0.2423,v0,clip_vit_b32_image
23573,/mnt/d/Photos/Z6ii/28-400mm/2025/2025-08-31/DSC_4943.NEF,17528,3,Green,reject,neutral,0.5345,0.6425,0.7787,0.3316,0.5128,0.7178,0.7023,0.0014,0.0059,0.0126,-0.007,0.0005,0.0093,0.0086,good dynamic range,out of focus,0.2113,0.2223,0.2108,0.212,0.2106,0.2144,0.2539,0.2099,0.2165,0.1982,0.219,0.2101,0.205,0.2453,v0,clip_vit_b32_image
23569,/mnt/d/Photos/Z6ii/28-400mm/2025/2025-08-31/DSC_4937.NEF,,3,Green,pick,neutral,0.5894,0.6519,0.745,0.334,0.578,0.6678,0.7409,0.0036,0.0063,0.0107,-0.0069,0.0031,0.007,0.0105,good dynamic range,noisy,0.2088,0.2146,0.205,0.2055,0.2096,0.2092,0.2432,0.2052,0.2083,0.1942,0.2124,0.2065,0.2022,0.2326,v0,clip_vit_b32_image
23572,/mnt/d/Photos/Z6ii/28-400mm/2025/2025-08-31/DSC_4942.NEF,17528,3,Green,pick,neutral,0.624,0.7484,0.8299,0.3494,0.5892,0.6605,0.7816,0.0051,0.0109,0.0159,-0.0062,0.0036,0.0067,0.0127,good dynamic range,noisy,0.2088,0.2178,0.2086,0.2054,0.2095,0.208,0.2475,0.2037,0.2069,0.1927,0.2116,0.2059,0.2013,0.2347,v0,clip_vit_b32_image
23583,/mnt/d/Photos/Z6ii/28-400mm/2025/2025-08-31/DSC_4955.NEF,17529,3,Green,pick,neutral,0.453,0.6137,0.6212,0.1783,0.5078,0.5908,0.6414,-0.0019,0.0046,0.0049,-0.0153,0.0003,0.0037,0.0058,good dynamic range,noisy,0.2203,0.2297,0.2169,0.2201,0.223,0.2225,0.2548,0.2222,0.2251,0.212,0.2354,0.2227,0.2188,0.249,v0,clip_vit_b32_image
23650,/mnt/d/Photos/Z6ii/28-400mm/2025/2025-08-31/DSC_5088.NEF,17540,2,Green,pick,rejected,0.4505,0.7284,0.7698,0.2509,0.3819,0.4696,0.4708,-0.002,0.0099,0.0121,-0.0109,-0.0048,-0.0012,-0.0012,detailed,out of focus,0.209,0.226,0.2165,0.2077,0.2067,0.2054,0.228,0.211,0.2162,0.2044,0.2187,0.2115,0.2067,0.2291,v0,clip_vit_b32_image
23652,/mnt/d/Photos/Z6ii/28-400mm/2025/2025-08-31/DSC_5090.NEF,17540,2,Green,pick,rejected,0.3797,0.6148,0.7154,0.2638,0.361,0.4551,0.4259,-0.0049,0.0047,0.0092,-0.0103,-0.0057,-0.0018,-0.003,detailed,out of focus,0.2076,0.2234,0.2129,0.2068,0.2069,0.2045,0.2269,0.2125,0.2187,0.2037,0.2171,0.2126,0.2063,0.2299,v0,clip_vit_b32_image
23647,/mnt/d/Photos/Z6ii/28-400mm/2025/2025-08-31/DSC_5085.NEF,17538,2,Green,pick,rejected,0.3881,0.615,0.6844,0.3852,0.2561,0.3684,0.3459,-0.0046,0.0047,0.0077,-0.0047,-0.0107,-0.0054,-0.0064,detailed,out of focus,0.2177,0.2318,0.226,0.2209,0.2131,0.2134,0.2449,0.2222,0.2271,0.2183,0.2255,0.2237,0.2188,0.2513,v0,clip_vit_b32_image
23642,/mnt/d/Photos/Z6ii/28-400mm/2025/2025-08-31/DSC_5080.NEF,17538,2,Yellow,pick,rejected,0.5199,0.6888,0.7881,0.2994,0.2777,0.5175,0.3273,0.0008,0.0079,0.0131,-0.0085,-0.0096,0.0007,-0.0072,detailed,out of focus,0.2234,0.2346,0.2345,0.2211,0.2171,0.222,0.2445,0.2226,0.2267,0.2214,0.2296,0.2267,0.2213,0.2517,v0,clip_vit_b32_image
23637,/mnt/d/Photos/Z6ii/28-400mm/2025/2025-08-31/DSC_5073.NEF,,3,Green,pick,neutral,0.643,0.7227,0.8891,0.4907,0.5384,0.6676,0.6102,0.0059,0.0096,0.0208,-0.0004,0.0015,0.007,0.0045,detailed,out of focus,0.2081,0.2179,0.2082,0.2082,0.2082,0.2085,0.2451,0.2022,0.2083,0.1874,0.2085,0.2066,0.2015,0.2407,v0,clip_vit_b32_image
23640,/mnt/d/Photos/Z6ii/28-400mm/2025/2025-08-31/DSC_5078.NEF,,3,Green,pick,neutral,0.5671,0.7028,0.8663,0.3882,0.5162,0.6364,0.5243,0.0027,0.0086,0.0187,-0.0046,0.0006,0.0056,0.001,well focused,out of focus,0.2071,0.2189,0.2093,0.2074,0.208,0.2085,0.2465,0.2044,0.2102,0.1906,0.212,0.2073,0.2029,0.2455,v0,clip_vit_b32_image
23632,/mnt/d/Photos/Z6ii/28-400mm/2025/2025-08-31/DSC_5067.NEF,17535,4,Green,pick,picked,0.6184,0.7467,0.8611,0.4612,0.5536,0.6656,0.6177,0.0048,0.0108,0.0182,-0.0016,0.0022,0.0069,0.0048,good dynamic range,out of focus,0.2117,0.2223,0.2111,0.2124,0.2146,0.2136,0.2502,0.2069,0.2115,0.1928,0.2139,0.2124,0.2067,0.2454,v0,clip_vit_b32_image
23628,/mnt/d/Photos/Z6ii/28-400mm/2025/2025-08-31/DSC_5062.NEF,17522,4,Green,pick,picked,0.5732,0.6856,0.8057,0.4014,0.555,0.6851,0.6842,0.003,0.0078,0.0142,-0.004,0.0022,0.0078,0.0077,good dynamic range,out of focus,0.2073,0.2188,0.2061,0.2093,0.208,0.2101,0.2507,0.2043,0.211,0.1918,0.2133,0.2058,0.2024,0.243,v0,clip_vit_b32_image
23622,/mnt/d/Photos/Z6ii/28-400mm/2025/2025-08-31/DSC_5052.NEF,17527,3,Green,pick,neutral,0.5897,0.7546,0.7935,0.3286,0.5605,0.6647,0.665,0.0036,0.0112,0.0135,-0.0071,0.0024,0.0068,0.0069,good dynamic range,noisy,0.2112,0.2234,0.2096,0.211,0.2131,0.2145,0.2531,0.2076,0.2122,0.1962,0.2182,0.2107,0.2076,0.2463,v0,clip_vit_b32_image
23624,/mnt/d/Photos/Z6ii/28-400mm/2025/2025-08-31/DSC_5056.NEF,17522,3,Green,reject,neutral,0.6348,0.7507,0.8357,0.3942,0.588,0.6778,0.7642,0.0055,0.011,0.0163,-0.0043,0.0036,0.0074,0.0118,good dynamic range,noisy,0.2109,0.2215,0.2111,0.2101,0.2115,0.2105,0.25,0.2054,0.2105,0.1948,0.2144,0.2079,0.2031,0.2382,v0,clip_vit_b32_image
23619,/mnt/d/Photos/Z6ii/28-400mm/2025/2025-08-31/DSC_5038.NEF,17522,3,Green,reject,neutral,0.5917,0.6436,0.7952,0.4132,0.5584,0.6982,0.707,0.0037,0.0059,0.0136,-0.0035,0.0023,0.0084,0.0088,good dynamic range,out of focus,0.2094,0.2175,0.2076,0.2086,0.2092,0.2111,0.2463,0.2056,0.2116,0.1941,0.2121,0.2069,0.2027,0.2375,v0,clip_vit_b32_image
23617,/mnt/d/Photos/Z6ii/28-400mm/2025/2025-08-31/DSC_5035.NEF,17522,3,Green,reject,neutral,0.5905,0.6764,0.8049,0.4357,0.5422,0.6733,0.6756,0.0037,0.0074,0.0142,-0.0026,0.0017,0.0072,0.0073,good dynamic range,out of focus,0.211,0.2199,0.2107,0.2129,0.2113,0.2146,0.2488,0.2073,0.2126,0.1965,0.2154,0.2096,0.2074,0.2415,v0,clip_vit_b32_image
23612,/mnt/d/Photos/Z6ii/28-400mm/2025/2025-08-31/DSC_5024.NEF,17528,3,Green,reject,neutral,0.6007,0.6732,0.7968,0.3584,0.5338,0.6922,0.6954,0.0041,0.0072,0.0137,-0.0058,0.0014,0.0081,0.0083,good dynamic range,noisy,0.2111,0.2197,0.2094,0.2097,0.2101,0.2133,0.2465,0.207,0.2125,0.1957,0.2155,0.2088,0.2052,0.2383,v0,clip_vit_b32_image
23615,/mnt/d/Photos/Z6ii/28-400mm/2025/2025-08-31/DSC_5032.NEF,17522,4,Green,pick,picked,0.6342,0.7748,0.8245,0.4493,0.6,0.6865,0.7661,0.0055,0.0124,0.0155,-0.002,0.0041,0.0078,0.0119,well focused,noisy,0.2062,0.2159,0.2034,0.2064,0.2089,0.2089,0.2426,0.2007,0.2035,0.188,0.2085,0.2049,0.2011,0.2307,v0,clip_vit_b32_image
23607,/mnt/d/Photos/Z6ii/28-400mm/2025/2025-08-31/DSC_5015.NEF,17534,3,Green,neutral,neutral,0.6552,0.6695,0.787,0.4327,0.653,0.6615,0.7424,0.0064,0.0071,0.0131,-0.0027,0.0063,0.0067,0.0106,good dynamic range,noisy,0.2093,0.2169,0.2039,0.2066,0.2126,0.2091,0.2461,0.2029,0.2099,0.1908,0.2093,0.2063,0.2024,0.2355,v0,clip_vit_b32_image
23609,/mnt/d/Photos/Z6ii/28-400mm/2025/2025-08-31/DSC_5019.NEF,,3,Green,pick,neutral,0.5655,0.686,0.7889,0.392,0.535,0.6774,0.6912,0.0026,0.0078,0.0132,-0.0044,0.0014,0.0074,0.0081,good dynamic range,noisy,0.2124,0.2219,0.2118,0.2135,0.2134,0.216,0.2513,0.2098,0.214,0.1986,0.2179,0.212,0.2085,0.2432,v0,clip_vit_b32_image
23602,/mnt/d/Photos/Z6ii/28-400mm/2025/2025-08-31/DSC_5010.NEF,17522,3,Green,reject,neutral,0.58,0.6225,0.7622,0.4133,0.557,0.7025,0.6872,0.0032,0.005,0.0116,-0.0035,0.0023,0.0086,0.0079,good dynamic range,out of focus,0.2098,0.2182,0.206,0.2105,0.2083,0.2121,0.2461,0.2066,0.2132,0.1943,0.214,0.206,0.2035,0.2382,v0,clip_vit_b32_image
23597,/mnt/d/Photos/Z6ii/28-400mm/2025/2025-08-31/DSC_5002.NEF,,3,Green,reject,neutral,0.6212,0.736,0.8353,0.3218,0.6202,0.5982,0.7581,0.0049,0.0103,0.0162,-0.0075,0.0049,0.004,0.0114,well focused,noisy,0.208,0.2152,0.2057,0.2014,0.2116,0.2037,0.2423,0.2031,0.205,0.1895,0.2088,0.2067,0.1997,0.2309,v0,clip_vit_b32_image
23599,/mnt/d/Photos/Z6ii/28-400mm/2025/2025-08-31/DSC_5005.NEF,,3,Green,pick,neutral,0.4548,0.5746,0.6291,0.1675,0.5327,0.6021,0.667,-0.0018,0.003,0.0053,-0.016,0.0013,0.0041,0.0069,good dynamic range,out of focus,0.2177,0.2264,0.2156,0.2149,0.2198,0.2185,0.2527,0.2195,0.2234,0.2103,0.231,0.2185,0.2143,0.2457,v0,clip_vit_b32_image
23595,/mnt/d/Photos/Z6ii/28-400mm/2025/2025-08-31/DSC_4995.NEF,17523,4,Green,pick,picked,0.5356,0.5967,0.7957,0.3954,0.6169,0.6291,0.6776,0.0014,0.0039,0.0136,-0.0042,0.0048,0.0053,0.0074,good dynamic range,out of focus,0.2108,0.2175,0.2076,0.21,0.2149,0.2124,0.2457,0.2094,0.2136,0.194,0.2142,0.2101,0.2071,0.2383,v0,clip_vit_b32_image
23587,/mnt/d/Photos/Z6ii/28-400mm/2025/2025-08-31/DSC_4964.NEF,17519,3,Green,pick,neutral,0.5152,0.6018,0.6486,0.2062,0.5722,0.6517,0.7057,0.0006,0.0041,0.0061,-0.0135,0.0029,0.0063,0.0087,good dynamic range,noisy,0.2191,0.2289,0.2158,0.2186,0.2198,0.2199,0.2563,0.2185,0.2248,0.2097,0.2321,0.2169,0.2136,0.2475,v0,clip_vit_b32_image
23585,/mnt/d/Photos/Z6ii/28-400mm/2025/2025-08-31/DSC_4959.NEF,17517,3,Green,pick,neutral,0.6326,0.6667,0.7977,0.449,0.622,0.7195,0.7616,0.0054,0.0069,0.0137,-0.002,0.005,0.0094,0.0116,good dynamic range,noisy,0.2135,0.2207,0.21,0.2132,0.2148,0.2128,0.2465,0.208,0.2138,0.1963,0.2152,0.2098,0.2034,0.2349,v0,clip_vit_b32_image
23582,/mnt/d/Photos/Z6ii/28-400mm/2025/2025-08-31/DSC_4954.NEF,,2,Yellow,reject,rejected,0.5159,0.6886,0.7223,0.2535,0.5368,0.6016,0.6676,0.0006,0.0079,0.0096,-0.0108,0.0015,0.0041,0.007,good dynamic range,noisy,0.2135,0.2238,0.2113,0.2119,0.2162,0.2147,0.2538,0.2129,0.2158,0.2017,0.2227,0.2148,0.2106,0.2468,v0,clip_vit_b32_image
23579,/mnt/d/Photos/Z6ii/28-400mm/2025/2025-08-31/DSC_4950.NEF,,3,Green,neutral,neutral,0.4652,0.6429,0.6775,0.3095,0.5775,0.5486,0.6578,-0.0014,0.0059,0.0074,-0.008,0.0031,0.002,0.0065,well focused,out of focus,0.2102,0.2182,0.2065,0.2078,0.2151,0.2099,0.2529,0.2116,0.2123,0.1991,0.2158,0.212,0.208,0.2464,v0,clip_vit_b32_image
23577,/mnt/d/Photos/Z6ii/28-400mm/2025/2025-08-31/DSC_4948.NEF,,4,Green,pick,picked,0.4918,0.5489,0.7328,0.252,0.5697,0.5734,0.6063,-0.0003,0.002,0.0101,-0.0109,0.0028,0.003,0.0043,good dynamic range,technically flawed,0.208,0.2132,0.2068,0.2038,0.2104,0.2065,0.2425,0.2083,0.2113,0.1968,0.2147,0.2076,0.2036,0.2382,v0,clip_vit_b32_image
23616,/mnt/d/Photos/Z6ii/28-400mm/2025/2025-08-31/DSC_5033.NEF,17522,4,Green,pick,picked,0.5949,0.7103,0.8059,0.412,0.5985,0.6428,0.7221,0.0038,0.009,0.0142,-0.0036,0.004,0.0059,0.0095,well focused,noisy,0.2061,0.2145,0.2059,0.2059,0.2088,0.2082,0.2451,0.2022,0.2056,0.1917,0.2095,0.2048,0.2023,0.2355,v0,clip_vit_b32_image
23608,/mnt/d/Photos/Z6ii/28-400mm/2025/2025-08-31/DSC_5016.NEF,17535,3,Green,reject,neutral,0.5642,0.6762,0.8218,0.4559,0.5759,0.6396,0.6886,0.0026,0.0074,0.0153,-0.0018,0.0031,0.0057,0.0079,good dynamic range,out of focus,0.2131,0.225,0.2137,0.2149,0.2143,0.2141,0.2534,0.2105,0.2177,0.1984,0.2167,0.2112,0.2084,0.2455,v0,clip_vit_b32_image
23576,/mnt/d/Photos/Z6ii/28-400mm/2025/2025-08-31/DSC_4946.NEF,17525,3,Green,pick,neutral,0.5308,0.5771,0.7628,0.3012,0.6415,0.6691,0.7346,0.0012,0.0031,0.0117,-0.0084,0.0058,0.007,0.0102,good dynamic range,noisy,0.2122,0.2189,0.208,0.2098,0.2149,0.2109,0.2502,0.211,0.2158,0.1963,0.2182,0.2091,0.2039,0.24,v0,clip_vit_b32_image
23621,/mnt/d/Photos/Z6ii/28-400mm/2025/2025-08-31/DSC_5048.NEF,17527,3,Green,reject,neutral,0.586,0.714,0.7895,0.3585,0.5437,0.6769,0.719,0.0035,0.0092,0.0132,-0.0058,0.0018,0.0074,0.0094,good dynamic range,noisy,0.2111,0.223,0.209,0.2113,0.2094,0.2116,0.253,0.2076,0.2139,0.1958,0.2171,0.2077,0.2042,0.2436,v0,clip_vit_b32_image
23601,/mnt/d/Photos/Z6ii/28-400mm/2025/2025-08-31/DSC_5009.NEF,17528,3,Green,reject,neutral,0.6143,0.6843,0.7877,0.3609,0.5786,0.6998,0.7611,0.0047,0.0077,0.0131,-0.0057,0.0032,0.0085,0.0116,good dynamic range,noisy,0.2083,0.217,0.2052,0.2066,0.2092,0.21,0.249,0.2037,0.2093,0.1921,0.2123,0.206,0.2015,0.2374,v0,clip_vit_b32_image
23620,/mnt/d/Photos/Z6ii/28-400mm/2025/2025-08-31/DSC_5043.NEF,17528,3,Green,reject,neutral,0.5981,0.6767,0.8202,0.4359,0.5873,0.6843,0.7116,0.004,0.0074,0.0152,-0.0026,0.0035,0.0077,0.009,good dynamic range,out of focus,0.2139,0.2228,0.2128,0.2133,0.2157,0.2152,0.2532,0.2099,0.2154,0.1976,0.2158,0.2122,0.2074,0.2442,v0,clip_vit_b32_image
23584,/mnt/d/Photos/Z6ii/28-400mm/2025/2025-08-31/DSC_4957.NEF,17529,3,Green,pick,neutral,0.4385,0.5916,0.6737,0.176,0.4623,0.6869,0.5613,-0.0025,0.0037,0.0072,-0.0154,-0.0015,0.0079,0.0025,good dynamic range,out of focus,0.2158,0.2293,0.2154,0.2165,0.2163,0.2218,0.2584,0.2183,0.2256,0.2081,0.232,0.2178,0.214,0.2559,v0,clip_vit_b32_image
23574,/mnt/d/Photos/Z6ii/28-400mm/2025/2025-08-31/DSC_4944.NEF,17528,3,Green,reject,neutral,0.5443,0.6065,0.8051,0.3498,0.5634,0.6308,0.6164,0.0018,0.0043,0.0142,-0.0062,0.0025,0.0054,0.0047,well focused,out of focus,0.2154,0.2254,0.2143,0.2144,0.2183,0.2154,0.2549,0.2137,0.2211,0.2001,0.2206,0.2158,0.2101,0.2501,v0,clip_vit_b32_image
23580,/mnt/d/Photos/Z6ii/28-400mm/2025/2025-08-31/DSC_4952.NEF,17529,3,Yellow,pick,neutral,0.5151,0.6607,0.7387,0.3063,0.5536,0.5137,0.6322,0.0006,0.0067,0.0104,-0.0082,0.0022,0.0005,0.0054,good dynamic range,noisy,0.2159,0.2249,0.2126,0.2153,0.2207,0.2157,0.2539,0.2153,0.2182,0.2022,0.2234,0.2186,0.2152,0.2485,v0,clip_vit_b32_image
23588,/mnt/d/Photos/Z6ii/28-400mm/2025/2025-08-31/DSC_4969.NEF,17530,3,Green,pick,neutral,0.5626,0.4586,0.7632,0.2977,0.6452,0.6345,0.7217,0.0025,-0.0017,0.0117,-0.0086,0.006,0.0055,0.0095,good dynamic range,noisy,0.2144,0.2171,0.211,0.2108,0.2157,0.2122,0.2444,0.2119,0.2188,0.1993,0.2194,0.2097,0.2067,0.2349,v0,clip_vit_b32_image
23589,/mnt/d/Photos/Z6ii/28-400mm/2025/2025-08-31/DSC_4970.NEF,17530,3,Green,pick,neutral,0.4602,0.4633,0.7626,0.2611,0.5694,0.4864,0.5627,-0.0016,-0.0015,0.0117,-0.0104,0.0028,-0.0005,0.0025,well focused,out of focus,0.2083,0.2117,0.2064,0.2049,0.2126,0.2069,0.239,0.2098,0.2132,0.1947,0.2153,0.2098,0.2075,0.2365,v0,clip_vit_b32_image
23592,/mnt/d/Photos/Z6ii/28-400mm/2025/2025-08-31/DSC_4982.NEF,17532,3,Green,pick,neutral,0.4531,0.6357,0.6901,0.1973,0.4883,0.6088,0.5716,-0.0019,0.0056,0.008,-0.014,-0.0005,0.0044,0.0029,good dynamic range,out of focus,0.2182,0.2276,0.2164,0.2175,0.2195,0.2207,0.2561,0.2201,0.2221,0.2084,0.2316,0.2199,0.2163,0.2532,v0,clip_vit_b32_image
23594,/mnt/d/Photos/Z6ii/28-400mm/2025/2025-08-31/DSC_4992.NEF,17532,3,Yellow,pick,neutral,0.4228,0.5213,0.6492,0.1896,0.4519,0.6173,0.4902,-0.0031,0.0009,0.0062,-0.0145,-0.0019,0.0048,-0.0004,good dynamic range,out of focus,0.2192,0.2264,0.218,0.2195,0.2193,0.222,0.2525,0.2224,0.2256,0.2118,0.234,0.2213,0.2172,0.2529,v0,clip_vit_b32_image
23593,/mnt/d/Photos/Z6ii/28-400mm/2025/2025-08-31/DSC_4991.NEF,17532,3,Yellow,pick,neutral,0.4461,0.7076,0.6579,0.2047,0.5061,0.6167,0.6309,-0.0022,0.0088,0.0065,-0.0136,0.0002,0.0048,0.0054,good dynamic range,noisy,0.2139,0.2253,0.2098,0.2153,0.2158,0.2178,0.2537,0.2161,0.2164,0.2033,0.2289,0.2155,0.213,0.2483,v0,clip_vit_b32_image
23604,/mnt/d/Photos/Z6ii/28-400mm/2025/2025-08-31/DSC_5012.NEF,17533,3,Green,pick,neutral,0.6517,0.695,0.7938,0.4313,0.6474,0.7153,0.7841,0.0063,0.0082,0.0135,-0.0028,0.0061,0.0092,0.0129,good dynamic range,noisy,0.2113,0.2191,0.2045,0.2095,0.2141,0.2116,0.2511,0.205,0.2108,0.191,0.2123,0.208,0.2024,0.2382,v0,clip_vit_b32_image
23606,/mnt/d/Photos/Z6ii/28-400mm/2025/2025-08-31/DSC_5014.NEF,17534,3,Green,neutral,neutral,0.6521,0.7594,0.7815,0.4343,0.6251,0.7051,0.7823,0.0063,0.0115,0.0127,-0.0026,0.0051,0.0087,0.0128,good dynamic range,noisy,0.211,0.2217,0.2075,0.2103,0.2126,0.2128,0.2522,0.2047,0.2102,0.1947,0.2129,0.2075,0.2041,0.2394,v0,clip_vit_b32_image
23631,/mnt/d/Photos/Z6ii/28-400mm/2025/2025-08-31/DSC_5066.NEF,17535,4,Green,pick,picked,0.6146,0.6937,0.8283,0.4477,0.5853,0.7418,0.6888,0.0047,0.0082,0.0157,-0.0021,0.0034,0.0106,0.0079,good dynamic range,out of focus,0.2105,0.2212,0.2093,0.2129,0.2113,0.2145,0.2523,0.2058,0.2131,0.1935,0.215,0.2079,0.2039,0.2444,v0,clip_vit_b32_image
23625,/mnt/d/Photos/Z6ii/28-400mm/2025/2025-08-31/DSC_5058.NEF,17535,3,Green,reject,neutral,0.5773,0.6949,0.7938,0.38,0.5444,0.638,0.6769,0.0031,0.0082,0.0135,-0.0049,0.0018,0.0057,0.0074,good dynamic range,out of focus,0.2042,0.2145,0.2024,0.2037,0.2039,0.2049,0.2403,0.2011,0.2063,0.1889,0.2086,0.2021,0.1992,0.2329,v0,clip_vit_b32_image
23627,/mnt/d/Photos/Z6ii/28-400mm/2025/2025-08-31/DSC_5061.NEF,17535,3,Green,reject,neutral,0.6272,0.7328,0.838,0.4715,0.5556,0.7375,0.6907,0.0052,0.0101,0.0164,-0.0011,0.0022,0.0103,0.008,good dynamic range,out of focus,0.2117,0.2232,0.212,0.212,0.2124,0.215,0.2516,0.2065,0.2131,0.1955,0.2132,0.2102,0.2047,0.2435,v0,clip_vit_b32_image
23639,/mnt/d/Photos/Z6ii/28-400mm/2025/2025-08-31/DSC_5076.NEF,17535,3,Green,reject,neutral,0.59,0.7327,0.8764,0.3795,0.5205,0.6405,0.6578,0.0036,0.0101,0.0196,-0.0049,0.0008,0.0058,0.0065,well focused,out of focus,0.2034,0.215,0.2041,0.2041,0.2033,0.2047,0.2443,0.1998,0.205,0.1845,0.2091,0.2024,0.1989,0.2377,v0,clip_vit_b32_image
23636,/mnt/d/Photos/Z6ii/28-400mm/2025/2025-08-31/DSC_5071.NEF,17535,3,Green,reject,neutral,0.6199,0.7441,0.8639,0.4722,0.5563,0.7199,0.6958,0.0049,0.0107,0.0185,-0.0011,0.0023,0.0094,0.0083,good dynamic range,noisy,0.2144,0.2269,0.2169,0.218,0.216,0.2173,0.2553,0.2095,0.2163,0.1984,0.2191,0.2138,0.2078,0.247,v0,clip_vit_b32_image
23614,/mnt/d/Photos/Z6ii/28-400mm/2025/2025-08-31/DSC_5030.NEF,17536,3,Green,pick,neutral,0.5865,0.6257,0.7979,0.3714,0.598,0.7238,0.7609,0.0035,0.0051,0.0137,-0.0053,0.004,0.0096,0.0116,good dynamic range,noisy,0.2118,0.2182,0.21,0.2112,0.2132,0.2129,0.2454,0.2083,0.2131,0.1962,0.2165,0.2092,0.2033,0.2338,v0,clip_vit_b32_image
23633,/mnt/d/Photos/Z6ii/28-400mm/2025/2025-08-31/DSC_5068.NEF,17537,3,Green,pick,neutral,0.6253,0.7479,0.8395,0.4781,0.5673,0.6814,0.7074,0.0051,0.0109,0.0165,-0.0009,0.0027,0.0076,0.0088,good dynamic range,noisy,0.2087,0.2202,0.2073,0.2104,0.209,0.2099,0.2487,0.2036,0.2093,0.1908,0.2113,0.2063,0.2022,0.2399,v0,clip_vit_b32_image
23635,/mnt/d/Photos/Z6ii/28-400mm/2025/2025-08-31/DSC_5070.NEF,17535,3,Green,reject,neutral,0.5861,0.6907,0.8353,0.4088,0.5209,0.7014,0.6272,0.0035,0.008,0.0162,-0.0037,0.0008,0.0085,0.0052,natural colors,out of focus,0.2055,0.2177,0.208,0.208,0.2042,0.2086,0.2475,0.2021,0.2096,0.1917,0.2117,0.2034,0.2001,0.2423,v0,clip_vit_b32_image
23630,/mnt/d/Photos/Z6ii/28-400mm/2025/2025-08-31/DSC_5065.NEF,17537,3,Green,pick,neutral,0.5478,0.5969,0.8251,0.403,0.4725,0.671,0.5583,0.0019,0.0039,0.0155,-0.0039,-0.0011,0.0071,0.0023,good dynamic range,out of focus,0.2126,0.2247,0.2133,0.2143,0.2111,0.2154,0.2559,0.2106,0.2208,0.1978,0.2183,0.2122,0.2083,0.2535,v0,clip_vit_b32_image
23643,/mnt/d/Photos/Z6ii/28-400mm/2025/2025-08-31/DSC_5081.NEF,17539,2,Green,pick,rejected,0.4592,0.6798,0.8141,0.2826,0.2602,0.4894,0.4113,-0.0016,0.0075,0.0148,-0.0093,-0.0104,-0.0004,-0.0036,detailed,out of focus,0.2199,0.2361,0.2328,0.2199,0.2151,0.2181,0.2473,0.2215,0.2285,0.218,0.2292,0.2256,0.2185,0.2509,v0,clip_vit_b32_image
23645,/mnt/d/Photos/Z6ii/28-400mm/2025/2025-08-31/DSC_5083.NEF,17539,2,Green,pick,rejected,0.4459,0.6008,0.7198,0.4527,0.2429,0.4045,0.3385,-0.0022,0.0041,0.0094,-0.0019,-0.0114,-0.0039,-0.0067,detailed,out of focus,0.2245,0.2368,0.2314,0.2276,0.2187,0.2217,0.2426,0.2267,0.2327,0.2219,0.2295,0.2301,0.2256,0.2493,v0,clip_vit_b32_image
23646,/mnt/d/Photos/Z6ii/28-400mm/2025/2025-08-31/DSC_5084.NEF,17539,2,Yellow,pick,rejected,0.4891,0.661,0.6846,0.4852,0.3517,0.5121,0.4729,-0.0004,0.0067,0.0078,-0.0006,-0.0061,0.0005,-0.0011,detailed,out of focus,0.2209,0.2316,0.225,0.2216,0.2215,0.2204,0.2483,0.2214,0.2249,0.2172,0.2222,0.2276,0.2199,0.2494,v0,clip_vit_b32_image
23648,/mnt/d/Photos/Z6ii/28-400mm/2025/2025-08-31/DSC_5086.NEF,17539,2,Yellow,reject,rejected,0.4533,0.6831,0.7664,0.4232,0.282,0.4516,0.4013,-0.0019,0.0077,0.0119,-0.0031,-0.0093,-0.0019,-0.004,detailed,out of focus,0.2216,0.2383,0.2324,0.2259,0.2199,0.2199,0.2449,0.2235,0.2306,0.2205,0.229,0.2293,0.2219,0.2489,v0,clip_vit_b32_image
23644,/mnt/d/Photos/Z6ii/28-400mm/2025/2025-08-31/DSC_5082.NEF,17539,2,Yellow,neutral,rejected,0.4818,0.7107,0.8057,0.3422,0.2494,0.4793,0.4318,-0.0007,0.009,0.0142,-0.0065,-0.011,-0.0008,-0.0027,detailed,out of focus,0.2233,0.2407,0.2371,0.2257,0.2183,0.2217,0.2516,0.224,0.2317,0.2229,0.2322,0.2293,0.2225,0.2544,v0,clip_vit_b32_image
23653,/mnt/d/Photos/Z6ii/28-400mm/2025/2025-08-31/DSC_5091.NEF,17540,2,Green,reject,rejected,0.4259,0.6542,0.7367,0.2456,0.3532,0.4444,0.4741,-0.003,0.0064,0.0103,-0.0112,-0.006,-0.0022,-0.001,detailed,out of focus,0.2113,0.2271,0.216,0.2094,0.2084,0.2078,0.2433,0.2143,0.2207,0.2057,0.2206,0.2145,0.2101,0.2443,v0,clip_vit_b32_image
23649,/mnt/d/Photos/Z6ii/28-400mm/2025/2025-08-31/DSC_5087.NEF,17540,2,Green,reject,rejected,0.4181,0.6201,0.7519,0.2519,0.3529,0.4573,0.3706,-0.0033,0.0049,0.0111,-0.0109,-0.0061,-0.0017,-0.0053,detailed,out of focus,0.2086,0.2237,0.2145,0.2071,0.2049,0.2052,0.2377,0.212,0.2188,0.2034,0.218,0.2109,0.2069,0.243,v0,clip_vit_b32_image
23654,/mnt/d/Photos/Z6ii/28-400mm/2025/2025-08-31/DSC_5092.NEF,17541,2,Green,pick,rejected,0.4146,0.6834,0.726,0.1891,0.3378,0.415,0.5344,-0.0035,0.0077,0.0097,-0.0146,-0.0067,-0.0034,0.0014,detailed,out of focus,0.2038,0.218,0.2105,0.2002,0.2009,0.2007,0.2268,0.2073,0.2103,0.2008,0.2148,0.2077,0.2041,0.2254,v0,clip_vit_b32_image
23591,/mnt/d/Photos/Z6ii/28-400mm/2025/2025-08-31/DSC_4976.NEF,17531,3,Green,pick,neutral,0.4913,0.6916,0.7688,0.2951,0.4743,0.5759,0.5819,-0.0003,0.0081,0.012,-0.0087,-0.001,0.0031,0.0033,good dynamic range,out of focus,0.2081,0.2193,0.2088,0.2076,0.2096,0.2097,0.2489,0.2084,0.2112,0.1968,0.2163,0.2106,0.2067,0.2456,v0,clip_vit_b32_image
23596,/mnt/d/Photos/Z6ii/28-400mm/2025/2025-08-31/DSC_4998.NEF,17517,3,Green,pick,neutral,0.5632,0.6079,0.8,0.3653,0.6034,0.6518,0.6932,0.0025,0.0044,0.0139,-0.0055,0.0042,0.0063,0.0082,good dynamic range,noisy,0.2081,0.2157,0.205,0.2079,0.2106,0.2089,0.2449,0.2056,0.2113,0.1911,0.2134,0.2064,0.2026,0.2368,v0,clip_vit_b32_image
23623,/mnt/d/Photos/Z6ii/28-400mm/2025/2025-08-31/DSC_5055.NEF,17522,3,Green,reject,neutral,0.572,0.7169,0.7979,0.3075,0.5466,0.6478,0.6881,0.0029,0.0093,0.0137,-0.0081,0.0019,0.0061,0.0079,good dynamic range,noisy,0.2103,0.2205,0.2091,0.2083,0.2112,0.2109,0.25,0.2074,0.2112,0.1954,0.2164,0.2093,0.2048,0.2421,v0,clip_vit_b32_image
23575,/mnt/d/Photos/Z6ii/28-400mm/2025/2025-08-31/DSC_4945.NEF,,3,Green,neutral,neutral,0.5577,0.6362,0.788,0.2489,0.5893,0.6501,0.7187,0.0023,0.0056,0.0131,-0.011,0.0036,0.0062,0.0094,good dynamic range,noisy,0.2089,0.2175,0.2095,0.206,0.2115,0.2099,0.2458,0.2066,0.2119,0.1964,0.217,0.2078,0.2037,0.2364,v0,clip_vit_b32_image
23581,/mnt/d/Photos/Z6ii/28-400mm/2025/2025-08-31/DSC_4953.NEF,17512,3,Green,reject,neutral,0.4403,0.6056,0.6478,0.1983,0.4877,0.5573,0.5389,-0.0024,0.0043,0.0061,-0.014,-0.0005,0.0023,0.0016,good dynamic range,out of focus,0.2189,0.2283,0.2155,0.2187,0.2224,0.2205,0.2573,0.2213,0.224,0.2094,0.2326,0.2229,0.2182,0.2558,v0,clip_vit_b32_image
23598,/mnt/d/Photos/Z6ii/28-400mm/2025/2025-08-31/DSC_5004.NEF,17516,3,Green,pick,neutral,0.4918,0.6175,0.6534,0.1768,0.5292,0.6476,0.6552,-0.0003,0.0048,0.0063,-0.0154,0.0012,0.0061,0.0064,good dynamic range,out of focus,0.2192,0.2287,0.2192,0.219,0.2202,0.2227,0.2548,0.2195,0.2239,0.2129,0.2344,0.219,0.2166,0.2484,v0,clip_vit_b32_image
23618,/mnt/d/Photos/Z6ii/28-400mm/2025/2025-08-31/DSC_5036.NEF,17522,3,Green,reject,neutral,0.6492,0.7578,0.8461,0.5085,0.6099,0.6667,0.7461,0.0062,0.0114,0.017,0.0003,0.0045,0.0069,0.0108,good dynamic range,noisy,0.2148,0.2236,0.2135,0.2151,0.2166,0.2155,0.2532,0.2086,0.2122,0.1965,0.2148,0.2121,0.2086,0.2425,v0,clip_vit_b32_image
23611,/mnt/d/Photos/Z6ii/28-400mm/2025/2025-08-31/DSC_5021.NEF,17522,3,Green,reject,neutral,0.619,0.7023,0.8399,0.4734,0.6369,0.7136,0.6857,0.0049,0.0086,0.0166,-0.0011,0.0056,0.0091,0.0078,well focused,noisy,0.2113,0.2206,0.211,0.211,0.2145,0.2137,0.2523,0.2065,0.212,0.1944,0.212,0.2089,0.2045,0.2445,v0,clip_vit_b32_image
23629,/mnt/d/Photos/Z6ii/28-400mm/2025/2025-08-31/DSC_5063.NEF,17522,3,Green,reject,neutral,0.5494,0.6369,0.826,0.4254,0.5527,0.6744,0.5694,0.002,0.0056,0.0156,-0.003,0.0021,0.0073,0.0028,good dynamic range,out of focus,0.2141,0.224,0.2116,0.2143,0.2165,0.2164,0.2551,0.2121,0.2184,0.196,0.2173,0.2144,0.2092,0.2523,v0,clip_vit_b32_image
23638,/mnt/d/Photos/Z6ii/28-400mm/2025/2025-08-31/DSC_5074.NEF,,3,Green,reject,neutral,0.6041,0.7284,0.8463,0.3574,0.5401,0.6818,0.6206,0.0042,0.0099,0.0171,-0.0059,0.0016,0.0076,0.0049,well focused,noisy,0.2067,0.2158,0.2058,0.2038,0.2094,0.2105,0.2461,0.2025,0.2059,0.1887,0.2097,0.2078,0.2029,0.2412,v0,clip_vit_b32_image
23578,/mnt/d/Photos/Z6ii/28-400mm/2025/2025-08-31/DSC_4949.NEF,,3,Green,reject,neutral,0.4107,0.3409,0.5325,0.2966,0.5091,0.4623,0.4552,-0.0036,-0.0066,0.0013,-0.0086,0.0004,-0.0015,-0.0018,good dynamic range,technically flawed,0.2113,0.2082,0.2032,0.2041,0.2136,0.2071,0.2349,0.2149,0.2148,0.2019,0.2128,0.2132,0.2087,0.2367,v0,clip_vit_b32_image
23651,/mnt/d/Photos/Z6ii/28-400mm/2025/2025-08-31/DSC_5089.NEF,17540,2,Green,reject,rejected,0.3687,0.5847,0.7436,0.1728,0.3636,0.4332,0.3698,-0.0054,0.0034,0.0106,-0.0157,-0.0056,-0.0027,-0.0053,detailed,out of focus,0.2076,0.2227,0.2144,0.2037,0.206,0.204,0.2364,0.213,0.2192,0.2038,0.2194,0.2116,0.2066,0.2417,v0,clip_vit_b32_image
23641,/mnt/d/Photos/Z6ii/28-400mm/2025/2025-08-31/DSC_5079.NEF,17538,2,Green,neutral,rejected,0.4522,0.6133,0.7353,0.3107,0.262,0.4686,0.2763,-0.0019,0.0046,0.0102,-0.008,-0.0104,-0.0013,-0.0096,detailed,out of focus,0.2229,0.2349,0.2316,0.2224,0.218,0.2215,0.2458,0.2249,0.2303,0.2214,0.2303,0.2284,0.2227,0.2554,v0,clip_vit_b32_image
23613,/mnt/d/Photos/Z6ii/28-400mm/2025/2025-08-31/DSC_5026.NEF,17536,3,Green,pick,neutral,0.5585,0.6228,0.7642,0.3067,0.5109,0.6872,0.6494,0.0024,0.005,0.0118,-0.0082,0.0004,0.0079,0.0062,good dynamic range,out of focus,0.2103,0.22,0.2083,0.2098,0.2081,0.2119,0.2476,0.2079,0.215,0.1966,0.2179,0.2077,0.2041,0.2415,v0,clip_vit_b32_image
23610,/mnt/d/Photos/Z6ii/28-400mm/2025/2025-08-31/DSC_5020.NEF,17535,3,Green,reject,neutral,0.6557,0.8012,0.8487,0.5416,0.5977,0.6911,0.6651,0.0064,0.0139,0.0172,0.0017,0.004,0.0081,0.0069,good dynamic range,noisy,0.2169,0.2288,0.2145,0.2189,0.2191,0.2198,0.2555,0.2105,0.2149,0.1973,0.2173,0.2151,0.2118,0.2486,v0,clip_vit_b32_image
23634,/mnt/d/Photos/Z6ii/28-400mm/2025/2025-08-31/DSC_5069.NEF,17535,3,Green,reject,neutral,0.6081,0.759,0.8264,0.4346,0.5467,0.7112,0.6704,0.0044,0.0115,0.0156,-0.0026,0.0019,0.009,0.0071,good dynamic range,noisy,0.208,0.2208,0.2081,0.2102,0.2066,0.2099,0.249,0.2036,0.2093,0.1925,0.2128,0.2047,0.2009,0.2419,v0,clip_vit_b32_image
23626,/mnt/d/Photos/Z6ii/28-400mm/2025/2025-08-31/DSC_5059.NEF,17535,4,Green,pick,picked,0.6062,0.6839,0.8645,0.506,0.6048,0.712,0.6786,0.0043,0.0077,0.0185,0.0002,0.0043,0.0091,0.0075,well focused,out of focus,0.215,0.2254,0.2167,0.2169,0.2174,0.217,0.2514,0.2107,0.2177,0.1982,0.2167,0.2132,0.2079,0.2439,v0,clip_vit_b32_image
23590,/mnt/d/Photos/Z6ii/28-400mm/2025/2025-08-31/DSC_4972.NEF,17531,3,Green,pick,neutral,0.4996,0.5896,0.7768,0.2662,0.4982,0.583,0.5975,-0.0,0.0036,0.0125,-0.0101,-0.0001,0.0034,0.004,good dynamic range,out of focus,0.2023,0.2089,0.2033,0.1995,0.2028,0.2029,0.2378,0.2023,0.2052,0.1908,0.2097,0.2028,0.1995,0.2338,v0,clip_vit_b32_image
23655,/mnt/d/Photos/Z6ii/28-400mm/2025/2025-08-31/DSC_5093.NEF,,2,Green,reject,rejected,0.4007,0.6385,0.761,0.203,0.3729,0.4805,0.5601,-0.004,0.0057,0.0116,-0.0137,-0.0052,-0.0008,0.0024,detailed,out of focus,0.2039,0.2201,0.2102,0.2006,0.2023,0.2017,0.2129,0.2079,0.2145,0.1987,0.2142,0.2075,0.2025,0.2104,v0,clip_vit_b32_image
23658,/mnt/d/Photos/Z6ii/28-400mm/2025/2025-08-31/DSC_5096.NEF,17540,2,Green,pick,rejected,0.4812,0.7504,0.7912,0.3015,0.3654,0.5128,0.5386,-0.0008,0.011,0.0133,-0.0084,-0.0055,0.0005,0.0015,detailed,out of focus,0.2103,0.2303,0.216,0.2098,0.2061,0.2089,0.2204,0.211,0.2193,0.2027,0.2182,0.2116,0.2083,0.2188,v0,clip_vit_b32_image
23656,/mnt/d/Photos/Z6ii/28-400mm/2025/2025-08-31/DSC_5094.NEF,17541,2,Green,pick,rejected,0.393,0.5692,0.7596,0.2618,0.3428,0.4879,0.3675,-0.0043,0.0028,0.0115,-0.0104,-0.0065,-0.0005,-0.0054,detailed,out of focus,0.2114,0.2274,0.2172,0.2095,0.208,0.2084,0.2393,0.2158,0.2246,0.2057,0.2198,0.2145,0.2089,0.2447,v0,clip_vit_b32_image
23657,/mnt/d/Photos/Z6ii/28-400mm/2025/2025-08-31/DSC_5095.NEF,,2,Green,reject,rejected,0.4597,0.7135,0.8061,0.2628,0.3852,0.4717,0.5119,-0.0016,0.0091,0.0142,-0.0103,-0.0047,-0.0011,0.0005,detailed,out of focus,0.2074,0.225,0.2155,0.2045,0.2047,0.2036,0.2186,0.209,0.2159,0.2013,0.2148,0.2094,0.2048,0.2181,v0,clip_vit_b32_image
23660,/mnt/d/Photos/Z6ii/28-400mm/2025/2025-08-31/DSC_5098.NEF,17542,3,Green,pick,neutral,0.6107,0.7601,0.648,0.747,0.6119,0.5378,0.4393,0.0045,0.0115,0.0061,0.0108,0.0046,0.0015,-0.0024,sharp,out of focus,0.2305,0.2458,0.2233,0.2327,0.2335,0.2268,0.2373,0.226,0.2343,0.2172,0.2219,0.229,0.2253,0.2398,v0,clip_vit_b32_image
23662,/mnt/d/Photos/Z6ii/28-400mm/2025/2025-08-31/DSC_5100.NEF,,3,Green,pick,neutral,0.5411,0.7264,0.6545,0.7277,0.5915,0.4767,0.4815,0.0016,0.0098,0.0064,0.0098,0.0037,-0.0009,-0.0007,detailed,out of focus,0.2324,0.2466,0.2264,0.2356,0.2354,0.227,0.2419,0.2308,0.2368,0.22,0.2257,0.2317,0.228,0.2426,v0,clip_vit_b32_image
23664,/mnt/d/Photos/Z6ii/28-400mm/2025/2025-08-31/DSC_5106.NEF,,2,Green,reject,rejected,0.5584,0.8122,0.8628,0.245,0.315,0.6079,0.2577,0.0023,0.0146,0.0184,-0.0113,-0.0078,0.0044,-0.0106,crisp details,out of focus,0.2187,0.2396,0.2296,0.216,0.2124,0.219,0.244,0.2164,0.225,0.2112,0.2273,0.2202,0.2146,0.2545,v0,clip_vit_b32_image
23663,/mnt/d/Photos/Z6ii/28-400mm/2025/2025-08-31/DSC_5102.NEF,,3,Green,pick,neutral,0.6523,0.8083,0.7214,0.8061,0.6602,0.6225,0.5901,0.0063,0.0144,0.0095,0.0142,0.0066,0.005,0.0036,a keeper photo,out of focus,0.2267,0.2427,0.2181,0.2276,0.2343,0.2227,0.2377,0.2204,0.2283,0.2086,0.2134,0.2277,0.2177,0.234,v0,clip_vit_b32_image
23661,/mnt/d/Photos/Z6ii/28-400mm/2025/2025-08-31/DSC_5099.NEF,,4,Green,pick,picked,0.5962,0.8204,0.5993,0.651,0.6695,0.5701,0.5945,0.0039,0.0152,0.004,0.0062,0.0071,0.0028,0.0038,a keeper photo,out of focus,0.228,0.2406,0.22,0.2247,0.2361,0.223,0.2279,0.2241,0.2254,0.216,0.2185,0.2291,0.2202,0.2241,v0,clip_vit_b32_image
23659,/mnt/d/Photos/Z6ii/28-400mm/2025/2025-08-31/DSC_5097.NEF,17542,3,Green,pick,neutral,0.6015,0.726,0.7316,0.8334,0.5989,0.5697,0.3989,0.0041,0.0097,0.01,0.0161,0.004,0.0028,-0.0041,a photo with strong subject separation,out of focus,0.2309,0.2456,0.2269,0.2353,0.2353,0.2294,0.241,0.2268,0.2359,0.2168,0.2192,0.2313,0.2266,0.2451,v0,clip_vit_b32_image
6902,/mnt/d/Photos/Z6ii/28-400mm/2025/2025-08-23/DSC_4261.NEF,218,3,Green,neutral,neutral,0.4381,0.4865,0.6835,0.2529,0.237,0.6038,0.1815,-0.0025,-0.0005,0.0077,-0.0108,-0.0117,0.0042,-0.0151,good dynamic range,out of focus,0.2203,0.2269,0.2228,0.2205,0.2133,0.225,0.2521,0.2228,0.2274,0.2151,0.2313,0.225,0.2207,0.2671,v0,clip_vit_b32_image
6663,/mnt/d/Photos/Z6ii/28-400mm/2025/2025-08-23/DSC_3942.NEF,365,3,Green,pick,neutral,0.4601,0.6341,0.7001,0.3264,0.3721,0.5443,0.4861,-0.0016,0.0055,0.0085,-0.0072,-0.0052,0.0018,-0.0006,good dynamic range,technically flawed,0.2067,0.2115,0.213,0.2059,0.2046,0.2132,0.229,0.2083,0.206,0.2045,0.2131,0.2098,0.2114,0.2296,v0,clip_vit_b32_image
6824,/mnt/d/Photos/Z6ii/28-400mm/2025/2025-08-23/DSC_4150.NEF,,2,Yellow,neutral,rejected,0.4282,0.4301,0.6708,0.3151,0.2862,0.6048,0.3834,-0.0029,-0.0028,0.0071,-0.0078,-0.0091,0.0043,-0.0048,good dynamic range,misfocused,0.2168,0.2162,0.2244,0.2116,0.2117,0.2213,0.2387,0.2197,0.219,0.2173,0.2193,0.2208,0.217,0.2434,v0,clip_vit_b32_image
6794,/mnt/d/Photos/Z6ii/28-400mm/2025/2025-08-23/DSC_4118.NEF,17441,2,Yellow,pick,rejected,0.4989,0.5699,0.8467,0.2117,0.2743,0.4938,0.501,-0.0,0.0028,0.0171,-0.0131,-0.0097,-0.0002,0.0,detailed,noisy,0.1941,0.1956,0.2018,0.1874,0.1874,0.1965,0.2062,0.1941,0.1928,0.1847,0.2005,0.1971,0.1967,0.2062,v0,clip_vit_b32_image
6890,/mnt/d/Photos/Z6ii/28-400mm/2025/2025-08-23/DSC_4244.NEF,17453,2,Yellow,pick,rejected,0.3857,0.6076,0.6912,0.1784,0.3687,0.5069,0.4335,-0.0047,0.0044,0.0081,-0.0153,-0.0054,0.0003,-0.0027,good dynamic range,noisy,0.1939,0.2017,0.1978,0.1955,0.1949,0.1993,0.2311,0.1985,0.1973,0.1898,0.2107,0.2003,0.199,0.2338,v0,clip_vit_b32_image
6866,/mnt/d/Photos/Z6ii/28-400mm/2025/2025-08-23/DSC_4208.NEF,,3,Green,neutral,neutral,0.5431,0.6987,0.7245,0.5657,0.3585,0.5661,0.524,0.0017,0.0084,0.0097,0.0026,-0.0058,0.0027,0.001,detailed,out of focus,0.222,0.2285,0.2236,0.2223,0.2174,0.2214,0.252,0.2203,0.2201,0.2139,0.2196,0.2232,0.2187,0.251,v0,clip_vit_b32_image
6770,/mnt/d/Photos/Z6ii/28-400mm/2025/2025-08-23/DSC_4088.NEF,17438,2,Yellow,neutral,rejected,0.462,0.3478,0.8506,0.421,0.3842,0.5601,0.2561,-0.0015,-0.0063,0.0174,-0.0032,-0.0047,0.0024,-0.0107,well focused,out of focus,0.2144,0.2175,0.2185,0.2126,0.2144,0.2149,0.2323,0.2159,0.2237,0.2011,0.2158,0.2191,0.2125,0.243,v0,clip_vit_b32_image
6698,/mnt/d/Photos/Z6ii/28-400mm/2025/2025-08-23/DSC_4003.NEF,17430,2,Yellow,pick,rejected,0.362,0.3746,0.7229,0.2109,0.3578,0.5135,0.3961,-0.0057,-0.0051,0.0096,-0.0132,-0.0058,0.0005,-0.0042,good dynamic range,misfocused,0.2156,0.2155,0.22,0.2063,0.2141,0.2148,0.2257,0.2213,0.2207,0.2104,0.2195,0.2199,0.2143,0.2299,v0,clip_vit_b32_image
6873,/mnt/d/Photos/Z6ii/28-400mm/2025/2025-08-23/DSC_4218.NEF,,3,Yellow,neutral,neutral,0.3806,0.2963,0.6402,0.3119,0.1648,0.5562,0.2022,-0.0049,-0.0087,0.0058,-0.0079,-0.0162,0.0023,-0.0137,good dynamic range,misfocused,0.2201,0.2194,0.2255,0.2198,0.2095,0.2249,0.2259,0.2249,0.228,0.2197,0.2277,0.2258,0.2226,0.2396,v0,clip_vit_b32_image
6821,/mnt/d/Photos/Z6ii/28-400mm/2025/2025-08-23/DSC_4147.NEF,,2,Yellow,neutral,rejected,0.5899,0.6681,0.7865,0.4588,0.4125,0.6595,0.6134,0.0036,0.007,0.013,-0.0017,-0.0035,0.0066,0.0046,good dynamic range,technically flawed,0.2195,0.2217,0.2259,0.2182,0.2146,0.227,0.2404,0.2158,0.2147,0.2128,0.2199,0.2181,0.2204,0.2358,v0,clip_vit_b32_image
6797,/mnt/d/Photos/Z6ii/28-400mm/2025/2025-08-23/DSC_4121.NEF,282,3,Green,pick,neutral,0.4497,0.5702,0.7586,0.1733,0.2471,0.496,0.4177,-0.002,0.0028,0.0115,-0.0156,-0.0111,-0.0002,-0.0033,good dynamic range,noisy,0.1995,0.2004,0.2095,0.1939,0.193,0.2041,0.2187,0.2015,0.1976,0.1981,0.2095,0.2041,0.2043,0.222,v0,clip_vit_b32_image
6743,/mnt/d/Photos/Z6ii/28-400mm/2025/2025-08-23/DSC_4055.NEF,,3,Green,neutral,neutral,0.5747,0.7932,0.8622,0.3457,0.454,0.7309,0.4433,0.003,0.0134,0.0183,-0.0064,-0.0018,0.01,-0.0023,well focused,out of focus,0.2127,0.2304,0.2189,0.2132,0.2134,0.2208,0.2324,0.2097,0.217,0.2006,0.2195,0.2152,0.2108,0.2347,v0,clip_vit_b32_image
6713,/mnt/d/Photos/Z6ii/28-400mm/2025/2025-08-23/DSC_4020.NEF,,3,Green,neutral,neutral,0.3704,0.4396,0.6802,0.2166,0.3567,0.6557,0.5434,-0.0053,-0.0024,0.0075,-0.0129,-0.0059,0.0064,0.0017,good dynamic range,out of focus,0.2103,0.2119,0.2137,0.2054,0.2032,0.2135,0.223,0.2156,0.2143,0.2061,0.2182,0.2091,0.207,0.2213,v0,clip_vit_b32_image
6906,/mnt/d/Photos/Z6ii/28-400mm/2025/2025-08-23/DSC_4265.NEF,218,3,Green,neutral,neutral,0.3697,0.4074,0.6009,0.2637,0.2999,0.67,0.1692,-0.0053,-0.0037,0.0041,-0.0103,-0.0085,0.0071,-0.0159,well focused,out of focus,0.2151,0.2225,0.2116,0.2168,0.2136,0.2219,0.2599,0.2205,0.2262,0.2075,0.2271,0.222,0.2148,0.2758,v0,clip_vit_b32_image
6668,/mnt/d/Photos/Z6ii/28-400mm/2025/2025-08-23/DSC_3948.NEF,,3,Green,neutral,neutral,0.5131,0.7125,0.8133,0.4458,0.4396,0.7572,0.494,0.0005,0.0091,0.0147,-0.0022,-0.0024,0.0114,-0.0002,good dynamic range,out of focus,0.2168,0.2285,0.2233,0.2199,0.2153,0.2247,0.2576,0.2163,0.2194,0.2086,0.2221,0.2177,0.2133,0.2578,v0,clip_vit_b32_image
6595,/mnt/d/Photos/Z6ii/28-400mm/2025/2025-08-31/DSC_4499.NEF,17478,3,Green,pick,neutral,0.566,0.5673,0.735,0.4372,0.3993,0.6008,0.4282,0.0027,0.0027,0.0102,-0.0025,-0.0041,0.0041,-0.0029,good dynamic range,misfocused,0.2229,0.2259,0.2211,0.2195,0.2193,0.2242,0.2431,0.2202,0.2232,0.2109,0.222,0.2233,0.2201,0.246,v0,clip_vit_b32_image
23452,/mnt/d/Photos/Z6ii/28-400mm/2025/2025-08-31/DSC_4683.NEF,,3,Green,reject,neutral,0.5224,0.4939,0.7814,0.3835,0.5036,0.5051,0.5386,0.0009,-0.0002,0.0127,-0.0047,0.0001,0.0002,0.0015,good dynamic range,out of focus,0.2149,0.2192,0.2103,0.2135,0.2153,0.2123,0.2462,0.214,0.2195,0.1976,0.2183,0.2152,0.2121,0.2447,v0,clip_vit_b32_image
6515,/mnt/d/Photos/Z6ii/28-400mm/2025/2025-08-31/DSC_4374.NEF,,2,Yellow,neutral,rejected,0.424,0.4847,0.777,0.1805,0.3961,0.5751,0.2852,-0.0031,-0.0006,0.0125,-0.0151,-0.0042,0.003,-0.0092,natural colors,out of focus,0.2087,0.2144,0.214,0.205,0.2125,0.2121,0.2453,0.2117,0.215,0.2015,0.2202,0.2167,0.2091,0.2545,v0,clip_vit_b32_image
23503,/mnt/d/Photos/Z6ii/28-400mm/2025/2025-08-31/DSC_4795.NEF,,3,Green,reject,neutral,0.4422,0.4724,0.7679,0.2148,0.3859,0.5573,0.3328,-0.0023,-0.0011,0.012,-0.013,-0.0046,0.0023,-0.007,good dynamic range,out of focus,0.2094,0.2149,0.2095,0.206,0.2102,0.2098,0.2434,0.2117,0.216,0.1975,0.219,0.2149,0.2075,0.2504,v0,clip_vit_b32_image
23586,/mnt/d/Photos/Z6ii/28-400mm/2025/2025-08-31/DSC_4962.NEF,17519,3,Green,pick,neutral,0.5667,0.6805,0.759,0.253,0.5474,0.6773,0.7372,0.0027,0.0076,0.0115,-0.0108,0.0019,0.0074,0.0103,good dynamic range,noisy,0.2161,0.228,0.215,0.2162,0.2162,0.2173,0.2534,0.2134,0.2205,0.2035,0.227,0.2143,0.2099,0.2431,v0,clip_vit_b32_image
6471,/mnt/d/Photos/Z6ii/28-400mm/2025/2025-08-31/DSC_4311.NEF,,3,Green,neutral,neutral,0.5849,0.5653,0.6996,0.2221,0.6355,0.7736,0.676,0.0034,0.0026,0.0085,-0.0125,0.0056,0.0123,0.0074,good dynamic range,noisy,0.2249,0.2197,0.2219,0.22,0.2242,0.2272,0.2513,0.2215,0.2171,0.2134,0.2325,0.2187,0.2149,0.2439,v0,clip_vit_b32_image
23564,/mnt/d/Photos/Z6ii/28-400mm/2025/2025-08-31/DSC_4926.NEF,17526,3,Green,pick,neutral,0.6813,0.8655,0.8691,0.5315,0.505,0.5661,0.6858,0.0076,0.0186,0.0189,0.0013,0.0002,0.0027,0.0078,detailed,a photo with no clear subject,0.2133,0.224,0.2159,0.2128,0.2165,0.2115,0.253,0.2057,0.2054,0.197,0.2116,0.2163,0.2088,0.2452,v0,clip_vit_b32_image
23665,/mnt/d/Photos/Z6ii/28-400mm/2025/2025-08-31/DSC_5112.NEF,,3,Green,neutral,neutral,0.641,0.8635,0.901,0.4571,0.4463,0.7451,0.4869,0.0058,0.0184,0.0221,-0.0017,-0.0022,0.0107,-0.0005,detailed,out of focus,0.2189,0.2408,0.2227,0.218,0.2202,0.2239,0.2354,0.2131,0.2223,0.2006,0.2197,0.2224,0.2132,0.2359,v0,clip_vit_b32_image
5645,/mnt/d/Photos/Z8/180-600mm/2025/2025-10-05/DSC_1668.NEF,,3,Green,neutral,neutral,0.5566,0.6934,0.8295,0.4155,0.4549,0.3684,0.5863,0.0023,0.0082,0.0158,-0.0034,-0.0018,-0.0054,0.0035,detailed,noisy,0.2152,0.218,0.2183,0.2068,0.2201,0.209,0.2351,0.2129,0.2098,0.2025,0.2102,0.2219,0.2143,0.2316,v0,clip_vit_b32_image
5700,/mnt/d/Photos/Z8/180-600mm/2025/2025-10-05/DSC_1863.NEF,,3,Green,neutral,neutral,0.5543,0.6883,0.8763,0.3393,0.5381,0.5767,0.4958,0.0022,0.0079,0.0196,-0.0067,0.0015,0.0031,-0.0002,detailed,out of focus,0.2129,0.22,0.2192,0.2069,0.2153,0.2122,0.2406,0.2107,0.2121,0.1996,0.2136,0.2137,0.2091,0.2408,v0,clip_vit_b32_image
5515,/mnt/d/Photos/Z8/180-600mm/2025/2025-10-05/DSC_1277.NEF,13641,3,Green,neutral,neutral,0.4635,0.6893,0.6762,0.2487,0.3965,0.6794,0.2149,-0.0015,0.008,0.0074,-0.0111,-0.0042,0.0075,-0.013,natural colors,noisy,0.2187,0.2245,0.2192,0.2141,0.2183,0.2233,0.2571,0.2202,0.2165,0.2118,0.2252,0.2225,0.2158,0.27,v0,clip_vit_b32_image
5860,/mnt/d/Photos/Z8/180-600mm/2025/2025-10-05/DSC_2769.NEF,,3,Green,neutral,neutral,0.699,0.6135,0.7775,0.6715,0.6223,0.8382,0.7154,0.0084,0.0046,0.0125,0.0071,0.005,0.0165,0.0092,good dynamic range,out of focus,0.2201,0.2259,0.217,0.2194,0.2158,0.2247,0.2457,0.2117,0.2213,0.2045,0.2123,0.2108,0.2082,0.2365,v0,clip_vit_b32_image
5868,/mnt/d/Photos/Z8/180-600mm/2025/2025-10-05/DSC_2783.NEF,,3,Green,neutral,neutral,0.4902,0.2478,0.7447,0.53,0.5358,0.8504,0.2604,-0.0004,-0.0111,0.0107,0.0012,0.0014,0.0174,-0.0104,well focused,out of focus,0.2227,0.2307,0.2196,0.2223,0.2201,0.2305,0.2554,0.2231,0.2418,0.2088,0.2211,0.2186,0.2131,0.2658,v0,clip_vit_b32_image
5593,/mnt/d/Photos/Z8/180-600mm/2025/2025-10-05/DSC_1524.NEF,,4,Blue,neutral,picked,0.7256,0.8606,0.9079,0.3337,0.5708,0.8146,0.729,0.0097,0.0182,0.0229,-0.0069,0.0029,0.0148,0.0099,natural colors,noisy,0.2166,0.2325,0.2267,0.2109,0.2121,0.2206,0.2327,0.2069,0.2143,0.2039,0.2178,0.2092,0.2058,0.2228,v0,clip_vit_b32_image
5683,/mnt/d/Photos/Z8/180-600mm/2025/2025-10-05/DSC_1821.NEF,13671,2,Yellow,pick,rejected,0.5486,0.5434,0.7552,0.4171,0.323,0.6356,0.1439,0.002,0.0017,0.0113,-0.0033,-0.0074,0.0056,-0.0178,crisp details,out of focus,0.2183,0.224,0.2262,0.2122,0.2139,0.219,0.2477,0.2164,0.2223,0.2149,0.2156,0.2213,0.2135,0.2656,v0,clip_vit_b32_image
5727,/mnt/d/Photos/Z8/180-600mm/2025/2025-10-05/DSC_2215.NEF,,3,Green,neutral,neutral,0.6656,0.7557,0.839,0.3567,0.55,0.7761,0.5156,0.0069,0.0113,0.0165,-0.0059,0.002,0.0124,0.0006,natural colors,noisy,0.2118,0.2205,0.2166,0.206,0.2069,0.2129,0.2555,0.2049,0.2092,0.2001,0.2119,0.2049,0.2004,0.2549,v0,clip_vit_b32_image
5901,/mnt/d/Photos/Z8/180-600mm/2025/2025-10-05/DSC_2882.NEF,,3,Green,neutral,neutral,0.5906,0.5369,0.8479,0.4004,0.5236,0.7074,0.4834,0.0037,0.0015,0.0172,-0.004,0.0009,0.0088,-0.0007,good dynamic range,out of focus,0.2131,0.2194,0.2176,0.2093,0.2107,0.2173,0.235,0.2094,0.2179,0.2004,0.2134,0.2098,0.2084,0.2357,v0,clip_vit_b32_image
5570,/mnt/d/Photos/Z8/180-600mm/2025/2025-10-05/DSC_1421.NEF,13649,2,Green,pick,rejected,0.3797,0.4308,0.656,0.1548,0.2751,0.5406,0.1269,-0.0049,-0.0028,0.0065,-0.017,-0.0097,0.0016,-0.0193,detailed,overexposed,0.2085,0.209,0.2154,0.2032,0.2058,0.2091,0.2353,0.2134,0.2118,0.209,0.2201,0.2155,0.2075,0.2546,v0,clip_vit_b32_image
5654,/mnt/d/Photos/Z8/180-600mm/2025/2025-10-05/DSC_1719.NEF,869,2,Yellow,pick,rejected,0.4731,0.617,0.6636,0.2047,0.4219,0.5943,0.2073,-0.0011,0.0048,0.0068,-0.0136,-0.0031,0.0038,-0.0134,detailed,noisy,0.2109,0.216,0.2123,0.2057,0.2115,0.2116,0.252,0.212,0.2112,0.2055,0.2192,0.2146,0.2078,0.2654,v0,clip_vit_b32_image
5563,/mnt/d/Photos/Z8/180-600mm/2025/2025-10-05/DSC_1411.NEF,920,3,Green,neutral,neutral,0.3528,0.3011,0.634,0.2525,0.1987,0.3924,0.1125,-0.0061,-0.0084,0.0055,-0.0109,-0.0139,-0.0044,-0.0207,detailed,out of focus,0.2218,0.2205,0.2314,0.223,0.2168,0.2203,0.2397,0.2279,0.2289,0.2259,0.2338,0.2308,0.2246,0.2603,v0,clip_vit_b32_image
5757,/mnt/d/Photos/Z8/180-600mm/2025/2025-10-05/DSC_2316.NEF,,3,Yellow,neutral,neutral,0.4674,0.3905,0.8062,0.4011,0.5365,0.5795,0.4237,-0.0013,-0.0045,0.0143,-0.004,0.0015,0.0032,-0.0031,good dynamic range,out of focus,0.216,0.2213,0.2139,0.2115,0.2182,0.2152,0.2485,0.2173,0.2258,0.1997,0.2155,0.2168,0.212,0.2515,v0,clip_vit_b32_image
5787,/mnt/d/Photos/Z8/180-600mm/2025/2025-10-05/DSC_2456.NEF,790,3,Green,pick,neutral,0.588,0.4717,0.8086,0.4552,0.4249,0.6744,0.4502,0.0036,-0.0011,0.0144,-0.0018,-0.003,0.0073,-0.002,good dynamic range,out of focus,0.2051,0.2048,0.2086,0.2027,0.2032,0.2111,0.2197,0.2016,0.2059,0.1942,0.2045,0.2062,0.2038,0.2217,v0,clip_vit_b32_image
5895,/mnt/d/Photos/Z8/180-600mm/2025/2025-10-05/DSC_2856.NEF,700,2,Yellow,pick,rejected,0.4807,0.491,0.7815,0.3025,0.5391,0.5583,0.6069,-0.0008,-0.0004,0.0127,-0.0084,0.0016,0.0023,0.0043,good dynamic range,out of focus,0.209,0.2152,0.2109,0.2043,0.2102,0.2079,0.2318,0.2098,0.2155,0.1981,0.2126,0.2086,0.2056,0.2275,v0,clip_vit_b32_image
5666,/mnt/d/Photos/Z8/180-600mm/2025/2025-10-05/DSC_1769.NEF,13665,3,Green,pick,neutral,0.4294,0.4207,0.6001,0.3749,0.2623,0.4667,0.1399,-0.0028,-0.0032,0.0041,-0.0051,-0.0103,-0.0013,-0.0182,crisp details,out of focus,0.2183,0.2197,0.224,0.218,0.2089,0.2147,0.2412,0.2212,0.2229,0.2199,0.2231,0.2192,0.216,0.2594,v0,clip_vit_b32_image
5525,/mnt/d/Photos/Z8/180-600mm/2025/2025-10-05/DSC_1312.NEF,13643,3,Green,pick,neutral,0.5763,0.7286,0.8461,0.3616,0.5389,0.7717,0.5615,0.0031,0.0099,0.017,-0.0057,0.0016,0.0122,0.0025,good dynamic range,out of focus,0.2141,0.226,0.2169,0.2136,0.2135,0.2192,0.2593,0.2111,0.2161,0.1999,0.2193,0.2119,0.207,0.2569,v0,clip_vit_b32_image
5772,/mnt/d/Photos/Z8/180-600mm/2025/2025-10-05/DSC_2332.NEF,,3,Green,neutral,neutral,0.4721,0.5701,0.6651,0.3986,0.4553,0.7253,0.5005,-0.0011,0.0028,0.0069,-0.0041,-0.0018,0.0097,0.0,good dynamic range,out of focus,0.2172,0.2232,0.22,0.2175,0.2137,0.2196,0.2533,0.2183,0.2203,0.2132,0.2216,0.2155,0.2099,0.2533,v0,clip_vit_b32_image
5833,/mnt/d/Photos/Z8/180-600mm/2025/2025-10-05/DSC_2683.NEF,,3,Yellow,neutral,neutral,0.3372,0.2463,0.5554,0.7838,0.4828,0.618,0.4074,-0.0068,-0.0112,0.0022,0.0129,-0.0007,0.0048,-0.0037,good dynamic range,out of focus,0.2324,0.2345,0.2253,0.2422,0.2318,0.2339,0.2554,0.2391,0.2457,0.2231,0.2294,0.2325,0.2291,0.2591,v0,clip_vit_b32_image
5826,/mnt/d/Photos/Z8/180-600mm/2025/2025-10-05/DSC_2581.NEF,,3,Green,neutral,neutral,0.6236,0.6184,0.7799,0.6185,0.5946,0.8642,0.3624,0.0051,0.0048,0.0127,0.0048,0.0038,0.0185,-0.0057,natural colors,out of focus,0.2225,0.2357,0.2219,0.2238,0.2216,0.2321,0.2637,0.2175,0.2308,0.2093,0.2189,0.2177,0.2136,0.2693,v0,clip_vit_b32_image
5591,/mnt/d/Photos/Z8/180-600mm/2025/2025-10-05/DSC_1521.NEF,13653,4,Blue,pick,picked,0.7144,0.7845,0.9015,0.1965,0.4911,0.8863,0.7092,0.0092,0.0129,0.0221,-0.0141,-0.0004,0.0205,0.0089,natural colors,noisy,0.2147,0.2298,0.2247,0.2087,0.2064,0.227,0.224,0.2055,0.2169,0.2026,0.2228,0.2068,0.2064,0.215,v0,clip_vit_b32_image
5876,/mnt/d/Photos/Z8/180-600mm/2025/2025-10-05/DSC_2792.NEF,,3,Green,neutral,neutral,0.5341,0.4621,0.7086,0.4764,0.5595,0.8325,0.4973,0.0014,-0.0015,0.0089,-0.0009,0.0024,0.016,-0.0001,natural colors,out of focus,0.217,0.2255,0.2149,0.2176,0.215,0.2245,0.2569,0.2157,0.227,0.206,0.2185,0.2126,0.2085,0.257,v0,clip_vit_b32_image
23605,/mnt/d/Photos/Z6ii/28-400mm/2025/2025-08-31/DSC_5013.NEF,17533,3,Green,pick,neutral,0.6743,0.7324,0.8515,0.4395,0.5987,0.7015,0.7791,0.0073,0.0101,0.0175,-0.0024,0.004,0.0085,0.0126,good dynamic range,noisy,0.2164,0.2253,0.2139,0.2149,0.2183,0.2164,0.2542,0.2092,0.2152,0.1964,0.2173,0.2143,0.2079,0.2416,v0,clip_vit_b32_image
6567,/mnt/d/Photos/Z6ii/28-400mm/2025/2025-08-31/DSC_4451.NEF,,3,Green,neutral,neutral,0.4346,0.3571,0.5489,0.388,0.3992,0.4002,0.58,-0.0026,-0.0059,0.002,-0.0046,-0.0041,-0.004,0.0032,detailed,misfocused,0.2121,0.2109,0.208,0.2072,0.2146,0.2083,0.235,0.2147,0.2168,0.206,0.2118,0.2186,0.2124,0.2318,v0,clip_vit_b32_image
23568,/mnt/d/Photos/Z6ii/28-400mm/2025/2025-08-31/DSC_4936.NEF,17524,3,Green,pick,neutral,0.5324,0.5991,0.7538,0.3766,0.5635,0.6599,0.6391,0.0013,0.004,0.0112,-0.005,0.0026,0.0066,0.0057,good dynamic range,out of focus,0.2127,0.221,0.2088,0.212,0.2146,0.2142,0.2525,0.2115,0.217,0.1976,0.2171,0.2121,0.2075,0.2468,v0,clip_vit_b32_image
23603,/mnt/d/Photos/Z6ii/28-400mm/2025/2025-08-31/DSC_5011.NEF,17533,3,Green,pick,neutral,0.5644,0.5309,0.7186,0.417,0.6195,0.6889,0.7044,0.0026,0.0012,0.0094,-0.0034,0.0049,0.0079,0.0087,good dynamic range,out of focus,0.2175,0.2219,0.2111,0.216,0.22,0.2178,0.2533,0.2149,0.2207,0.2017,0.2194,0.2151,0.2099,0.2447,v0,clip_vit_b32_image
6600,/mnt/d/Photos/Z6ii/28-400mm/2025/2025-08-31/DSC_4505.NEF,17480,2,Yellow,pick,rejected,0.5563,0.672,0.7001,0.3263,0.5242,0.6454,0.6937,0.0023,0.0072,0.0085,-0.0073,0.001,0.006,0.0082,good dynamic range,out of focus,0.2146,0.222,0.2099,0.2121,0.213,0.2144,0.2493,0.2124,0.2149,0.2014,0.2194,0.212,0.2085,0.2411,v0,clip_vit_b32_image
6546,/mnt/d/Photos/Z6ii/28-400mm/2025/2025-08-31/DSC_4429.NEF,17472,3,Green,pick,neutral,0.556,0.6444,0.7497,0.3264,0.5126,0.557,0.5313,0.0023,0.0059,0.011,-0.0072,0.0005,0.0023,0.0013,good dynamic range,out of focus,0.2082,0.213,0.2046,0.2036,0.2127,0.2094,0.2396,0.2059,0.207,0.1936,0.2109,0.2122,0.2072,0.2383,v0,clip_vit_b32_image
6500,/mnt/d/Photos/Z6ii/28-400mm/2025/2025-08-31/DSC_4359.NEF,437,3,Green,neutral,neutral,0.3357,0.6358,0.5794,0.0989,0.5468,0.6295,0.3646,-0.0068,0.0056,0.0032,-0.0221,0.0019,0.0053,-0.0056,a photo with strong subject separation,noisy,0.2107,0.2172,0.2129,0.206,0.2179,0.2119,0.2521,0.2175,0.2116,0.2097,0.2281,0.216,0.2066,0.2576,v0,clip_vit_b32_image
23499,/mnt/d/Photos/Z6ii/28-400mm/2025/2025-08-31/DSC_4791.NEF,17501,3,Green,reject,neutral,0.4739,0.5146,0.7913,0.2931,0.4384,0.6301,0.4187,-0.001,0.0006,0.0133,-0.0088,-0.0025,0.0053,-0.0033,good dynamic range,out of focus,0.2074,0.2135,0.2052,0.2059,0.2096,0.2104,0.2425,0.2085,0.2129,0.1918,0.2147,0.2121,0.2051,0.2458,v0,clip_vit_b32_image
6519,/mnt/d/Photos/Z6ii/28-400mm/2025/2025-08-31/DSC_4383.NEF,420,3,Green,pick,neutral,0.4207,0.4382,0.7804,0.2028,0.3581,0.5736,0.2739,-0.0032,-0.0025,0.0127,-0.0137,-0.0058,0.003,-0.0097,natural colors,out of focus,0.2088,0.214,0.2117,0.2062,0.2102,0.2115,0.2394,0.212,0.2165,0.199,0.2199,0.216,0.2085,0.2491,v0,clip_vit_b32_image
6573,/mnt/d/Photos/Z6ii/28-400mm/2025/2025-08-31/DSC_4458.NEF,17474,3,Green,reject,neutral,0.4934,0.4733,0.7254,0.3541,0.4268,0.4793,0.5587,-0.0003,-0.0011,0.0097,-0.006,-0.003,-0.0008,0.0024,good dynamic range,misfocused,0.2081,0.2097,0.2049,0.205,0.2119,0.2068,0.2369,0.2084,0.2108,0.1952,0.211,0.2149,0.2077,0.2345,v0,clip_vit_b32_image
23541,/mnt/d/Photos/Z6ii/28-400mm/2025/2025-08-31/DSC_4887.NEF,17515,3,Blue,pick,neutral,0.498,0.5137,0.7603,0.2142,0.559,0.6554,0.5873,-0.0001,0.0005,0.0115,-0.013,0.0024,0.0064,0.0035,good dynamic range,out of focus,0.2184,0.2279,0.2204,0.2187,0.2199,0.2206,0.2563,0.2185,0.2274,0.2089,0.2317,0.2176,0.2142,0.2528,v0,clip_vit_b32_image
23600,/mnt/d/Photos/Z6ii/28-400mm/2025/2025-08-31/DSC_5007.NEF,17519,3,Green,reject,neutral,0.497,0.5805,0.7055,0.2208,0.5489,0.7201,0.7146,-0.0001,0.0033,0.0087,-0.0126,0.002,0.0094,0.0092,good dynamic range,out of focus,0.217,0.2258,0.2145,0.2144,0.2179,0.2194,0.2536,0.2172,0.2226,0.2057,0.227,0.2159,0.2099,0.2445,v0,clip_vit_b32_image
23451,/mnt/d/Photos/Z6ii/28-400mm/2025/2025-08-31/DSC_4682.NEF,,2,Yellow,reject,rejected,0.4489,0.3317,0.7269,0.314,0.4705,0.537,0.4743,-0.0021,-0.007,0.0098,-0.0078,-0.0012,0.0015,-0.001,good dynamic range,out of focus,0.213,0.2157,0.2096,0.2112,0.2128,0.2113,0.2474,0.215,0.2227,0.1998,0.2191,0.214,0.2098,0.2484,v0,clip_vit_b32_image
23496,/mnt/d/Photos/Z6ii/28-400mm/2025/2025-08-31/DSC_4785.NEF,17503,3,Green,pick,neutral,0.4289,0.4487,0.7131,0.2884,0.4621,0.4856,0.4664,-0.0029,-0.0021,0.0091,-0.009,-0.0015,-0.0006,-0.0013,good dynamic range,misfocused,0.2101,0.2123,0.2051,0.2056,0.2138,0.2075,0.2412,0.2129,0.2143,0.196,0.2146,0.2153,0.2081,0.2426,v0,clip_vit_b32_image
23437,/mnt/d/Photos/Z6ii/28-400mm/2025/2025-08-31/DSC_4599.NEF,17493,2,Yellow,neutral,rejected,0.4983,0.4532,0.7115,0.4298,0.5764,0.5524,0.6807,-0.0001,-0.0019,0.009,-0.0028,0.0031,0.0021,0.0076,detailed,technically flawed,0.2151,0.2147,0.2084,0.2094,0.2172,0.2094,0.2358,0.2152,0.2166,0.1994,0.2122,0.2141,0.2073,0.2282,v0,clip_vit_b32_image
