image_id,file_path,stack_id,rating,label,cull_decision,picked_or_rejected,clip_quality_v0,clip_focus_v0,clip_exposure_v0,clip_noise_v0,clip_misshot_v0,clip_composition_v0,clip_wildlife_quality_v0,clip_quality_v0__margin,clip_focus_v0__margin,clip_exposure_v0__margin,clip_noise_v0__margin,clip_misshot_v0__margin,clip_composition_v0__margin,clip_wildlife_quality_v0__margin,top_positive_prompt,top_negative_prompt,clip_quality_v0__pos_sim,clip_focus_v0__pos_sim,clip_exposure_v0__pos_sim,clip_noise_v0__pos_sim,clip_misshot_v0__pos_sim,clip_composition_v0__pos_sim,clip_wildlife_quality_v0__pos_sim,clip_quality_v0__neg_sim,clip_focus_v0__neg_sim,clip_exposure_v0__neg_sim,clip_noise_v0__neg_sim,clip_misshot_v0__neg_sim,clip_composition_v0__neg_sim,clip_wildlife_quality_v0__neg_sim,prompt_set_version,space
48108,/mnt/d/Photos/Z8/180-600mm/2026/2026-03-01/DSC_1544.NEF,23253,3,Green,neutral,neutral,0.9165,0.1162,0.9987,0.2186,0.6839,0.9936,0.0006,0.024,-0.0203,0.0667,-0.0127,0.0077,0.0504,-0.0749,a photo with strong subject separation,blurry,0.4315,0.4526,0.4634,0.4429,0.4249,0.436,0.4701,0.4075,0.4729,0.3967,0.4556,0.4171,0.3856,0.5449,v0,bioclip_2_image
48109,/mnt/d/Photos/Z8/180-600mm/2026/2026-03-01/DSC_1545.NEF,23253,3,Green,neutral,neutral,0.9165,0.203,0.9976,0.2781,0.7404,0.9933,0.0009,0.024,-0.0137,0.0605,-0.0095,0.0105,0.0499,-0.0706,a photo with strong subject separation,blurry,0.4278,0.4517,0.4604,0.4398,0.4251,0.4371,0.4704,0.4038,0.4653,0.3999,0.4493,0.4146,0.3871,0.5409,v0,bioclip_2_image
48110,/mnt/d/Photos/Z8/180-600mm/2026/2026-03-01/DSC_1546.NEF,23253,3,Green,neutral,neutral,0.8694,0.093,0.9963,0.1796,0.739,0.9832,0.0005,0.019,-0.0228,0.056,-0.0152,0.0104,0.0407,-0.0757,a photo with strong subject separation,blurry,0.443,0.4612,0.4715,0.4562,0.4401,0.4487,0.4715,0.4241,0.4839,0.4155,0.4714,0.4297,0.408,0.5473,v0,bioclip_2_image
48111,/mnt/d/Photos/Z8/180-600mm/2026/2026-03-01/DSC_1547.NEF,23254,4,Blue,pick,picked,0.9708,0.5522,0.9968,0.382,0.8348,0.9932,0.0061,0.035,0.0021,0.0573,-0.0048,0.0162,0.0499,-0.0509,a photo with strong subject separation,blurry,0.4105,0.4342,0.4301,0.43,0.4004,0.416,0.4638,0.3754,0.4321,0.3728,0.4348,0.3842,0.3661,0.5147,v0,bioclip_2_image
48112,/mnt/d/Photos/Z8/180-600mm/2026/2026-03-01/DSC_1548.NEF,23254,4,Blue,neutral,picked,0.9441,0.4318,0.9959,0.2459,0.7783,0.9886,0.0049,0.0283,-0.0027,0.055,-0.0112,0.0126,0.0447,-0.0531,a photo with strong subject separation,noisy,0.4137,0.4377,0.4366,0.4288,0.4058,0.4174,0.4687,0.3855,0.4404,0.3816,0.44,0.3933,0.3727,0.5218,v0,bioclip_2_image
48113,/mnt/d/Photos/Z8/180-600mm/2026/2026-03-01/DSC_1549.NEF,23255,4,Blue,pick,picked,0.8663,0.2361,0.9959,0.265,0.6689,0.9863,0.0011,0.0187,-0.0117,0.055,-0.0102,0.007,0.0427,-0.0683,a photo with strong subject separation,blurry,0.4143,0.4406,0.4393,0.4353,0.4136,0.4146,0.4517,0.3957,0.4523,0.3843,0.4455,0.4065,0.3718,0.5201,v0,bioclip_2_image
48114,/mnt/d/Photos/Z8/180-600mm/2026/2026-03-01/DSC_1550.NEF,23255,4,Blue,pick,picked,0.8667,0.2025,0.9948,0.2865,0.7068,0.9879,0.0012,0.0187,-0.0137,0.0525,-0.0091,0.0088,0.044,-0.0676,a photo with strong subject separation,blurry,0.4224,0.4469,0.4455,0.4416,0.4217,0.4231,0.4584,0.4037,0.4607,0.393,0.4507,0.4129,0.3791,0.526,v0,bioclip_2_image
48115,/mnt/d/Photos/Z8/180-600mm/2026/2026-03-01/DSC_1551.NEF,23255,4,Blue,reject,picked,0.8835,0.2111,0.9963,0.3212,0.6928,0.9855,0.0012,0.0203,-0.0132,0.0559,-0.0075,0.0081,0.0422,-0.0675,a photo with strong subject separation,blurry,0.424,0.4452,0.4506,0.4436,0.4223,0.423,0.4649,0.4037,0.4584,0.3947,0.4511,0.4141,0.3808,0.5323,v0,bioclip_2_image
48116,/mnt/d/Photos/Z8/180-600mm/2026/2026-03-01/DSC_1552.NEF,23255,4,Blue,neutral,picked,0.8767,0.3045,0.995,0.2217,0.6685,0.9817,0.0011,0.0196,-0.0083,0.053,-0.0126,0.007,0.0398,-0.0683,a photo with strong subject separation,blurry,0.4203,0.4447,0.4444,0.4391,0.4175,0.417,0.4568,0.4007,0.453,0.3914,0.4517,0.4105,0.3772,0.5251,v0,bioclip_2_image
48117,/mnt/d/Photos/Z8/180-600mm/2026/2026-03-01/DSC_1553.NEF,23255,4,Blue,neutral,picked,0.8956,0.3019,0.9943,0.251,0.6818,0.9888,0.0014,0.0215,-0.0084,0.0517,-0.0109,0.0076,0.0448,-0.066,a photo with strong subject separation,blurry,0.4187,0.4436,0.443,0.4372,0.4161,0.4187,0.4636,0.3972,0.4519,0.3913,0.4482,0.4085,0.3739,0.5296,v0,bioclip_2_image
48118,/mnt/d/Photos/Z8/180-600mm/2026/2026-03-01/DSC_1554.NEF,23255,4,Blue,reject,picked,0.8482,0.2324,0.992,0.251,0.61,0.9834,0.001,0.0172,-0.012,0.0482,-0.0109,0.0045,0.0408,-0.0691,a photo with strong subject separation,blurry,0.4121,0.435,0.4348,0.4306,0.4077,0.4106,0.454,0.3949,0.447,0.3866,0.4415,0.4032,0.3698,0.5231,v0,bioclip_2_image
48119,/mnt/d/Photos/Z8/180-600mm/2026/2026-03-01/DSC_1555.NEF,23255,4,Blue,neutral,picked,0.9016,0.3141,0.9979,0.1828,0.6883,0.9768,0.001,0.0222,-0.0078,0.0615,-0.015,0.0079,0.0374,-0.0687,high quality,blurry,0.4143,0.4449,0.4426,0.4343,0.4133,0.4108,0.4526,0.3921,0.4527,0.3811,0.4493,0.4054,0.3734,0.5213,v0,bioclip_2_image
48120,/mnt/d/Photos/Z8/180-600mm/2026/2026-03-01/DSC_1556.NEF,23256,3,Green,reject,neutral,0.9032,0.3173,0.9985,0.314,0.4925,0.92,0.0007,0.0223,-0.0077,0.0652,-0.0078,-0.0003,0.0244,-0.0726,high quality,blurry,0.4061,0.4317,0.4343,0.4207,0.3945,0.4058,0.443,0.3838,0.4394,0.3691,0.4285,0.3948,0.3814,0.5155,v0,bioclip_2_image
48121,/mnt/d/Photos/Z8/180-600mm/2026/2026-03-01/DSC_1557.NEF,,4,Blue,pick,picked,0.8687,0.2863,0.9978,0.3598,0.5309,0.878,0.0007,0.0189,-0.0091,0.0612,-0.0058,0.0012,0.0197,-0.0725,high quality,blurry,0.4116,0.4339,0.4367,0.4291,0.3944,0.408,0.44,0.3927,0.4431,0.3755,0.4348,0.3931,0.3882,0.5126,v0,bioclip_2_image
48122,/mnt/d/Photos/Z8/180-600mm/2026/2026-03-01/DSC_1558.NEF,23256,3,Green,reject,neutral,0.9177,0.2323,0.998,0.4628,0.5271,0.9353,0.0012,0.0241,-0.012,0.0623,-0.0015,0.0011,0.0267,-0.0676,high quality,blurry,0.4092,0.4304,0.4314,0.4266,0.3946,0.4098,0.4442,0.3851,0.4424,0.3691,0.4281,0.3935,0.3831,0.5118,v0,bioclip_2_image
48123,/mnt/d/Photos/Z8/180-600mm/2026/2026-03-01/DSC_1559.NEF,23256,4,Blue,pick,picked,0.9247,0.2484,0.998,0.3957,0.4972,0.9459,0.001,0.0251,-0.0111,0.0621,-0.0042,-0.0001,0.0286,-0.0686,high quality,blurry,0.4062,0.4288,0.4284,0.4245,0.3931,0.4096,0.4443,0.3811,0.4399,0.3663,0.4287,0.3932,0.381,0.513,v0,bioclip_2_image
48124,/mnt/d/Photos/Z8/180-600mm/2026/2026-03-01/DSC_1560.NEF,23256,3,Blue,reject,neutral,0.9196,0.2949,0.9978,0.4022,0.479,0.9366,0.0011,0.0244,-0.0087,0.0611,-0.004,-0.0008,0.0269,-0.0685,high quality,blurry,0.4113,0.4326,0.4329,0.4275,0.3957,0.4128,0.445,0.387,0.4414,0.3718,0.4315,0.3965,0.3858,0.5136,v0,bioclip_2_image
48125,/mnt/d/Photos/Z8/180-600mm/2026/2026-03-01/DSC_1561.NEF,23256,3,Blue,reject,neutral,0.9233,0.2261,0.9983,0.4087,0.5152,0.9386,0.001,0.0249,-0.0123,0.0635,-0.0037,0.0006,0.0273,-0.0694,high quality,blurry,0.4142,0.4345,0.4371,0.4333,0.3989,0.4166,0.4468,0.3893,0.4468,0.3736,0.437,0.3983,0.3893,0.5162,v0,bioclip_2_image
48126,/mnt/d/Photos/Z8/180-600mm/2026/2026-03-01/DSC_1562.NEF,23256,3,Green,neutral,neutral,0.9028,0.275,0.9969,0.5053,0.4647,0.9028,0.0008,0.0223,-0.0097,0.0576,0.0002,-0.0014,0.0223,-0.071,high quality,blurry,0.4134,0.4342,0.4341,0.4314,0.3999,0.4108,0.4418,0.3911,0.4439,0.3764,0.4312,0.4013,0.3885,0.5128,v0,bioclip_2_image
48127,/mnt/d/Photos/Z8/180-600mm/2026/2026-03-01/DSC_1563.NEF,23256,3,Green,reject,neutral,0.9035,0.1708,0.9965,0.4008,0.8357,0.9817,0.0021,0.0224,-0.0158,0.0565,-0.004,0.0163,0.0398,-0.0618,high quality,blurry,0.4401,0.4595,0.4614,0.4568,0.435,0.4414,0.4709,0.4177,0.4753,0.4049,0.4608,0.4187,0.4016,0.5328,v0,bioclip_2_image
48128,/mnt/d/Photos/Z8/180-600mm/2026/2026-03-01/DSC_1564.NEF,23256,3,Green,reject,neutral,0.9048,0.1948,0.9973,0.2244,0.7685,0.9798,0.0011,0.0225,-0.0142,0.059,-0.0124,0.012,0.0388,-0.0683,high quality,blurry,0.4307,0.455,0.4552,0.4462,0.4259,0.4338,0.4662,0.4082,0.4692,0.3961,0.4586,0.4139,0.395,0.5345,v0,bioclip_2_image
48129,/mnt/d/Photos/Z8/180-600mm/2026/2026-03-01/DSC_1565.NEF,23256,4,Green,neutral,picked,0.8857,0.1767,0.9946,0.2181,0.6867,0.963,0.0007,0.0205,-0.0154,0.0521,-0.0128,0.0078,0.0326,-0.073,high quality,blurry,0.4358,0.4549,0.4568,0.4536,0.4291,0.4377,0.4744,0.4154,0.4703,0.4047,0.4664,0.4213,0.4051,0.5474,v0,bioclip_2_image
48130,/mnt/d/Photos/Z8/180-600mm/2026/2026-03-01/DSC_1566.NEF,23256,4,Green,neutral,picked,0.8723,0.1494,0.9972,0.1873,0.6678,0.9556,0.0008,0.0192,-0.0174,0.0589,-0.0147,0.007,0.0307,-0.0717,high quality,blurry,0.4231,0.447,0.4497,0.4457,0.42,0.4253,0.4728,0.4039,0.4644,0.3909,0.4603,0.413,0.3946,0.5445,v0,bioclip_2_image
48131,/mnt/d/Photos/Z8/180-600mm/2026/2026-03-01/DSC_1567.NEF,23256,4,Green,neutral,picked,0.9062,0.0853,0.9966,0.257,0.7828,0.9382,0.0009,0.0227,-0.0237,0.0567,-0.0106,0.0128,0.0272,-0.07,natural colors,blurry,0.4249,0.4416,0.4554,0.4475,0.428,0.4254,0.4646,0.4022,0.4653,0.3987,0.4581,0.4152,0.3982,0.5345,v0,bioclip_2_image
48132,/mnt/d/Photos/Z8/180-600mm/2026/2026-03-01/DSC_1568.NEF,23256,4,Green,pick,picked,0.9467,0.1507,0.9984,0.1908,0.7973,0.9793,0.0019,0.0288,-0.0173,0.0641,-0.0145,0.0137,0.0386,-0.0625,a photo with strong subject separation,blurry,0.4299,0.4535,0.4507,0.447,0.4243,0.435,0.4798,0.4011,0.4708,0.3866,0.4614,0.4106,0.3965,0.5423,v0,bioclip_2_image
48133,/mnt/d/Photos/Z8/180-600mm/2026/2026-03-01/DSC_1569.NEF,23256,4,Blue,pick,picked,0.9198,0.1256,0.9975,0.1908,0.6775,0.9565,0.0009,0.0244,-0.0194,0.0599,-0.0144,0.0074,0.0309,-0.0698,high quality,blurry,0.4344,0.446,0.4586,0.4474,0.4237,0.4341,0.4735,0.41,0.4654,0.3987,0.4619,0.4163,0.4032,0.5433,v0,bioclip_2_image
48134,/mnt/d/Photos/Z8/180-600mm/2026/2026-03-01/DSC_1570.NEF,23256,4,Blue,pick,picked,0.9344,0.1563,0.9951,0.1788,0.7356,0.9544,0.0022,0.0266,-0.0169,0.053,-0.0152,0.0102,0.0304,-0.0613,high quality,blurry,0.4366,0.4518,0.4556,0.4467,0.4251,0.4325,0.4749,0.4101,0.4687,0.4025,0.462,0.4149,0.4021,0.5362,v0,bioclip_2_image
48135,/mnt/d/Photos/Z8/180-600mm/2026/2026-03-01/DSC_1571.NEF,23256,4,Green,neutral,picked,0.9203,0.2071,0.9971,0.2082,0.828,0.9496,0.0016,0.0245,-0.0134,0.0583,-0.0134,0.0157,0.0294,-0.0641,a photo with strong subject separation,blurry,0.427,0.4472,0.4492,0.4395,0.4193,0.4262,0.4677,0.4025,0.4606,0.3909,0.4528,0.4036,0.3968,0.5317,v0,bioclip_2_image
48136,/mnt/d/Photos/Z8/180-600mm/2026/2026-03-01/DSC_1572.NEF,23256,4,Blue,pick,picked,0.9387,0.1408,0.9982,0.2491,0.7501,0.9692,0.0013,0.0273,-0.0181,0.0631,-0.011,0.011,0.0345,-0.0663,a photo with strong subject separation,blurry,0.4227,0.443,0.4483,0.4392,0.416,0.4268,0.4701,0.3954,0.4611,0.3851,0.4502,0.405,0.3923,0.5365,v0,bioclip_2_image
48137,/mnt/d/Photos/Z8/180-600mm/2026/2026-03-01/DSC_1573.NEF,23256,4,Blue,neutral,picked,0.94,0.1151,0.9959,0.2385,0.807,0.9719,0.0019,0.0275,-0.0204,0.055,-0.0116,0.0143,0.0354,-0.0627,high quality,blurry,0.4336,0.4475,0.4528,0.4507,0.4277,0.4341,0.4739,0.406,0.4679,0.3978,0.4623,0.4134,0.3986,0.5366,v0,bioclip_2_image
48138,/mnt/d/Photos/Z8/180-600mm/2026/2026-03-01/DSC_1574.NEF,23256,4,Blue,neutral,picked,0.93,0.1043,0.9958,0.2738,0.8003,0.972,0.0022,0.0259,-0.0215,0.0547,-0.0098,0.0139,0.0355,-0.0612,high quality,blurry,0.4385,0.4521,0.4577,0.4558,0.4317,0.4385,0.478,0.4126,0.4736,0.403,0.4655,0.4178,0.4031,0.5392,v0,bioclip_2_image
48139,/mnt/d/Photos/Z8/180-600mm/2026/2026-03-01/DSC_1575.NEF,23256,4,Blue,pick,picked,0.881,0.067,0.9984,0.2701,0.8406,0.9693,0.0003,0.02,-0.0263,0.0641,-0.0099,0.0166,0.0345,-0.0804,a photo with strong subject separation,blurry,0.4313,0.4446,0.4607,0.4506,0.4277,0.4336,0.4622,0.4113,0.4709,0.3967,0.4606,0.4111,0.399,0.5426,v0,bioclip_2_image
48140,/mnt/d/Photos/Z8/180-600mm/2026/2026-03-01/DSC_1576.NEF,23257,3,Yellow,reject,neutral,0.9095,0.1286,0.9947,0.5845,0.7034,0.9716,0.0011,0.0231,-0.0191,0.0523,0.0034,0.0086,0.0353,-0.0685,high quality,blurry,0.4372,0.4599,0.4562,0.468,0.4241,0.4306,0.4792,0.4142,0.4791,0.404,0.4646,0.4155,0.3953,0.5477,v0,bioclip_2_image
48141,/mnt/d/Photos/Z8/180-600mm/2026/2026-03-01/DSC_1577.NEF,23258,4,Blue,neutral,picked,0.9522,0.4714,0.9962,0.4547,0.7381,0.9899,0.0044,0.0299,-0.0011,0.0558,-0.0018,0.0104,0.0458,-0.0543,a photo with strong subject separation,a photo with no clear subject,0.4202,0.4504,0.4343,0.4325,0.4134,0.4163,0.4745,0.3902,0.4515,0.3785,0.4344,0.403,0.3705,0.5287,v0,bioclip_2_image
48142,/mnt/d/Photos/Z8/180-600mm/2026/2026-03-01/DSC_1578.NEF,23258,3,Blue,neutral,neutral,0.9652,0.5447,0.9958,0.3309,0.6566,0.9761,0.0038,0.0332,0.0018,0.0547,-0.007,0.0065,0.0371,-0.0557,a photo with strong subject separation,a photo with no clear subject,0.43,0.4584,0.4455,0.4429,0.4205,0.4236,0.4862,0.3968,0.4566,0.3908,0.45,0.414,0.3865,0.5419,v0,bioclip_2_image
48144,/mnt/d/Photos/Z8/180-600mm/2026/2026-03-01/DSC_1580.NEF,23259,3,Green,reject,neutral,0.8989,0.4579,0.9935,0.3035,0.6671,0.9779,0.0016,0.0219,-0.0017,0.0503,-0.0083,0.007,0.0379,-0.0643,a photo with strong subject separation,a photo with no clear subject,0.4051,0.438,0.4316,0.4254,0.3997,0.4041,0.4285,0.3833,0.4397,0.3813,0.4337,0.3928,0.3662,0.4928,v0,bioclip_2_image
48145,/mnt/d/Photos/Z8/180-600mm/2026/2026-03-01/DSC_1581.NEF,23259,3,Green,neutral,neutral,0.8917,0.5037,0.991,0.2413,0.6373,0.9838,0.0016,0.0211,0.0001,0.047,-0.0115,0.0056,0.0411,-0.0643,a photo with strong subject separation,a photo with no clear subject,0.4107,0.4436,0.4348,0.4281,0.4055,0.4125,0.4329,0.3896,0.4434,0.3878,0.4396,0.3999,0.3714,0.4972,v0,bioclip_2_image
48146,/mnt/d/Photos/Z8/180-600mm/2026/2026-03-01/DSC_1582.NEF,23259,3,Blue,pick,neutral,0.9202,0.3905,0.9933,0.3257,0.6707,0.9835,0.0026,0.0245,-0.0045,0.05,-0.0073,0.0071,0.0409,-0.0597,a photo with strong subject separation,a photo with no clear subject,0.4158,0.4444,0.4354,0.4338,0.406,0.4163,0.4431,0.3913,0.4489,0.3854,0.4411,0.3989,0.3754,0.5027,v0,bioclip_2_image
48147,/mnt/d/Photos/Z8/180-600mm/2026/2026-03-01/DSC_1583.NEF,23259,3,Blue,pick,neutral,0.918,0.4672,0.9937,0.3362,0.6316,0.9694,0.0022,0.0242,-0.0013,0.0505,-0.0068,0.0054,0.0346,-0.0613,a photo with strong subject separation,blurry,0.4171,0.4465,0.4345,0.4409,0.4052,0.4164,0.4491,0.3929,0.4478,0.3839,0.4477,0.3999,0.3819,0.5104,v0,bioclip_2_image
48148,/mnt/d/Photos/Z8/180-600mm/2026/2026-03-01/DSC_1584.NEF,23259,3,Blue,neutral,neutral,0.8972,0.5928,0.9913,0.3287,0.7629,0.9572,0.0029,0.0217,0.0038,0.0473,-0.0071,0.0117,0.0311,-0.0583,a photo with strong subject separation,noisy,0.4167,0.4523,0.4317,0.4382,0.41,0.4128,0.4583,0.395,0.4485,0.3844,0.4453,0.3983,0.3817,0.5167,v0,bioclip_2_image
48149,/mnt/d/Photos/Z8/180-600mm/2026/2026-03-01/DSC_1585.NEF,23259,3,Green,reject,neutral,0.9272,0.3032,0.9925,0.3718,0.7438,0.9883,0.0023,0.0254,-0.0083,0.0488,-0.0052,0.0107,0.0444,-0.0605,a photo with strong subject separation,a photo with no clear subject,0.4154,0.4444,0.4353,0.4337,0.4124,0.4212,0.4455,0.39,0.4527,0.3864,0.4389,0.4018,0.3768,0.506,v0,bioclip_2_image
48150,/mnt/d/Photos/Z8/180-600mm/2026/2026-03-01/DSC_1586.NEF,23259,3,Green,neutral,neutral,0.9138,0.497,0.9943,0.2684,0.681,0.9776,0.0017,0.0236,-0.0001,0.0517,-0.01,0.0076,0.0378,-0.0638,a photo with strong subject separation,a photo with no clear subject,0.4117,0.4476,0.4318,0.43,0.4091,0.4125,0.4428,0.3881,0.4477,0.3801,0.44,0.4015,0.3747,0.5067,v0,bioclip_2_image
48151,/mnt/d/Photos/Z8/180-600mm/2026/2026-03-01/DSC_1587.NEF,,4,Blue,neutral,picked,0.8689,0.3526,0.9884,0.1278,0.6537,0.989,0.0012,0.0189,-0.0061,0.0444,-0.0192,0.0064,0.045,-0.0671,a photo with strong subject separation,blurry,0.4183,0.4482,0.443,0.4368,0.4065,0.4212,0.4484,0.3994,0.4543,0.3986,0.456,0.4002,0.3762,0.5154,v0,bioclip_2_image
48152,/mnt/d/Photos/Z8/180-600mm/2026/2026-03-01/DSC_1588.NEF,23257,3,Green,pick,neutral,0.9244,0.3071,0.9948,0.4364,0.7881,0.981,0.003,0.025,-0.0081,0.0525,-0.0026,0.0131,0.0394,-0.0579,a photo with strong subject separation,blurry,0.4267,0.4532,0.4461,0.4457,0.4184,0.425,0.4609,0.4017,0.4613,0.3935,0.4483,0.4052,0.3856,0.5188,v0,bioclip_2_image
48153,/mnt/d/Photos/Z8/180-600mm/2026/2026-03-01/DSC_1589.NEF,23257,3,Green,neutral,neutral,0.9195,0.3352,0.9924,0.2305,0.7407,0.9612,0.0038,0.0244,-0.0068,0.0488,-0.0121,0.0105,0.0321,-0.0556,a photo with strong subject separation,noisy,0.4259,0.4542,0.4463,0.4406,0.4201,0.4219,0.4765,0.4015,0.4611,0.3975,0.4526,0.4096,0.3899,0.5321,v0,bioclip_2_image
48154,/mnt/d/Photos/Z8/180-600mm/2026/2026-03-01/DSC_1590.NEF,23260,3,Green,neutral,neutral,0.9375,0.5889,0.9933,0.241,0.604,0.9757,0.0027,0.0271,0.0036,0.05,-0.0115,0.0042,0.0369,-0.0592,a photo with strong subject separation,a photo with no clear subject,0.4145,0.4477,0.4348,0.4286,0.4047,0.4122,0.455,0.3874,0.4441,0.3847,0.4401,0.4005,0.3753,0.5142,v0,bioclip_2_image
48155,/mnt/d/Photos/Z8/180-600mm/2026/2026-03-01/DSC_1591.NEF,23260,3,Green,neutral,neutral,0.9452,0.6593,0.993,0.2655,0.6629,0.9858,0.0022,0.0285,0.0066,0.0495,-0.0102,0.0068,0.0424,-0.061,a photo with strong subject separation,a photo with no clear subject,0.4109,0.4449,0.4311,0.4251,0.4038,0.4108,0.4448,0.3825,0.4383,0.3816,0.4353,0.3971,0.3684,0.5059,v0,bioclip_2_image
48156,/mnt/d/Photos/Z8/180-600mm/2026/2026-03-01/DSC_1592.NEF,23260,3,Green,neutral,neutral,0.9371,0.7771,0.991,0.1835,0.657,0.9804,0.0025,0.027,0.0125,0.047,-0.0149,0.0065,0.0391,-0.0599,a photo with strong subject separation,a photo with no clear subject,0.4015,0.4393,0.4227,0.4142,0.3985,0.402,0.4364,0.3745,0.4268,0.3757,0.4292,0.392,0.3629,0.4964,v0,bioclip_2_image
48157,/mnt/d/Photos/Z8/180-600mm/2026/2026-03-01/DSC_1593.NEF,,2,Yellow,neutral,rejected,0.8849,0.1816,0.9746,0.1566,0.6334,0.9473,0.0031,0.0204,-0.0151,0.0365,-0.0168,0.0055,0.0289,-0.0577,a photo with strong subject separation,blurry,0.4403,0.4618,0.447,0.4556,0.429,0.4324,0.4843,0.4199,0.4768,0.4105,0.4725,0.4236,0.4035,0.542,v0,bioclip_2_image
48164,/mnt/d/Photos/Z8/180-600mm/2026/2026-03-01/DSC_1600.NEF,,2,Yellow,reject,rejected,0.9571,0.4384,0.9979,0.7616,0.2933,0.9783,0.0014,0.031,-0.0025,0.0617,0.0116,-0.0088,0.0381,-0.066,a photo with strong subject separation,a photo with no clear subject,0.4098,0.4345,0.428,0.4301,0.3824,0.406,0.4018,0.3788,0.437,0.3664,0.4185,0.3912,0.368,0.4678,v0,bioclip_2_image
48165,/mnt/d/Photos/Z8/180-600mm/2026/2026-03-01/DSC_1601.NEF,23261,4,Blue,reject,picked,0.8611,0.4456,0.9948,0.3833,0.5907,0.9554,0.0013,0.0182,-0.0022,0.0525,-0.0048,0.0037,0.0307,-0.0664,high quality,blurry,0.4202,0.4487,0.4498,0.4437,0.4125,0.4172,0.442,0.402,0.4508,0.3973,0.4485,0.4088,0.3865,0.5084,v0,bioclip_2_image
48166,/mnt/d/Photos/Z8/180-600mm/2026/2026-03-01/DSC_1602.NEF,23261,4,Blue,neutral,picked,0.8545,0.4437,0.9969,0.4001,0.6223,0.9564,0.0012,0.0177,-0.0023,0.0577,-0.0041,0.005,0.0309,-0.0675,high quality,blurry,0.4136,0.4459,0.4468,0.4405,0.406,0.4095,0.4365,0.3958,0.4482,0.3891,0.4446,0.401,0.3787,0.504,v0,bioclip_2_image
48167,/mnt/d/Photos/Z8/180-600mm/2026/2026-03-01/DSC_1603.NEF,23261,4,Blue,neutral,picked,0.8405,0.424,0.9969,0.378,0.5706,0.9393,0.0011,0.0166,-0.0031,0.0577,-0.005,0.0028,0.0274,-0.0678,high quality,blurry,0.416,0.448,0.4492,0.4443,0.4066,0.4105,0.4383,0.3994,0.4511,0.3915,0.4493,0.4037,0.3831,0.5061,v0,bioclip_2_image
48168,/mnt/d/Photos/Z8/180-600mm/2026/2026-03-01/DSC_1604.NEF,23261,4,Blue,reject,picked,0.8211,0.4636,0.9982,0.3574,0.5575,0.9377,0.0012,0.0152,-0.0015,0.0631,-0.0059,0.0023,0.0271,-0.0676,high quality,blurry,0.4112,0.4478,0.4468,0.4426,0.4002,0.4054,0.4415,0.3959,0.4493,0.3837,0.4485,0.3979,0.3783,0.5091,v0,bioclip_2_image
48169,/mnt/d/Photos/Z8/180-600mm/2026/2026-03-01/DSC_1605.NEF,23261,4,Blue,neutral,picked,0.8585,0.502,0.9967,0.3422,0.5977,0.9448,0.0011,0.018,0.0001,0.0572,-0.0065,0.004,0.0284,-0.0685,high quality,blurry,0.4119,0.4454,0.444,0.4389,0.4009,0.4087,0.4379,0.3938,0.4453,0.3867,0.4454,0.397,0.3803,0.5064,v0,bioclip_2_image
48170,/mnt/d/Photos/Z8/180-600mm/2026/2026-03-01/DSC_1606.NEF,23261,4,Blue,neutral,picked,0.8442,0.504,0.9964,0.343,0.5894,0.941,0.0009,0.0169,0.0002,0.0563,-0.0065,0.0036,0.0277,-0.0697,high quality,blurry,0.4108,0.4447,0.4436,0.4387,0.3998,0.4076,0.4347,0.3939,0.4446,0.3873,0.4452,0.3962,0.3799,0.5044,v0,bioclip_2_image
48171,/mnt/d/Photos/Z8/180-600mm/2026/2026-03-01/DSC_1607.NEF,23261,4,Blue,pick,picked,0.862,0.4297,0.9961,0.2642,0.6003,0.9499,0.001,0.0183,-0.0028,0.0555,-0.0102,0.0041,0.0294,-0.0691,high quality,blurry,0.4189,0.4496,0.4501,0.4395,0.411,0.4164,0.4366,0.4006,0.4524,0.3946,0.4498,0.4069,0.387,0.5057,v0,bioclip_2_image
48172,/mnt/d/Photos/Z8/180-600mm/2026/2026-03-01/DSC_1608.NEF,23261,4,Blue,pick,picked,0.8454,0.4183,0.9958,0.3325,0.5569,0.9489,0.0013,0.017,-0.0033,0.0548,-0.007,0.0023,0.0292,-0.0662,high quality,blurry,0.4199,0.4492,0.4516,0.4412,0.4124,0.4176,0.4365,0.4029,0.4525,0.3968,0.4482,0.4102,0.3884,0.5027,v0,bioclip_2_image
48173,/mnt/d/Photos/Z8/180-600mm/2026/2026-03-01/DSC_1609.NEF,23261,4,Blue,pick,picked,0.8418,0.4161,0.9951,0.4083,0.5498,0.9511,0.0015,0.0167,-0.0034,0.0531,-0.0037,0.002,0.0297,-0.0652,high quality,blurry,0.4197,0.4494,0.4495,0.4427,0.4136,0.4171,0.4416,0.403,0.4528,0.3965,0.4464,0.4116,0.3874,0.5068,v0,bioclip_2_image
48174,/mnt/d/Photos/Z8/180-600mm/2026/2026-03-01/DSC_1610.NEF,23261,4,Blue,reject,picked,0.8469,0.4228,0.9955,0.4175,0.5664,0.9417,0.0013,0.0171,-0.0031,0.0539,-0.0033,0.0027,0.0278,-0.0663,high quality,blurry,0.4213,0.4503,0.4515,0.4446,0.4142,0.418,0.4405,0.4042,0.4534,0.3976,0.4479,0.4115,0.3902,0.5068,v0,bioclip_2_image
48175,/mnt/d/Photos/Z8/180-600mm/2026/2026-03-01/DSC_1611.NEF,23261,4,Blue,neutral,picked,0.852,0.4244,0.9957,0.3929,0.5778,0.9458,0.0014,0.0175,-0.003,0.0546,-0.0044,0.0031,0.0286,-0.066,high quality,blurry,0.4219,0.4505,0.452,0.4443,0.4145,0.4187,0.44,0.4043,0.4536,0.3974,0.4486,0.4113,0.3901,0.5061,v0,bioclip_2_image
48176,/mnt/d/Photos/Z8/180-600mm/2026/2026-03-01/DSC_1612.NEF,23261,4,Blue,neutral,picked,0.8475,0.4253,0.9952,0.4109,0.5377,0.952,0.0013,0.0171,-0.003,0.0533,-0.0036,0.0015,0.0299,-0.0663,high quality,blurry,0.4183,0.4492,0.4484,0.4425,0.4105,0.4164,0.4397,0.4012,0.4522,0.395,0.4461,0.409,0.3865,0.506,v0,bioclip_2_image
48177,/mnt/d/Photos/Z8/180-600mm/2026/2026-03-01/DSC_1613.NEF,23261,4,Blue,pick,picked,0.8666,0.4944,0.9952,0.3322,0.5945,0.9426,0.0014,0.0187,-0.0002,0.0533,-0.007,0.0038,0.028,-0.0654,high quality,blurry,0.4197,0.4529,0.4496,0.4429,0.4115,0.4155,0.4467,0.401,0.4531,0.3963,0.4499,0.4077,0.3875,0.5121,v0,bioclip_2_image
48178,/mnt/d/Photos/Z8/180-600mm/2026/2026-03-01/DSC_1614.NEF,23261,4,Blue,neutral,picked,0.8614,0.4849,0.9964,0.2974,0.5774,0.9457,0.0013,0.0183,-0.0006,0.0563,-0.0086,0.0031,0.0286,-0.0664,high quality,blurry,0.4151,0.4511,0.4473,0.4386,0.4083,0.4125,0.4471,0.3969,0.4517,0.391,0.4472,0.4051,0.384,0.5136,v0,bioclip_2_image
48179,/mnt/d/Photos/Z8/180-600mm/2026/2026-03-01/DSC_1615.NEF,23261,4,Blue,reject,picked,0.846,0.3973,0.9957,0.3259,0.5739,0.9436,0.0013,0.017,-0.0042,0.0544,-0.0073,0.003,0.0282,-0.0667,high quality,blurry,0.4186,0.4515,0.4506,0.4438,0.4103,0.416,0.4425,0.4016,0.4557,0.3962,0.4511,0.4074,0.3879,0.5092,v0,bioclip_2_image
48180,/mnt/d/Photos/Z8/180-600mm/2026/2026-03-01/DSC_1616.NEF,23262,4,Blue,pick,picked,0.8419,0.4254,0.9943,0.3414,0.6005,0.9587,0.0014,0.0167,-0.003,0.0516,-0.0066,0.0041,0.0315,-0.0659,high quality,blurry,0.418,0.4476,0.449,0.4414,0.4143,0.4159,0.4402,0.4013,0.4506,0.3974,0.448,0.4102,0.3844,0.5061,v0,bioclip_2_image
48181,/mnt/d/Photos/Z8/180-600mm/2026/2026-03-01/DSC_1617.NEF,23262,4,Blue,pick,picked,0.811,0.3774,0.9948,0.3851,0.555,0.9348,0.0012,0.0146,-0.005,0.0526,-0.0047,0.0022,0.0266,-0.0673,high quality,blurry,0.4156,0.446,0.4476,0.4412,0.4119,0.4113,0.4419,0.4011,0.451,0.3951,0.4459,0.4097,0.3846,0.5093,v0,bioclip_2_image
48182,/mnt/d/Photos/Z8/180-600mm/2026/2026-03-01/DSC_1618.NEF,23262,4,Blue,pick,picked,0.8266,0.3521,0.9957,0.3243,0.5839,0.9355,0.0009,0.0156,-0.0061,0.0544,-0.0073,0.0034,0.0267,-0.0699,high quality,blurry,0.4172,0.4479,0.4499,0.4415,0.4121,0.4125,0.4407,0.4015,0.454,0.3956,0.4489,0.4087,0.3857,0.5106,v0,bioclip_2_image
48183,/mnt/d/Photos/Z8/180-600mm/2026/2026-03-01/DSC_1619.NEF,23262,4,Blue,pick,picked,0.8163,0.4039,0.9947,0.2839,0.5661,0.9458,0.0009,0.0149,-0.0039,0.0523,-0.0093,0.0027,0.0286,-0.0703,high quality,blurry,0.4148,0.4441,0.4471,0.4378,0.4104,0.4124,0.4355,0.3999,0.448,0.3948,0.447,0.4077,0.3839,0.5058,v0,bioclip_2_image
48184,/mnt/d/Photos/Z8/180-600mm/2026/2026-03-01/DSC_1620.NEF,23262,4,Blue,pick,picked,0.8329,0.391,0.9965,0.3618,0.603,0.9352,0.0011,0.0161,-0.0044,0.0566,-0.0057,0.0042,0.0267,-0.0683,high quality,blurry,0.4149,0.4449,0.4475,0.4394,0.409,0.4096,0.445,0.3989,0.4493,0.3909,0.4451,0.4049,0.3829,0.5133,v0,bioclip_2_image
48185,/mnt/d/Photos/Z8/180-600mm/2026/2026-03-01/DSC_1621.NEF,23262,4,Blue,pick,picked,0.8108,0.3834,0.9956,0.3605,0.5818,0.9222,0.001,0.0146,-0.0048,0.0542,-0.0057,0.0033,0.0247,-0.0694,high quality,blurry,0.416,0.4466,0.4487,0.4418,0.4099,0.4109,0.4439,0.4015,0.4514,0.3945,0.4475,0.4066,0.3862,0.5132,v0,bioclip_2_image
48186,/mnt/d/Photos/Z8/180-600mm/2026/2026-03-01/DSC_1622.NEF,23262,4,Blue,neutral,picked,0.8323,0.4503,0.9944,0.2778,0.6018,0.9472,0.0009,0.016,-0.002,0.0517,-0.0096,0.0041,0.0289,-0.0697,high quality,blurry,0.4156,0.4454,0.4466,0.4385,0.4107,0.4129,0.4357,0.3995,0.4474,0.3948,0.4481,0.4066,0.384,0.5054,v0,bioclip_2_image
48187,/mnt/d/Photos/Z8/180-600mm/2026/2026-03-01/DSC_1623.NEF,23262,4,Blue,pick,picked,0.8446,0.4127,0.9947,0.3684,0.5842,0.9496,0.0012,0.0169,-0.0035,0.0523,-0.0054,0.0034,0.0294,-0.0673,high quality,blurry,0.4199,0.4466,0.45,0.4427,0.4154,0.4172,0.4439,0.403,0.4501,0.3978,0.4481,0.412,0.3879,0.5112,v0,bioclip_2_image
48188,/mnt/d/Photos/Z8/180-600mm/2026/2026-03-01/DSC_1624.NEF,23262,4,Blue,reject,picked,0.853,0.4625,0.9935,0.3661,0.6075,0.9511,0.0017,0.0176,-0.0015,0.0504,-0.0055,0.0044,0.0297,-0.0639,high quality,blurry,0.4188,0.4507,0.4481,0.4434,0.4126,0.4152,0.4415,0.4012,0.4522,0.3978,0.4488,0.4082,0.3855,0.5054,v0,bioclip_2_image
48189,/mnt/d/Photos/Z8/180-600mm/2026/2026-03-01/DSC_1625.NEF,23262,4,Blue,pick,picked,0.8542,0.4303,0.9953,0.3899,0.5971,0.9565,0.0015,0.0177,-0.0028,0.0536,-0.0045,0.0039,0.0309,-0.0653,high quality,blurry,0.42,0.4502,0.4509,0.4434,0.4137,0.4161,0.4407,0.4023,0.453,0.3972,0.4479,0.4098,0.3852,0.5061,v0,bioclip_2_image
48190,/mnt/d/Photos/Z8/180-600mm/2026/2026-03-01/DSC_1626.NEF,23262,4,Blue,reject,picked,0.8414,0.5038,0.9932,0.3386,0.5877,0.9565,0.0013,0.0167,0.0002,0.0498,-0.0067,0.0035,0.0309,-0.0667,high quality,blurry,0.4164,0.4476,0.4463,0.4395,0.4111,0.4147,0.4395,0.3997,0.4474,0.3965,0.4462,0.4076,0.3838,0.5063,v0,bioclip_2_image
48191,/mnt/d/Photos/Z8/180-600mm/2026/2026-03-01/DSC_1627.NEF,23262,4,Blue,reject,picked,0.8456,0.4464,0.9948,0.3795,0.579,0.9413,0.0013,0.017,-0.0022,0.0525,-0.0049,0.0032,0.0277,-0.0667,high quality,blurry,0.4205,0.4506,0.4499,0.444,0.4148,0.4157,0.4425,0.4035,0.4528,0.3974,0.4489,0.4116,0.3879,0.5092,v0,bioclip_2_image
48192,/mnt/d/Photos/Z8/180-600mm/2026/2026-03-01/DSC_1628.NEF,23262,4,Blue,reject,picked,0.8495,0.4451,0.9939,0.3959,0.5986,0.9399,0.0013,0.0173,-0.0022,0.0509,-0.0042,0.004,0.0275,-0.0663,high quality,blurry,0.4212,0.451,0.45,0.4452,0.4158,0.4162,0.4421,0.4039,0.4532,0.3991,0.4495,0.4118,0.3887,0.5084,v0,bioclip_2_image
48193,/mnt/d/Photos/Z8/180-600mm/2026/2026-03-01/DSC_1629.NEF,23262,4,Blue,neutral,picked,0.8486,0.418,0.9946,0.4022,0.5974,0.9458,0.0013,0.0172,-0.0033,0.0521,-0.004,0.0039,0.0286,-0.0663,high quality,blurry,0.4189,0.4484,0.4484,0.4431,0.4133,0.4146,0.4401,0.4016,0.4517,0.3963,0.4471,0.4094,0.3861,0.5064,v0,bioclip_2_image
48194,/mnt/d/Photos/Z8/180-600mm/2026/2026-03-01/DSC_1630.NEF,23262,4,Blue,neutral,picked,0.8336,0.3898,0.9936,0.3706,0.5991,0.9438,0.0008,0.0161,-0.0045,0.0505,-0.0053,0.004,0.0282,-0.0713,high quality,blurry,0.4215,0.4482,0.4492,0.4451,0.4157,0.4174,0.4366,0.4054,0.4526,0.3988,0.4504,0.4116,0.3892,0.5079,v0,bioclip_2_image
48195,/mnt/d/Photos/Z8/180-600mm/2026/2026-03-01/DSC_1631.NEF,23262,4,Blue,reject,picked,0.8236,0.4041,0.9959,0.3276,0.5404,0.9344,0.001,0.0154,-0.0039,0.0548,-0.0072,0.0016,0.0266,-0.0694,high quality,blurry,0.4166,0.447,0.4489,0.4413,0.4102,0.4122,0.443,0.4012,0.4508,0.3941,0.4484,0.4086,0.3857,0.5124,v0,bioclip_2_image
48196,/mnt/d/Photos/Z8/180-600mm/2026/2026-03-01/DSC_1632.NEF,23262,4,Blue,neutral,picked,0.8362,0.4155,0.9947,0.3923,0.6102,0.9456,0.001,0.0163,-0.0034,0.0524,-0.0044,0.0045,0.0286,-0.0687,high quality,blurry,0.4213,0.4498,0.4505,0.4455,0.4168,0.4175,0.4384,0.405,0.4532,0.3982,0.4498,0.4123,0.3889,0.5071,v0,bioclip_2_image
48197,/mnt/d/Photos/Z8/180-600mm/2026/2026-03-01/DSC_1633.NEF,23262,4,Blue,neutral,picked,0.8448,0.4238,0.9946,0.3634,0.6068,0.948,0.0009,0.0169,-0.0031,0.0522,-0.0056,0.0043,0.029,-0.0698,high quality,blurry,0.4205,0.4482,0.4497,0.443,0.4161,0.4164,0.4353,0.4036,0.4513,0.3975,0.4486,0.4118,0.3873,0.5051,v0,bioclip_2_image
48198,/mnt/d/Photos/Z8/180-600mm/2026/2026-03-01/DSC_1634.NEF,23262,4,Blue,neutral,picked,0.8359,0.4131,0.9944,0.3411,0.5828,0.9487,0.0009,0.0163,-0.0035,0.0518,-0.0066,0.0033,0.0292,-0.0702,high quality,blurry,0.4204,0.4476,0.4497,0.4424,0.4163,0.4164,0.4353,0.4041,0.4511,0.3979,0.4489,0.4129,0.3872,0.5055,v0,bioclip_2_image
48199,/mnt/d/Photos/Z8/180-600mm/2026/2026-03-01/DSC_1635.NEF,23262,4,Blue,neutral,picked,0.8458,0.4584,0.9944,0.3435,0.6116,0.9451,0.0009,0.017,-0.0017,0.0518,-0.0065,0.0045,0.0285,-0.0698,high quality,blurry,0.4208,0.4487,0.4497,0.4424,0.4166,0.4158,0.4336,0.4038,0.4503,0.3979,0.4489,0.412,0.3874,0.5034,v0,bioclip_2_image
48200,/mnt/d/Photos/Z8/180-600mm/2026/2026-03-01/DSC_1636.NEF,23262,4,Blue,pick,picked,0.8263,0.4416,0.9941,0.3592,0.5339,0.9453,0.0011,0.0156,-0.0023,0.0513,-0.0058,0.0014,0.0285,-0.0683,high quality,blurry,0.4185,0.4477,0.4485,0.4409,0.4147,0.4157,0.4353,0.4029,0.4501,0.3972,0.4467,0.4134,0.3872,0.5035,v0,bioclip_2_image
48201,/mnt/d/Photos/Z8/180-600mm/2026/2026-03-01/DSC_1637.NEF,23262,4,Blue,reject,picked,0.8238,0.4212,0.9958,0.3462,0.5591,0.9327,0.0009,0.0154,-0.0032,0.0546,-0.0064,0.0024,0.0263,-0.0703,high quality,blurry,0.4188,0.4485,0.4502,0.4437,0.4116,0.4137,0.4419,0.4034,0.4516,0.3956,0.4501,0.4093,0.3875,0.5122,v0,bioclip_2_image
48202,/mnt/d/Photos/Z8/180-600mm/2026/2026-03-01/DSC_1638.NEF,23262,4,Blue,pick,picked,0.84,0.417,0.9965,0.3484,0.5964,0.9487,0.0011,0.0166,-0.0034,0.0564,-0.0063,0.0039,0.0292,-0.0685,high quality,blurry,0.4198,0.4509,0.4515,0.4438,0.4131,0.4159,0.4445,0.4032,0.4543,0.3951,0.45,0.4092,0.3867,0.5131,v0,bioclip_2_image
48203,/mnt/d/Photos/Z8/180-600mm/2026/2026-03-01/DSC_1639.NEF,23262,4,Blue,neutral,picked,0.865,0.4868,0.9948,0.3377,0.6011,0.953,0.0012,0.0186,-0.0005,0.0525,-0.0067,0.0041,0.0301,-0.0674,high quality,blurry,0.4234,0.4528,0.4519,0.4458,0.4158,0.4198,0.4406,0.4048,0.4533,0.3994,0.4526,0.4117,0.3897,0.508,v0,bioclip_2_image
48204,/mnt/d/Photos/Z8/180-600mm/2026/2026-03-01/DSC_1640.NEF,23262,4,Blue,neutral,picked,0.8427,0.4329,0.9944,0.3345,0.5545,0.9412,0.0011,0.0168,-0.0027,0.0517,-0.0069,0.0022,0.0277,-0.0681,high quality,blurry,0.4256,0.4541,0.4547,0.4466,0.4197,0.4211,0.438,0.4088,0.4568,0.403,0.4534,0.4175,0.3934,0.506,v0,bioclip_2_image
48205,/mnt/d/Photos/Z8/180-600mm/2026/2026-03-01/DSC_1641.NEF,23262,4,Blue,neutral,picked,0.8501,0.4211,0.9943,0.3324,0.5723,0.942,0.0011,0.0174,-0.0032,0.0515,-0.007,0.0029,0.0279,-0.0682,high quality,blurry,0.4263,0.4544,0.4552,0.4472,0.4196,0.4216,0.4375,0.4089,0.4576,0.4036,0.4542,0.4166,0.3937,0.5056,v0,bioclip_2_image
48206,/mnt/d/Photos/Z8/180-600mm/2026/2026-03-01/DSC_1642.NEF,23262,4,Blue,neutral,picked,0.847,0.4231,0.9945,0.3374,0.5677,0.943,0.0011,0.0171,-0.0031,0.0519,-0.0067,0.0027,0.0281,-0.0677,high quality,blurry,0.4255,0.4536,0.4543,0.4464,0.4187,0.4209,0.4371,0.4084,0.4567,0.4024,0.4531,0.416,0.3928,0.5048,v0,bioclip_2_image
48207,/mnt/d/Photos/Z8/180-600mm/2026/2026-03-01/DSC_1643.NEF,23262,4,Blue,neutral,picked,0.8448,0.3735,0.9936,0.2722,0.5834,0.9395,0.0008,0.0169,-0.0052,0.0505,-0.0098,0.0034,0.0274,-0.0711,high quality,blurry,0.4268,0.4522,0.4556,0.4449,0.4196,0.4216,0.4378,0.4098,0.4574,0.4051,0.4547,0.4162,0.3942,0.5088,v0,bioclip_2_image
48208,/mnt/d/Photos/Z8/180-600mm/2026/2026-03-01/DSC_1644.NEF,23262,4,Blue,pick,picked,0.8546,0.4108,0.9937,0.2688,0.6192,0.9383,0.0008,0.0177,-0.0036,0.0506,-0.01,0.0049,0.0272,-0.0717,high quality,blurry,0.4261,0.4518,0.4551,0.4448,0.4185,0.4208,0.4372,0.4084,0.4554,0.4044,0.4548,0.4136,0.3936,0.5089,v0,bioclip_2_image
48209,/mnt/d/Photos/Z8/180-600mm/2026/2026-03-01/DSC_1645.NEF,23262,4,Blue,neutral,picked,0.8416,0.4925,0.9939,0.2512,0.5815,0.9274,0.001,0.0167,-0.0003,0.051,-0.0109,0.0033,0.0255,-0.0696,high quality,blurry,0.4174,0.4492,0.4494,0.438,0.4112,0.4126,0.4358,0.4007,0.4495,0.3984,0.4489,0.4079,0.3871,0.5054,v0,bioclip_2_image
48210,/mnt/d/Photos/Z8/180-600mm/2026/2026-03-01/DSC_1646.NEF,23262,4,Blue,pick,picked,0.8332,0.3942,0.9945,0.3542,0.5554,0.9394,0.0012,0.0161,-0.0043,0.052,-0.006,0.0022,0.0274,-0.0676,high quality,blurry,0.4212,0.449,0.4509,0.4428,0.4145,0.4167,0.4403,0.4051,0.4533,0.3989,0.4488,0.4123,0.3893,0.5079,v0,bioclip_2_image
48211,/mnt/d/Photos/Z8/180-600mm/2026/2026-03-01/DSC_1647.NEF,23262,4,Blue,reject,picked,0.8366,0.3699,0.9949,0.3418,0.5498,0.9456,0.0012,0.0163,-0.0053,0.0528,-0.0066,0.002,0.0286,-0.0672,high quality,blurry,0.422,0.4502,0.4523,0.4432,0.4154,0.4182,0.4412,0.4057,0.4556,0.3995,0.4497,0.4134,0.3897,0.5084,v0,bioclip_2_image
48212,/mnt/d/Photos/Z8/180-600mm/2026/2026-03-01/DSC_1648.NEF,23262,4,Blue,pick,picked,0.8361,0.4067,0.9947,0.2854,0.5545,0.9413,0.0009,0.0163,-0.0038,0.0523,-0.0092,0.0022,0.0277,-0.0698,high quality,blurry,0.4182,0.4491,0.4495,0.439,0.4122,0.4149,0.439,0.4019,0.4529,0.3972,0.4482,0.41,0.3871,0.5088,v0,bioclip_2_image
48213,/mnt/d/Photos/Z8/180-600mm/2026/2026-03-01/DSC_1649.NEF,23262,4,Blue,pick,picked,0.8328,0.4155,0.9949,0.2806,0.5338,0.9437,0.0011,0.0161,-0.0034,0.0527,-0.0094,0.0014,0.0282,-0.068,high quality,blurry,0.4189,0.4506,0.4506,0.4402,0.413,0.4163,0.4416,0.4028,0.454,0.3979,0.4496,0.4117,0.3881,0.5096,v0,bioclip_2_image
48214,/mnt/d/Photos/Z8/180-600mm/2026/2026-03-01/DSC_1650.NEF,23262,4,Blue,reject,picked,0.8211,0.4182,0.9945,0.2747,0.5406,0.9254,0.0008,0.0152,-0.0033,0.052,-0.0097,0.0016,0.0252,-0.0713,high quality,blurry,0.4191,0.4492,0.4505,0.44,0.4141,0.4144,0.4362,0.4039,0.4525,0.3986,0.4497,0.4125,0.3893,0.5075,v0,bioclip_2_image
48215,/mnt/d/Photos/Z8/180-600mm/2026/2026-03-01/DSC_1651.NEF,23262,4,Blue,pick,picked,0.853,0.484,0.9936,0.3387,0.591,0.9567,0.0014,0.0176,-0.0006,0.0505,-0.0067,0.0037,0.031,-0.0659,high quality,blurry,0.4186,0.4474,0.4478,0.4397,0.4127,0.4159,0.437,0.401,0.4481,0.3973,0.4464,0.409,0.385,0.503,v0,bioclip_2_image
48216,/mnt/d/Photos/Z8/180-600mm/2026/2026-03-01/DSC_1652.NEF,23262,4,Blue,pick,picked,0.8511,0.5144,0.9936,0.3397,0.6148,0.9506,0.0013,0.0174,0.0006,0.0505,-0.0066,0.0047,0.0296,-0.0664,high quality,blurry,0.4185,0.4479,0.4477,0.4406,0.4122,0.415,0.4378,0.4011,0.4473,0.3972,0.4472,0.4075,0.3854,0.5043,v0,bioclip_2_image
48217,/mnt/d/Photos/Z8/180-600mm/2026/2026-03-01/DSC_1653.NEF,23262,4,Blue,reject,picked,0.8418,0.4005,0.9948,0.3267,0.5493,0.9536,0.0012,0.0167,-0.004,0.0526,-0.0072,0.002,0.0302,-0.0671,high quality,blurry,0.4223,0.45,0.4524,0.4432,0.4169,0.4202,0.4372,0.4056,0.4541,0.3998,0.4505,0.415,0.39,0.5043,v0,bioclip_2_image
48218,/mnt/d/Photos/Z8/180-600mm/2026/2026-03-01/DSC_1654.NEF,23262,4,Blue,neutral,picked,0.8663,0.491,0.9954,0.3499,0.6606,0.9475,0.0013,0.0187,-0.0004,0.0537,-0.0062,0.0067,0.0289,-0.0663,high quality,blurry,0.4215,0.4513,0.4511,0.4448,0.416,0.4177,0.4433,0.4028,0.4517,0.3973,0.451,0.4093,0.3888,0.5096,v0,bioclip_2_image
48219,/mnt/d/Photos/Z8/180-600mm/2026/2026-03-01/DSC_1655.NEF,23262,4,Blue,neutral,picked,0.8174,0.4466,0.9956,0.2928,0.6156,0.9242,0.0009,0.015,-0.0021,0.0542,-0.0088,0.0047,0.025,-0.0702,high quality,blurry,0.4146,0.4449,0.449,0.4379,0.4113,0.411,0.4368,0.3996,0.447,0.3948,0.4467,0.4066,0.386,0.507,v0,bioclip_2_image
48220,/mnt/d/Photos/Z8/180-600mm/2026/2026-03-01/DSC_1656.NEF,23262,4,Blue,neutral,picked,0.8388,0.3962,0.9954,0.393,0.5966,0.9327,0.0012,0.0165,-0.0042,0.0538,-0.0043,0.0039,0.0263,-0.0677,high quality,blurry,0.4188,0.4478,0.4504,0.443,0.4132,0.4148,0.4399,0.4023,0.452,0.3966,0.4474,0.4092,0.3885,0.5075,v0,bioclip_2_image
48221,/mnt/d/Photos/Z8/180-600mm/2026/2026-03-01/DSC_1657.NEF,23262,4,Blue,pick,picked,0.8321,0.4123,0.9953,0.3484,0.6175,0.9306,0.0011,0.016,-0.0035,0.0535,-0.0063,0.0048,0.026,-0.0685,high quality,blurry,0.419,0.4484,0.451,0.4428,0.4133,0.414,0.4417,0.403,0.4519,0.3975,0.449,0.4085,0.388,0.5101,v0,bioclip_2_image
48222,/mnt/d/Photos/Z8/180-600mm/2026/2026-03-01/DSC_1658.NEF,23262,4,Blue,reject,picked,0.8508,0.4273,0.995,0.3631,0.617,0.9491,0.0009,0.0174,-0.0029,0.0529,-0.0056,0.0048,0.0293,-0.0702,high quality,blurry,0.4209,0.4498,0.4514,0.444,0.4152,0.4185,0.4373,0.4035,0.4527,0.3985,0.4496,0.4104,0.3893,0.5074,v0,bioclip_2_image
48223,/mnt/d/Photos/Z8/180-600mm/2026/2026-03-01/DSC_1659.NEF,23262,4,Blue,neutral,picked,0.8668,0.3787,0.9955,0.3168,0.6267,0.9598,0.001,0.0187,-0.0049,0.0539,-0.0077,0.0052,0.0317,-0.0695,high quality,blurry,0.4247,0.45,0.4543,0.4446,0.4167,0.4225,0.4367,0.406,0.455,0.4003,0.4523,0.4115,0.3908,0.5062,v0,bioclip_2_image
48224,/mnt/d/Photos/Z8/180-600mm/2026/2026-03-01/DSC_1660.NEF,23262,4,Blue,neutral,picked,0.8561,0.3485,0.9954,0.3251,0.6188,0.9588,0.001,0.0178,-0.0063,0.0537,-0.0073,0.0048,0.0315,-0.069,high quality,blurry,0.422,0.449,0.4529,0.4423,0.4169,0.4211,0.4379,0.4042,0.4553,0.3992,0.4496,0.4121,0.3897,0.5069,v0,bioclip_2_image
48225,/mnt/d/Photos/Z8/180-600mm/2026/2026-03-01/DSC_1661.NEF,23262,4,Blue,reject,picked,0.8519,0.3311,0.996,0.3862,0.5985,0.9536,0.001,0.0175,-0.007,0.0551,-0.0046,0.004,0.0302,-0.0691,high quality,blurry,0.4224,0.448,0.4533,0.4429,0.4173,0.4206,0.4378,0.4049,0.455,0.3982,0.4476,0.4133,0.3904,0.5069,v0,bioclip_2_image
48226,/mnt/d/Photos/Z8/180-600mm/2026/2026-03-01/DSC_1662.NEF,23262,4,Blue,reject,picked,0.835,0.3753,0.9939,0.3581,0.5715,0.948,0.0012,0.0162,-0.0051,0.051,-0.0058,0.0029,0.029,-0.067,high quality,blurry,0.422,0.4489,0.4519,0.4427,0.4158,0.4196,0.438,0.4058,0.454,0.4009,0.4485,0.4129,0.3905,0.505,v0,bioclip_2_image
48227,/mnt/d/Photos/Z8/180-600mm/2026/2026-03-01/DSC_1663.NEF,23262,4,Blue,reject,picked,0.8303,0.342,0.9942,0.3666,0.5656,0.9477,0.001,0.0159,-0.0065,0.0515,-0.0055,0.0026,0.029,-0.0688,high quality,blurry,0.4221,0.4481,0.4523,0.4432,0.4171,0.4201,0.4375,0.4063,0.4547,0.4009,0.4486,0.4144,0.3912,0.5063,v0,bioclip_2_image
48228,/mnt/d/Photos/Z8/180-600mm/2026/2026-03-01/DSC_1664.NEF,23262,4,Blue,neutral,picked,0.8189,0.3385,0.9949,0.3466,0.5708,0.9456,0.0011,0.0151,-0.0067,0.0527,-0.0063,0.0029,0.0285,-0.0682,high quality,blurry,0.4174,0.4449,0.449,0.4406,0.414,0.4151,0.4385,0.4023,0.4516,0.3963,0.4469,0.4112,0.3865,0.5067,v0,bioclip_2_image
48229,/mnt/d/Photos/Z8/180-600mm/2026/2026-03-01/DSC_1665.NEF,23262,4,Blue,reject,picked,0.8233,0.359,0.9951,0.3735,0.6157,0.9427,0.0013,0.0154,-0.0058,0.0531,-0.0052,0.0047,0.028,-0.0668,high quality,blurry,0.4167,0.4448,0.4483,0.4404,0.4151,0.4133,0.4414,0.4013,0.4506,0.3952,0.4456,0.4104,0.3853,0.5083,v0,bioclip_2_image
48230,/mnt/d/Photos/Z8/180-600mm/2026/2026-03-01/DSC_1666.NEF,23262,4,Blue,reject,picked,0.8224,0.3621,0.9953,0.3509,0.608,0.9461,0.0012,0.0153,-0.0057,0.0535,-0.0062,0.0044,0.0286,-0.0671,high quality,blurry,0.4161,0.4447,0.448,0.4397,0.4145,0.4133,0.4414,0.4008,0.4503,0.3945,0.4458,0.4101,0.3847,0.5085,v0,bioclip_2_image
48231,/mnt/d/Photos/Z8/180-600mm/2026/2026-03-01/DSC_1667.NEF,23262,4,Blue,reject,picked,0.8242,0.3547,0.9953,0.34,0.5831,0.9492,0.0012,0.0155,-0.006,0.0535,-0.0066,0.0034,0.0293,-0.0676,high quality,blurry,0.4173,0.4452,0.4497,0.4399,0.4146,0.4156,0.44,0.4018,0.4511,0.3962,0.4465,0.4113,0.3864,0.5076,v0,bioclip_2_image
48232,/mnt/d/Photos/Z8/180-600mm/2026/2026-03-01/DSC_1668.NEF,23262,4,Blue,reject,picked,0.8212,0.3559,0.9953,0.3533,0.591,0.947,0.0012,0.0152,-0.0059,0.0535,-0.006,0.0037,0.0288,-0.0672,high quality,blurry,0.4172,0.4463,0.4499,0.4407,0.4147,0.4153,0.4412,0.402,0.4522,0.3965,0.4467,0.411,0.3865,0.5084,v0,bioclip_2_image
48233,/mnt/d/Photos/Z8/180-600mm/2026/2026-03-01/DSC_1669.NEF,23263,4,Blue,reject,picked,0.8409,0.2219,0.9932,0.2852,0.6615,0.8059,0.0007,0.0166,-0.0125,0.0499,-0.0092,0.0067,0.0142,-0.0722,high quality,blurry,0.4295,0.4534,0.4546,0.4487,0.4223,0.4109,0.4513,0.4129,0.4659,0.4047,0.4579,0.4156,0.3966,0.5236,v0,bioclip_2_image
48234,/mnt/d/Photos/Z8/180-600mm/2026/2026-03-01/DSC_1670.NEF,23263,3,Blue,reject,neutral,0.8796,0.1639,0.9872,0.1289,0.698,0.9247,0.0042,0.0199,-0.0163,0.0435,-0.0191,0.0084,0.0251,-0.0548,a photo with strong subject separation,blurry,0.4304,0.4474,0.4502,0.4432,0.4242,0.4228,0.4611,0.4105,0.4636,0.4067,0.4623,0.4159,0.3977,0.5159,v0,bioclip_2_image
48235,/mnt/d/Photos/Z8/180-600mm/2026/2026-03-01/DSC_1671.NEF,23264,3,Green,reject,neutral,0.8859,0.5389,0.9923,0.4001,0.5326,0.9275,0.0013,0.0205,0.0016,0.0486,-0.0041,0.0013,0.0255,-0.0667,high quality,blurry,0.4153,0.443,0.4414,0.4326,0.4055,0.41,0.4355,0.3949,0.4415,0.3928,0.4367,0.4042,0.3845,0.5023,v0,bioclip_2_image
48236,/mnt/d/Photos/Z8/180-600mm/2026/2026-03-01/DSC_1672.NEF,23264,3,Green,neutral,neutral,0.8881,0.5442,0.9933,0.3688,0.5465,0.9194,0.0012,0.0207,0.0018,0.0499,-0.0054,0.0019,0.0243,-0.067,high quality,blurry,0.4197,0.4448,0.4458,0.4361,0.4086,0.4129,0.4371,0.3989,0.443,0.3959,0.4415,0.4068,0.3885,0.5042,v0,bioclip_2_image
48237,/mnt/d/Photos/Z8/180-600mm/2026/2026-03-01/DSC_1673.NEF,23264,3,Green,pick,neutral,0.9106,0.5862,0.9933,0.5116,0.5825,0.935,0.0016,0.0232,0.0035,0.0499,0.0005,0.0033,0.0267,-0.0643,high quality,blurry,0.4132,0.441,0.4402,0.433,0.404,0.4067,0.4411,0.3899,0.4375,0.3903,0.4325,0.4007,0.38,0.5054,v0,bioclip_2_image
48238,/mnt/d/Photos/Z8/180-600mm/2026/2026-03-01/DSC_1674.NEF,23264,3,Green,neutral,neutral,0.9055,0.4913,0.9947,0.5139,0.6667,0.9401,0.0018,0.0226,-0.0003,0.0523,0.0006,0.0069,0.0275,-0.0634,high quality,blurry,0.4211,0.4452,0.4461,0.4383,0.4121,0.4129,0.4416,0.3985,0.4456,0.3939,0.4377,0.4052,0.3853,0.5051,v0,bioclip_2_image
48239,/mnt/d/Photos/Z8/180-600mm/2026/2026-03-01/DSC_1675.NEF,23263,3,Green,reject,neutral,0.8884,0.4401,0.9943,0.443,0.6072,0.9509,0.0015,0.0207,-0.0024,0.0516,-0.0023,0.0044,0.0296,-0.0647,high quality,blurry,0.4212,0.4446,0.4481,0.4387,0.4135,0.4169,0.4381,0.4004,0.447,0.3965,0.441,0.4091,0.3873,0.5029,v0,bioclip_2_image
48240,/mnt/d/Photos/Z8/180-600mm/2026/2026-03-01/DSC_1676.NEF,23263,4,Blue,pick,picked,0.8806,0.4763,0.994,0.4302,0.5507,0.9466,0.0017,0.02,-0.0009,0.0512,-0.0028,0.002,0.0288,-0.0637,high quality,blurry,0.4206,0.4452,0.4467,0.4376,0.4115,0.4157,0.4389,0.4006,0.4461,0.3955,0.4404,0.4095,0.387,0.5026,v0,bioclip_2_image
48241,/mnt/d/Photos/Z8/180-600mm/2026/2026-03-01/DSC_1677.NEF,23263,4,Blue,pick,picked,0.7999,0.4537,0.9829,0.1985,0.5252,0.6393,0.0006,0.0139,-0.0019,0.0405,-0.014,0.001,0.0057,-0.0747,high quality,blurry,0.4148,0.4463,0.4416,0.4418,0.4042,0.396,0.4497,0.401,0.4482,0.4011,0.4557,0.4032,0.3902,0.5243,v0,bioclip_2_image
48242,/mnt/d/Photos/Z8/180-600mm/2026/2026-03-01/DSC_1678.NEF,23263,4,Blue,neutral,picked,0.8318,0.4256,0.9954,0.3757,0.4737,0.923,0.001,0.016,-0.003,0.0537,-0.0051,-0.0011,0.0248,-0.0687,high quality,blurry,0.4121,0.4429,0.4439,0.4365,0.4049,0.4094,0.4471,0.3961,0.4459,0.3902,0.4416,0.406,0.3846,0.5157,v0,bioclip_2_image
48243,/mnt/d/Photos/Z8/180-600mm/2026/2026-03-01/DSC_1679.NEF,23263,4,Blue,reject,picked,0.8631,0.4932,0.9942,0.3543,0.5882,0.9232,0.0009,0.0184,-0.0003,0.0515,-0.006,0.0036,0.0249,-0.0696,high quality,blurry,0.4138,0.4425,0.4443,0.434,0.4062,0.4096,0.4419,0.3954,0.4427,0.3929,0.44,0.4027,0.3847,0.5115,v0,bioclip_2_image
48244,/mnt/d/Photos/Z8/180-600mm/2026/2026-03-01/DSC_1680.NEF,23263,4,Blue,neutral,picked,0.8849,0.5425,0.9935,0.5425,0.5545,0.9022,0.0012,0.0204,0.0017,0.0504,0.0017,0.0022,0.0222,-0.0674,high quality,blurry,0.4057,0.4379,0.4352,0.4313,0.3976,0.3998,0.4405,0.3853,0.4362,0.3848,0.4296,0.3954,0.3776,0.5078,v0,bioclip_2_image
48245,/mnt/d/Photos/Z8/180-600mm/2026/2026-03-01/DSC_1681.NEF,23263,4,Blue,neutral,picked,0.8674,0.4768,0.9946,0.3557,0.5135,0.893,0.0009,0.0188,-0.0009,0.0521,-0.0059,0.0005,0.0212,-0.0702,high quality,blurry,0.4062,0.4361,0.4369,0.4299,0.397,0.4002,0.4381,0.3874,0.437,0.3847,0.4359,0.3964,0.379,0.5083,v0,bioclip_2_image
48246,/mnt/d/Photos/Z8/180-600mm/2026/2026-03-01/DSC_1682.NEF,23263,4,Blue,neutral,picked,0.872,0.395,0.9948,0.3747,0.5829,0.9407,0.0013,0.0192,-0.0043,0.0526,-0.0051,0.0033,0.0276,-0.0665,high quality,blurry,0.4184,0.4443,0.4469,0.4383,0.4099,0.4153,0.4346,0.3992,0.4486,0.3943,0.4434,0.4066,0.3876,0.5011,v0,bioclip_2_image
48247,/mnt/d/Photos/Z8/180-600mm/2026/2026-03-01/DSC_1683.NEF,23263,4,Blue,pick,picked,0.9006,0.4885,0.9939,0.307,0.5782,0.9452,0.001,0.022,-0.0005,0.0509,-0.0081,0.0032,0.0285,-0.0689,high quality,blurry,0.4142,0.4422,0.4409,0.4367,0.4052,0.4113,0.4411,0.3922,0.4427,0.39,0.4448,0.402,0.3829,0.51,v0,bioclip_2_image
48248,/mnt/d/Photos/Z8/180-600mm/2026/2026-03-01/DSC_1684.NEF,23263,4,Blue,pick,picked,0.891,0.428,0.9933,0.3389,0.5335,0.9349,0.0013,0.021,-0.0029,0.05,-0.0067,0.0013,0.0267,-0.0662,high quality,blurry,0.4155,0.4437,0.4431,0.4384,0.4078,0.4135,0.449,0.3944,0.4466,0.3931,0.445,0.4065,0.3869,0.5152,v0,bioclip_2_image
48249,/mnt/d/Photos/Z8/180-600mm/2026/2026-03-01/DSC_1685.NEF,23263,4,Blue,pick,picked,0.8889,0.5037,0.9936,0.3708,0.534,0.9265,0.0017,0.0208,0.0001,0.0505,-0.0053,0.0014,0.0253,-0.0638,high quality,blurry,0.4148,0.4435,0.4434,0.4342,0.4064,0.4101,0.4425,0.394,0.4434,0.3929,0.4395,0.405,0.3848,0.5063,v0,bioclip_2_image
48250,/mnt/d/Photos/Z8/180-600mm/2026/2026-03-01/DSC_1686.NEF,23263,4,Blue,neutral,picked,0.8976,0.4544,0.9929,0.3163,0.5912,0.953,0.0014,0.0217,-0.0018,0.0494,-0.0077,0.0037,0.0301,-0.0655,high quality,blurry,0.4133,0.4407,0.4416,0.4335,0.4037,0.4121,0.445,0.3916,0.4425,0.3922,0.4412,0.4,0.382,0.5105,v0,bioclip_2_image
48251,/mnt/d/Photos/Z8/180-600mm/2026/2026-03-01/DSC_1687.NEF,23263,4,Blue,neutral,picked,0.8091,0.3681,0.9908,0.2433,0.6035,0.8154,0.0011,0.0144,-0.0054,0.0468,-0.0113,0.0042,0.0149,-0.0683,high quality,blurry,0.4085,0.4386,0.4351,0.4295,0.4043,0.3998,0.4507,0.394,0.444,0.3883,0.4409,0.4001,0.385,0.5191,v0,bioclip_2_image
48252,/mnt/d/Photos/Z8/180-600mm/2026/2026-03-01/DSC_1688.NEF,23263,3,Blue,reject,neutral,0.8763,0.4035,0.991,0.3233,0.5564,0.9062,0.001,0.0196,-0.0039,0.047,-0.0074,0.0023,0.0227,-0.0687,high quality,blurry,0.4125,0.443,0.4397,0.4376,0.3998,0.4092,0.4439,0.3929,0.4469,0.3927,0.445,0.3975,0.3865,0.5126,v0,bioclip_2_image
48253,/mnt/d/Photos/Z8/180-600mm/2026/2026-03-01/DSC_1689.NEF,23263,4,Blue,neutral,picked,0.8782,0.3982,0.9946,0.2646,0.4795,0.9271,0.0012,0.0198,-0.0041,0.0522,-0.0102,-0.0008,0.0254,-0.0669,high quality,blurry,0.4185,0.4478,0.4491,0.4364,0.4104,0.4171,0.4423,0.3987,0.4519,0.3968,0.4466,0.4112,0.3917,0.5091,v0,bioclip_2_image
48254,/mnt/d/Photos/Z8/180-600mm/2026/2026-03-01/DSC_1690.NEF,23263,4,Blue,neutral,picked,0.7279,0.3149,0.9913,0.1452,0.3023,0.8164,0.0002,0.0098,-0.0078,0.0474,-0.0177,-0.0084,0.0149,-0.0839,high quality,blurry,0.4045,0.4339,0.4389,0.4233,0.3982,0.3987,0.4279,0.3947,0.4417,0.3915,0.441,0.4065,0.3838,0.5118,v0,bioclip_2_image
48255,/mnt/d/Photos/Z8/180-600mm/2026/2026-03-01/DSC_1691.NEF,23265,3,Blue,reject,neutral,0.8074,0.2315,0.994,0.2421,0.3502,0.8871,0.0005,0.0143,-0.012,0.051,-0.0114,-0.0062,0.0206,-0.0768,high quality,blurry,0.4123,0.44,0.4482,0.4311,0.4092,0.4102,0.4375,0.3979,0.452,0.3972,0.4425,0.4154,0.3896,0.5143,v0,bioclip_2_image
48256,/mnt/d/Photos/Z8/180-600mm/2026/2026-03-01/DSC_1692.NEF,23265,4,Blue,neutral,picked,0.8145,0.3179,0.994,0.2768,0.4041,0.9005,0.0006,0.0148,-0.0076,0.0511,-0.0096,-0.0039,0.022,-0.0741,high quality,blurry,0.4116,0.44,0.4441,0.4317,0.4044,0.4103,0.4382,0.3968,0.4476,0.3931,0.4413,0.4083,0.3882,0.5123,v0,bioclip_2_image
48257,/mnt/d/Photos/Z8/180-600mm/2026/2026-03-01/DSC_1693.NEF,23265,4,Blue,neutral,picked,0.7948,0.3372,0.992,0.2699,0.3909,0.8622,0.0006,0.0135,-0.0068,0.0482,-0.01,-0.0044,0.0183,-0.0738,high quality,blurry,0.4099,0.44,0.4412,0.4331,0.4033,0.4056,0.4458,0.3963,0.4467,0.393,0.443,0.4078,0.3873,0.5196,v0,bioclip_2_image
48258,/mnt/d/Photos/Z8/180-600mm/2026/2026-03-01/DSC_1694.NEF,23265,4,Blue,reject,picked,0.8236,0.2198,0.9936,0.2581,0.3983,0.8701,0.0004,0.0154,-0.0127,0.0504,-0.0106,-0.0041,0.019,-0.0777,high quality,blurry,0.4066,0.435,0.4405,0.4307,0.4026,0.4055,0.4408,0.3912,0.4477,0.3901,0.4413,0.4067,0.3865,0.5186,v0,bioclip_2_image
48259,/mnt/d/Photos/Z8/180-600mm/2026/2026-03-01/DSC_1695.NEF,23265,4,Blue,reject,picked,0.7472,0.1815,0.9932,0.2201,0.3084,0.8673,0.0002,0.0108,-0.0151,0.0498,-0.0127,-0.0081,0.0188,-0.0834,high quality,blurry,0.4062,0.4355,0.4397,0.4285,0.4047,0.4041,0.4431,0.3954,0.4505,0.39,0.4411,0.4127,0.3853,0.5266,v0,bioclip_2_image
48260,/mnt/d/Photos/Z8/180-600mm/2026/2026-03-01/DSC_1696.NEF,23265,3,Blue,reject,neutral,0.8601,0.4269,0.9917,0.2955,0.4609,0.9303,0.0009,0.0182,-0.0029,0.0478,-0.0087,-0.0016,0.0259,-0.0705,high quality,blurry,0.4158,0.4443,0.445,0.4359,0.4072,0.4128,0.4405,0.3976,0.4473,0.3972,0.4446,0.4088,0.3869,0.5109,v0,bioclip_2_image
48261,/mnt/d/Photos/Z8/180-600mm/2026/2026-03-01/DSC_1697.NEF,23265,4,Blue,neutral,picked,0.9104,0.4639,0.9943,0.3842,0.6266,0.9411,0.0018,0.0232,-0.0014,0.0515,-0.0047,0.0052,0.0277,-0.0634,high quality,blurry,0.4151,0.444,0.4432,0.4353,0.4059,0.4095,0.4465,0.392,0.4454,0.3917,0.44,0.4007,0.3818,0.5099,v0,bioclip_2_image
48262,/mnt/d/Photos/Z8/180-600mm/2026/2026-03-01/DSC_1698.NEF,23265,4,Blue,neutral,picked,0.9215,0.5554,0.9951,0.3475,0.6699,0.9419,0.0013,0.0246,0.0022,0.0531,-0.0063,0.0071,0.0279,-0.0663,high quality,blurry,0.401,0.4312,0.4286,0.4195,0.3962,0.3943,0.4446,0.3764,0.4289,0.3755,0.4258,0.3891,0.3664,0.5109,v0,bioclip_2_image
48263,/mnt/d/Photos/Z8/180-600mm/2026/2026-03-01/DSC_1699.NEF,23265,4,Blue,neutral,picked,0.8616,0.3588,0.994,0.2763,0.5865,0.9409,0.0009,0.0183,-0.0058,0.0511,-0.0096,0.0035,0.0277,-0.0704,high quality,blurry,0.4175,0.4438,0.4482,0.4373,0.4107,0.416,0.4392,0.3993,0.4496,0.3971,0.447,0.4072,0.3883,0.5097,v0,bioclip_2_image
48264,/mnt/d/Photos/Z8/180-600mm/2026/2026-03-01/DSC_1700.NEF,23265,4,Blue,neutral,picked,0.8663,0.3238,0.9948,0.3843,0.4884,0.9614,0.0014,0.0187,-0.0074,0.0526,-0.0047,-0.0005,0.0322,-0.0655,high quality,blurry,0.4214,0.4442,0.4496,0.4391,0.4121,0.421,0.4374,0.4027,0.4515,0.3969,0.4439,0.4126,0.3888,0.5029,v0,bioclip_2_image
48265,/mnt/d/Photos/Z8/180-600mm/2026/2026-03-01/DSC_1701.NEF,23265,4,Blue,pick,picked,0.8491,0.3732,0.9916,0.3478,0.4846,0.9365,0.0009,0.0173,-0.0052,0.0478,-0.0063,-0.0006,0.0269,-0.0706,high quality,blurry,0.4177,0.4427,0.4443,0.4359,0.4091,0.4142,0.431,0.4004,0.4479,0.3966,0.4422,0.4097,0.3873,0.5016,v0,bioclip_2_image
48266,/mnt/d/Photos/Z8/180-600mm/2026/2026-03-01/DSC_1702.NEF,23265,4,Blue,pick,picked,0.8673,0.3135,0.9943,0.3123,0.5537,0.9511,0.0008,0.0188,-0.0078,0.0516,-0.0079,0.0022,0.0297,-0.0717,high quality,blurry,0.4135,0.4393,0.4421,0.4332,0.405,0.4123,0.4364,0.3948,0.4472,0.3905,0.4411,0.4028,0.3826,0.508,v0,bioclip_2_image
48267,/mnt/d/Photos/Z8/180-600mm/2026/2026-03-01/DSC_1703.NEF,23265,4,Blue,pick,picked,0.8679,0.2775,0.9957,0.3976,0.5986,0.9511,0.0012,0.0188,-0.0096,0.0544,-0.0042,0.004,0.0297,-0.0676,high quality,blurry,0.4194,0.4414,0.448,0.4399,0.4123,0.4179,0.4395,0.4005,0.451,0.3936,0.444,0.4083,0.3882,0.5071,v0,bioclip_2_image
48268,/mnt/d/Photos/Z8/180-600mm/2026/2026-03-01/DSC_1704.NEF,23265,4,Blue,neutral,picked,0.7889,0.1858,0.9897,0.1203,0.5536,0.9032,0.0005,0.0132,-0.0148,0.0456,-0.0199,0.0022,0.0223,-0.0756,a photo with strong subject separation,blurry,0.415,0.4406,0.4468,0.434,0.4097,0.4104,0.4415,0.4019,0.4554,0.4012,0.4539,0.4075,0.3881,0.5171,v0,bioclip_2_image
48269,/mnt/d/Photos/Z8/180-600mm/2026/2026-03-01/DSC_1705.NEF,23265,4,Blue,pick,picked,0.8119,0.2969,0.992,0.1581,0.4696,0.9299,0.0006,0.0146,-0.0086,0.0482,-0.0167,-0.0012,0.0258,-0.0741,high quality,blurry,0.4117,0.4392,0.4445,0.4273,0.4082,0.4131,0.437,0.3971,0.4478,0.3964,0.4441,0.4094,0.3873,0.5112,v0,bioclip_2_image
48270,/mnt/d/Photos/Z8/180-600mm/2026/2026-03-01/DSC_1706.NEF,23266,4,Blue,pick,picked,0.913,0.2796,0.9907,0.2233,0.5357,0.9766,0.0015,0.0235,-0.0095,0.0467,-0.0125,0.0014,0.0373,-0.0652,a photo with strong subject separation,blurry,0.4126,0.4378,0.4308,0.4275,0.4025,0.4124,0.468,0.3891,0.4472,0.3841,0.4399,0.4011,0.3751,0.5333,v0,bioclip_2_image
48271,/mnt/d/Photos/Z8/180-600mm/2026/2026-03-01/DSC_1707.NEF,23266,4,Blue,pick,picked,0.9288,0.3963,0.9914,0.1275,0.5544,0.9752,0.0015,0.0257,-0.0042,0.0474,-0.0192,0.0022,0.0367,-0.0648,a photo with strong subject separation,blurry,0.4052,0.4325,0.4223,0.4183,0.3952,0.4062,0.4702,0.3795,0.4367,0.3749,0.4375,0.393,0.3695,0.535,v0,bioclip_2_image
48272,/mnt/d/Photos/Z8/180-600mm/2026/2026-03-01/DSC_1708.NEF,23266,4,Blue,pick,picked,0.9505,0.4543,0.9958,0.2086,0.6896,0.9634,0.0023,0.0295,-0.0018,0.0546,-0.0133,0.008,0.0327,-0.0609,a photo with strong subject separation,blurry,0.4158,0.4463,0.4376,0.428,0.4022,0.4108,0.4954,0.3862,0.4482,0.383,0.4414,0.3942,0.3781,0.5563,v0,bioclip_2_image
48273,/mnt/d/Photos/Z8/180-600mm/2026/2026-03-01/DSC_1709.NEF,23266,4,Blue,pick,picked,0.9546,0.4398,0.9951,0.2336,0.654,0.9711,0.0016,0.0304,-0.0024,0.0532,-0.0119,0.0064,0.0351,-0.0645,a photo with strong subject separation,blurry,0.4107,0.4403,0.4317,0.4276,0.4023,0.408,0.4846,0.3803,0.4427,0.3785,0.4395,0.3959,0.3728,0.5491,v0,bioclip_2_image
48274,/mnt/d/Photos/Z8/180-600mm/2026/2026-03-01/DSC_1710.NEF,23266,3,Blue,pick,neutral,0.9447,0.2881,0.9929,0.2094,0.7386,0.9725,0.0015,0.0284,-0.009,0.0494,-0.0133,0.0104,0.0356,-0.0653,a photo with strong subject separation,blurry,0.4237,0.4492,0.442,0.4404,0.4134,0.4218,0.48,0.3953,0.4583,0.3926,0.4537,0.403,0.3861,0.5452,v0,bioclip_2_image
48275,/mnt/d/Photos/Z8/180-600mm/2026/2026-03-01/DSC_1711.NEF,23266,4,Blue,pick,picked,0.9244,0.5429,0.9957,0.2062,0.5036,0.9069,0.0009,0.025,0.0017,0.0544,-0.0135,0.0001,0.0228,-0.0701,a photo with strong subject separation,blurry,0.4168,0.4441,0.4348,0.4257,0.4,0.4047,0.4786,0.3917,0.4424,0.3804,0.4392,0.3998,0.3819,0.5487,v0,bioclip_2_image
48276,/mnt/d/Photos/Z8/180-600mm/2026/2026-03-01/DSC_1712.NEF,23266,4,Blue,pick,picked,0.9248,0.4704,0.9943,0.2114,0.6159,0.9411,0.0014,0.0251,-0.0012,0.0516,-0.0132,0.0047,0.0277,-0.0658,a photo with strong subject separation,blurry,0.4196,0.4488,0.4393,0.4307,0.4081,0.4117,0.4813,0.3945,0.4499,0.3876,0.4438,0.4033,0.384,0.547,v0,bioclip_2_image
48277,/mnt/d/Photos/Z8/180-600mm/2026/2026-03-01/DSC_1713.NEF,23266,4,Blue,pick,picked,0.9431,0.3574,0.9956,0.2085,0.7405,0.9689,0.0023,0.0281,-0.0059,0.0541,-0.0133,0.0105,0.0344,-0.0609,a photo with strong subject separation,blurry,0.4149,0.4425,0.4388,0.4293,0.4088,0.4153,0.4822,0.3868,0.4484,0.3847,0.4426,0.3984,0.3809,0.5431,v0,bioclip_2_image
48278,/mnt/d/Photos/Z8/180-600mm/2026/2026-03-01/DSC_1714.NEF,23266,3,Blue,pick,neutral,0.948,0.3117,0.9952,0.2418,0.7194,0.976,0.0014,0.029,-0.0079,0.0534,-0.0114,0.0094,0.037,-0.0659,a photo with strong subject separation,blurry,0.4121,0.4386,0.4343,0.4299,0.4067,0.4133,0.4828,0.3831,0.4465,0.381,0.4413,0.3973,0.3762,0.5487,v0,bioclip_2_image
48279,/mnt/d/Photos/Z8/180-600mm/2026/2026-03-01/DSC_1715.NEF,23266,3,Blue,pick,neutral,0.9213,0.2257,0.9959,0.1774,0.5882,0.8683,0.0014,0.0246,-0.0123,0.0548,-0.0153,0.0036,0.0189,-0.0654,a photo with strong subject separation,blurry,0.4172,0.4454,0.4412,0.4284,0.408,0.4057,0.4992,0.3926,0.4577,0.3863,0.4437,0.4045,0.3869,0.5646,v0,bioclip_2_image
48280,/mnt/d/Photos/Z8/180-600mm/2026/2026-03-01/DSC_1716.NEF,23266,3,Blue,pick,neutral,0.9281,0.422,0.9939,0.261,0.6355,0.9712,0.0012,0.0256,-0.0031,0.0509,-0.0104,0.0056,0.0352,-0.0669,a photo with strong subject separation,blurry,0.4148,0.4421,0.4333,0.4306,0.4057,0.4123,0.4708,0.3892,0.4452,0.3824,0.441,0.4001,0.3772,0.5377,v0,bioclip_2_image
48281,/mnt/d/Photos/Z8/180-600mm/2026/2026-03-01/DSC_1717.NEF,23266,4,Blue,pick,picked,0.943,0.5406,0.9955,0.1572,0.7598,0.9653,0.0018,0.0281,0.0016,0.0539,-0.0168,0.0115,0.0333,-0.0631,a photo with strong subject separation,blurry,0.4099,0.44,0.4307,0.4219,0.4072,0.4053,0.4859,0.3818,0.4383,0.3768,0.4387,0.3957,0.3721,0.549,v0,bioclip_2_image
48282,/mnt/d/Photos/Z8/180-600mm/2026/2026-03-01/DSC_1718.NEF,23266,3,Blue,pick,neutral,0.9591,0.3226,0.9929,0.2625,0.7167,0.9868,0.0026,0.0316,-0.0074,0.0493,-0.0103,0.0093,0.0432,-0.0594,a photo with strong subject separation,blurry,0.4157,0.4393,0.4328,0.4332,0.4092,0.419,0.4753,0.3841,0.4467,0.3834,0.4435,0.3999,0.3758,0.5348,v0,bioclip_2_image
48283,/mnt/d/Photos/Z8/180-600mm/2026/2026-03-01/DSC_1719.NEF,23266,3,Blue,pick,neutral,0.8988,0.4052,0.9955,0.2472,0.7179,0.8679,0.001,0.0218,-0.0038,0.0541,-0.0111,0.0093,0.0188,-0.0691,a photo with strong subject separation,blurry,0.4147,0.4458,0.4372,0.43,0.4124,0.4033,0.4871,0.3929,0.4496,0.3832,0.4411,0.4031,0.3844,0.5563,v0,bioclip_2_image
48284,/mnt/d/Photos/Z8/180-600mm/2026/2026-03-01/DSC_1720.NEF,23266,3,Blue,pick,neutral,0.94,0.3607,0.9939,0.3125,0.708,0.9804,0.0017,0.0275,-0.0057,0.0509,-0.0079,0.0089,0.0391,-0.0639,a photo with strong subject separation,blurry,0.4167,0.4435,0.4353,0.4354,0.4106,0.4158,0.4783,0.3892,0.4493,0.3844,0.4433,0.4018,0.3766,0.5422,v0,bioclip_2_image
48285,/mnt/d/Photos/Z8/180-600mm/2026/2026-03-01/DSC_1721.NEF,23266,4,Blue,pick,picked,0.9453,0.3859,0.9934,0.2058,0.6421,0.9766,0.0023,0.0285,-0.0046,0.0501,-0.0135,0.0058,0.0373,-0.0609,a photo with strong subject separation,blurry,0.4095,0.4384,0.4278,0.4261,0.4008,0.4077,0.4741,0.3811,0.4431,0.3777,0.4396,0.3949,0.3704,0.535,v0,bioclip_2_image
48286,/mnt/d/Photos/Z8/180-600mm/2026/2026-03-01/DSC_1722.NEF,23266,3,Blue,neutral,neutral,0.9493,0.4546,0.9984,0.1663,0.4833,0.9921,0.0011,0.0293,-0.0018,0.0642,-0.0161,-0.0007,0.0484,-0.0678,a photo with strong subject separation,blurry,0.4156,0.4406,0.4399,0.4225,0.4013,0.4194,0.4697,0.3863,0.4424,0.3757,0.4387,0.402,0.371,0.5376,v0,bioclip_2_image
48287,/mnt/d/Photos/Z8/180-600mm/2026/2026-03-01/DSC_1723.NEF,23266,3,Blue,reject,neutral,0.9667,0.4771,0.9984,0.1364,0.6388,0.9887,0.0006,0.0337,-0.0009,0.0645,-0.0185,0.0057,0.0447,-0.0738,high quality,blurry,0.4074,0.4314,0.4321,0.4173,0.3927,0.4136,0.4724,0.3737,0.4323,0.3676,0.4357,0.387,0.3689,0.5462,v0,bioclip_2_image
48288,/mnt/d/Photos/Z8/180-600mm/2026/2026-03-01/DSC_1724.NEF,23266,3,Blue,neutral,neutral,0.9786,0.3057,0.999,0.1515,0.7477,0.9943,0.0012,0.0382,-0.0082,0.0687,-0.0172,0.0109,0.0516,-0.0673,high quality,blurry,0.4218,0.4444,0.4445,0.4349,0.4005,0.4222,0.488,0.3836,0.4526,0.3758,0.4521,0.3897,0.3707,0.5553,v0,bioclip_2_image
48289,/mnt/d/Photos/Z8/180-600mm/2026/2026-03-01/DSC_1725.NEF,23266,3,Blue,neutral,neutral,0.9399,0.3193,0.9965,0.267,0.5134,0.9826,0.001,0.0275,-0.0076,0.0566,-0.0101,0.0005,0.0403,-0.0689,a photo with strong subject separation,blurry,0.426,0.4456,0.4481,0.4379,0.4087,0.4251,0.4616,0.3985,0.4531,0.3916,0.448,0.4082,0.3848,0.5306,v0,bioclip_2_image
48290,/mnt/d/Photos/Z8/180-600mm/2026/2026-03-01/DSC_1726.NEF,23266,3,Blue,neutral,neutral,0.9293,0.3235,0.9964,0.2788,0.4352,0.9768,0.0009,0.0258,-0.0074,0.0563,-0.0095,-0.0026,0.0374,-0.0698,a photo with strong subject separation,blurry,0.4267,0.447,0.4497,0.4401,0.4099,0.4243,0.4569,0.401,0.4543,0.3934,0.4496,0.4125,0.3869,0.5267,v0,bioclip_2_image
48291,/mnt/d/Photos/Z8/180-600mm/2026/2026-03-01/DSC_1727.NEF,23266,3,Blue,neutral,neutral,0.9506,0.3285,0.9986,0.2008,0.6073,0.9885,0.0013,0.0296,-0.0071,0.0657,-0.0138,0.0044,0.0445,-0.0667,high quality,blurry,0.4159,0.4421,0.4455,0.4279,0.3998,0.416,0.4791,0.3863,0.4492,0.3798,0.4417,0.3954,0.3715,0.5458,v0,bioclip_2_image
48292,/mnt/d/Photos/Z8/180-600mm/2026/2026-03-01/DSC_1728.NEF,23266,3,Blue,neutral,neutral,0.9708,0.5521,0.9985,0.1278,0.7625,0.9834,0.0012,0.035,0.0021,0.0651,-0.0192,0.0117,0.0408,-0.0676,natural colors,blurry,0.4096,0.4426,0.4382,0.4164,0.3945,0.4095,0.4828,0.3746,0.4405,0.3732,0.4356,0.3829,0.3687,0.5504,v0,bioclip_2_image
48293,/mnt/d/Photos/Z8/180-600mm/2026/2026-03-01/DSC_1729.NEF,23266,3,Blue,reject,neutral,0.9484,0.345,0.9951,0.2369,0.561,0.9845,0.0011,0.0291,-0.0064,0.0531,-0.0117,0.0025,0.0415,-0.0679,a photo with strong subject separation,blurry,0.4248,0.4481,0.4464,0.4372,0.4071,0.4244,0.4643,0.3957,0.4545,0.3933,0.4488,0.4047,0.3829,0.5322,v0,bioclip_2_image
48294,/mnt/d/Photos/Z8/180-600mm/2026/2026-03-01/DSC_1730.NEF,23266,3,Blue,reject,neutral,0.9474,0.3569,0.9944,0.2649,0.519,0.983,0.0011,0.0289,-0.0059,0.0519,-0.0102,0.0008,0.0406,-0.0677,a photo with strong subject separation,blurry,0.4274,0.4494,0.4477,0.441,0.4095,0.4267,0.4609,0.3985,0.4553,0.3958,0.4512,0.4088,0.3861,0.5287,v0,bioclip_2_image
48295,/mnt/d/Photos/Z8/180-600mm/2026/2026-03-01/DSC_1731.NEF,23266,3,Blue,reject,neutral,0.9794,0.2469,0.999,0.0951,0.7275,0.9931,0.0015,0.0386,-0.0112,0.0689,-0.0225,0.0098,0.0497,-0.0653,natural colors,blurry,0.4161,0.4388,0.4416,0.4226,0.3962,0.4219,0.4925,0.3775,0.45,0.3727,0.4451,0.3863,0.3722,0.5578,v0,bioclip_2_image
48296,/mnt/d/Photos/Z8/180-600mm/2026/2026-03-01/DSC_1732.NEF,23266,3,Blue,neutral,neutral,0.9823,0.2757,0.9986,0.11,0.6104,0.9946,0.001,0.0401,-0.0097,0.0657,-0.0209,0.0045,0.0521,-0.0694,natural colors,blurry,0.4154,0.4351,0.4383,0.4209,0.394,0.4238,0.4777,0.3753,0.4448,0.3726,0.4418,0.3895,0.3717,0.5471,v0,bioclip_2_image
48297,/mnt/d/Photos/Z8/180-600mm/2026/2026-03-01/DSC_1733.NEF,23266,3,Blue,neutral,neutral,0.9805,0.2087,0.9994,0.0922,0.7368,0.9916,0.0009,0.0392,-0.0133,0.074,-0.0229,0.0103,0.0477,-0.0703,natural colors,blurry,0.4083,0.4295,0.4382,0.4174,0.3908,0.4163,0.4835,0.3691,0.4428,0.3642,0.4403,0.3805,0.3687,0.5537,v0,bioclip_2_image
48298,/mnt/d/Photos/Z8/180-600mm/2026/2026-03-01/DSC_1734.NEF,23266,3,Blue,reject,neutral,0.9774,0.3958,0.9987,0.1847,0.5304,0.9947,0.0014,0.0377,-0.0042,0.0668,-0.0148,0.0012,0.0524,-0.0654,natural colors,blurry,0.4183,0.4386,0.4364,0.4245,0.3978,0.4233,0.4718,0.3806,0.4428,0.3696,0.4394,0.3966,0.3709,0.5372,v0,bioclip_2_image
48299,/mnt/d/Photos/Z8/180-600mm/2026/2026-03-01/DSC_1735.NEF,23266,3,Blue,reject,neutral,0.9848,0.1603,0.9993,0.1194,0.7608,0.9959,0.0011,0.0417,-0.0166,0.0725,-0.02,0.0116,0.055,-0.0679,natural colors,blurry,0.3987,0.4181,0.4303,0.4083,0.3877,0.407,0.466,0.357,0.4346,0.3579,0.4283,0.3761,0.352,0.5339,v0,bioclip_2_image
48300,/mnt/d/Photos/Z8/180-600mm/2026/2026-03-01/DSC_1736.NEF,23266,3,Blue,reject,neutral,0.9572,0.3052,0.9962,0.2881,0.601,0.9889,0.0014,0.0311,-0.0082,0.0557,-0.009,0.0041,0.0449,-0.0654,a photo with strong subject separation,blurry,0.4251,0.4489,0.4461,0.4426,0.4082,0.4263,0.4737,0.394,0.4571,0.3905,0.4516,0.4041,0.3815,0.5391,v0,bioclip_2_image
48301,/mnt/d/Photos/Z8/180-600mm/2026/2026-03-01/DSC_1737.NEF,23266,3,Blue,reject,neutral,0.9581,0.2487,0.9963,0.2362,0.6819,0.9897,0.0016,0.0313,-0.0111,0.056,-0.0117,0.0076,0.0457,-0.0645,a photo with strong subject separation,blurry,0.4225,0.4476,0.446,0.4388,0.4075,0.4258,0.4778,0.3912,0.4587,0.39,0.4505,0.3998,0.3801,0.5423,v0,bioclip_2_image
48302,/mnt/d/Photos/Z8/180-600mm/2026/2026-03-01/DSC_1738.NEF,23266,3,Blue,neutral,neutral,0.9632,0.2484,0.9984,0.2481,0.5247,0.9907,0.0012,0.0326,-0.0111,0.0643,-0.0111,0.001,0.0467,-0.0671,natural colors,blurry,0.419,0.4364,0.4435,0.4298,0.4014,0.4213,0.4686,0.3864,0.4475,0.3792,0.4408,0.4004,0.3745,0.5357,v0,bioclip_2_image
48303,/mnt/d/Photos/Z8/180-600mm/2026/2026-03-01/DSC_1739.NEF,23266,3,Blue,reject,neutral,0.944,0.1895,0.9983,0.2237,0.5511,0.9874,0.001,0.0283,-0.0145,0.0638,-0.0124,0.0021,0.0436,-0.0693,a photo with strong subject separation,blurry,0.4215,0.4403,0.4491,0.4361,0.4061,0.4195,0.4713,0.3932,0.4549,0.3854,0.4485,0.4041,0.3759,0.5406,v0,bioclip_2_image
48304,/mnt/d/Photos/Z8/180-600mm/2026/2026-03-01/DSC_1740.NEF,23266,3,Blue,reject,neutral,0.9401,0.1944,0.9975,0.2793,0.4688,0.9847,0.0008,0.0275,-0.0142,0.0599,-0.0095,-0.0012,0.0417,-0.0709,high quality,blurry,0.4273,0.4433,0.4497,0.4427,0.4054,0.4253,0.4589,0.3997,0.4575,0.3898,0.4522,0.4067,0.3836,0.5297,v0,bioclip_2_image
48305,/mnt/d/Photos/Z8/180-600mm/2026/2026-03-01/DSC_1741.NEF,23266,3,Blue,reject,neutral,0.9568,0.3072,0.9966,0.2196,0.677,0.9918,0.0024,0.031,-0.0081,0.0567,-0.0127,0.0074,0.048,-0.0601,a photo with strong subject separation,blurry,0.4133,0.4373,0.4332,0.4248,0.4009,0.4159,0.4741,0.3823,0.4454,0.3765,0.4375,0.3935,0.3679,0.5342,v0,bioclip_2_image
48306,/mnt/d/Photos/Z8/180-600mm/2026/2026-03-01/DSC_1742.NEF,23266,3,Blue,reject,neutral,0.9558,0.3154,0.9963,0.2445,0.6436,0.9907,0.0021,0.0307,-0.0077,0.056,-0.0113,0.0059,0.0467,-0.0617,a photo with strong subject separation,blurry,0.4175,0.4412,0.437,0.4291,0.4045,0.4193,0.4737,0.3868,0.449,0.381,0.4403,0.3986,0.3726,0.5354,v0,bioclip_2_image
48307,/mnt/d/Photos/Z8/180-600mm/2026/2026-03-01/DSC_1743.NEF,23266,3,Blue,neutral,neutral,0.9556,0.4617,0.9967,0.1761,0.5869,0.9828,0.002,0.0307,-0.0015,0.0572,-0.0154,0.0035,0.0405,-0.0621,a photo with strong subject separation,blurry,0.4199,0.4432,0.4379,0.4263,0.4058,0.4167,0.4747,0.3892,0.4447,0.3807,0.4417,0.4023,0.3762,0.5368,v0,bioclip_2_image
48308,/mnt/d/Photos/Z8/180-600mm/2026/2026-03-01/DSC_1744.NEF,23266,3,Blue,neutral,neutral,0.9589,0.5422,0.9988,0.2011,0.6726,0.9915,0.0009,0.0315,0.0017,0.0669,-0.0138,0.0072,0.0476,-0.0705,a photo with strong subject separation,blurry,0.4139,0.4397,0.4367,0.4177,0.3973,0.4175,0.4752,0.3824,0.438,0.3698,0.4315,0.3901,0.3699,0.5457,v0,bioclip_2_image
48309,/mnt/d/Photos/Z8/180-600mm/2026/2026-03-01/DSC_1745.NEF,23266,3,Blue,reject,neutral,0.9493,0.5674,0.9987,0.1102,0.5312,0.9875,0.0006,0.0293,0.0027,0.0664,-0.0209,0.0012,0.0437,-0.0742,a photo with strong subject separation,blurry,0.4102,0.4374,0.4353,0.4119,0.3925,0.4121,0.4748,0.3809,0.4347,0.3689,0.4328,0.3912,0.3684,0.549,v0,bioclip_2_image
48310,/mnt/d/Photos/Z8/180-600mm/2026/2026-03-01/DSC_1746.NEF,23266,3,Blue,neutral,neutral,0.9533,0.3221,0.9981,0.1849,0.5312,0.9835,0.0011,0.0302,-0.0074,0.0625,-0.0148,0.0013,0.0409,-0.068,a photo with strong subject separation,blurry,0.4212,0.4422,0.4448,0.4286,0.4025,0.4212,0.4781,0.3911,0.4496,0.3822,0.4434,0.4013,0.3804,0.5461,v0,bioclip_2_image
48311,/mnt/d/Photos/Z8/180-600mm/2026/2026-03-01/DSC_1747.NEF,23266,3,Blue,reject,neutral,0.9763,0.2569,0.999,0.1139,0.7729,0.9954,0.001,0.0372,-0.0106,0.0689,-0.0205,0.0122,0.0537,-0.0688,a photo with strong subject separation,blurry,0.4092,0.4302,0.4322,0.4142,0.3953,0.4177,0.485,0.372,0.4408,0.3634,0.4347,0.3831,0.364,0.5537,v0,bioclip_2_image
48312,/mnt/d/Photos/Z8/180-600mm/2026/2026-03-01/DSC_1748.NEF,23266,3,Blue,reject,neutral,0.972,0.2394,0.9989,0.0481,0.7539,0.9888,0.0011,0.0355,-0.0116,0.0684,-0.0299,0.0112,0.0448,-0.0686,natural colors,blurry,0.4136,0.4356,0.4413,0.4129,0.3967,0.4147,0.4826,0.3781,0.4472,0.3729,0.4428,0.3855,0.3699,0.5512,v0,bioclip_2_image
48313,/mnt/d/Photos/Z8/180-600mm/2026/2026-03-01/DSC_1749.NEF,23266,3,Blue,reject,neutral,0.9631,0.3416,0.9984,0.1182,0.6296,0.9887,0.001,0.0326,-0.0066,0.0641,-0.0201,0.0053,0.0447,-0.0687,a photo with strong subject separation,blurry,0.4126,0.4372,0.4386,0.4183,0.4003,0.4133,0.4778,0.38,0.4438,0.3745,0.4384,0.395,0.3685,0.5464,v0,bioclip_2_image
48314,/mnt/d/Photos/Z8/180-600mm/2026/2026-03-01/DSC_1750.NEF,23266,3,Blue,neutral,neutral,0.9587,0.2623,0.9985,0.0348,0.6621,0.9537,0.0011,0.0315,-0.0103,0.0649,-0.0332,0.0067,0.0303,-0.0686,natural colors,blurry,0.4152,0.439,0.4461,0.4145,0.3989,0.4109,0.4855,0.3838,0.4493,0.3812,0.4477,0.3921,0.3807,0.5541,v0,bioclip_2_image
48315,/mnt/d/Photos/Z8/180-600mm/2026/2026-03-01/DSC_1751.NEF,23266,3,Blue,neutral,neutral,0.9477,0.3472,0.9956,0.2626,0.4829,0.9792,0.0009,0.029,-0.0063,0.0542,-0.0103,-0.0007,0.0385,-0.0697,a photo with strong subject separation,blurry,0.4283,0.4488,0.4498,0.4395,0.4108,0.4285,0.4581,0.3993,0.4551,0.3956,0.4498,0.4115,0.39,0.5278,v0,bioclip_2_image
48316,/mnt/d/Photos/Z8/180-600mm/2026/2026-03-01/DSC_1752.NEF,23266,3,Blue,neutral,neutral,0.9488,0.3924,0.9984,0.24,0.7281,0.9907,0.0009,0.0292,-0.0044,0.0644,-0.0115,0.0099,0.0467,-0.0706,high quality,blurry,0.419,0.446,0.4486,0.4275,0.4034,0.4197,0.485,0.3898,0.4504,0.3841,0.439,0.3936,0.3729,0.5556,v0,bioclip_2_image
48317,/mnt/d/Photos/Z8/180-600mm/2026/2026-03-01/DSC_1753.NEF,23266,3,Blue,neutral,neutral,0.956,0.2672,0.9991,0.2115,0.8144,0.9903,0.0009,0.0308,-0.0101,0.0705,-0.0132,0.0148,0.0463,-0.0699,high quality,blurry,0.4144,0.4421,0.4487,0.4231,0.4006,0.4146,0.4876,0.3836,0.4522,0.3782,0.4362,0.3859,0.3683,0.5575,v0,bioclip_2_image
48318,/mnt/d/Photos/Z8/180-600mm/2026/2026-03-01/DSC_1754.NEF,23266,3,Blue,neutral,neutral,0.9662,0.4243,0.9979,0.2211,0.559,0.9887,0.0009,0.0335,-0.0031,0.0616,-0.0126,0.0024,0.0447,-0.0696,high quality,blurry,0.4226,0.4454,0.4451,0.4304,0.404,0.4231,0.4722,0.3891,0.4484,0.3836,0.443,0.4017,0.3784,0.5418,v0,bioclip_2_image
48319,/mnt/d/Photos/Z8/180-600mm/2026/2026-03-01/DSC_1755.NEF,23267,3,Blue,neutral,neutral,0.9677,0.3584,0.9949,0.2988,0.4494,0.9847,0.001,0.034,-0.0058,0.0527,-0.0085,-0.002,0.0417,-0.0696,a photo with strong subject separation,blurry,0.4294,0.4492,0.4503,0.444,0.4109,0.4302,0.4647,0.3954,0.455,0.3975,0.4525,0.4129,0.3886,0.5343,v0,bioclip_2_image
48320,/mnt/d/Photos/Z8/180-600mm/2026/2026-03-01/DSC_1756.NEF,23267,3,Blue,neutral,neutral,0.9567,0.3174,0.9939,0.2975,0.4989,0.9878,0.0009,0.0309,-0.0077,0.051,-0.0086,-0.0,0.0439,-0.07,a photo with strong subject separation,blurry,0.4263,0.4464,0.4468,0.4426,0.411,0.4275,0.4487,0.3953,0.4541,0.3959,0.4512,0.4111,0.3836,0.5187,v0,bioclip_2_image
48321,/mnt/d/Photos/Z8/180-600mm/2026/2026-03-01/DSC_1757.NEF,23267,3,Blue,neutral,neutral,0.9564,0.2651,0.9943,0.2546,0.5458,0.9913,0.0011,0.0309,-0.0102,0.0515,-0.0107,0.0018,0.0474,-0.0685,a photo with strong subject separation,blurry,0.4208,0.44,0.4407,0.4363,0.4074,0.4257,0.4527,0.39,0.4502,0.3892,0.4471,0.4056,0.3784,0.5212,v0,bioclip_2_image
48322,/mnt/d/Photos/Z8/180-600mm/2026/2026-03-01/DSC_1758.NEF,23267,3,Blue,pick,neutral,0.9547,0.3062,0.9931,0.2879,0.5005,0.9881,0.001,0.0305,-0.0082,0.0497,-0.0091,0.0,0.0442,-0.0692,a photo with strong subject separation,blurry,0.4228,0.4411,0.4395,0.4366,0.4079,0.426,0.4469,0.3923,0.4493,0.3898,0.4456,0.4078,0.3818,0.5161,v0,bioclip_2_image
48323,/mnt/d/Photos/Z8/180-600mm/2026/2026-03-01/DSC_1759.NEF,23267,3,Blue,pick,neutral,0.9499,0.2659,0.9923,0.2573,0.5179,0.9902,0.001,0.0294,-0.0102,0.0486,-0.0106,0.0007,0.0461,-0.0696,a photo with strong subject separation,blurry,0.4198,0.4388,0.4372,0.4345,0.405,0.424,0.445,0.3904,0.449,0.3886,0.4451,0.4043,0.3779,0.5146,v0,bioclip_2_image
48324,/mnt/d/Photos/Z8/180-600mm/2026/2026-03-01/DSC_1760.NEF,23267,3,Blue,reject,neutral,0.9662,0.3633,0.9949,0.2084,0.5146,0.9864,0.0012,0.0335,-0.0056,0.0526,-0.0133,0.0006,0.0428,-0.0671,a photo with strong subject separation,blurry,0.4278,0.4475,0.4447,0.4412,0.4089,0.4298,0.4545,0.3943,0.4531,0.392,0.4546,0.4083,0.387,0.5216,v0,bioclip_2_image
48325,/mnt/d/Photos/Z8/180-600mm/2026/2026-03-01/DSC_1761.NEF,23267,3,Blue,neutral,neutral,0.9563,0.2958,0.9922,0.2348,0.5523,0.9906,0.0012,0.0308,-0.0087,0.0484,-0.0118,0.0021,0.0465,-0.0675,a photo with strong subject separation,blurry,0.4241,0.4433,0.4414,0.4396,0.4089,0.4297,0.4549,0.3932,0.4519,0.393,0.4515,0.4068,0.3831,0.5224,v0,bioclip_2_image
48326,/mnt/d/Photos/Z8/180-600mm/2026/2026-03-01/DSC_1762.NEF,23267,3,Blue,reject,neutral,0.953,0.2933,0.9925,0.2717,0.5314,0.988,0.0011,0.0301,-0.0088,0.0488,-0.0099,0.0013,0.0441,-0.0683,a photo with strong subject separation,blurry,0.4281,0.4478,0.4461,0.4443,0.4126,0.4323,0.454,0.398,0.4566,0.3972,0.4542,0.4114,0.3882,0.5223,v0,bioclip_2_image
48327,/mnt/d/Photos/Z8/180-600mm/2026/2026-03-01/DSC_1763.NEF,23268,3,Blue,reject,neutral,0.9597,0.2867,0.9942,0.2817,0.5834,0.9888,0.0018,0.0317,-0.0091,0.0515,-0.0094,0.0034,0.0448,-0.0634,a photo with strong subject separation,blurry,0.4234,0.4411,0.4416,0.4398,0.4088,0.4265,0.456,0.3917,0.4502,0.3901,0.4491,0.4055,0.3817,0.5194,v0,bioclip_2_image
48328,/mnt/d/Photos/Z8/180-600mm/2026/2026-03-01/DSC_1764.NEF,23268,3,Blue,reject,neutral,0.9533,0.2782,0.9921,0.294,0.4663,0.9839,0.0015,0.0302,-0.0095,0.0483,-0.0088,-0.0014,0.0412,-0.0652,a photo with strong subject separation,blurry,0.4279,0.4462,0.4455,0.4455,0.4092,0.4289,0.4548,0.3978,0.4557,0.3972,0.4542,0.4105,0.3878,0.52,v0,bioclip_2_image
48329,/mnt/d/Photos/Z8/180-600mm/2026/2026-03-01/DSC_1765.NEF,23268,3,Blue,reject,neutral,0.9468,0.3055,0.9911,0.2607,0.4731,0.9808,0.0013,0.0288,-0.0082,0.0472,-0.0104,-0.0011,0.0393,-0.0664,a photo with strong subject separation,blurry,0.4251,0.4437,0.4418,0.441,0.4085,0.4257,0.452,0.3963,0.4519,0.3946,0.4514,0.4095,0.3864,0.5184,v0,bioclip_2_image
48330,/mnt/d/Photos/Z8/180-600mm/2026/2026-03-01/DSC_1766.NEF,23268,3,Blue,neutral,neutral,0.9382,0.266,0.9901,0.277,0.5113,0.982,0.001,0.0272,-0.0102,0.0461,-0.0096,0.0005,0.04,-0.0687,a photo with strong subject separation,blurry,0.4233,0.4424,0.4409,0.4404,0.4093,0.4243,0.4458,0.3961,0.4526,0.3949,0.45,0.4088,0.3843,0.5145,v0,bioclip_2_image
48331,/mnt/d/Photos/Z8/180-600mm/2026/2026-03-01/DSC_1767.NEF,23268,3,Blue,neutral,neutral,0.9543,0.294,0.9946,0.2821,0.5536,0.9859,0.0012,0.0304,-0.0088,0.0522,-0.0093,0.0022,0.0425,-0.0674,a photo with strong subject separation,blurry,0.4234,0.4425,0.4416,0.4401,0.4091,0.4255,0.4487,0.393,0.4512,0.3894,0.4495,0.407,0.383,0.5161,v0,bioclip_2_image
48332,/mnt/d/Photos/Z8/180-600mm/2026/2026-03-01/DSC_1768.NEF,23268,3,Blue,neutral,neutral,0.9432,0.281,0.9937,0.2809,0.5202,0.9858,0.001,0.0281,-0.0094,0.0506,-0.0094,0.0008,0.0424,-0.0687,a photo with strong subject separation,blurry,0.4232,0.441,0.4426,0.4396,0.4089,0.425,0.4405,0.3951,0.4504,0.392,0.449,0.4081,0.3826,0.5093,v0,bioclip_2_image
48333,/mnt/d/Photos/Z8/180-600mm/2026/2026-03-01/DSC_1769.NEF,23268,3,Blue,neutral,neutral,0.9398,0.2854,0.991,0.2528,0.5023,0.9838,0.0011,0.0275,-0.0092,0.047,-0.0108,0.0001,0.0411,-0.0681,a photo with strong subject separation,blurry,0.4202,0.4389,0.4389,0.4346,0.4075,0.4217,0.4449,0.3927,0.4481,0.3919,0.4455,0.4074,0.3806,0.513,v0,bioclip_2_image
48334,/mnt/d/Photos/Z8/180-600mm/2026/2026-03-01/DSC_1770.NEF,23268,3,Blue,pick,neutral,0.9491,0.2647,0.9942,0.2674,0.5673,0.9866,0.001,0.0293,-0.0102,0.0515,-0.0101,0.0027,0.043,-0.0693,a photo with strong subject separation,blurry,0.4215,0.4399,0.4424,0.4391,0.4088,0.4248,0.4443,0.3923,0.4501,0.3909,0.4492,0.4061,0.3818,0.5136,v0,bioclip_2_image
48335,/mnt/d/Photos/Z8/180-600mm/2026/2026-03-01/DSC_1771.NEF,23268,3,Blue,neutral,neutral,0.946,0.268,0.9936,0.2687,0.5569,0.9882,0.001,0.0286,-0.01,0.0504,-0.01,0.0023,0.0443,-0.0688,a photo with strong subject separation,blurry,0.4243,0.4427,0.4436,0.4407,0.4111,0.4275,0.4462,0.3956,0.4527,0.3932,0.4507,0.4088,0.3832,0.515,v0,bioclip_2_image
48336,/mnt/d/Photos/Z8/180-600mm/2026/2026-03-01/DSC_1772.NEF,23268,3,Blue,reject,neutral,0.9588,0.362,0.9949,0.271,0.5773,0.9897,0.0015,0.0315,-0.0057,0.0528,-0.0099,0.0031,0.0457,-0.065,a photo with strong subject separation,blurry,0.4248,0.4449,0.4447,0.4409,0.4117,0.4286,0.4538,0.3933,0.4506,0.3918,0.4508,0.4086,0.383,0.5188,v0,bioclip_2_image
48337,/mnt/d/Photos/Z8/180-600mm/2026/2026-03-01/DSC_1773.NEF,23268,3,Blue,pick,neutral,0.9561,0.3076,0.995,0.2798,0.5547,0.9902,0.0014,0.0308,-0.0081,0.053,-0.0095,0.0022,0.0462,-0.0657,a photo with strong subject separation,blurry,0.4237,0.4438,0.4452,0.4431,0.4105,0.4282,0.4539,0.3929,0.4519,0.3922,0.4525,0.4083,0.382,0.5196,v0,bioclip_2_image
48338,/mnt/d/Photos/Z8/180-600mm/2026/2026-03-01/DSC_1774.NEF,23268,3,Blue,neutral,neutral,0.9507,0.287,0.9928,0.2504,0.5563,0.9888,0.0016,0.0296,-0.0091,0.0493,-0.011,0.0023,0.0448,-0.0643,a photo with strong subject separation,blurry,0.4203,0.439,0.439,0.4348,0.4066,0.4233,0.4513,0.3907,0.4481,0.3897,0.4458,0.4043,0.3785,0.5156,v0,bioclip_2_image
48339,/mnt/d/Photos/Z8/180-600mm/2026/2026-03-01/DSC_1775.NEF,23268,3,Blue,pick,neutral,0.9572,0.3081,0.9942,0.2595,0.5191,0.9879,0.0017,0.0311,-0.0081,0.0514,-0.0105,0.0008,0.044,-0.064,a photo with strong subject separation,blurry,0.4278,0.4464,0.4455,0.4434,0.4105,0.429,0.4555,0.3967,0.4545,0.3941,0.4538,0.4097,0.3849,0.5195,v0,bioclip_2_image
48340,/mnt/d/Photos/Z8/180-600mm/2026/2026-03-01/DSC_1776.NEF,23268,3,Blue,reject,neutral,0.9568,0.2953,0.9945,0.2401,0.6289,0.9892,0.002,0.031,-0.0087,0.0519,-0.0115,0.0053,0.0452,-0.0623,a photo with strong subject separation,blurry,0.4214,0.441,0.4426,0.4382,0.4095,0.4261,0.4586,0.3905,0.4497,0.3907,0.4498,0.4042,0.3809,0.5209,v0,bioclip_2_image
48341,/mnt/d/Photos/Z8/180-600mm/2026/2026-03-01/DSC_1777.NEF,23268,3,Blue,neutral,neutral,0.951,0.315,0.9938,0.2467,0.5564,0.9846,0.0014,0.0297,-0.0078,0.0508,-0.0112,0.0023,0.0416,-0.0657,a photo with strong subject separation,blurry,0.4263,0.4453,0.4463,0.442,0.4124,0.4282,0.4537,0.3966,0.453,0.3955,0.4532,0.4101,0.3867,0.5195,v0,bioclip_2_image
48342,/mnt/d/Photos/Z8/180-600mm/2026/2026-03-01/DSC_1778.NEF,23269,3,Blue,reject,neutral,0.9611,0.2677,0.9964,0.2473,0.5592,0.9905,0.0016,0.0321,-0.0101,0.0564,-0.0111,0.0024,0.0465,-0.0643,a photo with strong subject separation,blurry,0.4263,0.4444,0.4452,0.4427,0.4102,0.4281,0.4646,0.3943,0.4545,0.3888,0.4538,0.4078,0.3816,0.5289,v0,bioclip_2_image
48343,/mnt/d/Photos/Z8/180-600mm/2026/2026-03-01/DSC_1779.NEF,23269,3,Blue,neutral,neutral,0.9695,0.2468,0.9973,0.2532,0.6596,0.9927,0.002,0.0346,-0.0112,0.0593,-0.0108,0.0066,0.0491,-0.062,a photo with strong subject separation,blurry,0.4293,0.4471,0.448,0.4484,0.414,0.4336,0.4801,0.3947,0.4583,0.3887,0.4592,0.4074,0.3845,0.5421,v0,bioclip_2_image
48344,/mnt/d/Photos/Z8/180-600mm/2026/2026-03-01/DSC_1780.NEF,23269,3,Blue,neutral,neutral,0.9586,0.2441,0.9963,0.288,0.5534,0.991,0.0015,0.0314,-0.0113,0.0559,-0.0091,0.0021,0.047,-0.065,a photo with strong subject separation,blurry,0.4297,0.4469,0.4477,0.4485,0.4116,0.4328,0.4704,0.3983,0.4582,0.3918,0.4575,0.4094,0.3859,0.5354,v0,bioclip_2_image
48345,/mnt/d/Photos/Z8/180-600mm/2026/2026-03-01/DSC_1781.NEF,23269,3,Blue,neutral,neutral,0.9558,0.2674,0.9959,0.3018,0.5411,0.9873,0.0016,0.0307,-0.0101,0.0549,-0.0084,0.0016,0.0436,-0.0645,a photo with strong subject separation,blurry,0.4288,0.4446,0.4459,0.4452,0.411,0.4295,0.4587,0.398,0.4547,0.391,0.4536,0.4094,0.386,0.5232,v0,bioclip_2_image
48346,/mnt/d/Photos/Z8/180-600mm/2026/2026-03-01/DSC_1782.NEF,23269,3,Blue,pick,neutral,0.9542,0.2492,0.9943,0.245,0.5129,0.989,0.0013,0.0304,-0.011,0.0516,-0.0113,0.0005,0.045,-0.0665,a photo with strong subject separation,blurry,0.4261,0.4431,0.4436,0.4412,0.4083,0.4274,0.4526,0.3957,0.4541,0.392,0.4524,0.4078,0.3824,0.5191,v0,bioclip_2_image
48347,/mnt/d/Photos/Z8/180-600mm/2026/2026-03-01/DSC_1783.NEF,23269,3,Blue,neutral,neutral,0.985,0.4156,0.9986,0.1016,0.8435,0.9931,0.0042,0.0418,-0.0034,0.0656,-0.0218,0.0168,0.0496,-0.0548,a photo with strong subject separation,blurry,0.3975,0.4233,0.4209,0.4107,0.3861,0.4034,0.4883,0.3557,0.4267,0.3553,0.4325,0.3692,0.3538,0.5431,v0,bioclip_2_image
48348,/mnt/d/Photos/Z8/180-600mm/2026/2026-03-01/DSC_1784.NEF,23270,3,Blue,neutral,neutral,0.9494,0.3115,0.9928,0.2696,0.4465,0.9827,0.0009,0.0293,-0.0079,0.0493,-0.01,-0.0021,0.0404,-0.0704,a photo with strong subject separation,blurry,0.4246,0.4415,0.4438,0.44,0.4094,0.4268,0.4442,0.3953,0.4494,0.3945,0.4499,0.4116,0.3864,0.5147,v0,bioclip_2_image
48349,/mnt/d/Photos/Z8/180-600mm/2026/2026-03-01/DSC_1785.NEF,23270,3,Blue,neutral,neutral,0.9534,0.3112,0.9937,0.2991,0.4718,0.9856,0.0008,0.0302,-0.0079,0.0507,-0.0085,-0.0011,0.0423,-0.0718,a photo with strong subject separation,blurry,0.425,0.4426,0.4437,0.4406,0.4122,0.4277,0.4442,0.3948,0.4505,0.393,0.4491,0.4134,0.3854,0.516,v0,bioclip_2_image
48350,/mnt/d/Photos/Z8/180-600mm/2026/2026-03-01/DSC_1786.NEF,23270,3,Blue,neutral,neutral,0.9496,0.3103,0.9949,0.2822,0.4511,0.9812,0.0008,0.0294,-0.008,0.0527,-0.0093,-0.002,0.0396,-0.0709,a photo with strong subject separation,blurry,0.4269,0.4439,0.4475,0.4426,0.4119,0.4283,0.4485,0.3975,0.4519,0.3947,0.452,0.4138,0.3888,0.5194,v0,bioclip_2_image
48351,/mnt/d/Photos/Z8/180-600mm/2026/2026-03-01/DSC_1787.NEF,23270,3,Blue,reject,neutral,0.9498,0.3495,0.9946,0.2504,0.439,0.9747,0.0009,0.0294,-0.0062,0.0522,-0.011,-0.0025,0.0365,-0.0707,a photo with strong subject separation,blurry,0.4245,0.4423,0.445,0.4394,0.4121,0.4246,0.4522,0.3951,0.4485,0.3928,0.4503,0.4146,0.3881,0.5229,v0,bioclip_2_image
48352,/mnt/d/Photos/Z8/180-600mm/2026/2026-03-01/DSC_1788.NEF,23270,3,Blue,pick,neutral,0.9506,0.3213,0.9938,0.2736,0.4855,0.9816,0.001,0.0296,-0.0075,0.0507,-0.0098,-0.0006,0.0397,-0.0691,a photo with strong subject separation,blurry,0.4251,0.4437,0.4449,0.4426,0.4116,0.4281,0.4532,0.3955,0.4512,0.3942,0.4524,0.4122,0.3884,0.5223,v0,bioclip_2_image
48353,/mnt/d/Photos/Z8/180-600mm/2026/2026-03-01/DSC_1789.NEF,23270,3,Blue,neutral,neutral,0.9493,0.3002,0.994,0.2981,0.4287,0.9836,0.0008,0.0293,-0.0085,0.0511,-0.0086,-0.0029,0.0409,-0.0714,a photo with strong subject separation,blurry,0.423,0.4403,0.4436,0.4393,0.4083,0.4247,0.4452,0.3937,0.4488,0.3925,0.4478,0.4112,0.3838,0.5165,v0,bioclip_2_image
48354,/mnt/d/Photos/Z8/180-600mm/2026/2026-03-01/DSC_1790.NEF,23268,3,Blue,neutral,neutral,0.9531,0.309,0.9939,0.3372,0.58,0.9904,0.0012,0.0301,-0.0081,0.051,-0.0068,0.0032,0.0464,-0.0676,a photo with strong subject separation,blurry,0.4234,0.4415,0.4437,0.4414,0.4104,0.4286,0.4502,0.3933,0.4495,0.3927,0.4481,0.4072,0.3822,0.5178,v0,bioclip_2_image
48355,/mnt/d/Photos/Z8/180-600mm/2026/2026-03-01/DSC_1791.NEF,23268,3,Blue,pick,neutral,0.9574,0.337,0.9943,0.3532,0.5994,0.991,0.0011,0.0311,-0.0068,0.0516,-0.0061,0.004,0.0471,-0.0678,a photo with strong subject separation,blurry,0.4245,0.4427,0.4437,0.4418,0.4119,0.4293,0.4479,0.3934,0.4495,0.392,0.4479,0.4079,0.3823,0.5157,v0,bioclip_2_image
48356,/mnt/d/Photos/Z8/180-600mm/2026/2026-03-01/DSC_1792.NEF,23268,3,Blue,pick,neutral,0.9392,0.3099,0.9927,0.3229,0.5225,0.9872,0.0008,0.0274,-0.008,0.0491,-0.0074,0.0009,0.0435,-0.071,a photo with strong subject separation,blurry,0.4227,0.4419,0.442,0.4404,0.4099,0.4257,0.441,0.3953,0.4499,0.3929,0.4478,0.409,0.3822,0.512,v0,bioclip_2_image
48357,/mnt/d/Photos/Z8/180-600mm/2026/2026-03-01/DSC_1793.NEF,23271,4,Blue,pick,picked,0.9466,0.2823,0.9923,0.3863,0.5625,0.9848,0.0011,0.0287,-0.0093,0.0486,-0.0046,0.0025,0.0417,-0.0684,a photo with strong subject separation,blurry,0.4263,0.4447,0.4438,0.4453,0.4134,0.4272,0.4501,0.3976,0.454,0.3952,0.4499,0.4108,0.3855,0.5185,v0,bioclip_2_image
48358,/mnt/d/Photos/Z8/180-600mm/2026/2026-03-01/DSC_1794.NEF,23271,4,Blue,neutral,picked,0.944,0.2966,0.9913,0.3527,0.552,0.9855,0.0011,0.0282,-0.0086,0.0473,-0.0061,0.0021,0.0422,-0.0683,a photo with strong subject separation,blurry,0.4241,0.4423,0.4406,0.4409,0.4113,0.425,0.4475,0.3958,0.451,0.3933,0.4469,0.4092,0.3829,0.5157,v0,bioclip_2_image
48359,/mnt/d/Photos/Z8/180-600mm/2026/2026-03-01/DSC_1795.NEF,23271,3,Blue,neutral,neutral,0.9386,0.2745,0.9901,0.3423,0.5467,0.9836,0.001,0.0273,-0.0097,0.0461,-0.0065,0.0019,0.0409,-0.0687,a photo with strong subject separation,blurry,0.421,0.4401,0.437,0.4383,0.4075,0.4222,0.4438,0.3938,0.4498,0.3909,0.4449,0.4056,0.3812,0.5125,v0,bioclip_2_image
48360,/mnt/d/Photos/Z8/180-600mm/2026/2026-03-01/DSC_1796.NEF,23271,4,Blue,neutral,picked,0.9442,0.2809,0.9917,0.3528,0.5562,0.9843,0.0011,0.0283,-0.0094,0.0479,-0.0061,0.0023,0.0414,-0.0679,a photo with strong subject separation,blurry,0.4241,0.4422,0.4402,0.4404,0.4111,0.4242,0.4451,0.3958,0.4516,0.3923,0.4465,0.4089,0.3828,0.5131,v0,bioclip_2_image
48361,/mnt/d/Photos/Z8/180-600mm/2026/2026-03-01/DSC_1797.NEF,23271,3,Blue,reject,neutral,0.9427,0.2635,0.9917,0.3395,0.5618,0.9834,0.0011,0.028,-0.0103,0.0478,-0.0067,0.0025,0.0408,-0.0684,a photo with strong subject separation,blurry,0.4237,0.4416,0.4402,0.4411,0.4102,0.4242,0.447,0.3957,0.4518,0.3924,0.4477,0.4077,0.3834,0.5154,v0,bioclip_2_image
48362,/mnt/d/Photos/Z8/180-600mm/2026/2026-03-01/DSC_1798.NEF,23271,3,Blue,neutral,neutral,0.9382,0.2325,0.9908,0.3584,0.5603,0.9816,0.001,0.0272,-0.0119,0.0468,-0.0058,0.0024,0.0398,-0.0689,a photo with strong subject separation,blurry,0.4231,0.4405,0.4392,0.4417,0.41,0.4238,0.4457,0.3959,0.4524,0.3924,0.4475,0.4075,0.384,0.5146,v0,bioclip_2_image
48363,/mnt/d/Photos/Z8/180-600mm/2026/2026-03-01/DSC_1799.NEF,23271,4,Blue,neutral,picked,0.9436,0.2536,0.992,0.3499,0.5711,0.9871,0.0011,0.0282,-0.0108,0.0483,-0.0062,0.0029,0.0433,-0.0685,a photo with strong subject separation,blurry,0.423,0.4414,0.4396,0.4409,0.4103,0.4247,0.4488,0.3948,0.4522,0.3913,0.4471,0.4074,0.3813,0.5173,v0,bioclip_2_image
48364,/mnt/d/Photos/Z8/180-600mm/2026/2026-03-01/DSC_1800.NEF,23271,3,Blue,reject,neutral,0.9409,0.271,0.9907,0.356,0.5453,0.9839,0.0011,0.0277,-0.0099,0.0467,-0.0059,0.0018,0.0411,-0.0685,a photo with strong subject separation,blurry,0.4245,0.4423,0.4414,0.4432,0.4104,0.426,0.4469,0.3968,0.4522,0.3946,0.4491,0.4086,0.3849,0.5155,v0,bioclip_2_image
48365,/mnt/d/Photos/Z8/180-600mm/2026/2026-03-01/DSC_1801.NEF,23271,3,Blue,neutral,neutral,0.9427,0.2889,0.9923,0.3221,0.5532,0.9859,0.0012,0.028,-0.009,0.0486,-0.0074,0.0021,0.0425,-0.0675,a photo with strong subject separation,blurry,0.424,0.4436,0.4413,0.4402,0.4105,0.4252,0.447,0.396,0.4526,0.3928,0.4476,0.4083,0.3827,0.5145,v0,bioclip_2_image
48366,/mnt/d/Photos/Z8/180-600mm/2026/2026-03-01/DSC_1802.NEF,23271,3,Blue,reject,neutral,0.9416,0.2936,0.9919,0.3416,0.5508,0.9844,0.0011,0.0278,-0.0088,0.0481,-0.0066,0.002,0.0414,-0.0678,a photo with strong subject separation,blurry,0.4249,0.444,0.4421,0.4419,0.4115,0.4257,0.4472,0.3971,0.4528,0.394,0.4485,0.4094,0.3843,0.515,v0,bioclip_2_image
48367,/mnt/d/Photos/Z8/180-600mm/2026/2026-03-01/DSC_1803.NEF,23271,4,Blue,pick,picked,0.9423,0.2894,0.9907,0.3394,0.564,0.9852,0.0012,0.0279,-0.009,0.0467,-0.0067,0.0026,0.042,-0.0676,a photo with strong subject separation,blurry,0.425,0.4435,0.4415,0.4425,0.4116,0.426,0.4478,0.397,0.4525,0.3948,0.4491,0.4091,0.3841,0.5154,v0,bioclip_2_image
48368,/mnt/d/Photos/Z8/180-600mm/2026/2026-03-01/DSC_1804.NEF,23271,4,Blue,pick,picked,0.9355,0.2571,0.991,0.3399,0.549,0.9809,0.0011,0.0267,-0.0106,0.047,-0.0066,0.002,0.0394,-0.0678,a photo with strong subject separation,blurry,0.4264,0.4446,0.4437,0.4445,0.4127,0.4263,0.449,0.3997,0.4552,0.3968,0.4512,0.4108,0.3869,0.5169,v0,bioclip_2_image
48369,/mnt/d/Photos/Z8/180-600mm/2026/2026-03-01/DSC_1805.NEF,23272,4,Blue,pick,picked,0.9435,0.3076,0.9942,0.3131,0.5149,0.9886,0.001,0.0281,-0.0081,0.0515,-0.0079,0.0006,0.0446,-0.0694,a photo with strong subject separation,blurry,0.4245,0.4431,0.4437,0.4415,0.41,0.4273,0.4444,0.3964,0.4512,0.3922,0.4494,0.4094,0.3827,0.5137,v0,bioclip_2_image
48370,/mnt/d/Photos/Z8/180-600mm/2026/2026-03-01/DSC_1806.NEF,23272,4,Blue,pick,picked,0.9379,0.3019,0.9923,0.2917,0.5392,0.9843,0.0009,0.0271,-0.0084,0.0486,-0.0089,0.0016,0.0414,-0.0697,a photo with strong subject separation,blurry,0.4236,0.442,0.4425,0.4403,0.4098,0.4259,0.4431,0.3964,0.4504,0.3939,0.4491,0.4082,0.3845,0.5129,v0,bioclip_2_image
48371,/mnt/d/Photos/Z8/180-600mm/2026/2026-03-01/DSC_1807.NEF,23272,4,Blue,pick,picked,0.9372,0.3258,0.9931,0.2861,0.5094,0.9826,0.0012,0.027,-0.0073,0.0496,-0.0091,0.0004,0.0403,-0.0672,a photo with strong subject separation,blurry,0.4241,0.4443,0.4435,0.4402,0.4094,0.4252,0.4462,0.397,0.4516,0.3938,0.4493,0.409,0.3849,0.5134,v0,bioclip_2_image
48372,/mnt/d/Photos/Z8/180-600mm/2026/2026-03-01/DSC_1808.NEF,23272,4,Blue,pick,picked,0.9359,0.284,0.9938,0.2708,0.5645,0.9865,0.0008,0.0268,-0.0092,0.0508,-0.0099,0.0026,0.043,-0.0717,a photo with strong subject separation,blurry,0.4244,0.4438,0.4444,0.4421,0.4114,0.4268,0.4455,0.3976,0.453,0.3936,0.452,0.4088,0.3838,0.5172,v0,bioclip_2_image
48373,/mnt/d/Photos/Z8/180-600mm/2026/2026-03-01/DSC_1809.NEF,23272,4,Blue,pick,picked,0.9407,0.3385,0.9918,0.3292,0.5206,0.9863,0.001,0.0276,-0.0067,0.0479,-0.0071,0.0008,0.0427,-0.0687,a photo with strong subject separation,blurry,0.4266,0.4459,0.4444,0.444,0.4111,0.4287,0.4456,0.399,0.4526,0.3964,0.4511,0.4103,0.386,0.5143,v0,bioclip_2_image
48374,/mnt/d/Photos/Z8/180-600mm/2026/2026-03-01/DSC_1810.NEF,23272,4,Blue,pick,picked,0.9407,0.3021,0.9927,0.3058,0.4867,0.9857,0.0009,0.0276,-0.0084,0.0492,-0.0082,-0.0005,0.0424,-0.0697,a photo with strong subject separation,blurry,0.4254,0.4433,0.443,0.442,0.411,0.4275,0.4442,0.3978,0.4516,0.3939,0.4502,0.4115,0.3851,0.5138,v0,bioclip_2_image
48375,/mnt/d/Photos/Z8/180-600mm/2026/2026-03-01/DSC_1811.NEF,23272,4,Blue,pick,picked,0.9337,0.3187,0.9923,0.299,0.4737,0.9842,0.0009,0.0264,-0.0076,0.0486,-0.0085,-0.0011,0.0413,-0.0699,a photo with strong subject separation,blurry,0.4247,0.4427,0.444,0.4408,0.4102,0.4267,0.4439,0.3982,0.4503,0.3954,0.4493,0.4113,0.3854,0.5138,v0,bioclip_2_image
48376,/mnt/d/Photos/Z8/180-600mm/2026/2026-03-01/DSC_1812.NEF,23272,4,Blue,pick,picked,0.9352,0.3256,0.9928,0.3404,0.4677,0.981,0.0008,0.0267,-0.0073,0.0492,-0.0066,-0.0013,0.0395,-0.0711,a photo with strong subject separation,blurry,0.4283,0.4464,0.4473,0.446,0.4138,0.4285,0.4438,0.4016,0.4537,0.3981,0.4526,0.4151,0.389,0.5149,v0,bioclip_2_image
48377,/mnt/d/Photos/Z8/180-600mm/2026/2026-03-01/DSC_1813.NEF,23272,4,Blue,neutral,picked,0.9338,0.3055,0.9919,0.3075,0.5035,0.9845,0.0008,0.0265,-0.0082,0.0481,-0.0081,0.0001,0.0415,-0.0707,a photo with strong subject separation,blurry,0.4259,0.4439,0.4435,0.442,0.4118,0.4277,0.4449,0.3994,0.4521,0.3955,0.4501,0.4116,0.3862,0.5156,v0,bioclip_2_image
48378,/mnt/d/Photos/Z8/180-600mm/2026/2026-03-01/DSC_1814.NEF,23272,4,Blue,reject,picked,0.937,0.255,0.9934,0.3373,0.4951,0.9843,0.0009,0.027,-0.0107,0.0502,-0.0068,-0.0002,0.0414,-0.07,a photo with strong subject separation,blurry,0.426,0.4431,0.4454,0.4416,0.4123,0.4269,0.4496,0.399,0.4538,0.3952,0.4484,0.4125,0.3855,0.5196,v0,bioclip_2_image
48379,/mnt/d/Photos/Z8/180-600mm/2026/2026-03-01/DSC_1815.NEF,23272,4,Blue,neutral,picked,0.9386,0.2745,0.9943,0.2996,0.4786,0.9861,0.001,0.0273,-0.0097,0.0516,-0.0085,-0.0009,0.0426,-0.0694,a photo with strong subject separation,blurry,0.4254,0.443,0.4443,0.4411,0.4097,0.4261,0.4464,0.3981,0.4528,0.3927,0.4496,0.4106,0.3835,0.5158,v0,bioclip_2_image
48380,/mnt/d/Photos/Z8/180-600mm/2026/2026-03-01/DSC_1816.NEF,23272,4,Blue,pick,picked,0.9434,0.2787,0.9943,0.3179,0.4432,0.9879,0.0009,0.0281,-0.0095,0.0517,-0.0076,-0.0023,0.044,-0.0696,a photo with strong subject separation,blurry,0.4279,0.4454,0.4463,0.4429,0.4102,0.4286,0.4481,0.3998,0.4549,0.3946,0.4506,0.4125,0.3846,0.5177,v0,bioclip_2_image
48381,/mnt/d/Photos/Z8/180-600mm/2026/2026-03-01/DSC_1817.NEF,23272,4,Blue,pick,picked,0.9478,0.3286,0.9949,0.3199,0.5245,0.9889,0.0009,0.029,-0.0071,0.0527,-0.0075,0.001,0.0449,-0.0697,a photo with strong subject separation,blurry,0.4262,0.4451,0.445,0.4412,0.4105,0.4274,0.4474,0.3972,0.4522,0.3923,0.4488,0.4095,0.3825,0.5171,v0,bioclip_2_image
48382,/mnt/d/Photos/Z8/180-600mm/2026/2026-03-01/DSC_1818.NEF,23272,4,Blue,reject,picked,0.9486,0.2488,0.9937,0.356,0.5,0.9906,0.001,0.0292,-0.0111,0.0507,-0.0059,0.0,0.0465,-0.069,a photo with strong subject separation,blurry,0.4261,0.4426,0.4435,0.4422,0.4102,0.428,0.4482,0.3969,0.4536,0.3928,0.4482,0.4102,0.3814,0.5172,v0,bioclip_2_image
48383,/mnt/d/Photos/Z8/180-600mm/2026/2026-03-01/DSC_1819.NEF,23272,4,Blue,neutral,picked,0.9498,0.2712,0.9931,0.3711,0.5059,0.9885,0.001,0.0294,-0.0099,0.0496,-0.0053,0.0002,0.0446,-0.069,a photo with strong subject separation,blurry,0.426,0.4434,0.4426,0.444,0.4097,0.4282,0.4474,0.3966,0.4532,0.3929,0.4493,0.4095,0.3837,0.5165,v0,bioclip_2_image
48384,/mnt/d/Photos/Z8/180-600mm/2026/2026-03-01/DSC_1820.NEF,23272,4,Blue,pick,picked,0.9428,0.2697,0.9929,0.3092,0.5346,0.9884,0.0013,0.028,-0.01,0.0494,-0.008,0.0014,0.0445,-0.0663,a photo with strong subject separation,blurry,0.4217,0.4405,0.4386,0.4372,0.4068,0.4232,0.4475,0.3936,0.4504,0.3892,0.4453,0.4054,0.3787,0.5138,v0,bioclip_2_image
48385,/mnt/d/Photos/Z8/180-600mm/2026/2026-03-01/DSC_1821.NEF,23272,4,Blue,pick,picked,0.937,0.306,0.9921,0.2702,0.5389,0.9848,0.0012,0.027,-0.0082,0.0484,-0.0099,0.0016,0.0417,-0.0671,a photo with strong subject separation,blurry,0.4222,0.4418,0.4392,0.4366,0.4066,0.4224,0.4465,0.3952,0.45,0.3909,0.4465,0.4051,0.3807,0.5136,v0,bioclip_2_image
48386,/mnt/d/Photos/Z8/180-600mm/2026/2026-03-01/DSC_1822.NEF,23272,4,Blue,pick,picked,0.945,0.2758,0.9926,0.3145,0.5377,0.9869,0.0011,0.0284,-0.0097,0.049,-0.0078,0.0015,0.0432,-0.0684,a photo with strong subject separation,blurry,0.4231,0.4415,0.44,0.4398,0.4083,0.4246,0.4446,0.3946,0.4511,0.391,0.4476,0.4067,0.3813,0.513,v0,bioclip_2_image
48387,/mnt/d/Photos/Z8/180-600mm/2026/2026-03-01/DSC_1823.NEF,23272,4,Blue,neutral,picked,0.9468,0.2668,0.9938,0.3167,0.5228,0.9896,0.0012,0.0288,-0.0101,0.0508,-0.0077,0.0009,0.0456,-0.0675,a photo with strong subject separation,blurry,0.4259,0.4446,0.443,0.4432,0.4109,0.4278,0.4498,0.3971,0.4547,0.3922,0.4509,0.41,0.3822,0.5173,v0,bioclip_2_image
48388,/mnt/d/Photos/Z8/180-600mm/2026/2026-03-01/DSC_1824.NEF,23272,4,Blue,neutral,picked,0.943,0.2799,0.9923,0.337,0.5403,0.9891,0.0013,0.0281,-0.0094,0.0486,-0.0068,0.0016,0.0451,-0.0667,a photo with strong subject separation,blurry,0.4223,0.4407,0.4397,0.4393,0.4091,0.4243,0.4476,0.3942,0.4502,0.3912,0.4461,0.4075,0.3792,0.5144,v0,bioclip_2_image
48389,/mnt/d/Photos/Z8/180-600mm/2026/2026-03-01/DSC_1825.NEF,23272,4,Blue,neutral,picked,0.9318,0.2579,0.9916,0.2859,0.5334,0.9831,0.0011,0.0261,-0.0106,0.0477,-0.0092,0.0013,0.0407,-0.0685,a photo with strong subject separation,blurry,0.4218,0.4396,0.4385,0.4381,0.4087,0.4227,0.4432,0.3957,0.4502,0.3908,0.4473,0.4073,0.382,0.5118,v0,bioclip_2_image
48390,/mnt/d/Photos/Z8/180-600mm/2026/2026-03-01/DSC_1826.NEF,23272,4,Blue,reject,picked,0.9386,0.2854,0.9922,0.2885,0.5226,0.987,0.0011,0.0273,-0.0092,0.0485,-0.009,0.0009,0.0433,-0.0681,a photo with strong subject separation,blurry,0.4223,0.4407,0.439,0.4387,0.4085,0.4244,0.4438,0.3951,0.4499,0.3904,0.4477,0.4076,0.3811,0.5119,v0,bioclip_2_image
48391,/mnt/d/Photos/Z8/180-600mm/2026/2026-03-01/DSC_1827.NEF,23272,4,Blue,neutral,picked,0.9445,0.2719,0.9929,0.3142,0.517,0.9887,0.0011,0.0283,-0.0098,0.0495,-0.0078,0.0007,0.0447,-0.0679,a photo with strong subject separation,blurry,0.4233,0.4413,0.4416,0.4402,0.4103,0.4252,0.4488,0.3949,0.4511,0.3922,0.448,0.4096,0.3805,0.5168,v0,bioclip_2_image
48392,/mnt/d/Photos/Z8/180-600mm/2026/2026-03-01/DSC_1828.NEF,23272,4,Blue,pick,picked,0.9403,0.2687,0.9912,0.312,0.5333,0.9866,0.001,0.0276,-0.01,0.0472,-0.0079,0.0013,0.043,-0.0688,a photo with strong subject separation,blurry,0.4223,0.4405,0.4387,0.4387,0.4088,0.4242,0.4451,0.3947,0.4505,0.3915,0.4466,0.4074,0.3812,0.5139,v0,bioclip_2_image
48393,/mnt/d/Photos/Z8/180-600mm/2026/2026-03-01/DSC_1829.NEF,23272,4,Blue,pick,picked,0.9514,0.3269,0.9931,0.3607,0.5548,0.9918,0.0013,0.0297,-0.0072,0.0497,-0.0057,0.0022,0.048,-0.0668,a photo with strong subject separation,blurry,0.4248,0.4438,0.4418,0.4405,0.4122,0.4278,0.4529,0.395,0.451,0.3921,0.4462,0.41,0.3798,0.5196,v0,bioclip_2_image
48394,/mnt/d/Photos/Z8/180-600mm/2026/2026-03-01/DSC_1830.NEF,23272,4,Blue,pick,picked,0.951,0.3363,0.9933,0.3478,0.5362,0.992,0.0014,0.0297,-0.0068,0.05,-0.0063,0.0014,0.0483,-0.0658,a photo with strong subject separation,blurry,0.4236,0.4435,0.4409,0.4391,0.4099,0.4261,0.4539,0.394,0.4503,0.3909,0.4454,0.4085,0.3778,0.5197,v0,bioclip_2_image
48395,/mnt/d/Photos/Z8/180-600mm/2026/2026-03-01/DSC_1831.NEF,23272,4,Blue,reject,picked,0.9465,0.2961,0.9922,0.3635,0.555,0.9907,0.0011,0.0287,-0.0087,0.0485,-0.0056,0.0022,0.0467,-0.0683,a photo with strong subject separation,blurry,0.4224,0.4408,0.439,0.4388,0.4121,0.4258,0.4505,0.3936,0.4494,0.3905,0.4444,0.4098,0.3791,0.5188,v0,bioclip_2_image
48396,/mnt/d/Photos/Z8/180-600mm/2026/2026-03-01/DSC_1832.NEF,23272,4,Blue,neutral,picked,0.9455,0.3236,0.993,0.334,0.5357,0.989,0.001,0.0285,-0.0074,0.0495,-0.0069,0.0014,0.045,-0.069,a photo with strong subject separation,blurry,0.4245,0.4435,0.4421,0.4403,0.4114,0.4275,0.4458,0.396,0.4509,0.3926,0.4472,0.41,0.3825,0.5148,v0,bioclip_2_image
48397,/mnt/d/Photos/Z8/180-600mm/2026/2026-03-01/DSC_1833.NEF,23272,4,Blue,pick,picked,0.942,0.3148,0.9927,0.3314,0.5133,0.9898,0.001,0.0279,-0.0078,0.0492,-0.007,0.0005,0.0457,-0.0691,a photo with strong subject separation,blurry,0.4251,0.4435,0.4419,0.4406,0.4114,0.4282,0.4454,0.3972,0.4513,0.3927,0.4477,0.4108,0.3825,0.5145,v0,bioclip_2_image
48398,/mnt/d/Photos/Z8/180-600mm/2026/2026-03-01/DSC_1834.NEF,23272,4,Blue,neutral,picked,0.9431,0.329,0.9932,0.3412,0.5421,0.9878,0.001,0.0281,-0.0071,0.0498,-0.0066,0.0017,0.0439,-0.0695,a photo with strong subject separation,blurry,0.4248,0.4445,0.4432,0.4409,0.4115,0.4268,0.4455,0.3968,0.4516,0.3935,0.4475,0.4098,0.3829,0.515,v0,bioclip_2_image
48399,/mnt/d/Photos/Z8/180-600mm/2026/2026-03-01/DSC_1835.NEF,23272,4,Blue,reject,picked,0.9474,0.3065,0.9941,0.352,0.5199,0.9905,0.0012,0.0289,-0.0082,0.0513,-0.0061,0.0008,0.0465,-0.0671,a photo with strong subject separation,blurry,0.4254,0.4447,0.4441,0.4425,0.412,0.4294,0.4525,0.3965,0.4528,0.3928,0.4486,0.4112,0.3829,0.5196,v0,bioclip_2_image
48400,/mnt/d/Photos/Z8/180-600mm/2026/2026-03-01/DSC_1836.NEF,23272,4,Blue,neutral,picked,0.9404,0.2894,0.9915,0.3549,0.528,0.9872,0.001,0.0276,-0.009,0.0476,-0.006,0.0011,0.0435,-0.0689,a photo with strong subject separation,blurry,0.4235,0.442,0.4407,0.4402,0.4109,0.4259,0.4486,0.3959,0.451,0.3931,0.4461,0.4098,0.3825,0.5175,v0,bioclip_2_image
48401,/mnt/d/Photos/Z8/180-600mm/2026/2026-03-01/DSC_1837.NEF,23272,4,Blue,neutral,picked,0.947,0.3351,0.9932,0.3348,0.5339,0.9882,0.0012,0.0288,-0.0069,0.0499,-0.0069,0.0014,0.0443,-0.0674,a photo with strong subject separation,blurry,0.4212,0.4414,0.44,0.4383,0.4086,0.424,0.4479,0.3924,0.4482,0.3902,0.4452,0.4072,0.3797,0.5153,v0,bioclip_2_image
48402,/mnt/d/Photos/Z8/180-600mm/2026/2026-03-01/DSC_1838.NEF,23272,4,Blue,pick,picked,0.9531,0.3583,0.9936,0.3638,0.5439,0.9902,0.0014,0.0301,-0.0058,0.0504,-0.0056,0.0018,0.0461,-0.0659,a photo with strong subject separation,blurry,0.4222,0.4425,0.441,0.44,0.4091,0.4266,0.4532,0.3921,0.4483,0.3906,0.4455,0.4074,0.3805,0.5191,v0,bioclip_2_image
48403,/mnt/d/Photos/Z8/180-600mm/2026/2026-03-01/DSC_1839.NEF,23272,4,Blue,pick,picked,0.9466,0.3311,0.9925,0.3508,0.5116,0.9883,0.0011,0.0288,-0.007,0.0488,-0.0062,0.0005,0.0444,-0.0679,a photo with strong subject separation,blurry,0.4225,0.4419,0.4402,0.4392,0.4095,0.4256,0.4468,0.3937,0.4489,0.3914,0.4454,0.4091,0.3812,0.5147,v0,bioclip_2_image
48404,/mnt/d/Photos/Z8/180-600mm/2026/2026-03-01/DSC_1840.NEF,23272,4,Blue,pick,picked,0.9334,0.2998,0.9943,0.2917,0.5125,0.9762,0.0012,0.0264,-0.0085,0.0516,-0.0089,0.0005,0.0371,-0.0669,a photo with strong subject separation,blurry,0.4253,0.4459,0.4478,0.4429,0.4094,0.4244,0.4533,0.3989,0.4544,0.3962,0.4518,0.4089,0.3872,0.5202,v0,bioclip_2_image
48405,/mnt/d/Photos/Z8/180-600mm/2026/2026-03-01/DSC_1841.NEF,23272,4,Blue,neutral,picked,0.9437,0.349,0.9946,0.2785,0.5353,0.9786,0.0012,0.0282,-0.0062,0.0522,-0.0095,0.0014,0.0382,-0.0671,a photo with strong subject separation,blurry,0.4243,0.4452,0.447,0.4395,0.4084,0.424,0.4529,0.3961,0.4514,0.3948,0.449,0.4069,0.3858,0.52,v0,bioclip_2_image
48406,/mnt/d/Photos/Z8/180-600mm/2026/2026-03-01/DSC_1842.NEF,23272,4,Blue,neutral,picked,0.9385,0.3529,0.9941,0.2675,0.4459,0.9693,0.0014,0.0273,-0.0061,0.0514,-0.0101,-0.0022,0.0345,-0.0656,high quality,blurry,0.4256,0.4467,0.4479,0.4417,0.4084,0.4222,0.4551,0.3983,0.4528,0.3965,0.4518,0.4105,0.3877,0.5207,v0,bioclip_2_image
48407,/mnt/d/Photos/Z8/180-600mm/2026/2026-03-01/DSC_1843.NEF,23272,4,Blue,neutral,picked,0.9432,0.3354,0.9934,0.2857,0.4944,0.9753,0.0013,0.0281,-0.0068,0.0502,-0.0092,-0.0002,0.0368,-0.0666,a photo with strong subject separation,blurry,0.4258,0.4463,0.4459,0.4417,0.4097,0.4246,0.4532,0.3977,0.4531,0.3957,0.4509,0.4099,0.3878,0.5198,v0,bioclip_2_image
48408,/mnt/d/Photos/Z8/180-600mm/2026/2026-03-01/DSC_1844.NEF,23272,4,Blue,neutral,picked,0.9314,0.303,0.997,0.182,0.4627,0.9795,0.0013,0.0261,-0.0083,0.0579,-0.015,-0.0015,0.0386,-0.0662,a photo with strong subject separation,blurry,0.4181,0.4403,0.4436,0.4307,0.4006,0.4175,0.4666,0.392,0.4487,0.3857,0.4457,0.4021,0.3788,0.5328,v0,bioclip_2_image
48409,/mnt/d/Photos/Z8/180-600mm/2026/2026-03-01/DSC_1845.NEF,23272,4,Blue,neutral,picked,0.9423,0.3326,0.9933,0.3063,0.487,0.979,0.0014,0.0279,-0.007,0.05,-0.0082,-0.0005,0.0384,-0.0655,a photo with strong subject separation,blurry,0.4286,0.4484,0.4472,0.4442,0.4112,0.4276,0.452,0.4007,0.4554,0.3972,0.4524,0.4118,0.3892,0.5176,v0,bioclip_2_image
48410,/mnt/d/Photos/Z8/180-600mm/2026/2026-03-01/DSC_1846.NEF,23272,4,Blue,reject,picked,0.9358,0.2503,0.9927,0.2998,0.484,0.9822,0.0009,0.0268,-0.011,0.0491,-0.0085,-0.0006,0.0401,-0.0697,a photo with strong subject separation,blurry,0.4276,0.4457,0.4471,0.4433,0.4124,0.4291,0.4517,0.4008,0.4567,0.398,0.4518,0.413,0.389,0.5215,v0,bioclip_2_image
48411,/mnt/d/Photos/Z8/180-600mm/2026/2026-03-01/DSC_1847.NEF,23272,4,Blue,reject,picked,0.9415,0.2711,0.9939,0.2863,0.4737,0.9833,0.001,0.0278,-0.0099,0.051,-0.0091,-0.0011,0.0408,-0.0688,a photo with strong subject separation,blurry,0.4275,0.4465,0.4473,0.4441,0.4121,0.4286,0.4525,0.3998,0.4564,0.3963,0.4532,0.4132,0.3879,0.5212,v0,bioclip_2_image
48412,/mnt/d/Photos/Z8/180-600mm/2026/2026-03-01/DSC_1848.NEF,23272,4,Blue,neutral,picked,0.9387,0.2923,0.9936,0.3295,0.4862,0.9794,0.0013,0.0273,-0.0088,0.0505,-0.0071,-0.0006,0.0386,-0.0668,a photo with strong subject separation,blurry,0.4265,0.4456,0.4461,0.4434,0.4117,0.427,0.4509,0.3992,0.4545,0.3956,0.4505,0.4122,0.3884,0.5177,v0,bioclip_2_image
48413,/mnt/d/Photos/Z8/180-600mm/2026/2026-03-01/DSC_1849.NEF,23273,3,Blue,reject,neutral,0.9475,0.3115,0.9922,0.345,0.5246,0.9817,0.0014,0.0289,-0.0079,0.0485,-0.0064,0.001,0.0398,-0.0658,a photo with strong subject separation,blurry,0.4286,0.4491,0.4456,0.4455,0.4145,0.4307,0.4589,0.3996,0.457,0.3971,0.4519,0.4135,0.3909,0.5247,v0,bioclip_2_image
48414,/mnt/d/Photos/Z8/180-600mm/2026/2026-03-01/DSC_1850.NEF,23273,4,Blue,neutral,picked,0.9431,0.2852,0.991,0.3593,0.5612,0.9815,0.0014,0.0281,-0.0092,0.047,-0.0058,0.0025,0.0397,-0.0654,a photo with strong subject separation,blurry,0.4261,0.4461,0.4425,0.4434,0.4131,0.4273,0.453,0.398,0.4553,0.3954,0.4492,0.4106,0.3876,0.5185,v0,bioclip_2_image
48415,/mnt/d/Photos/Z8/180-600mm/2026/2026-03-01/DSC_1851.NEF,23273,4,Blue,pick,picked,0.9516,0.3367,0.993,0.3279,0.5779,0.9844,0.0014,0.0298,-0.0068,0.0495,-0.0072,0.0031,0.0415,-0.0655,a photo with strong subject separation,blurry,0.4257,0.4471,0.4425,0.4426,0.4122,0.4277,0.4545,0.3959,0.4539,0.393,0.4497,0.409,0.3862,0.52,v0,bioclip_2_image
48416,/mnt/d/Photos/Z8/180-600mm/2026/2026-03-01/DSC_1852.NEF,23273,4,Blue,neutral,picked,0.9476,0.3463,0.9926,0.3265,0.5209,0.986,0.0013,0.029,-0.0064,0.049,-0.0072,0.0008,0.0425,-0.0664,a photo with strong subject separation,blurry,0.4245,0.4451,0.4406,0.4418,0.4104,0.4265,0.4491,0.3955,0.4514,0.3915,0.449,0.4096,0.384,0.5155,v0,bioclip_2_image
48417,/mnt/d/Photos/Z8/180-600mm/2026/2026-03-01/DSC_1853.NEF,23273,4,Blue,pick,picked,0.9485,0.3429,0.9921,0.3259,0.5291,0.9863,0.0013,0.0291,-0.0065,0.0484,-0.0073,0.0012,0.0427,-0.0665,a photo with strong subject separation,blurry,0.4242,0.4451,0.4398,0.4407,0.4105,0.4261,0.4475,0.3951,0.4516,0.3914,0.4479,0.4093,0.3834,0.5141,v0,bioclip_2_image
48418,/mnt/d/Photos/Z8/180-600mm/2026/2026-03-01/DSC_1854.NEF,23273,3,Blue,neutral,neutral,0.9473,0.3259,0.9923,0.3571,0.5594,0.9858,0.0013,0.0289,-0.0073,0.0486,-0.0059,0.0024,0.0424,-0.0663,a photo with strong subject separation,blurry,0.425,0.4455,0.4407,0.4423,0.4116,0.4262,0.45,0.3961,0.4528,0.3921,0.4481,0.4092,0.3838,0.5163,v0,bioclip_2_image
48419,/mnt/d/Photos/Z8/180-600mm/2026/2026-03-01/DSC_1855.NEF,23273,4,Blue,neutral,picked,0.9414,0.3466,0.9899,0.311,0.5434,0.9834,0.0013,0.0278,-0.0063,0.0459,-0.008,0.0017,0.0408,-0.0665,a photo with strong subject separation,blurry,0.424,0.4448,0.4392,0.44,0.4105,0.4248,0.4474,0.3963,0.4511,0.3933,0.448,0.4088,0.384,0.5138,v0,bioclip_2_image
48420,/mnt/d/Photos/Z8/180-600mm/2026/2026-03-01/DSC_1856.NEF,23273,3,Blue,reject,neutral,0.9482,0.3746,0.9921,0.3071,0.5432,0.9887,0.0017,0.0291,-0.0051,0.0483,-0.0081,0.0017,0.0447,-0.0638,a photo with strong subject separation,blurry,0.4217,0.4442,0.4388,0.4374,0.4099,0.4254,0.4559,0.3927,0.4494,0.3905,0.4455,0.4081,0.3807,0.5197,v0,bioclip_2_image
48421,/mnt/d/Photos/Z8/180-600mm/2026/2026-03-01/DSC_1857.NEF,23273,3,Blue,reject,neutral,0.9325,0.316,0.9896,0.3197,0.512,0.967,0.001,0.0263,-0.0077,0.0456,-0.0076,0.0005,0.0338,-0.0689,a photo with strong subject separation,blurry,0.4275,0.4472,0.4455,0.4444,0.4146,0.4271,0.4501,0.4012,0.4549,0.3999,0.452,0.4142,0.3933,0.5191,v0,bioclip_2_image
48422,/mnt/d/Photos/Z8/180-600mm/2026/2026-03-01/DSC_1858.NEF,23273,4,Blue,pick,picked,0.9402,0.2951,0.992,0.3277,0.491,0.9835,0.001,0.0276,-0.0087,0.0482,-0.0072,-0.0004,0.0409,-0.0692,a photo with strong subject separation,blurry,0.4282,0.4488,0.4471,0.4461,0.4146,0.4313,0.4506,0.4007,0.4575,0.3989,0.4533,0.415,0.3904,0.5198,v0,bioclip_2_image
48423,/mnt/d/Photos/Z8/180-600mm/2026/2026-03-01/DSC_1859.NEF,23273,4,Blue,neutral,picked,0.9471,0.3685,0.9911,0.3274,0.5141,0.9809,0.0012,0.0289,-0.0054,0.0472,-0.0072,0.0006,0.0394,-0.0669,a photo with strong subject separation,blurry,0.4276,0.4484,0.4451,0.4439,0.4143,0.4305,0.452,0.3987,0.4538,0.398,0.4511,0.4137,0.3911,0.5189,v0,bioclip_2_image
48424,/mnt/d/Photos/Z8/180-600mm/2026/2026-03-01/DSC_1860.NEF,23273,4,Blue,neutral,picked,0.9452,0.3062,0.9921,0.3358,0.5028,0.9862,0.0011,0.0285,-0.0082,0.0483,-0.0068,0.0001,0.0427,-0.0679,a photo with strong subject separation,blurry,0.4254,0.4456,0.443,0.444,0.4115,0.4281,0.4471,0.3969,0.4538,0.3947,0.4508,0.4114,0.3854,0.515,v0,bioclip_2_image
48425,/mnt/d/Photos/Z8/180-600mm/2026/2026-03-01/DSC_1861.NEF,23272,4,Blue,neutral,picked,0.9323,0.2894,0.9929,0.3726,0.4836,0.9819,0.001,0.0262,-0.009,0.0494,-0.0052,-0.0007,0.0399,-0.0694,high quality,blurry,0.4245,0.4433,0.4433,0.4438,0.4103,0.4257,0.4438,0.3982,0.4523,0.3939,0.449,0.4109,0.3858,0.5132,v0,bioclip_2_image
48426,/mnt/d/Photos/Z8/180-600mm/2026/2026-03-01/DSC_1862.NEF,23272,4,Blue,reject,picked,0.9306,0.2957,0.9939,0.3522,0.4601,0.9832,0.0012,0.026,-0.0087,0.0509,-0.0061,-0.0016,0.0407,-0.0674,a photo with strong subject separation,blurry,0.427,0.447,0.446,0.4455,0.4111,0.4274,0.4467,0.401,0.4557,0.3951,0.4516,0.4127,0.3867,0.5141,v0,bioclip_2_image
48427,/mnt/d/Photos/Z8/180-600mm/2026/2026-03-01/DSC_1863.NEF,23272,4,Blue,reject,picked,0.9328,0.2877,0.9942,0.35,0.4797,0.9861,0.0011,0.0263,-0.0091,0.0514,-0.0062,-0.0008,0.0426,-0.0677,a photo with strong subject separation,blurry,0.4249,0.4453,0.4442,0.4446,0.4102,0.4269,0.4474,0.3986,0.4543,0.3928,0.4508,0.411,0.3843,0.5152,v0,bioclip_2_image
48428,/mnt/d/Photos/Z8/180-600mm/2026/2026-03-01/DSC_1864.NEF,23272,4,Blue,reject,picked,0.9422,0.287,0.9932,0.3692,0.4916,0.9841,0.0011,0.0279,-0.0091,0.0498,-0.0054,-0.0003,0.0413,-0.0682,a photo with strong subject separation,blurry,0.4248,0.4429,0.4424,0.4436,0.4111,0.4262,0.4469,0.3969,0.452,0.3926,0.4489,0.4114,0.3849,0.5151,v0,bioclip_2_image
48429,/mnt/d/Photos/Z8/180-600mm/2026/2026-03-01/DSC_1865.NEF,23272,4,Blue,neutral,picked,0.923,0.255,0.9926,0.3226,0.4668,0.9799,0.0009,0.0248,-0.0107,0.049,-0.0074,-0.0013,0.0389,-0.0697,a photo with strong subject separation,blurry,0.4253,0.4438,0.4429,0.4441,0.4108,0.4255,0.4436,0.4005,0.4545,0.394,0.4515,0.4121,0.3866,0.5133,v0,bioclip_2_image
48430,/mnt/d/Photos/Z8/180-600mm/2026/2026-03-01/DSC_1866.NEF,23272,4,Blue,pick,picked,0.9344,0.3155,0.9942,0.2568,0.4262,0.9828,0.0015,0.0266,-0.0077,0.0514,-0.0106,-0.003,0.0405,-0.065,a photo with strong subject separation,blurry,0.4206,0.4414,0.4409,0.4328,0.4024,0.4214,0.4545,0.3941,0.4492,0.3894,0.4434,0.4054,0.3809,0.5196,v0,bioclip_2_image
48431,/mnt/d/Photos/Z8/180-600mm/2026/2026-03-01/DSC_1867.NEF,23272,4,Blue,neutral,picked,0.9497,0.3523,0.9968,0.3005,0.4753,0.9847,0.0016,0.0294,-0.0061,0.0573,-0.0084,-0.001,0.0416,-0.0642,a photo with strong subject separation,blurry,0.4301,0.4515,0.4508,0.4468,0.4105,0.4299,0.4597,0.4008,0.4576,0.3935,0.4553,0.4115,0.3883,0.524,v0,bioclip_2_image
48432,/mnt/d/Photos/Z8/180-600mm/2026/2026-03-01/DSC_1868.NEF,23272,4,Blue,reject,picked,0.9429,0.2721,0.9965,0.2933,0.4521,0.9866,0.0014,0.028,-0.0098,0.0565,-0.0088,-0.0019,0.043,-0.0657,a photo with strong subject separation,blurry,0.4254,0.4456,0.4467,0.4398,0.4076,0.4269,0.4576,0.3974,0.4554,0.3901,0.4486,0.4095,0.384,0.5233,v0,bioclip_2_image
48433,/mnt/d/Photos/Z8/180-600mm/2026/2026-03-01/DSC_1869.NEF,23272,4,Blue,reject,picked,0.9336,0.353,0.9927,0.3359,0.4814,0.979,0.0012,0.0264,-0.0061,0.0491,-0.0068,-0.0007,0.0384,-0.0673,high quality,blurry,0.4257,0.4469,0.4426,0.4421,0.4102,0.4252,0.4505,0.3993,0.4529,0.3935,0.4489,0.4109,0.3868,0.5178,v0,bioclip_2_image
48434,/mnt/d/Photos/Z8/180-600mm/2026/2026-03-01/DSC_1870.NEF,23272,4,Blue,pick,picked,0.9471,0.2942,0.9935,0.3548,0.4398,0.9856,0.0012,0.0288,-0.0088,0.0502,-0.006,-0.0024,0.0423,-0.0673,a photo with strong subject separation,blurry,0.4251,0.4426,0.4433,0.4427,0.4097,0.4271,0.4493,0.3963,0.4514,0.3931,0.4487,0.4121,0.3848,0.5166,v0,bioclip_2_image
48435,/mnt/d/Photos/Z8/180-600mm/2026/2026-03-01/DSC_1871.NEF,23272,4,Blue,neutral,picked,0.9489,0.3034,0.9944,0.364,0.4618,0.9879,0.0012,0.0292,-0.0083,0.0517,-0.0056,-0.0015,0.0441,-0.0674,a photo with strong subject separation,blurry,0.4259,0.4441,0.4441,0.4428,0.4112,0.4284,0.4496,0.3966,0.4524,0.3924,0.4484,0.4127,0.3843,0.517,v0,bioclip_2_image
48436,/mnt/d/Photos/Z8/180-600mm/2026/2026-03-01/DSC_1872.NEF,23272,3,Blue,reject,neutral,0.9432,0.3249,0.9957,0.3558,0.4582,0.982,0.0013,0.0281,-0.0073,0.0545,-0.0059,-0.0017,0.04,-0.0664,high quality,blurry,0.4288,0.4495,0.4495,0.4484,0.4115,0.4279,0.4549,0.4008,0.4568,0.3949,0.4543,0.4132,0.3879,0.5214,v0,bioclip_2_image
48437,/mnt/d/Photos/Z8/180-600mm/2026/2026-03-01/DSC_1873.NEF,23272,4,Blue,neutral,picked,0.9549,0.3724,0.9945,0.3565,0.5754,0.9811,0.0013,0.0305,-0.0052,0.0521,-0.0059,0.003,0.0395,-0.0667,a photo with strong subject separation,blurry,0.4247,0.4448,0.4443,0.4411,0.4114,0.425,0.448,0.3941,0.45,0.3922,0.447,0.4084,0.3856,0.5147,v0,bioclip_2_image
48438,/mnt/d/Photos/Z8/180-600mm/2026/2026-03-01/DSC_1874.NEF,23272,4,Blue,reject,picked,0.9516,0.3704,0.9947,0.3457,0.5227,0.981,0.0012,0.0298,-0.0053,0.0524,-0.0064,0.0009,0.0395,-0.0672,a photo with strong subject separation,blurry,0.4258,0.4468,0.4444,0.4411,0.4099,0.4251,0.4479,0.396,0.4521,0.392,0.4475,0.409,0.3857,0.5151,v0,bioclip_2_image
48439,/mnt/d/Photos/Z8/180-600mm/2026/2026-03-01/DSC_1875.NEF,23272,4,Blue,reject,picked,0.9411,0.3388,0.9951,0.216,0.4339,0.9816,0.0011,0.0277,-0.0067,0.0531,-0.0129,-0.0027,0.0398,-0.0678,high quality,blurry,0.4261,0.447,0.4468,0.4374,0.4084,0.4259,0.4502,0.3984,0.4537,0.3937,0.4503,0.4111,0.3861,0.5181,v0,bioclip_2_image
48440,/mnt/d/Photos/Z8/180-600mm/2026/2026-03-01/DSC_1876.NEF,23272,4,Blue,reject,picked,0.9451,0.2971,0.9928,0.3437,0.5357,0.9791,0.0012,0.0285,-0.0086,0.0493,-0.0065,0.0014,0.0385,-0.0674,a photo with strong subject separation,blurry,0.4252,0.4446,0.4436,0.4421,0.4113,0.4256,0.4458,0.3968,0.4532,0.3943,0.4486,0.4099,0.3872,0.5132,v0,bioclip_2_image
48441,/mnt/d/Photos/Z8/180-600mm/2026/2026-03-01/DSC_1877.NEF,23272,4,Blue,reject,picked,0.9506,0.3328,0.9943,0.3599,0.5518,0.9849,0.0014,0.0296,-0.007,0.0517,-0.0058,0.0021,0.0418,-0.0655,a photo with strong subject separation,blurry,0.4263,0.4465,0.445,0.4438,0.4108,0.4272,0.4527,0.3968,0.4534,0.3934,0.4496,0.4088,0.3854,0.5181,v0,bioclip_2_image
48442,/mnt/d/Photos/Z8/180-600mm/2026/2026-03-01/DSC_1878.NEF,23272,4,Blue,reject,picked,0.9362,0.2785,0.994,0.353,0.4646,0.9828,0.0011,0.0269,-0.0095,0.0512,-0.0061,-0.0014,0.0405,-0.0685,a photo with strong subject separation,blurry,0.4243,0.4439,0.4446,0.4421,0.4086,0.4248,0.4467,0.3974,0.4534,0.3934,0.4482,0.41,0.3843,0.5152,v0,bioclip_2_image
48443,/mnt/d/Photos/Z8/180-600mm/2026/2026-03-01/DSC_1879.NEF,23272,4,Blue,reject,picked,0.9373,0.3274,0.9948,0.3584,0.4754,0.9805,0.0012,0.0271,-0.0072,0.0526,-0.0058,-0.001,0.0392,-0.0676,high quality,blurry,0.4279,0.4481,0.4483,0.4451,0.4115,0.4276,0.4518,0.4008,0.4553,0.3958,0.451,0.4125,0.3884,0.5194,v0,bioclip_2_image
48444,/mnt/d/Photos/Z8/180-600mm/2026/2026-03-01/DSC_1880.NEF,23272,4,Blue,reject,picked,0.9341,0.2812,0.9962,0.3179,0.3872,0.9822,0.001,0.0265,-0.0094,0.0556,-0.0076,-0.0046,0.0401,-0.0695,high quality,blurry,0.4274,0.4472,0.4489,0.4443,0.4081,0.4267,0.452,0.4009,0.4566,0.3932,0.4519,0.4126,0.3866,0.5215,v0,bioclip_2_image
48445,/mnt/d/Photos/Z8/180-600mm/2026/2026-03-01/DSC_1881.NEF,23272,4,Blue,reject,picked,0.9334,0.2733,0.9963,0.3264,0.3646,0.9838,0.001,0.0264,-0.0098,0.0561,-0.0072,-0.0056,0.0411,-0.0695,high quality,blurry,0.4261,0.4462,0.4481,0.4429,0.4074,0.4268,0.4522,0.3997,0.456,0.392,0.4501,0.413,0.3857,0.5217,v0,bioclip_2_image
48446,/mnt/d/Photos/Z8/180-600mm/2026/2026-03-01/DSC_1882.NEF,23272,4,Blue,reject,picked,0.9426,0.2637,0.9969,0.3173,0.4289,0.982,0.0011,0.028,-0.0103,0.0577,-0.0077,-0.0029,0.04,-0.0681,a photo with strong subject separation,blurry,0.4249,0.4447,0.4482,0.4414,0.4066,0.4245,0.454,0.3969,0.455,0.3904,0.4491,0.4095,0.3845,0.5221,v0,bioclip_2_image
48447,/mnt/d/Photos/Z8/180-600mm/2026/2026-03-01/DSC_1883.NEF,23272,4,Blue,neutral,picked,0.9363,0.2739,0.9952,0.331,0.4427,0.9795,0.0009,0.0269,-0.0098,0.0533,-0.007,-0.0023,0.0387,-0.0701,high quality,blurry,0.4268,0.4454,0.4482,0.4443,0.4106,0.4264,0.4488,0.4,0.4552,0.395,0.4513,0.4129,0.3878,0.5189,v0,bioclip_2_image
48448,/mnt/d/Photos/Z8/180-600mm/2026/2026-03-01/DSC_1884.NEF,23272,4,Blue,neutral,picked,0.9405,0.3235,0.9951,0.349,0.4121,0.9788,0.0012,0.0276,-0.0074,0.0532,-0.0062,-0.0036,0.0383,-0.0674,a photo with strong subject separation,blurry,0.4293,0.448,0.4489,0.4478,0.412,0.4291,0.4487,0.4017,0.4554,0.3957,0.454,0.4156,0.3908,0.5161,v0,bioclip_2_image
48449,/mnt/d/Photos/Z8/180-600mm/2026/2026-03-01/DSC_1885.NEF,23274,4,Blue,pick,picked,0.909,0.3515,0.9962,0.301,0.5027,0.9476,0.0017,0.023,-0.0061,0.0558,-0.0084,0.0001,0.029,-0.064,high quality,blurry,0.4165,0.4483,0.4489,0.4389,0.4022,0.417,0.4602,0.3935,0.4544,0.3931,0.4473,0.4021,0.388,0.5243,v0,bioclip_2_image
48450,/mnt/d/Photos/Z8/180-600mm/2026/2026-03-01/DSC_1886.NEF,,4,Blue,pick,picked,0.8949,0.3762,0.9968,0.395,0.6203,0.9274,0.0022,0.0214,-0.0051,0.0575,-0.0043,0.0049,0.0255,-0.0613,a photo with strong subject separation,blurry,0.4027,0.4371,0.4399,0.428,0.3962,0.3982,0.4543,0.3813,0.4421,0.3823,0.4323,0.3913,0.3727,0.5156,v0,bioclip_2_image
48452,/mnt/d/Photos/Z8/180-600mm/2026/2026-03-01/DSC_1888.NEF,23274,4,Blue,pick,picked,0.9071,0.1621,0.996,0.1632,0.4513,0.9589,0.0007,0.0228,-0.0164,0.0552,-0.0163,-0.002,0.0315,-0.0728,natural colors,blurry,0.4256,0.4467,0.4546,0.4338,0.4063,0.4213,0.4874,0.4029,0.4631,0.3995,0.4502,0.4083,0.3898,0.5601,v0,bioclip_2_image
48453,/mnt/d/Photos/Z8/180-600mm/2026/2026-03-01/DSC_1889.NEF,23274,4,Blue,pick,picked,0.9115,0.3794,0.9944,0.3285,0.4718,0.9562,0.0015,0.0233,-0.0049,0.0518,-0.0071,-0.0011,0.0308,-0.0651,a photo with strong subject separation,blurry,0.4252,0.4563,0.4541,0.448,0.4075,0.4233,0.4577,0.4019,0.4612,0.4023,0.4552,0.4086,0.3925,0.5228,v0,bioclip_2_image
48454,/mnt/d/Photos/Z8/180-600mm/2026/2026-03-01/DSC_1890.NEF,23274,4,Blue,pick,picked,0.9153,0.2799,0.9959,0.3155,0.506,0.9652,0.0015,0.0238,-0.0095,0.055,-0.0077,0.0002,0.0332,-0.0647,high quality,blurry,0.4277,0.4561,0.4541,0.4485,0.4059,0.4247,0.4848,0.4038,0.4656,0.3991,0.4562,0.4056,0.3915,0.5495,v0,bioclip_2_image
48455,/mnt/d/Photos/Z8/180-600mm/2026/2026-03-01/DSC_1891.NEF,23274,4,Blue,neutral,picked,0.8652,0.1835,0.9978,0.2029,0.3854,0.9331,0.0008,0.0186,-0.0149,0.061,-0.0137,-0.0047,0.0263,-0.0712,a photo with strong subject separation,blurry,0.4209,0.4473,0.4551,0.4408,0.4027,0.416,0.4706,0.4023,0.4622,0.3941,0.4545,0.4074,0.3896,0.5417,v0,bioclip_2_image
48456,/mnt/d/Photos/Z8/180-600mm/2026/2026-03-01/DSC_1892.NEF,23274,4,Blue,pick,picked,0.8785,0.4,0.9949,0.3381,0.39,0.9107,0.0017,0.0198,-0.0041,0.0527,-0.0067,-0.0045,0.0232,-0.0637,a photo with strong subject separation,blurry,0.4297,0.4623,0.4605,0.4532,0.4142,0.4257,0.4608,0.4099,0.4663,0.4077,0.4599,0.4186,0.4025,0.5245,v0,bioclip_2_image
48457,/mnt/d/Photos/Z8/180-600mm/2026/2026-03-01/DSC_1893.NEF,23274,4,Blue,pick,picked,0.8831,0.4314,0.9963,0.3395,0.4479,0.9185,0.0015,0.0202,-0.0028,0.0561,-0.0067,-0.0021,0.0242,-0.0652,a photo with strong subject separation,blurry,0.426,0.4601,0.4585,0.4511,0.4139,0.4218,0.4538,0.4058,0.4629,0.4024,0.4578,0.416,0.3976,0.5189,v0,bioclip_2_image
48458,/mnt/d/Photos/Z8/180-600mm/2026/2026-03-01/DSC_1894.NEF,23274,4,Blue,pick,picked,0.8856,0.3018,0.9969,0.3216,0.4033,0.914,0.0009,0.0205,-0.0084,0.0578,-0.0075,-0.0039,0.0236,-0.07,a photo with strong subject separation,blurry,0.422,0.4506,0.4521,0.4459,0.4034,0.415,0.4602,0.4016,0.459,0.3943,0.4534,0.4073,0.3913,0.5302,v0,bioclip_2_image
48459,/mnt/d/Photos/Z8/180-600mm/2026/2026-03-01/DSC_1895.NEF,23274,4,Blue,neutral,picked,0.8845,0.3084,0.9966,0.2934,0.4484,0.9471,0.0013,0.0204,-0.0081,0.0569,-0.0088,-0.0021,0.0289,-0.0665,a photo with strong subject separation,blurry,0.4193,0.4481,0.4517,0.4409,0.4003,0.416,0.4683,0.3989,0.4562,0.3948,0.4496,0.4024,0.3871,0.5348,v0,bioclip_2_image
48460,/mnt/d/Photos/Z8/180-600mm/2026/2026-03-01/DSC_1896.NEF,23274,4,Blue,neutral,picked,0.8787,0.2303,0.9974,0.3077,0.4289,0.9481,0.0012,0.0198,-0.0121,0.0596,-0.0081,-0.0029,0.029,-0.0673,high quality,blurry,0.4182,0.4452,0.4502,0.4413,0.4006,0.4145,0.4722,0.3984,0.4573,0.3906,0.4494,0.4034,0.3855,0.5395,v0,bioclip_2_image
48461,/mnt/d/Photos/Z8/180-600mm/2026/2026-03-01/DSC_1897.NEF,23274,4,Blue,neutral,picked,0.9156,0.4583,0.9958,0.3429,0.6358,0.9621,0.0014,0.0238,-0.0017,0.0547,-0.0065,0.0056,0.0323,-0.0657,high quality,blurry,0.415,0.4486,0.4461,0.4398,0.4007,0.4134,0.4589,0.3912,0.4503,0.3915,0.4463,0.3951,0.381,0.5247,v0,bioclip_2_image
48462,/mnt/d/Photos/Z8/180-600mm/2026/2026-03-01/DSC_1898.NEF,23274,4,Blue,reject,picked,0.908,0.3934,0.993,0.2977,0.6168,0.9447,0.0014,0.0229,-0.0043,0.0496,-0.0086,0.0048,0.0284,-0.0658,high quality,blurry,0.43,0.4601,0.4583,0.4511,0.4112,0.4249,0.4664,0.4071,0.4644,0.4087,0.4597,0.4064,0.3965,0.5323,v0,bioclip_2_image
48463,/mnt/d/Photos/Z8/180-600mm/2026/2026-03-01/DSC_1899.NEF,23274,4,Blue,reject,picked,0.8822,0.2159,0.9961,0.1617,0.5578,0.9269,0.0009,0.0201,-0.0129,0.0553,-0.0165,0.0023,0.0254,-0.0698,high quality,blurry,0.4193,0.4471,0.4472,0.4298,0.4011,0.4127,0.4818,0.3991,0.46,0.3919,0.4462,0.3988,0.3873,0.5516,v0,bioclip_2_image
48464,/mnt/d/Photos/Z8/180-600mm/2026/2026-03-01/DSC_1900.NEF,23274,4,Blue,neutral,picked,0.8987,0.3174,0.9934,0.2055,0.5486,0.9596,0.0011,0.0218,-0.0077,0.0502,-0.0135,0.002,0.0317,-0.0682,a photo with strong subject separation,blurry,0.4247,0.4541,0.4514,0.4388,0.4079,0.4237,0.475,0.4029,0.4617,0.4013,0.4524,0.406,0.392,0.5431,v0,bioclip_2_image
48465,/mnt/d/Photos/Z8/180-600mm/2026/2026-03-01/DSC_1901.NEF,23274,4,Blue,reject,picked,0.882,0.2269,0.9957,0.1713,0.6091,0.9749,0.0011,0.0201,-0.0123,0.0544,-0.0158,0.0044,0.0366,-0.0686,a photo with strong subject separation,blurry,0.4214,0.4466,0.455,0.4309,0.4129,0.424,0.4743,0.4013,0.4589,0.4006,0.4466,0.4084,0.3873,0.5429,v0,bioclip_2_image
48466,/mnt/d/Photos/Z8/180-600mm/2026/2026-03-01/DSC_1902.NEF,23274,4,Blue,neutral,picked,0.9111,0.2621,0.9968,0.1943,0.6317,0.9787,0.0008,0.0233,-0.0104,0.0573,-0.0142,0.0054,0.0383,-0.0711,a photo with strong subject separation,blurry,0.4264,0.4547,0.4582,0.4367,0.4083,0.4262,0.4865,0.4031,0.4651,0.4009,0.4509,0.4029,0.388,0.5576,v0,bioclip_2_image
48467,/mnt/d/Photos/Z8/180-600mm/2026/2026-03-01/DSC_1903.NEF,23274,4,Blue,reject,picked,0.8708,0.3478,0.997,0.3613,0.5911,0.9566,0.0008,0.0191,-0.0063,0.0582,-0.0057,0.0037,0.0309,-0.0714,a photo with strong subject separation,blurry,0.414,0.4458,0.4498,0.4326,0.4068,0.412,0.4554,0.3949,0.4521,0.3917,0.4383,0.4031,0.3811,0.5268,v0,bioclip_2_image
48468,/mnt/d/Photos/Z8/180-600mm/2026/2026-03-01/DSC_1904.NEF,23274,4,Blue,reject,picked,0.902,0.3693,0.9961,0.0999,0.5569,0.9663,0.0007,0.0222,-0.0054,0.0554,-0.022,0.0023,0.0335,-0.0732,a photo with strong subject separation,blurry,0.404,0.4365,0.4358,0.4158,0.3848,0.4045,0.4719,0.3818,0.4419,0.3804,0.4378,0.3825,0.3709,0.5451,v0,bioclip_2_image
48469,/mnt/d/Photos/Z8/180-600mm/2026/2026-03-01/DSC_1905.NEF,23274,4,Blue,reject,picked,0.9154,0.1475,0.9982,0.3098,0.6718,0.9911,0.0015,0.0238,-0.0175,0.0631,-0.008,0.0072,0.0471,-0.0652,high quality,blurry,0.4166,0.4375,0.4464,0.4234,0.4022,0.419,0.4854,0.3928,0.455,0.3833,0.4314,0.395,0.3719,0.5507,v0,bioclip_2_image
48470,/mnt/d/Photos/Z8/180-600mm/2026/2026-03-01/DSC_1906.NEF,23274,4,Blue,neutral,picked,0.9322,0.4673,0.998,0.3601,0.7336,0.9891,0.0011,0.0262,-0.0013,0.0622,-0.0057,0.0101,0.0451,-0.0685,high quality,blurry,0.4075,0.4417,0.4414,0.4204,0.3952,0.4069,0.4686,0.3813,0.4431,0.3793,0.4262,0.3851,0.3618,0.537,v0,bioclip_2_image
48471,/mnt/d/Photos/Z8/180-600mm/2026/2026-03-01/DSC_1907.NEF,23274,4,Blue,neutral,picked,0.8745,0.4265,0.9935,0.2793,0.6107,0.9532,0.0008,0.0194,-0.003,0.0503,-0.0095,0.0045,0.0301,-0.0719,a photo with strong subject separation,blurry,0.4207,0.4545,0.4508,0.4414,0.4077,0.4195,0.4561,0.4013,0.4575,0.4005,0.4509,0.4032,0.3894,0.528,v0,bioclip_2_image
48472,/mnt/d/Photos/Z8/180-600mm/2026/2026-03-01/DSC_1908.NEF,23275,4,Blue,reject,picked,0.9225,0.4843,0.9912,0.1878,0.6045,0.9729,0.0012,0.0248,-0.0006,0.0473,-0.0146,0.0042,0.0358,-0.0669,a photo with strong subject separation,blurry,0.4075,0.4395,0.4347,0.4206,0.3891,0.4098,0.4618,0.3827,0.4402,0.3875,0.4352,0.3849,0.374,0.5287,v0,bioclip_2_image
48473,/mnt/d/Photos/Z8/180-600mm/2026/2026-03-01/DSC_1909.NEF,23274,4,Blue,neutral,picked,0.9034,0.5107,0.9928,0.2655,0.6206,0.9547,0.0015,0.0224,0.0004,0.0493,-0.0102,0.0049,0.0305,-0.065,a photo with strong subject separation,blurry,0.413,0.4468,0.4372,0.434,0.3955,0.4092,0.4591,0.3906,0.4464,0.3879,0.4441,0.3906,0.3787,0.5241,v0,bioclip_2_image
48474,/mnt/d/Photos/Z8/180-600mm/2026/2026-03-01/DSC_1910.NEF,23274,4,Blue,neutral,picked,0.9388,0.4112,0.9876,0.2503,0.6595,0.9723,0.0017,0.0273,-0.0036,0.0438,-0.011,0.0066,0.0356,-0.064,a photo with strong subject separation,blurry,0.4157,0.4423,0.4338,0.4213,0.3958,0.4143,0.4708,0.3885,0.4458,0.39,0.4323,0.3892,0.3787,0.5349,v0,bioclip_2_image
48475,/mnt/d/Photos/Z8/180-600mm/2026/2026-03-01/DSC_1911.NEF,23274,4,Blue,reject,picked,0.9061,0.2661,0.9907,0.3133,0.5994,0.9515,0.0015,0.0227,-0.0101,0.0467,-0.0078,0.004,0.0298,-0.0651,high quality,blurry,0.4255,0.4503,0.4457,0.4394,0.4051,0.4207,0.4881,0.4028,0.4604,0.3991,0.4473,0.4011,0.3909,0.5531,v0,bioclip_2_image
48476,/mnt/d/Photos/Z8/180-600mm/2026/2026-03-01/DSC_1913.NEF,23275,4,Blue,neutral,picked,0.911,0.547,0.9977,0.307,0.7023,0.8765,0.0012,0.0233,0.0019,0.0609,-0.0081,0.0086,0.0196,-0.0675,high quality,blurry,0.4169,0.449,0.447,0.4355,0.3972,0.4029,0.462,0.3936,0.4472,0.3861,0.4436,0.3886,0.3833,0.5294,v0,bioclip_2_image
48477,/mnt/d/Photos/Z8/180-600mm/2026/2026-03-01/DSC_1914.NEF,23275,4,Blue,neutral,picked,0.8699,0.3973,0.9969,0.29,0.5629,0.8761,0.001,0.019,-0.0042,0.0579,-0.009,0.0025,0.0196,-0.0692,a photo with strong subject separation,blurry,0.4188,0.4493,0.4492,0.44,0.3979,0.4081,0.448,0.3998,0.4535,0.3913,0.4489,0.3953,0.3885,0.5173,v0,bioclip_2_image
48478,/mnt/d/Photos/Z8/180-600mm/2026/2026-03-01/DSC_1915.NEF,23275,4,Blue,neutral,picked,0.8234,0.3221,0.9978,0.411,0.6152,0.8588,0.0009,0.0154,-0.0074,0.0613,-0.0036,0.0047,0.0181,-0.07,a photo with strong subject separation,blurry,0.4126,0.4448,0.4481,0.4409,0.4021,0.4032,0.4598,0.3972,0.4523,0.3869,0.4445,0.3974,0.3851,0.5297,v0,bioclip_2_image
48479,/mnt/d/Photos/Z8/180-600mm/2026/2026-03-01/DSC_1916.NEF,23275,4,Blue,pick,picked,0.8806,0.4407,0.996,0.3884,0.6215,0.873,0.0014,0.02,-0.0024,0.0552,-0.0045,0.005,0.0193,-0.066,high quality,blurry,0.4201,0.4535,0.448,0.4437,0.4055,0.4082,0.4649,0.4002,0.4559,0.3928,0.4483,0.4006,0.389,0.5309,v0,bioclip_2_image
48480,/mnt/d/Photos/Z8/180-600mm/2026/2026-03-01/DSC_1917.NEF,23275,4,Blue,neutral,picked,0.8596,0.18,0.9974,0.2059,0.4381,0.8986,0.0005,0.0181,-0.0152,0.0595,-0.0135,-0.0025,0.0218,-0.0767,a photo with strong subject separation,blurry,0.4217,0.447,0.4562,0.4428,0.4041,0.415,0.4583,0.4035,0.4622,0.3967,0.4563,0.4066,0.3932,0.535,v0,bioclip_2_image
48481,/mnt/d/Photos/Z8/180-600mm/2026/2026-03-01/DSC_1918.NEF,23275,4,Blue,neutral,picked,0.8635,0.1771,0.9967,0.214,0.5247,0.9036,0.0006,0.0184,-0.0154,0.057,-0.013,0.001,0.0224,-0.0749,high quality,blurry,0.415,0.4414,0.4468,0.4363,0.3948,0.409,0.4562,0.3965,0.4567,0.3898,0.4493,0.3939,0.3866,0.5311,v0,bioclip_2_image
48482,/mnt/d/Photos/Z8/180-600mm/2026/2026-03-01/DSC_1919.NEF,23275,4,Blue,pick,picked,0.8154,0.2143,0.9971,0.2355,0.3665,0.8951,0.0005,0.0149,-0.013,0.0585,-0.0118,-0.0055,0.0214,-0.0764,a photo with strong subject separation,blurry,0.4132,0.4432,0.4468,0.4378,0.3971,0.4088,0.4524,0.3984,0.4562,0.3882,0.4496,0.4026,0.3874,0.5288,v0,bioclip_2_image
48483,/mnt/d/Photos/Z8/180-600mm/2026/2026-03-01/DSC_1920.NEF,23276,4,Blue,pick,picked,0.8218,0.3346,0.9971,0.3433,0.3299,0.8745,0.0011,0.0153,-0.0069,0.0584,-0.0065,-0.0071,0.0194,-0.0679,a photo with strong subject separation,blurry,0.4128,0.445,0.4422,0.4439,0.3984,0.403,0.4681,0.3975,0.4519,0.3837,0.4504,0.4055,0.3836,0.5359,v0,bioclip_2_image
48484,/mnt/d/Photos/Z8/180-600mm/2026/2026-03-01/DSC_1921.NEF,23276,4,Blue,pick,picked,0.8274,0.3188,0.9969,0.3684,0.3019,0.8784,0.0013,0.0157,-0.0076,0.0578,-0.0054,-0.0084,0.0198,-0.0668,a photo with strong subject separation,blurry,0.4166,0.4491,0.4465,0.4459,0.4021,0.4083,0.4648,0.4009,0.4567,0.3888,0.4513,0.4105,0.3886,0.5316,v0,bioclip_2_image
48485,/mnt/d/Photos/Z8/180-600mm/2026/2026-03-01/DSC_1922.NEF,23275,4,Blue,pick,picked,0.8154,0.2943,0.9958,0.4406,0.3699,0.8412,0.0011,0.0149,-0.0087,0.0546,-0.0024,-0.0053,0.0167,-0.0683,a photo with strong subject separation,blurry,0.4156,0.4478,0.4468,0.4457,0.3995,0.4078,0.4559,0.4008,0.4566,0.3923,0.4481,0.4048,0.3911,0.5242,v0,bioclip_2_image
48486,/mnt/d/Photos/Z8/180-600mm/2026/2026-03-01/DSC_1923.NEF,23275,4,Blue,pick,picked,0.7842,0.1614,0.9975,0.1683,0.5317,0.8521,0.0004,0.0129,-0.0165,0.0598,-0.016,0.0013,0.0175,-0.0771,a photo with strong subject separation,blurry,0.4109,0.4373,0.4413,0.4314,0.3945,0.3989,0.454,0.398,0.4537,0.3815,0.4473,0.3933,0.3814,0.5311,v0,bioclip_2_image
48487,/mnt/d/Photos/Z8/180-600mm/2026/2026-03-01/DSC_1924.NEF,23275,4,Blue,pick,picked,0.8145,0.1944,0.9978,0.1609,0.5375,0.8621,0.0003,0.0148,-0.0142,0.0611,-0.0165,0.0015,0.0183,-0.0799,a photo with strong subject separation,blurry,0.4081,0.4333,0.4389,0.429,0.3915,0.3991,0.4545,0.3933,0.4475,0.3778,0.4455,0.39,0.3808,0.5344,v0,bioclip_2_image
48488,/mnt/d/Photos/Z8/180-600mm/2026/2026-03-01/DSC_1925.NEF,23275,4,Blue,neutral,picked,0.8556,0.2276,0.9984,0.1782,0.6106,0.8672,0.0006,0.0178,-0.0122,0.0641,-0.0153,0.0045,0.0188,-0.0748,a photo with strong subject separation,blurry,0.4102,0.4373,0.4437,0.4287,0.3928,0.4001,0.4643,0.3924,0.4495,0.3797,0.444,0.3883,0.3813,0.5391,v0,bioclip_2_image
48489,/mnt/d/Photos/Z8/180-600mm/2026/2026-03-01/DSC_1926.NEF,23275,4,Blue,neutral,picked,0.8782,0.2662,0.9977,0.1892,0.5244,0.8634,0.0008,0.0198,-0.0101,0.0609,-0.0145,0.001,0.0184,-0.0717,a photo with strong subject separation,blurry,0.4109,0.4375,0.4356,0.4311,0.3914,0.4003,0.4636,0.3912,0.4477,0.3748,0.4456,0.3904,0.3818,0.5353,v0,bioclip_2_image
48490,/mnt/d/Photos/Z8/180-600mm/2026/2026-03-01/DSC_1927.NEF,23275,4,Blue,pick,picked,0.8993,0.2241,0.9982,0.3404,0.5542,0.9026,0.0015,0.0219,-0.0124,0.0631,-0.0066,0.0022,0.0223,-0.0651,a photo with strong subject separation,blurry,0.414,0.4414,0.4428,0.4398,0.3967,0.4058,0.477,0.3921,0.4539,0.3797,0.4465,0.3945,0.3835,0.5421,v0,bioclip_2_image
48491,/mnt/d/Photos/Z8/180-600mm/2026/2026-03-01/DSC_1928.NEF,23275,4,Blue,neutral,picked,0.8459,0.2224,0.9967,0.3259,0.6765,0.8422,0.0009,0.017,-0.0125,0.0571,-0.0073,0.0074,0.0167,-0.0704,high quality,blurry,0.4092,0.438,0.4389,0.4352,0.3978,0.3963,0.475,0.3922,0.4505,0.3818,0.4425,0.3904,0.3795,0.5454,v0,bioclip_2_image
48492,/mnt/d/Photos/Z8/180-600mm/2026/2026-03-01/DSC_1929.NEF,23275,4,Blue,pick,picked,0.8326,0.2261,0.9976,0.2943,0.6439,0.8382,0.0007,0.016,-0.0123,0.0604,-0.0087,0.0059,0.0164,-0.0731,high quality,blurry,0.4042,0.4333,0.4369,0.4309,0.3927,0.3924,0.4644,0.3882,0.4456,0.3765,0.4396,0.3868,0.376,0.5375,v0,bioclip_2_image
48493,/mnt/d/Photos/Z8/180-600mm/2026/2026-03-01/DSC_1930.NEF,23275,4,Blue,neutral,picked,0.8498,0.356,0.9954,0.42,0.5469,0.8672,0.001,0.0173,-0.0059,0.0538,-0.0032,0.0019,0.0188,-0.0686,high quality,blurry,0.4195,0.4511,0.4481,0.4493,0.4032,0.4081,0.4595,0.4021,0.457,0.3943,0.4525,0.4013,0.3894,0.5281,v0,bioclip_2_image
48494,/mnt/d/Photos/Z8/180-600mm/2026/2026-03-01/DSC_1931.NEF,23276,4,Blue,reject,picked,0.8623,0.2953,0.998,0.2181,0.3692,0.8489,0.0005,0.0183,-0.0087,0.0619,-0.0128,-0.0054,0.0173,-0.0754,a photo with strong subject separation,blurry,0.4128,0.4476,0.4376,0.4394,0.3961,0.4012,0.4664,0.3945,0.4563,0.3757,0.4522,0.4015,0.3839,0.5418,v0,bioclip_2_image
48495,/mnt/d/Photos/Z8/180-600mm/2026/2026-03-01/DSC_1932.NEF,23276,4,Blue,neutral,picked,0.8338,0.382,0.996,0.3616,0.3962,0.91,0.0008,0.0161,-0.0048,0.0551,-0.0057,-0.0042,0.0231,-0.0714,a photo with strong subject separation,blurry,0.4175,0.4507,0.4479,0.4446,0.4025,0.4106,0.4485,0.4013,0.4555,0.3928,0.4503,0.4067,0.3875,0.5199,v0,bioclip_2_image
48496,/mnt/d/Photos/Z8/180-600mm/2026/2026-03-01/DSC_1933.NEF,23276,4,Blue,reject,picked,0.8823,0.4761,0.9942,0.2254,0.3936,0.892,0.0009,0.0201,-0.001,0.0514,-0.0123,-0.0043,0.0211,-0.0697,a photo with strong subject separation,blurry,0.4245,0.4552,0.4531,0.4445,0.4053,0.4187,0.4563,0.4043,0.4562,0.4016,0.4569,0.4096,0.3975,0.526,v0,bioclip_2_image
48497,/mnt/d/Photos/Z8/180-600mm/2026/2026-03-01/DSC_1934.NEF,23275,4,Blue,reject,picked,0.8837,0.5362,0.9945,0.1962,0.6454,0.8204,0.0005,0.0203,0.0015,0.0519,-0.0141,0.006,0.0152,-0.076,high quality,blurry,0.4191,0.4539,0.4459,0.4429,0.4037,0.4072,0.4592,0.3989,0.4525,0.394,0.457,0.3977,0.392,0.5352,v0,bioclip_2_image
48498,/mnt/d/Photos/Z8/180-600mm/2026/2026-03-01/DSC_1935.NEF,23275,4,Blue,pick,picked,0.8787,0.6317,0.9924,0.5637,0.5622,0.8924,0.0013,0.0198,0.0054,0.0487,0.0026,0.0025,0.0212,-0.0666,high quality,blurry,0.4224,0.4566,0.4487,0.4479,0.4053,0.4117,0.4588,0.4026,0.4512,0.4,0.4453,0.4028,0.3906,0.5254,v0,bioclip_2_image
48499,/mnt/d/Photos/Z8/180-600mm/2026/2026-03-01/DSC_1936.NEF,23275,4,Blue,neutral,picked,0.8715,0.4901,0.9948,0.3443,0.4516,0.9024,0.0011,0.0191,-0.0004,0.0525,-0.0064,-0.0019,0.0222,-0.0679,a photo with strong subject separation,blurry,0.4268,0.4605,0.4554,0.4517,0.4109,0.4203,0.4558,0.4076,0.4609,0.4029,0.4581,0.4128,0.3981,0.5236,v0,bioclip_2_image
48500,/mnt/d/Photos/Z8/180-600mm/2026/2026-03-01/DSC_1937.NEF,23275,4,Blue,reject,picked,0.9007,0.5229,0.9964,0.1864,0.4269,0.8863,0.0006,0.0221,0.0009,0.0563,-0.0147,-0.0029,0.0205,-0.0743,a photo with strong subject separation,blurry,0.4161,0.4491,0.4486,0.4355,0.3984,0.409,0.4576,0.3941,0.4482,0.3924,0.4502,0.4013,0.3885,0.5319,v0,bioclip_2_image
48501,/mnt/d/Photos/Z8/180-600mm/2026/2026-03-01/DSC_1938.NEF,23275,4,Blue,neutral,picked,0.9079,0.6605,0.9905,0.3187,0.7411,0.8352,0.0008,0.0229,0.0067,0.0465,-0.0076,0.0105,0.0162,-0.0713,high quality,blurry,0.4018,0.4376,0.4257,0.425,0.3893,0.3873,0.4667,0.3789,0.431,0.3792,0.4326,0.3788,0.3711,0.538,v0,bioclip_2_image
48502,/mnt/d/Photos/Z8/180-600mm/2026/2026-03-01/DSC_1939.NEF,23275,4,Blue,pick,picked,0.8897,0.6777,0.9966,0.2901,0.5788,0.8312,0.0011,0.0209,0.0074,0.0569,-0.009,0.0032,0.0159,-0.0681,high quality,blurry,0.4116,0.4484,0.447,0.4347,0.3972,0.4002,0.4624,0.3907,0.441,0.3901,0.4436,0.394,0.3842,0.5305,v0,bioclip_2_image
48503,/mnt/d/Photos/Z8/180-600mm/2026/2026-03-01/DSC_1940.NEF,23275,4,Blue,reject,picked,0.8774,0.6058,0.995,0.2561,0.4469,0.8558,0.0008,0.0197,0.0043,0.053,-0.0107,-0.0021,0.0178,-0.071,a photo with strong subject separation,blurry,0.4193,0.4532,0.4497,0.4414,0.4024,0.4104,0.4512,0.3996,0.449,0.3966,0.452,0.4046,0.3926,0.5222,v0,bioclip_2_image
48504,/mnt/d/Photos/Z8/180-600mm/2026/2026-03-01/DSC_1941.NEF,23275,4,Blue,reject,picked,0.9573,0.8018,0.9966,0.4016,0.636,0.8663,0.0012,0.0311,0.014,0.0569,-0.004,0.0056,0.0187,-0.0675,high quality,blurry,0.3999,0.4354,0.4231,0.4174,0.3873,0.3881,0.4857,0.3688,0.4214,0.3662,0.4213,0.3817,0.3694,0.5532,v0,bioclip_2_image
48505,/mnt/d/Photos/Z8/180-600mm/2026/2026-03-01/DSC_1942.NEF,23276,4,Blue,reject,picked,0.8359,0.5746,0.9944,0.3373,0.5131,0.8444,0.001,0.0163,0.003,0.0518,-0.0068,0.0005,0.0169,-0.0688,high quality,blurry,0.4074,0.4448,0.4351,0.4329,0.3918,0.3975,0.4607,0.3911,0.4418,0.3833,0.4396,0.3913,0.3806,0.5295,v0,bioclip_2_image
48506,/mnt/d/Photos/Z8/180-600mm/2026/2026-03-01/DSC_1943.NEF,23276,4,Blue,neutral,picked,0.8114,0.5004,0.9948,0.2956,0.5514,0.7644,0.0005,0.0146,0.0,0.0526,-0.0087,0.0021,0.0118,-0.076,high quality,blurry,0.4081,0.4416,0.4397,0.4362,0.394,0.3949,0.4633,0.3935,0.4415,0.3871,0.4449,0.3919,0.3831,0.5394,v0,bioclip_2_image
48507,/mnt/d/Photos/Z8/180-600mm/2026/2026-03-01/DSC_1944.NEF,23276,4,Blue,neutral,picked,0.8549,0.2064,0.9941,0.2212,0.7553,0.8557,0.0005,0.0177,-0.0135,0.0513,-0.0126,0.0113,0.0178,-0.0758,a photo with strong subject separation,blurry,0.4074,0.4343,0.429,0.4261,0.3992,0.3953,0.471,0.3897,0.4477,0.3777,0.4386,0.3879,0.3775,0.5469,v0,bioclip_2_image
48508,/mnt/d/Photos/Z8/180-600mm/2026/2026-03-01/DSC_1945.NEF,23276,4,Blue,pick,picked,0.9049,0.3112,0.9976,0.2437,0.5426,0.8325,0.0006,0.0225,-0.0079,0.0603,-0.0113,0.0017,0.016,-0.0743,high quality,blurry,0.4156,0.4425,0.4439,0.4352,0.3973,0.4014,0.4663,0.393,0.4504,0.3836,0.4465,0.3956,0.3854,0.5406,v0,bioclip_2_image
48509,/mnt/d/Photos/Z8/180-600mm/2026/2026-03-01/DSC_1946.NEF,23275,4,Blue,pick,picked,0.9145,0.3989,0.9975,0.1071,0.6956,0.9346,0.0007,0.0237,-0.0041,0.0597,-0.0212,0.0083,0.0266,-0.0726,a photo with strong subject separation,blurry,0.4093,0.4408,0.4345,0.4164,0.394,0.4016,0.4714,0.3856,0.4449,0.3748,0.4376,0.3857,0.375,0.5441,v0,bioclip_2_image
48510,/mnt/d/Photos/Z8/180-600mm/2026/2026-03-01/DSC_1947.NEF,23275,4,Blue,pick,picked,0.8315,0.3151,0.9977,0.3303,0.7066,0.8885,0.0006,0.016,-0.0078,0.0607,-0.0071,0.0088,0.0208,-0.0745,high quality,blurry,0.4161,0.4435,0.445,0.4443,0.4009,0.4043,0.4726,0.4001,0.4513,0.3843,0.4513,0.3921,0.3835,0.5471,v0,bioclip_2_image
48511,/mnt/d/Photos/Z8/180-600mm/2026/2026-03-01/DSC_1948.NEF,23275,4,Blue,reject,picked,0.8388,0.2511,0.9971,0.2355,0.4218,0.8828,0.0006,0.0165,-0.0109,0.0583,-0.0118,-0.0032,0.0202,-0.0741,a photo with strong subject separation,blurry,0.4196,0.4476,0.4451,0.4479,0.4033,0.4087,0.4672,0.4031,0.4585,0.3868,0.4597,0.4064,0.3886,0.5413,v0,bioclip_2_image
48512,/mnt/d/Photos/Z8/180-600mm/2026/2026-03-01/DSC_1949.NEF,23275,4,Blue,pick,picked,0.8524,0.3006,0.9979,0.2511,0.6419,0.9129,0.0009,0.0175,-0.0084,0.0617,-0.0109,0.0058,0.0235,-0.0704,a photo with strong subject separation,blurry,0.4122,0.4415,0.4455,0.4411,0.3979,0.4032,0.4707,0.3947,0.4499,0.3838,0.4521,0.3921,0.3797,0.5411,v0,bioclip_2_image
48513,/mnt/d/Photos/Z8/180-600mm/2026/2026-03-01/DSC_1950.NEF,23276,4,Blue,pick,picked,0.8585,0.397,0.9949,0.361,0.5466,0.8893,0.0012,0.018,-0.0042,0.0528,-0.0057,0.0019,0.0208,-0.0671,high quality,blurry,0.414,0.4472,0.4418,0.4447,0.3995,0.4047,0.4581,0.396,0.4514,0.389,0.4504,0.3977,0.3839,0.5252,v0,bioclip_2_image
48514,/mnt/d/Photos/Z8/180-600mm/2026/2026-03-01/DSC_1951.NEF,23275,4,Blue,pick,picked,0.8727,0.4691,0.9963,0.3053,0.4928,0.904,0.0009,0.0193,-0.0012,0.0558,-0.0082,-0.0003,0.0224,-0.0701,a photo with strong subject separation,blurry,0.4165,0.4496,0.4491,0.4413,0.4033,0.4094,0.4566,0.3972,0.4508,0.3933,0.4496,0.4036,0.387,0.5267,v0,bioclip_2_image
48515,/mnt/d/Photos/Z8/180-600mm/2026/2026-03-01/DSC_1952.NEF,23275,4,Blue,reject,picked,0.8995,0.4798,0.9944,0.3837,0.4035,0.8848,0.0011,0.0219,-0.0008,0.0519,-0.0047,-0.0039,0.0204,-0.0684,high quality,blurry,0.4238,0.4568,0.4483,0.4543,0.4051,0.417,0.4573,0.4019,0.4576,0.3965,0.459,0.409,0.3966,0.5257,v0,bioclip_2_image
48516,/mnt/d/Photos/Z8/180-600mm/2026/2026-03-01/DSC_1953.NEF,23275,4,Blue,reject,picked,0.8979,0.4687,0.9927,0.3895,0.4176,0.9227,0.0013,0.0217,-0.0013,0.0491,-0.0045,-0.0033,0.0248,-0.0668,a photo with strong subject separation,blurry,0.4279,0.4594,0.4493,0.4563,0.4085,0.4236,0.463,0.4062,0.4607,0.4002,0.4608,0.4118,0.3988,0.5298,v0,bioclip_2_image
48517,/mnt/d/Photos/Z8/180-600mm/2026/2026-03-01/DSC_1954.NEF,23275,4,Blue,neutral,picked,0.9047,0.5163,0.9942,0.3423,0.4577,0.9244,0.0011,0.0225,0.0007,0.0515,-0.0065,-0.0017,0.025,-0.0682,high quality,blurry,0.4307,0.4617,0.4568,0.4553,0.4125,0.4241,0.4613,0.4082,0.461,0.4053,0.4618,0.4142,0.399,0.5295,v0,bioclip_2_image
48518,/mnt/d/Photos/Z8/180-600mm/2026/2026-03-01/DSC_1955.NEF,23275,4,Blue,pick,picked,0.9296,0.5451,0.9947,0.4133,0.5292,0.9514,0.0016,0.0258,0.0018,0.0524,-0.0035,0.0012,0.0297,-0.0646,high quality,blurry,0.4315,0.4644,0.4544,0.4559,0.412,0.426,0.464,0.4057,0.4626,0.402,0.4594,0.4109,0.3963,0.5286,v0,bioclip_2_image
48519,/mnt/d/Photos/Z8/180-600mm/2026/2026-03-01/DSC_1956.NEF,23275,4,Blue,neutral,picked,0.8091,0.4431,0.9966,0.3684,0.3795,0.8669,0.0005,0.0144,-0.0023,0.0569,-0.0054,-0.0049,0.0187,-0.0752,high quality,blurry,0.4109,0.4435,0.4413,0.4426,0.3945,0.4034,0.4539,0.3965,0.4457,0.3845,0.448,0.3994,0.3847,0.529,v0,bioclip_2_image
48520,/mnt/d/Photos/Z8/180-600mm/2026/2026-03-01/DSC_1957.NEF,23275,4,Blue,neutral,picked,0.829,0.4169,0.9972,0.2725,0.5051,0.8676,0.0009,0.0158,-0.0034,0.0587,-0.0098,0.0002,0.0188,-0.07,high quality,blurry,0.415,0.4474,0.4455,0.4449,0.4,0.406,0.4712,0.3992,0.4508,0.3868,0.4547,0.3998,0.3872,0.5412,v0,bioclip_2_image
48521,/mnt/d/Photos/Z8/180-600mm/2026/2026-03-01/DSC_1958.NEF,23276,4,Blue,neutral,picked,0.8114,0.4535,0.9976,0.3824,0.3399,0.8414,0.0006,0.0146,-0.0019,0.0601,-0.0048,-0.0066,0.0167,-0.0748,high quality,blurry,0.4084,0.441,0.4448,0.4346,0.3925,0.3982,0.4522,0.3938,0.4429,0.3847,0.4394,0.3992,0.3816,0.527,v0,bioclip_2_image
48522,/mnt/d/Photos/Z8/180-600mm/2026/2026-03-01/DSC_1959.NEF,23276,4,Blue,neutral,picked,0.8876,0.6241,0.9958,0.2211,0.5048,0.9207,0.0009,0.0207,0.0051,0.0547,-0.0126,0.0002,0.0245,-0.0704,high quality,blurry,0.4198,0.4622,0.4481,0.4469,0.4049,0.4156,0.4665,0.3991,0.4571,0.3934,0.4595,0.4047,0.3911,0.5369,v0,bioclip_2_image
48523,/mnt/d/Photos/Z8/180-600mm/2026/2026-03-01/DSC_1960.NEF,23275,4,Blue,reject,picked,0.8956,0.5716,0.9926,0.2766,0.4814,0.9051,0.0018,0.0215,0.0029,0.049,-0.0096,-0.0007,0.0226,-0.0634,a photo with strong subject separation,blurry,0.4315,0.466,0.4585,0.4527,0.4139,0.4275,0.4682,0.41,0.4631,0.4095,0.4623,0.4146,0.4049,0.5317,v0,bioclip_2_image
48524,/mnt/d/Photos/Z8/180-600mm/2026/2026-03-01/DSC_1961.NEF,23275,4,Blue,neutral,picked,0.8978,0.5783,0.9931,0.199,0.3493,0.8979,0.0006,0.0217,0.0032,0.0497,-0.0139,-0.0062,0.0217,-0.0743,high quality,blurry,0.4242,0.4565,0.4475,0.4437,0.4012,0.4208,0.4753,0.4025,0.4533,0.3978,0.4577,0.4074,0.3991,0.5496,v0,bioclip_2_image
48525,/mnt/d/Photos/Z8/180-600mm/2026/2026-03-01/DSC_1962.NEF,23275,4,Blue,reject,picked,0.9005,0.5073,0.9949,0.2968,0.5385,0.9355,0.0008,0.022,0.0003,0.0527,-0.0086,0.0015,0.0267,-0.0717,high quality,blurry,0.422,0.4517,0.45,0.442,0.404,0.4179,0.4847,0.4,0.4514,0.3973,0.4506,0.4024,0.3912,0.5564,v0,bioclip_2_image
48526,/mnt/d/Photos/Z8/180-600mm/2026/2026-03-01/DSC_1963.NEF,23275,4,Blue,reject,picked,0.8919,0.5983,0.9933,0.2067,0.5282,0.9025,0.0007,0.0211,0.004,0.0499,-0.0135,0.0011,0.0223,-0.072,high quality,blurry,0.4127,0.4483,0.4434,0.4398,0.398,0.4094,0.4734,0.3916,0.4443,0.3935,0.4532,0.3969,0.3872,0.5454,v0,bioclip_2_image
48527,/mnt/d/Photos/Z8/180-600mm/2026/2026-03-01/DSC_1964.NEF,23276,4,Blue,reject,picked,0.8686,0.5226,0.9941,0.2686,0.4181,0.9144,0.0009,0.0189,0.0009,0.0513,-0.01,-0.0033,0.0237,-0.0703,a photo with strong subject separation,blurry,0.4209,0.4549,0.4514,0.4482,0.4055,0.4189,0.4578,0.402,0.454,0.4001,0.4582,0.4088,0.3952,0.528,v0,bioclip_2_image
48528,/mnt/d/Photos/Z8/180-600mm/2026/2026-03-01/DSC_1965.NEF,23275,4,Blue,reject,picked,0.9212,0.4594,0.9948,0.1383,0.606,0.9264,0.0006,0.0246,-0.0016,0.0525,-0.0183,0.0043,0.0253,-0.0739,high quality,blurry,0.4201,0.4488,0.4402,0.4345,0.3981,0.4135,0.485,0.3955,0.4504,0.3877,0.4528,0.3938,0.3882,0.5589,v0,bioclip_2_image
48529,/mnt/d/Photos/Z8/180-600mm/2026/2026-03-01/DSC_1966.NEF,23275,4,Blue,reject,picked,0.9004,0.3272,0.9977,0.1339,0.5765,0.9295,0.0006,0.022,-0.0072,0.0608,-0.0187,0.0031,0.0258,-0.0745,high quality,blurry,0.4107,0.4421,0.4394,0.4274,0.388,0.4052,0.4815,0.3887,0.4494,0.3785,0.446,0.385,0.3794,0.556,v0,bioclip_2_image
48530,/mnt/d/Photos/Z8/180-600mm/2026/2026-03-01/DSC_1967.NEF,23275,4,Blue,neutral,picked,0.894,0.4292,0.9973,0.2509,0.3918,0.9435,0.0008,0.0213,-0.0029,0.059,-0.0109,-0.0044,0.0282,-0.0709,high quality,blurry,0.4197,0.4531,0.4482,0.4444,0.3973,0.415,0.4713,0.3983,0.4559,0.3892,0.4553,0.4017,0.3868,0.5422,v0,bioclip_2_image
48531,/mnt/d/Photos/Z8/180-600mm/2026/2026-03-01/DSC_1968.NEF,23275,4,Blue,neutral,picked,0.8276,0.3643,0.9958,0.1206,0.4575,0.8455,0.0007,0.0157,-0.0056,0.0548,-0.0199,-0.0017,0.017,-0.0723,a photo with strong subject separation,blurry,0.4139,0.4466,0.4477,0.4341,0.3951,0.409,0.4715,0.3982,0.4521,0.3929,0.454,0.3968,0.392,0.5437,v0,bioclip_2_image
48532,/mnt/d/Photos/Z8/180-600mm/2026/2026-03-01/DSC_1969.NEF,23275,4,Blue,reject,picked,0.874,0.3034,0.9967,0.0821,0.5435,0.8961,0.0007,0.0194,-0.0083,0.0572,-0.0241,0.0017,0.0216,-0.0727,a photo with strong subject separation,blurry,0.4141,0.4478,0.4416,0.4339,0.3934,0.4053,0.4831,0.3947,0.4561,0.3843,0.4581,0.3917,0.3837,0.5558,v0,bioclip_2_image
48533,/mnt/d/Photos/Z8/180-600mm/2026/2026-03-01/DSC_1970.NEF,23276,4,Blue,neutral,picked,0.8579,0.4337,0.9962,0.3775,0.4964,0.8845,0.0015,0.018,-0.0027,0.0558,-0.005,-0.0001,0.0204,-0.0647,high quality,blurry,0.4221,0.4564,0.4555,0.4516,0.4093,0.4138,0.4623,0.4041,0.4591,0.3997,0.4566,0.4094,0.3934,0.5271,v0,bioclip_2_image
48534,/mnt/d/Photos/Z8/180-600mm/2026/2026-03-01/DSC_1971.NEF,23277,4,Blue,reject,picked,0.9148,0.2982,0.9988,0.1451,0.5774,0.9805,0.001,0.0237,-0.0086,0.0673,-0.0177,0.0031,0.0392,-0.0695,a photo with strong subject separation,blurry,0.4025,0.4315,0.4348,0.4139,0.3913,0.4017,0.4547,0.3787,0.4401,0.3675,0.4316,0.3882,0.3625,0.5242,v0,bioclip_2_image
48535,/mnt/d/Photos/Z8/180-600mm/2026/2026-03-01/DSC_1972.NEF,23277,4,Blue,reject,picked,0.9166,0.4806,0.9963,0.3424,0.451,0.9489,0.0013,0.024,-0.0008,0.056,-0.0065,-0.002,0.0292,-0.0668,a photo with strong subject separation,blurry,0.4245,0.4572,0.4519,0.4448,0.4073,0.4203,0.4541,0.4005,0.4579,0.3959,0.4513,0.4093,0.3911,0.5209,v0,bioclip_2_image
48536,/mnt/d/Photos/Z8/180-600mm/2026/2026-03-01/DSC_1973.NEF,23277,4,Blue,pick,picked,0.9274,0.5342,0.9979,0.2301,0.4983,0.9642,0.0009,0.0255,0.0014,0.0616,-0.0121,-0.0001,0.0329,-0.0697,a photo with strong subject separation,blurry,0.4148,0.4493,0.4456,0.4337,0.3996,0.4103,0.4568,0.3893,0.4479,0.384,0.4458,0.3997,0.3774,0.5265,v0,bioclip_2_image
48537,/mnt/d/Photos/Z8/180-600mm/2026/2026-03-01/DSC_1974.NEF,23277,4,Blue,reject,picked,0.9445,0.3256,0.9993,0.2678,0.6248,0.9825,0.0007,0.0283,-0.0073,0.0724,-0.0101,0.0051,0.0403,-0.072,a photo with strong subject separation,blurry,0.4165,0.4429,0.4441,0.4276,0.3988,0.4128,0.4769,0.3882,0.4502,0.3717,0.4377,0.3937,0.3725,0.5489,v0,bioclip_2_image
48538,/mnt/d/Photos/Z8/180-600mm/2026/2026-03-01/DSC_1975.NEF,23277,4,Blue,pick,picked,0.9373,0.5053,0.9984,0.2497,0.504,0.973,0.0008,0.027,0.0002,0.0641,-0.011,0.0002,0.0359,-0.0712,high quality,blurry,0.4231,0.4544,0.4541,0.438,0.4076,0.4192,0.4631,0.3961,0.4542,0.39,0.449,0.4074,0.3833,0.5343,v0,bioclip_2_image
48539,/mnt/d/Photos/Z8/180-600mm/2026/2026-03-01/DSC_1976.NEF,23277,4,Blue,pick,picked,0.9195,0.4858,0.9971,0.3607,0.4524,0.9565,0.0008,0.0244,-0.0006,0.0584,-0.0057,-0.0019,0.0309,-0.0711,a photo with strong subject separation,blurry,0.4241,0.4538,0.4513,0.4433,0.4075,0.42,0.4514,0.3997,0.4544,0.3929,0.449,0.4094,0.3891,0.5225,v0,bioclip_2_image
48540,/mnt/d/Photos/Z8/180-600mm/2026/2026-03-01/DSC_1977.NEF,23277,4,Blue,neutral,picked,0.8863,0.5069,0.9947,0.3212,0.3268,0.9318,0.0006,0.0205,0.0003,0.0523,-0.0075,-0.0072,0.0261,-0.0739,high quality,blurry,0.424,0.4532,0.4506,0.4448,0.405,0.4193,0.4564,0.4035,0.4529,0.3982,0.4523,0.4122,0.3932,0.5304,v0,bioclip_2_image
48541,/mnt/d/Photos/Z8/180-600mm/2026/2026-03-01/DSC_1978.NEF,23277,4,Blue,neutral,picked,0.9118,0.3327,0.998,0.2292,0.5214,0.9806,0.0007,0.0234,-0.007,0.0622,-0.0121,0.0009,0.0392,-0.0721,high quality,blurry,0.4121,0.4434,0.4452,0.4299,0.398,0.4134,0.4597,0.3887,0.4504,0.383,0.442,0.3972,0.3742,0.5318,v0,bioclip_2_image
48542,/mnt/d/Photos/Z8/180-600mm/2026/2026-03-01/DSC_1979.NEF,23277,4,Blue,neutral,picked,0.9165,0.4402,0.9975,0.2363,0.4472,0.9679,0.0008,0.024,-0.0024,0.0599,-0.0117,-0.0021,0.0341,-0.0715,a photo with strong subject separation,blurry,0.4168,0.446,0.4455,0.4288,0.4016,0.4155,0.4596,0.3929,0.4484,0.3856,0.4406,0.4037,0.3815,0.5311,v0,bioclip_2_image
48543,/mnt/d/Photos/Z8/180-600mm/2026/2026-03-01/DSC_1980.NEF,23277,4,Blue,neutral,picked,0.8862,0.3802,0.9939,0.2911,0.4351,0.9177,0.0008,0.0205,-0.0049,0.051,-0.0089,-0.0026,0.0241,-0.0708,a photo with strong subject separation,blurry,0.4253,0.452,0.451,0.4431,0.4081,0.4203,0.4486,0.4048,0.4569,0.4,0.452,0.4107,0.3962,0.5194,v0,bioclip_2_image
48544,/mnt/d/Photos/Z8/180-600mm/2026/2026-03-01/DSC_1981.NEF,23278,3,Blue,reject,neutral,0.8621,0.4379,0.9942,0.3407,0.5718,0.9692,0.0014,0.0183,-0.0025,0.0514,-0.0066,0.0029,0.0345,-0.0654,high quality,blurry,0.4217,0.4545,0.4502,0.4453,0.4122,0.4226,0.4482,0.4034,0.457,0.3987,0.4519,0.4093,0.3881,0.5136,v0,bioclip_2_image
48545,/mnt/d/Photos/Z8/180-600mm/2026/2026-03-01/DSC_1982.NEF,23278,3,Blue,reject,neutral,0.8828,0.3964,0.9948,0.3301,0.5528,0.9704,0.0012,0.0202,-0.0042,0.0526,-0.0071,0.0021,0.0349,-0.0675,high quality,blurry,0.4263,0.4538,0.4542,0.4437,0.4141,0.4259,0.441,0.4061,0.458,0.4017,0.4508,0.412,0.391,0.5086,v0,bioclip_2_image
48546,/mnt/d/Photos/Z8/180-600mm/2026/2026-03-01/DSC_1983.NEF,23278,3,Blue,reject,neutral,0.8693,0.3773,0.996,0.2451,0.549,0.9696,0.0013,0.019,-0.005,0.0553,-0.0112,0.002,0.0346,-0.0664,high quality,blurry,0.4158,0.4474,0.4489,0.4348,0.406,0.4178,0.4462,0.3968,0.4524,0.3937,0.446,0.404,0.3832,0.5125,v0,bioclip_2_image
48547,/mnt/d/Photos/Z8/180-600mm/2026/2026-03-01/DSC_1984.NEF,23278,3,Blue,neutral,neutral,0.8678,0.3856,0.9942,0.3375,0.5502,0.9721,0.0015,0.0188,-0.0047,0.0514,-0.0067,0.002,0.0355,-0.0651,a photo with strong subject separation,blurry,0.4187,0.4487,0.4471,0.4392,0.409,0.4208,0.4443,0.3998,0.4534,0.3957,0.446,0.407,0.3853,0.5093,v0,bioclip_2_image
48548,/mnt/d/Photos/Z8/180-600mm/2026/2026-03-01/DSC_1985.NEF,23278,4,Blue,pick,picked,0.8623,0.3622,0.9934,0.3453,0.5433,0.9666,0.0014,0.0183,-0.0057,0.0502,-0.0064,0.0017,0.0336,-0.0658,high quality,blurry,0.4197,0.4472,0.4476,0.4392,0.4092,0.4212,0.4408,0.4013,0.4528,0.3974,0.4456,0.4075,0.3875,0.5066,v0,bioclip_2_image
48549,/mnt/d/Photos/Z8/180-600mm/2026/2026-03-01/DSC_1986.NEF,23278,3,Blue,neutral,neutral,0.8846,0.4462,0.994,0.2882,0.5642,0.9719,0.002,0.0204,-0.0022,0.0511,-0.009,0.0026,0.0355,-0.0622,a photo with strong subject separation,blurry,0.4184,0.45,0.4468,0.4377,0.4087,0.421,0.4431,0.3981,0.4522,0.3956,0.4467,0.4061,0.3855,0.5053,v0,bioclip_2_image
48550,/mnt/d/Photos/Z8/180-600mm/2026/2026-03-01/DSC_1987.NEF,23278,3,Blue,neutral,neutral,0.8697,0.4831,0.9942,0.2441,0.5586,0.9722,0.0018,0.019,-0.0007,0.0515,-0.0113,0.0024,0.0356,-0.0629,high quality,blurry,0.416,0.4499,0.4456,0.4356,0.4074,0.4188,0.4431,0.397,0.4505,0.3941,0.4469,0.405,0.3833,0.5061,v0,bioclip_2_image
48551,/mnt/d/Photos/Z8/180-600mm/2026/2026-03-01/DSC_1988.NEF,23278,3,Blue,neutral,neutral,0.877,0.4239,0.9947,0.2925,0.5613,0.9732,0.0019,0.0196,-0.0031,0.0524,-0.0088,0.0025,0.0359,-0.0628,high quality,blurry,0.419,0.4494,0.4481,0.4383,0.4095,0.4217,0.443,0.3993,0.4525,0.3958,0.4472,0.407,0.3857,0.5058,v0,bioclip_2_image
48552,/mnt/d/Photos/Z8/180-600mm/2026/2026-03-01/DSC_1989.NEF,23278,4,Blue,pick,picked,0.8596,0.4037,0.9945,0.2748,0.524,0.9635,0.0012,0.0181,-0.0039,0.0519,-0.0097,0.001,0.0327,-0.0674,high quality,blurry,0.4218,0.4502,0.4515,0.4398,0.4131,0.4228,0.446,0.4037,0.4541,0.3996,0.4495,0.4121,0.3901,0.5134,v0,bioclip_2_image
48553,/mnt/d/Photos/Z8/180-600mm/2026/2026-03-01/DSC_1990.NEF,23278,4,Blue,pick,picked,0.8753,0.3753,0.9961,0.302,0.5384,0.9709,0.0013,0.0195,-0.0051,0.0553,-0.0084,0.0015,0.0351,-0.0661,high quality,blurry,0.4214,0.449,0.4517,0.4398,0.4125,0.424,0.4462,0.4019,0.4541,0.3964,0.4482,0.411,0.389,0.5123,v0,bioclip_2_image
48554,/mnt/d/Photos/Z8/180-600mm/2026/2026-03-01/DSC_1991.NEF,23278,3,Blue,neutral,neutral,0.8657,0.3645,0.9957,0.3227,0.5225,0.9678,0.0011,0.0186,-0.0056,0.0544,-0.0074,0.0009,0.034,-0.0677,high quality,blurry,0.4234,0.4502,0.4523,0.4423,0.4138,0.4247,0.4453,0.4047,0.4557,0.398,0.4497,0.4129,0.3907,0.513,v0,bioclip_2_image
48555,/mnt/d/Photos/Z8/180-600mm/2026/2026-03-01/DSC_1992.NEF,23279,4,Blue,neutral,picked,0.8718,0.3727,0.9955,0.4069,0.5788,0.978,0.0022,0.0192,-0.0052,0.054,-0.0038,0.0032,0.0379,-0.0614,high quality,blurry,0.4247,0.4526,0.4536,0.4446,0.4146,0.4246,0.4515,0.4055,0.4578,0.3996,0.4484,0.4114,0.3867,0.5129,v0,bioclip_2_image
48556,/mnt/d/Photos/Z8/180-600mm/2026/2026-03-01/DSC_1993.NEF,23279,4,Blue,pick,picked,0.8597,0.3324,0.9952,0.348,0.5566,0.9748,0.002,0.0181,-0.007,0.0534,-0.0063,0.0023,0.0365,-0.0619,high quality,blurry,0.4173,0.4455,0.4473,0.4376,0.4071,0.4179,0.4468,0.3992,0.4524,0.3938,0.4439,0.4049,0.3813,0.5088,v0,bioclip_2_image
48557,/mnt/d/Photos/Z8/180-600mm/2026/2026-03-01/DSC_1994.NEF,23279,4,Blue,neutral,picked,0.8683,0.3718,0.996,0.3405,0.5102,0.9692,0.0018,0.0189,-0.0052,0.0552,-0.0066,0.0004,0.0345,-0.063,high quality,blurry,0.4199,0.4481,0.4494,0.4394,0.4093,0.4198,0.4443,0.401,0.4533,0.3942,0.446,0.4089,0.3854,0.5073,v0,bioclip_2_image
48558,/mnt/d/Photos/Z8/180-600mm/2026/2026-03-01/DSC_1995.NEF,23279,3,Blue,reject,neutral,0.8656,0.3372,0.9966,0.3618,0.4999,0.9698,0.0017,0.0186,-0.0068,0.0569,-0.0057,-0.0,0.0347,-0.064,high quality,blurry,0.4222,0.4514,0.4527,0.4429,0.4121,0.4241,0.4522,0.4036,0.4581,0.3958,0.4485,0.4121,0.3894,0.5162,v0,bioclip_2_image
48559,/mnt/d/Photos/Z8/180-600mm/2026/2026-03-01/DSC_1996.NEF,23279,3,Blue,reject,neutral,0.8978,0.474,0.997,0.3128,0.5993,0.9818,0.0017,0.0217,-0.001,0.058,-0.0079,0.004,0.0399,-0.064,high quality,blurry,0.4181,0.4505,0.4508,0.4382,0.4111,0.421,0.4494,0.3963,0.4516,0.3928,0.4461,0.407,0.3811,0.5133,v0,bioclip_2_image
48560,/mnt/d/Photos/Z8/180-600mm/2026/2026-03-01/DSC_1997.NEF,23279,4,Blue,pick,picked,0.8888,0.437,0.9954,0.3628,0.5681,0.9758,0.0019,0.0208,-0.0025,0.0538,-0.0056,0.0027,0.037,-0.0628,high quality,blurry,0.4194,0.4478,0.449,0.4382,0.4107,0.4212,0.4442,0.3986,0.4504,0.3952,0.4438,0.408,0.3842,0.507,v0,bioclip_2_image
48561,/mnt/d/Photos/Z8/180-600mm/2026/2026-03-01/DSC_1998.NEF,23279,3,Blue,reject,neutral,0.8634,0.4719,0.9974,0.176,0.4164,0.9665,0.0009,0.0184,-0.0011,0.0596,-0.0154,-0.0034,0.0336,-0.0698,high quality,blurry,0.4171,0.4509,0.4532,0.4342,0.4061,0.4174,0.4494,0.3987,0.452,0.3937,0.4497,0.4094,0.3838,0.5192,v0,bioclip_2_image
48562,/mnt/d/Photos/Z8/180-600mm/2026/2026-03-01/DSC_1999.NEF,23279,4,Blue,neutral,picked,0.8312,0.3152,0.9982,0.1628,0.3692,0.9756,0.0007,0.0159,-0.0078,0.0632,-0.0164,-0.0054,0.0369,-0.0722,high quality,blurry,0.4159,0.4527,0.4539,0.4356,0.4045,0.417,0.457,0.4,0.4604,0.3907,0.4519,0.4098,0.3801,0.5292,v0,bioclip_2_image
48563,/mnt/d/Photos/Z8/180-600mm/2026/2026-03-01/DSC_2000.NEF,23279,3,Blue,reject,neutral,0.8602,0.3245,0.9965,0.2585,0.4121,0.9667,0.0012,0.0182,-0.0073,0.0566,-0.0105,-0.0036,0.0337,-0.0676,high quality,blurry,0.419,0.4506,0.4499,0.4376,0.4047,0.4193,0.4548,0.4008,0.4579,0.3933,0.4481,0.4082,0.3856,0.5224,v0,bioclip_2_image
48564,/mnt/d/Photos/Z8/180-600mm/2026/2026-03-01/DSC_2001.NEF,23279,4,Blue,neutral,picked,0.8829,0.5049,0.9957,0.2441,0.5577,0.9812,0.0019,0.0202,0.0002,0.0544,-0.0113,0.0023,0.0396,-0.0628,high quality,blurry,0.4204,0.4549,0.4513,0.4402,0.4099,0.4219,0.4517,0.4002,0.4547,0.3969,0.4515,0.4076,0.3823,0.5145,v0,bioclip_2_image
48565,/mnt/d/Photos/Z8/180-600mm/2026/2026-03-01/DSC_2002.NEF,23279,4,Blue,pick,picked,0.872,0.4229,0.9942,0.3137,0.5556,0.9799,0.0022,0.0192,-0.0031,0.0515,-0.0078,0.0022,0.0389,-0.0614,high quality,blurry,0.4222,0.4542,0.4499,0.4426,0.4104,0.4228,0.4539,0.403,0.4573,0.3984,0.4505,0.4081,0.384,0.5153,v0,bioclip_2_image
48566,/mnt/d/Photos/Z8/180-600mm/2026/2026-03-01/DSC_2003.NEF,23279,4,Blue,pick,picked,0.8708,0.4726,0.9965,0.2076,0.4952,0.9694,0.0016,0.0191,-0.0011,0.0565,-0.0134,-0.0002,0.0346,-0.0644,high quality,blurry,0.4152,0.4497,0.4493,0.4327,0.4069,0.417,0.4457,0.3962,0.4508,0.3928,0.4461,0.4071,0.3825,0.5101,v0,bioclip_2_image
48567,/mnt/d/Photos/Z8/180-600mm/2026/2026-03-01/DSC_2004.NEF,23279,4,Blue,neutral,picked,0.8648,0.4479,0.9957,0.2131,0.464,0.9674,0.0011,0.0186,-0.0021,0.0543,-0.0131,-0.0014,0.0339,-0.0678,high quality,blurry,0.4158,0.4509,0.4465,0.4351,0.4049,0.4167,0.4476,0.3973,0.453,0.3922,0.4482,0.4064,0.3828,0.5154,v0,bioclip_2_image
48568,/mnt/d/Photos/Z8/180-600mm/2026/2026-03-01/DSC_2005.NEF,23279,4,Blue,neutral,picked,0.8774,0.48,0.996,0.2555,0.522,0.9724,0.001,0.0197,-0.0008,0.0552,-0.0107,0.0009,0.0356,-0.0686,high quality,blurry,0.4206,0.4535,0.4509,0.4377,0.4105,0.4207,0.446,0.401,0.4543,0.3957,0.4484,0.4096,0.3851,0.5147,v0,bioclip_2_image
48569,/mnt/d/Photos/Z8/180-600mm/2026/2026-03-01/DSC_2006.NEF,23280,4,Blue,reject,picked,0.8458,0.2035,0.998,0.3153,0.385,0.9683,0.0009,0.017,-0.0136,0.062,-0.0078,-0.0047,0.0342,-0.0703,high quality,blurry,0.4186,0.4479,0.4505,0.4449,0.404,0.4178,0.4584,0.4016,0.4615,0.3885,0.4527,0.4087,0.3836,0.5287,v0,bioclip_2_image
48570,/mnt/d/Photos/Z8/180-600mm/2026/2026-03-01/DSC_2007.NEF,23280,4,Blue,neutral,picked,0.8851,0.4004,0.9952,0.3941,0.5497,0.9751,0.0015,0.0204,-0.004,0.0533,-0.0043,0.002,0.0367,-0.0649,high quality,blurry,0.4209,0.4521,0.4491,0.4441,0.4129,0.4212,0.448,0.4005,0.4561,0.3958,0.4484,0.4109,0.3845,0.5129,v0,bioclip_2_image
48571,/mnt/d/Photos/Z8/180-600mm/2026/2026-03-01/DSC_2008.NEF,23280,4,Blue,reject,picked,0.8953,0.3804,0.9966,0.4399,0.5937,0.9816,0.0014,0.0215,-0.0049,0.0568,-0.0024,0.0038,0.0398,-0.0657,high quality,blurry,0.4207,0.4511,0.4489,0.4437,0.4121,0.4223,0.4465,0.3992,0.456,0.3921,0.4461,0.4083,0.3826,0.5122,v0,bioclip_2_image
48572,/mnt/d/Photos/Z8/180-600mm/2026/2026-03-01/DSC_2009.NEF,23280,4,Blue,reject,picked,0.9058,0.3467,0.9974,0.3329,0.4627,0.9799,0.0014,0.0226,-0.0063,0.0595,-0.007,-0.0015,0.0389,-0.0658,a photo with strong subject separation,blurry,0.4134,0.4478,0.4424,0.4391,0.4055,0.4166,0.4647,0.3907,0.4541,0.3829,0.4461,0.407,0.3777,0.5305,v0,bioclip_2_image
48573,/mnt/d/Photos/Z8/180-600mm/2026/2026-03-01/DSC_2010.NEF,23280,4,Blue,neutral,picked,0.9189,0.3905,0.9969,0.3375,0.5137,0.9734,0.0013,0.0243,-0.0045,0.0579,-0.0067,0.0005,0.036,-0.0663,a photo with strong subject separation,blurry,0.4165,0.4503,0.446,0.441,0.4078,0.4181,0.4592,0.3922,0.4547,0.3881,0.4478,0.4072,0.3822,0.5254,v0,bioclip_2_image
48574,/mnt/d/Photos/Z8/180-600mm/2026/2026-03-01/DSC_2011.NEF,23280,4,Blue,reject,picked,0.8996,0.2535,0.9973,0.3362,0.461,0.9758,0.0011,0.0219,-0.0108,0.0592,-0.0068,-0.0016,0.037,-0.0683,high quality,blurry,0.4165,0.4479,0.4468,0.4432,0.4056,0.4194,0.4652,0.3946,0.4587,0.3876,0.45,0.4071,0.3824,0.5334,v0,bioclip_2_image
48575,/mnt/d/Photos/Z8/180-600mm/2026/2026-03-01/DSC_2012.NEF,23280,4,Blue,neutral,picked,0.9186,0.3691,0.9973,0.3752,0.556,0.9768,0.0011,0.0242,-0.0054,0.0591,-0.0051,0.0023,0.0374,-0.0682,high quality,blurry,0.4214,0.4526,0.4496,0.4449,0.4135,0.4225,0.4537,0.3972,0.458,0.3905,0.45,0.4112,0.3851,0.522,v0,bioclip_2_image
48576,/mnt/d/Photos/Z8/180-600mm/2026/2026-03-01/DSC_2013.NEF,23280,4,Blue,neutral,picked,0.8835,0.3891,0.9964,0.4689,0.5468,0.9683,0.0015,0.0203,-0.0045,0.0562,-0.0012,0.0019,0.0342,-0.065,high quality,blurry,0.4209,0.4514,0.4496,0.445,0.4139,0.4203,0.4511,0.4007,0.4559,0.3933,0.4463,0.412,0.3862,0.516,v0,bioclip_2_image
48577,/mnt/d/Photos/Z8/180-600mm/2026/2026-03-01/DSC_2014.NEF,23280,4,Blue,neutral,picked,0.9112,0.3202,0.9973,0.443,0.5206,0.9776,0.0014,0.0233,-0.0075,0.0591,-0.0023,0.0008,0.0378,-0.0658,high quality,blurry,0.4207,0.4536,0.4509,0.4462,0.4122,0.4234,0.4589,0.3974,0.4612,0.3919,0.4485,0.4114,0.3857,0.5247,v0,bioclip_2_image
48578,/mnt/d/Photos/Z8/180-600mm/2026/2026-03-01/DSC_2015.NEF,23280,3,Green,reject,neutral,0.8843,0.4237,0.9956,0.3709,0.5959,0.9729,0.0018,0.0203,-0.0031,0.0542,-0.0053,0.0039,0.0358,-0.0632,high quality,blurry,0.4268,0.4565,0.4556,0.4455,0.4193,0.424,0.4472,0.4064,0.4595,0.4014,0.4508,0.4154,0.3882,0.5104,v0,bioclip_2_image
48579,/mnt/d/Photos/Z8/180-600mm/2026/2026-03-01/DSC_2016.NEF,23280,4,Blue,neutral,picked,0.8963,0.4746,0.9946,0.3044,0.5488,0.9711,0.0012,0.0216,-0.001,0.0522,-0.0083,0.002,0.0351,-0.067,high quality,blurry,0.4247,0.453,0.4518,0.4422,0.415,0.4234,0.4444,0.4032,0.454,0.3997,0.4504,0.4131,0.3883,0.5114,v0,bioclip_2_image
48580,/mnt/d/Photos/Z8/180-600mm/2026/2026-03-01/DSC_2017.NEF,23280,4,Blue,pick,picked,0.8943,0.4935,0.995,0.2843,0.5725,0.9704,0.0013,0.0214,-0.0003,0.0529,-0.0092,0.0029,0.0349,-0.0664,high quality,blurry,0.4217,0.4526,0.4497,0.4393,0.4129,0.4204,0.4436,0.4003,0.4529,0.3967,0.4485,0.41,0.3856,0.51,v0,bioclip_2_image
48581,/mnt/d/Photos/Z8/180-600mm/2026/2026-03-01/DSC_2018.NEF,23280,4,Blue,pick,picked,0.8972,0.4166,0.9954,0.3854,0.5862,0.979,0.0016,0.0217,-0.0034,0.0538,-0.0047,0.0035,0.0384,-0.0646,high quality,blurry,0.4235,0.4524,0.4513,0.4426,0.4156,0.4242,0.4439,0.4019,0.4557,0.3974,0.4473,0.4121,0.3858,0.5085,v0,bioclip_2_image
48582,/mnt/d/Photos/Z8/180-600mm/2026/2026-03-01/DSC_2019.NEF,23280,4,Blue,pick,picked,0.8829,0.4089,0.9948,0.3808,0.5495,0.9758,0.0017,0.0202,-0.0037,0.0526,-0.0049,0.002,0.037,-0.0638,high quality,blurry,0.4218,0.4506,0.4493,0.441,0.4141,0.4223,0.4413,0.4016,0.4543,0.3968,0.4459,0.4121,0.3854,0.5051,v0,bioclip_2_image
48583,/mnt/d/Photos/Z8/180-600mm/2026/2026-03-01/DSC_2020.NEF,23280,4,Blue,pick,picked,0.894,0.4487,0.995,0.3439,0.5244,0.9734,0.0012,0.0213,-0.0021,0.053,-0.0065,0.001,0.036,-0.0669,high quality,blurry,0.422,0.4512,0.4486,0.4403,0.4126,0.4222,0.4415,0.4007,0.4533,0.3957,0.4467,0.4117,0.3862,0.5084,v0,bioclip_2_image
48584,/mnt/d/Photos/Z8/180-600mm/2026/2026-03-01/DSC_2021.NEF,23280,4,Blue,neutral,picked,0.904,0.4592,0.9949,0.3471,0.5997,0.9759,0.0015,0.0224,-0.0016,0.0527,-0.0063,0.004,0.037,-0.0649,high quality,blurry,0.4239,0.4525,0.4507,0.4417,0.4162,0.4241,0.442,0.4015,0.4541,0.398,0.448,0.4122,0.3871,0.5069,v0,bioclip_2_image
48585,/mnt/d/Photos/Z8/180-600mm/2026/2026-03-01/DSC_2022.NEF,23280,4,Blue,reject,picked,0.91,0.433,0.9945,0.3611,0.6121,0.981,0.0013,0.0231,-0.0027,0.052,-0.0057,0.0046,0.0395,-0.0661,high quality,blurry,0.4236,0.4529,0.4498,0.4429,0.4155,0.4244,0.4475,0.4005,0.4556,0.3978,0.4487,0.4109,0.385,0.5137,v0,bioclip_2_image
48586,/mnt/d/Photos/Z8/180-600mm/2026/2026-03-01/DSC_2023.NEF,23280,4,Blue,neutral,picked,0.913,0.458,0.9947,0.2961,0.6243,0.98,0.0015,0.0235,-0.0017,0.0524,-0.0087,0.0051,0.0389,-0.0651,high quality,blurry,0.4234,0.4543,0.4498,0.442,0.4153,0.424,0.4506,0.3999,0.456,0.3974,0.4507,0.4102,0.3851,0.5157,v0,bioclip_2_image
48587,/mnt/d/Photos/Z8/180-600mm/2026/2026-03-01/DSC_2024.NEF,23280,4,Blue,pick,picked,0.9083,0.4353,0.9944,0.3208,0.6314,0.9812,0.0013,0.0229,-0.0026,0.0519,-0.0075,0.0054,0.0396,-0.0665,high quality,blurry,0.4249,0.4534,0.4501,0.4428,0.4163,0.4253,0.4451,0.402,0.456,0.3982,0.4503,0.4109,0.3857,0.5115,v0,bioclip_2_image
48588,/mnt/d/Photos/Z8/180-600mm/2026/2026-03-01/DSC_2025.NEF,23280,4,Blue,pick,picked,0.9263,0.3831,0.9978,0.2981,0.6575,0.9817,0.001,0.0253,-0.0048,0.0613,-0.0086,0.0065,0.0398,-0.0694,high quality,blurry,0.4234,0.4566,0.4549,0.4395,0.4182,0.4253,0.4501,0.3981,0.4614,0.3936,0.448,0.4117,0.3855,0.5195,v0,bioclip_2_image
48589,/mnt/d/Photos/Z8/180-600mm/2026/2026-03-01/DSC_2026.NEF,23280,3,Blue,reject,neutral,0.9107,0.4294,0.9972,0.3167,0.5764,0.9705,0.0012,0.0232,-0.0028,0.0587,-0.0077,0.0031,0.0349,-0.0674,high quality,blurry,0.4242,0.4548,0.4543,0.4415,0.4156,0.425,0.4458,0.401,0.4576,0.3956,0.4492,0.4125,0.3901,0.5132,v0,bioclip_2_image
48590,/mnt/d/Photos/Z8/180-600mm/2026/2026-03-01/DSC_2027.NEF,23280,4,Blue,neutral,picked,0.848,0.2287,0.9962,0.2228,0.5104,0.97,0.001,0.0172,-0.0122,0.0558,-0.0125,0.0004,0.0348,-0.0694,high quality,blurry,0.4331,0.465,0.4603,0.4579,0.4205,0.4319,0.4771,0.4159,0.4772,0.4045,0.4704,0.4201,0.3971,0.5466,v0,bioclip_2_image
48591,/mnt/d/Photos/Z8/180-600mm/2026/2026-03-01/DSC_2028.NEF,23280,4,Blue,reject,picked,0.8968,0.2919,0.9957,0.3894,0.5409,0.9812,0.0012,0.0216,-0.0089,0.0544,-0.0045,0.0016,0.0396,-0.0676,high quality,blurry,0.4263,0.4574,0.4511,0.4491,0.4164,0.4302,0.4636,0.4046,0.4663,0.3968,0.4536,0.4147,0.3906,0.5311,v0,bioclip_2_image
48592,/mnt/d/Photos/Z8/180-600mm/2026/2026-03-01/DSC_2029.NEF,23280,4,Blue,neutral,picked,0.879,0.3017,0.9961,0.3336,0.4815,0.9717,0.0014,0.0198,-0.0084,0.0554,-0.0069,-0.0007,0.0354,-0.0659,high quality,blurry,0.4259,0.4565,0.4521,0.4476,0.4139,0.4276,0.466,0.406,0.4649,0.3967,0.4546,0.4146,0.3923,0.532,v0,bioclip_2_image
48593,/mnt/d/Photos/Z8/180-600mm/2026/2026-03-01/DSC_2030.NEF,23280,4,Blue,pick,picked,0.8592,0.232,0.9959,0.2772,0.5446,0.9696,0.0012,0.0181,-0.012,0.055,-0.0096,0.0018,0.0346,-0.0676,high quality,blurry,0.4258,0.4566,0.4521,0.4465,0.4145,0.4275,0.4636,0.4077,0.4686,0.3971,0.4561,0.4127,0.3928,0.5312,v0,bioclip_2_image
48594,/mnt/d/Photos/Z8/180-600mm/2026/2026-03-01/DSC_2031.NEF,23280,4,Blue,pick,picked,0.8652,0.3944,0.9943,0.3609,0.5448,0.9595,0.0013,0.0186,-0.0043,0.0515,-0.0057,0.0018,0.0317,-0.0664,high quality,blurry,0.4259,0.4579,0.4476,0.452,0.4133,0.4239,0.4645,0.4073,0.4622,0.3961,0.4578,0.4115,0.3922,0.5309,v0,bioclip_2_image
48595,/mnt/d/Photos/Z8/180-600mm/2026/2026-03-01/DSC_2032.NEF,23281,4,Blue,neutral,picked,0.9093,0.4965,0.9941,0.3486,0.5899,0.9727,0.0015,0.023,-0.0001,0.0513,-0.0063,0.0036,0.0357,-0.065,high quality,blurry,0.4226,0.4517,0.4483,0.4403,0.414,0.4216,0.4439,0.3996,0.4519,0.397,0.4466,0.4104,0.3858,0.509,v0,bioclip_2_image
48596,/mnt/d/Photos/Z8/180-600mm/2026/2026-03-01/DSC_2033.NEF,23281,4,Blue,neutral,picked,0.9096,0.5328,0.9937,0.3511,0.5661,0.9704,0.0015,0.0231,0.0013,0.0506,-0.0061,0.0027,0.0349,-0.0649,high quality,blurry,0.4248,0.4537,0.4498,0.4419,0.4154,0.4228,0.4432,0.4017,0.4524,0.3992,0.448,0.4127,0.3879,0.5081,v0,bioclip_2_image
48597,/mnt/d/Photos/Z8/180-600mm/2026/2026-03-01/DSC_2034.NEF,23281,4,Blue,reject,picked,0.9006,0.4022,0.9949,0.3172,0.5838,0.9722,0.0013,0.022,-0.004,0.0527,-0.0077,0.0034,0.0355,-0.0664,high quality,blurry,0.4268,0.4544,0.4523,0.4441,0.4179,0.4252,0.4445,0.4047,0.4583,0.3996,0.4518,0.4145,0.3896,0.5109,v0,bioclip_2_image
48598,/mnt/d/Photos/Z8/180-600mm/2026/2026-03-01/DSC_2035.NEF,23281,4,Blue,neutral,picked,0.9072,0.4974,0.9954,0.3651,0.6142,0.9767,0.0015,0.0228,-0.0001,0.0537,-0.0055,0.0046,0.0373,-0.0653,high quality,blurry,0.4226,0.4521,0.4496,0.4411,0.4149,0.422,0.4425,0.3998,0.4522,0.3958,0.4466,0.4103,0.3847,0.5078,v0,bioclip_2_image
48599,/mnt/d/Photos/Z8/180-600mm/2026/2026-03-01/DSC_2036.NEF,23281,4,Blue,pick,picked,0.8858,0.463,0.9944,0.3539,0.5846,0.973,0.0014,0.0205,-0.0015,0.0517,-0.006,0.0034,0.0358,-0.0659,high quality,blurry,0.4214,0.4504,0.4481,0.4401,0.4136,0.4205,0.44,0.4009,0.4519,0.3963,0.4461,0.4102,0.3846,0.5059,v0,bioclip_2_image
48600,/mnt/d/Photos/Z8/180-600mm/2026/2026-03-01/DSC_2037.NEF,23281,4,Blue,reject,picked,0.9042,0.46,0.9951,0.3295,0.5743,0.9748,0.0011,0.0224,-0.0016,0.0531,-0.0071,0.003,0.0366,-0.0685,high quality,blurry,0.4234,0.4519,0.4477,0.4423,0.414,0.4224,0.4405,0.4009,0.4535,0.3946,0.4494,0.411,0.3858,0.5091,v0,bioclip_2_image
48601,/mnt/d/Photos/Z8/180-600mm/2026/2026-03-01/DSC_2038.NEF,23281,4,Blue,neutral,picked,0.9028,0.4892,0.9942,0.3339,0.6212,0.9759,0.0016,0.0223,-0.0004,0.0515,-0.0069,0.0049,0.037,-0.0642,high quality,blurry,0.4217,0.4522,0.4469,0.4431,0.414,0.4214,0.4458,0.3994,0.4526,0.3954,0.45,0.4091,0.3844,0.51,v0,bioclip_2_image
48602,/mnt/d/Photos/Z8/180-600mm/2026/2026-03-01/DSC_2039.NEF,23281,4,Blue,neutral,picked,0.9036,0.4961,0.9946,0.3554,0.6156,0.9779,0.0016,0.0224,-0.0002,0.0521,-0.006,0.0047,0.0379,-0.0642,high quality,blurry,0.4218,0.4522,0.4463,0.4425,0.4136,0.4216,0.446,0.3994,0.4523,0.3942,0.4484,0.4089,0.3837,0.5101,v0,bioclip_2_image
48603,/mnt/d/Photos/Z8/180-600mm/2026/2026-03-01/DSC_2040.NEF,23281,4,Blue,neutral,picked,0.8964,0.4885,0.993,0.3091,0.5669,0.9691,0.0014,0.0216,-0.0005,0.0496,-0.008,0.0027,0.0345,-0.0658,high quality,blurry,0.4244,0.4533,0.4488,0.4412,0.415,0.4225,0.4415,0.4028,0.4538,0.3993,0.4493,0.4123,0.388,0.5073,v0,bioclip_2_image
48604,/mnt/d/Photos/Z8/180-600mm/2026/2026-03-01/DSC_2041.NEF,23281,4,Blue,pick,picked,0.8975,0.4687,0.9934,0.3055,0.5952,0.9714,0.0014,0.0217,-0.0013,0.0502,-0.0082,0.0039,0.0352,-0.066,high quality,blurry,0.4255,0.4542,0.4499,0.4424,0.4158,0.4233,0.4424,0.4038,0.4554,0.3997,0.4506,0.4119,0.388,0.5084,v0,bioclip_2_image
48605,/mnt/d/Photos/Z8/180-600mm/2026/2026-03-01/DSC_2042.NEF,23281,4,Blue,pick,picked,0.9007,0.4701,0.9938,0.3327,0.5701,0.9739,0.0014,0.022,-0.0012,0.0508,-0.007,0.0028,0.0362,-0.0658,high quality,blurry,0.4234,0.4519,0.4473,0.4417,0.413,0.4226,0.442,0.4013,0.4531,0.3965,0.4487,0.4102,0.3864,0.5078,v0,bioclip_2_image
48606,/mnt/d/Photos/Z8/180-600mm/2026/2026-03-01/DSC_2043.NEF,23281,4,Blue,pick,picked,0.9088,0.4019,0.9954,0.3958,0.5872,0.9639,0.0012,0.023,-0.004,0.0537,-0.0042,0.0035,0.0329,-0.0671,high quality,blurry,0.4279,0.4517,0.4523,0.4467,0.419,0.4244,0.4447,0.4049,0.4557,0.3986,0.4509,0.4155,0.3915,0.5118,v0,bioclip_2_image
48607,/mnt/d/Photos/Z8/180-600mm/2026/2026-03-01/DSC_2044.NEF,23281,4,Blue,pick,picked,0.9029,0.3749,0.9955,0.3818,0.5802,0.9684,0.0009,0.0223,-0.0051,0.054,-0.0048,0.0032,0.0342,-0.07,high quality,blurry,0.4227,0.45,0.4474,0.4431,0.4147,0.4221,0.446,0.4004,0.4551,0.3935,0.4479,0.4114,0.3879,0.516,v0,bioclip_2_image
48608,/mnt/d/Photos/Z8/180-600mm/2026/2026-03-01/DSC_2045.NEF,23281,4,Blue,pick,picked,0.9209,0.4777,0.9957,0.3825,0.5731,0.9776,0.0012,0.0246,-0.0009,0.0544,-0.0048,0.0029,0.0377,-0.067,high quality,blurry,0.4216,0.4519,0.4479,0.4394,0.4112,0.4227,0.4458,0.397,0.4528,0.3935,0.4441,0.4083,0.3849,0.5128,v0,bioclip_2_image
48609,/mnt/d/Photos/Z8/180-600mm/2026/2026-03-01/DSC_2046.NEF,23281,4,Blue,reject,picked,0.9047,0.4484,0.9952,0.3928,0.6015,0.9742,0.0011,0.0225,-0.0021,0.0533,-0.0044,0.0041,0.0363,-0.068,high quality,blurry,0.4235,0.4519,0.4495,0.4421,0.4149,0.4237,0.4426,0.401,0.454,0.3962,0.4465,0.4108,0.3873,0.5106,v0,bioclip_2_image
48610,/mnt/d/Photos/Z8/180-600mm/2026/2026-03-01/DSC_2047.NEF,23281,4,Blue,neutral,picked,0.9147,0.4758,0.9954,0.3531,0.6077,0.9743,0.0012,0.0237,-0.001,0.0539,-0.0061,0.0044,0.0363,-0.0673,high quality,blurry,0.4242,0.4535,0.45,0.4411,0.4158,0.424,0.4456,0.4004,0.4545,0.3962,0.4472,0.4114,0.3877,0.5129,v0,bioclip_2_image
48611,/mnt/d/Photos/Z8/180-600mm/2026/2026-03-01/DSC_2048.NEF,23281,4,Blue,reject,picked,0.9211,0.4625,0.9959,0.3686,0.5392,0.9671,0.0011,0.0246,-0.0015,0.0549,-0.0054,0.0016,0.0338,-0.0685,high quality,blurry,0.424,0.4519,0.448,0.4413,0.4134,0.4222,0.4518,0.3994,0.4534,0.3932,0.4466,0.4118,0.3884,0.5204,v0,bioclip_2_image
48612,/mnt/d/Photos/Z8/180-600mm/2026/2026-03-01/DSC_2049.NEF,23281,4,Blue,reject,picked,0.9216,0.5149,0.9962,0.4251,0.5276,0.9665,0.001,0.0246,0.0006,0.0556,-0.003,0.0011,0.0336,-0.0693,high quality,blurry,0.4243,0.4539,0.4488,0.4429,0.4146,0.4223,0.4492,0.3996,0.4533,0.3932,0.4459,0.4135,0.3886,0.5186,v0,bioclip_2_image
48613,/mnt/d/Photos/Z8/180-600mm/2026/2026-03-01/DSC_2050.NEF,23281,4,Blue,reject,picked,0.9298,0.5208,0.9967,0.4691,0.5344,0.971,0.001,0.0258,0.0008,0.0571,-0.0012,0.0014,0.0351,-0.0696,high quality,blurry,0.4197,0.4504,0.4441,0.4387,0.411,0.4174,0.4468,0.3939,0.4496,0.387,0.44,0.4096,0.3823,0.5164,v0,bioclip_2_image
48614,/mnt/d/Photos/Z8/180-600mm/2026/2026-03-01/DSC_2051.NEF,23281,4,Blue,neutral,picked,0.9208,0.4674,0.9946,0.3943,0.5453,0.967,0.001,0.0245,-0.0013,0.0521,-0.0043,0.0018,0.0338,-0.0687,high quality,blurry,0.4254,0.4542,0.4494,0.4436,0.4151,0.4241,0.4484,0.4009,0.4555,0.3972,0.4479,0.4133,0.3903,0.5171,v0,bioclip_2_image
48615,/mnt/d/Photos/Z8/180-600mm/2026/2026-03-01/DSC_2052.NEF,23281,3,Blue,reject,neutral,0.923,0.387,0.9967,0.4553,0.515,0.9693,0.0008,0.0248,-0.0046,0.0571,-0.0018,0.0006,0.0345,-0.0713,high quality,blurry,0.4185,0.447,0.4432,0.4373,0.4112,0.4173,0.4491,0.3937,0.4516,0.3861,0.439,0.4106,0.3828,0.5204,v0,bioclip_2_image
48616,/mnt/d/Photos/Z8/180-600mm/2026/2026-03-01/DSC_2053.NEF,23281,4,Blue,pick,picked,0.9264,0.5054,0.9964,0.3864,0.5722,0.9626,0.0014,0.0253,0.0002,0.0562,-0.0046,0.0029,0.0325,-0.0656,high quality,blurry,0.4235,0.4532,0.4489,0.4412,0.4151,0.4212,0.4539,0.3982,0.453,0.3927,0.4459,0.4122,0.3887,0.5195,v0,bioclip_2_image
48617,/mnt/d/Photos/Z8/180-600mm/2026/2026-03-01/DSC_2054.NEF,23281,4,Blue,neutral,picked,0.923,0.5112,0.9963,0.411,0.5839,0.9564,0.0014,0.0248,0.0004,0.0561,-0.0036,0.0034,0.0309,-0.0658,high quality,blurry,0.4236,0.4538,0.449,0.4415,0.4166,0.4201,0.4559,0.3988,0.4533,0.3929,0.4451,0.4132,0.3893,0.5218,v0,bioclip_2_image
48618,/mnt/d/Photos/Z8/180-600mm/2026/2026-03-01/DSC_2055.NEF,23282,3,Blue,pick,neutral,0.8694,0.482,0.9968,0.2249,0.1148,0.8747,0.0007,0.019,-0.0007,0.0574,-0.0124,-0.0204,0.0194,-0.073,high quality,blurry,0.4164,0.4487,0.4461,0.4372,0.3954,0.4082,0.4696,0.3975,0.4495,0.3888,0.4496,0.4159,0.3888,0.5426,v0,bioclip_2_image
48619,/mnt/d/Photos/Z8/180-600mm/2026/2026-03-01/DSC_2056.NEF,23282,3,Blue,pick,neutral,0.8495,0.4338,0.9972,0.228,0.1322,0.8955,0.0005,0.0173,-0.0027,0.0586,-0.0122,-0.0188,0.0215,-0.0759,a photo with strong subject separation,blurry,0.4196,0.4496,0.4486,0.4401,0.3979,0.4122,0.4734,0.4023,0.4522,0.39,0.4523,0.4167,0.3908,0.5493,v0,bioclip_2_image
48620,/mnt/d/Photos/Z8/180-600mm/2026/2026-03-01/DSC_2057.NEF,23283,3,Blue,pick,neutral,0.8605,0.4207,0.9949,0.2683,0.2114,0.9224,0.0006,0.0182,-0.0032,0.0528,-0.01,-0.0132,0.0248,-0.0744,a photo with strong subject separation,blurry,0.4164,0.4454,0.4471,0.4369,0.398,0.4115,0.4479,0.3982,0.4486,0.3943,0.4469,0.4111,0.3867,0.5223,v0,bioclip_2_image
48621,/mnt/d/Photos/Z8/180-600mm/2026/2026-03-01/DSC_2058.NEF,23282,3,Blue,neutral,neutral,0.8816,0.4596,0.9967,0.2243,0.1571,0.9441,0.0004,0.0201,-0.0016,0.0571,-0.0124,-0.0168,0.0283,-0.0785,high quality,blurry,0.4163,0.4487,0.4465,0.4384,0.3952,0.4126,0.4592,0.3963,0.4503,0.3895,0.4508,0.412,0.3843,0.5377,v0,bioclip_2_image
48622,/mnt/d/Photos/Z8/180-600mm/2026/2026-03-01/DSC_2059.NEF,23282,3,Blue,pick,neutral,0.8698,0.5017,0.9973,0.1716,0.1388,0.8678,0.0007,0.019,0.0001,0.059,-0.0157,-0.0182,0.0188,-0.0728,high quality,blurry,0.4048,0.4363,0.434,0.4216,0.3868,0.3961,0.4679,0.3858,0.4363,0.375,0.4374,0.405,0.3773,0.5407,v0,bioclip_2_image
48623,/mnt/d/Photos/Z8/180-600mm/2026/2026-03-01/DSC_2060.NEF,23282,3,Blue,neutral,neutral,0.8721,0.4865,0.9963,0.2742,0.1455,0.9237,0.001,0.0192,-0.0005,0.0558,-0.0097,-0.0177,0.0249,-0.0693,a photo with strong subject separation,blurry,0.4177,0.451,0.4439,0.4398,0.4005,0.4138,0.4742,0.3985,0.4516,0.388,0.4495,0.4182,0.3889,0.5435,v0,bioclip_2_image
48624,/mnt/d/Photos/Z8/180-600mm/2026/2026-03-01/DSC_2061.NEF,23282,3,Blue,neutral,neutral,0.9279,0.68,0.9977,0.2704,0.1777,0.9255,0.0007,0.0256,0.0075,0.0606,-0.0099,-0.0153,0.0252,-0.0721,high quality,blurry,0.4029,0.4365,0.4316,0.4206,0.3786,0.3943,0.4619,0.3774,0.4289,0.3709,0.4305,0.3939,0.3691,0.5339,v0,bioclip_2_image
48625,/mnt/d/Photos/Z8/180-600mm/2026/2026-03-01/DSC_2062.NEF,23282,3,Blue,neutral,neutral,0.8854,0.3813,0.9953,0.4012,0.2924,0.9038,0.0009,0.0204,-0.0048,0.0535,-0.004,-0.0088,0.0224,-0.0701,a photo with strong subject separation,blurry,0.4294,0.458,0.457,0.4537,0.4123,0.4244,0.4532,0.409,0.4628,0.4035,0.4577,0.4211,0.402,0.5234,v0,bioclip_2_image
48626,/mnt/d/Photos/Z8/180-600mm/2026/2026-03-01/DSC_2063.NEF,23282,4,Blue,pick,picked,0.9083,0.4007,0.9981,0.3248,0.2125,0.9393,0.0009,0.0229,-0.004,0.0626,-0.0073,-0.0131,0.0274,-0.0703,a photo with strong subject separation,blurry,0.4227,0.4505,0.452,0.4417,0.4021,0.4175,0.4633,0.3997,0.4545,0.3894,0.449,0.4152,0.3901,0.5336,v0,bioclip_2_image
48627,/mnt/d/Photos/Z8/180-600mm/2026/2026-03-01/DSC_2064.NEF,23282,3,Blue,pick,neutral,0.9063,0.4618,0.9974,0.4343,0.2314,0.9163,0.0011,0.0227,-0.0015,0.0595,-0.0026,-0.012,0.0239,-0.0682,a photo with strong subject separation,blurry,0.4239,0.4546,0.4524,0.4458,0.4048,0.418,0.4528,0.4012,0.4561,0.3929,0.4484,0.4168,0.3941,0.521,v0,bioclip_2_image
48628,/mnt/d/Photos/Z8/180-600mm/2026/2026-03-01/DSC_2065.NEF,23283,3,Blue,neutral,neutral,0.8739,0.221,0.9968,0.1474,0.1672,0.9558,0.0003,0.0194,-0.0126,0.0575,-0.0175,-0.0161,0.0307,-0.0827,a photo with strong subject separation,blurry,0.4182,0.4408,0.4498,0.4331,0.3997,0.4194,0.461,0.3989,0.4534,0.3923,0.4507,0.4157,0.3887,0.5437,v0,bioclip_2_image
48629,/mnt/d/Photos/Z8/180-600mm/2026/2026-03-01/DSC_2066.NEF,23282,3,Blue,neutral,neutral,0.9053,0.3517,0.999,0.3349,0.2229,0.9282,0.0008,0.0226,-0.0061,0.0688,-0.0069,-0.0125,0.0256,-0.0708,a photo with strong subject separation,blurry,0.4168,0.4463,0.4494,0.4398,0.3993,0.4107,0.4657,0.3943,0.4524,0.3806,0.4467,0.4118,0.3851,0.5365,v0,bioclip_2_image
48630,/mnt/d/Photos/Z8/180-600mm/2026/2026-03-01/DSC_2067.NEF,23282,3,Blue,neutral,neutral,0.9062,0.2682,0.9989,0.3123,0.2293,0.933,0.001,0.0227,-0.01,0.0684,-0.0079,-0.0121,0.0263,-0.0689,a photo with strong subject separation,blurry,0.4209,0.4482,0.4529,0.4424,0.4043,0.4165,0.4686,0.3982,0.4582,0.3845,0.4503,0.4164,0.3902,0.5375,v0,bioclip_2_image
48631,/mnt/d/Photos/Z8/180-600mm/2026/2026-03-01/DSC_2068.NEF,23282,3,Blue,neutral,neutral,0.8922,0.4025,0.9967,0.2595,0.2848,0.9276,0.0007,0.0211,-0.004,0.057,-0.0105,-0.0092,0.0255,-0.0725,high quality,blurry,0.4201,0.4504,0.4497,0.4437,0.4018,0.4153,0.459,0.399,0.4543,0.3927,0.4541,0.411,0.3898,0.5315,v0,bioclip_2_image
48632,/mnt/d/Photos/Z8/180-600mm/2026/2026-03-01/DSC_2069.NEF,23282,3,Blue,reject,neutral,0.9172,0.4293,0.9984,0.3017,0.1908,0.9164,0.0009,0.0241,-0.0028,0.0644,-0.0084,-0.0144,0.0239,-0.0705,a photo with strong subject separation,blurry,0.4235,0.4524,0.4554,0.4425,0.4031,0.4185,0.4627,0.3994,0.4552,0.391,0.4508,0.4175,0.3945,0.5332,v0,bioclip_2_image
48633,/mnt/d/Photos/Z8/180-600mm/2026/2026-03-01/DSC_2070.NEF,23282,3,Blue,reject,neutral,0.9062,0.3716,0.9986,0.1888,0.2264,0.885,0.0005,0.0227,-0.0053,0.0656,-0.0146,-0.0123,0.0204,-0.076,high quality,blurry,0.4227,0.4499,0.4537,0.4418,0.4025,0.4158,0.4671,0.4,0.4551,0.3881,0.4564,0.4148,0.3954,0.5431,v0,bioclip_2_image
48634,/mnt/d/Photos/Z8/180-600mm/2026/2026-03-01/DSC_2071.NEF,23282,3,Blue,neutral,neutral,0.8839,0.3538,0.9986,0.2062,0.2204,0.9082,0.0005,0.0203,-0.006,0.066,-0.0135,-0.0126,0.0229,-0.0769,high quality,blurry,0.4228,0.4492,0.4568,0.4421,0.4041,0.416,0.4764,0.4025,0.4552,0.3909,0.4556,0.4167,0.3931,0.5533,v0,bioclip_2_image
48635,/mnt/d/Photos/Z8/180-600mm/2026/2026-03-01/DSC_2072.NEF,23282,3,Blue,pick,neutral,0.8725,0.2952,0.9985,0.387,0.3239,0.9115,0.001,0.0192,-0.0087,0.0648,-0.0046,-0.0074,0.0233,-0.0686,high quality,blurry,0.424,0.4555,0.4571,0.4515,0.4094,0.4137,0.4621,0.4047,0.4642,0.3923,0.4561,0.4167,0.3903,0.5307,v0,bioclip_2_image
48636,/mnt/d/Photos/Z8/180-600mm/2026/2026-03-01/DSC_2073.NEF,23282,3,Blue,pick,neutral,0.8895,0.266,0.9983,0.3421,0.3639,0.9426,0.0012,0.0209,-0.0101,0.0635,-0.0065,-0.0056,0.028,-0.0673,a photo with strong subject separation,blurry,0.4202,0.4479,0.4539,0.4439,0.4062,0.4171,0.4572,0.3993,0.458,0.3903,0.4504,0.4118,0.3891,0.5245,v0,bioclip_2_image
48637,/mnt/d/Photos/Z8/180-600mm/2026/2026-03-01/DSC_2074.NEF,23282,3,Blue,pick,neutral,0.843,0.2864,0.9982,0.406,0.301,0.856,0.0012,0.0168,-0.0091,0.063,-0.0038,-0.0084,0.0178,-0.0673,a photo with strong subject separation,blurry,0.4175,0.4456,0.4527,0.4434,0.4079,0.4101,0.4604,0.4007,0.4547,0.3897,0.4472,0.4163,0.3923,0.5278,v0,bioclip_2_image
48638,/mnt/d/Photos/Z8/180-600mm/2026/2026-03-01/DSC_2075.NEF,23282,3,Blue,pick,neutral,0.8991,0.1551,0.9996,0.3848,0.4352,0.9023,0.0006,0.0219,-0.0169,0.0777,-0.0047,-0.0026,0.0222,-0.0739,high quality,blurry,0.4195,0.4429,0.4578,0.4423,0.4078,0.403,0.4842,0.3976,0.4598,0.3801,0.447,0.4104,0.3807,0.5582,v0,bioclip_2_image
48639,/mnt/d/Photos/Z8/180-600mm/2026/2026-03-01/DSC_2076.NEF,23282,3,Blue,neutral,neutral,0.908,0.2532,0.9994,0.2384,0.3975,0.9022,0.0005,0.0229,-0.0108,0.0739,-0.0116,-0.0042,0.0222,-0.0754,high quality,blurry,0.4244,0.4486,0.461,0.442,0.4083,0.4103,0.4832,0.4015,0.4594,0.3871,0.4536,0.4124,0.388,0.5586,v0,bioclip_2_image
48640,/mnt/d/Photos/Z8/180-600mm/2026/2026-03-01/DSC_2077.NEF,23282,3,Blue,reject,neutral,0.9103,0.1824,0.9993,0.2091,0.3818,0.8763,0.0003,0.0232,-0.015,0.0723,-0.0133,-0.0048,0.0196,-0.0805,high quality,blurry,0.4236,0.4455,0.4593,0.4372,0.4084,0.4073,0.483,0.4004,0.4605,0.3869,0.4505,0.4133,0.3877,0.5635,v0,bioclip_2_image
48641,/mnt/d/Photos/Z8/180-600mm/2026/2026-03-01/DSC_2078.NEF,23282,3,Blue,reject,neutral,0.8696,0.3503,0.9992,0.3767,0.3468,0.8861,0.0006,0.019,-0.0062,0.0709,-0.005,-0.0063,0.0205,-0.0739,high quality,blurry,0.4178,0.4471,0.4566,0.4387,0.4041,0.4083,0.4663,0.3988,0.4533,0.3857,0.4437,0.4104,0.3878,0.5401,v0,bioclip_2_image
48642,/mnt/d/Photos/Z8/180-600mm/2026/2026-03-01/DSC_2079.NEF,23282,3,Blue,neutral,neutral,0.8491,0.4021,0.9978,0.3281,0.3004,0.8474,0.0009,0.0173,-0.004,0.061,-0.0072,-0.0085,0.0171,-0.0702,high quality,blurry,0.4167,0.4472,0.449,0.4401,0.4005,0.4073,0.4611,0.3994,0.4511,0.388,0.4473,0.409,0.3902,0.5313,v0,bioclip_2_image
48643,/mnt/d/Photos/Z8/180-600mm/2026/2026-03-01/DSC_2080.NEF,23282,3,Blue,pick,neutral,0.8566,0.3936,0.9986,0.2801,0.1744,0.8473,0.001,0.0179,-0.0043,0.0657,-0.0094,-0.0155,0.0171,-0.0695,high quality,blurry,0.4132,0.4457,0.445,0.4338,0.3965,0.4046,0.4632,0.3953,0.4501,0.3793,0.4432,0.4121,0.3875,0.5327,v0,bioclip_2_image
48644,/mnt/d/Photos/Z8/180-600mm/2026/2026-03-01/DSC_2081.NEF,23282,3,Blue,reject,neutral,0.8319,0.2059,0.9994,0.1995,0.3804,0.8765,0.0004,0.016,-0.0135,0.0735,-0.0139,-0.0049,0.0196,-0.0788,high quality,blurry,0.4206,0.448,0.4605,0.4415,0.4069,0.4108,0.4676,0.4046,0.4615,0.387,0.4554,0.4117,0.3912,0.5463,v0,bioclip_2_image
48645,/mnt/d/Photos/Z8/180-600mm/2026/2026-03-01/DSC_2082.NEF,23282,3,Blue,neutral,neutral,0.8522,0.2823,0.999,0.2869,0.2408,0.847,0.0008,0.0175,-0.0093,0.0693,-0.0091,-0.0115,0.0171,-0.0708,high quality,blurry,0.4221,0.45,0.4564,0.4419,0.4025,0.4117,0.4665,0.4046,0.4594,0.387,0.451,0.414,0.3946,0.5373,v0,bioclip_2_image
48646,/mnt/d/Photos/Z8/180-600mm/2026/2026-03-01/DSC_2083.NEF,23282,3,Blue,pick,neutral,0.8834,0.3726,0.9988,0.377,0.2606,0.8604,0.0009,0.0202,-0.0052,0.067,-0.005,-0.0104,0.0182,-0.0706,high quality,blurry,0.4204,0.4484,0.4553,0.4427,0.4033,0.4107,0.4592,0.4001,0.4536,0.3883,0.4478,0.4137,0.3926,0.5299,v0,bioclip_2_image
48647,/mnt/d/Photos/Z8/180-600mm/2026/2026-03-01/DSC_2084.NEF,23282,3,Blue,reject,neutral,0.8559,0.3582,0.9989,0.3052,0.3739,0.8378,0.0006,0.0178,-0.0058,0.0685,-0.0082,-0.0052,0.0164,-0.0748,high quality,blurry,0.4145,0.4406,0.4493,0.4362,0.3972,0.4023,0.4703,0.3967,0.4464,0.3808,0.4444,0.4024,0.3859,0.5451,v0,bioclip_2_image
48648,/mnt/d/Photos/Z8/180-600mm/2026/2026-03-01/DSC_2085.NEF,23284,3,Blue,neutral,neutral,0.8784,0.3999,0.9979,0.3804,0.38,0.93,0.0013,0.0198,-0.0041,0.0616,-0.0049,-0.0049,0.0259,-0.0665,high quality,blurry,0.4243,0.4556,0.459,0.4485,0.4122,0.4198,0.4596,0.4045,0.4597,0.3974,0.4534,0.4171,0.394,0.526,v0,bioclip_2_image
48649,/mnt/d/Photos/Z8/180-600mm/2026/2026-03-01/DSC_2086.NEF,23284,3,Blue,pick,neutral,0.8848,0.3934,0.9973,0.3691,0.4238,0.8955,0.0016,0.0204,-0.0043,0.0592,-0.0054,-0.0031,0.0215,-0.0643,a photo with strong subject separation,blurry,0.4233,0.4531,0.4542,0.4483,0.4106,0.4162,0.458,0.4029,0.4574,0.395,0.4537,0.4137,0.3947,0.5223,v0,bioclip_2_image
48650,/mnt/d/Photos/Z8/180-600mm/2026/2026-03-01/DSC_2087.NEF,23284,3,Blue,pick,neutral,0.9029,0.204,0.999,0.1898,0.3082,0.8138,0.0004,0.0223,-0.0136,0.0689,-0.0145,-0.0081,0.0148,-0.0783,high quality,blurry,0.4238,0.4462,0.4576,0.4487,0.402,0.4124,0.4669,0.4015,0.4598,0.3887,0.4633,0.4101,0.3977,0.5451,v0,bioclip_2_image
48651,/mnt/d/Photos/Z8/180-600mm/2026/2026-03-01/DSC_2088.NEF,23284,3,Blue,neutral,neutral,0.8838,0.1535,0.9991,0.1565,0.3126,0.8692,0.0004,0.0203,-0.0171,0.07,-0.0168,-0.0079,0.0189,-0.0795,high quality,blurry,0.4214,0.4444,0.4597,0.4471,0.4037,0.4136,0.4647,0.4011,0.4615,0.3897,0.4639,0.4116,0.3946,0.5442,v0,bioclip_2_image
48652,/mnt/d/Photos/Z8/180-600mm/2026/2026-03-01/DSC_2089.NEF,23284,3,Blue,neutral,neutral,0.8623,0.2115,0.9982,0.1196,0.3367,0.8878,0.0007,0.0183,-0.0132,0.0634,-0.02,-0.0068,0.0207,-0.0727,high quality,blurry,0.4191,0.4431,0.452,0.4412,0.4031,0.4128,0.4714,0.4007,0.4563,0.3887,0.4612,0.4099,0.3921,0.5441,v0,bioclip_2_image
48653,/mnt/d/Photos/Z8/180-600mm/2026/2026-03-01/DSC_2090.NEF,23284,3,Blue,reject,neutral,0.8888,0.0872,0.9994,0.1905,0.4184,0.9388,0.0003,0.0208,-0.0235,0.0734,-0.0145,-0.0033,0.0273,-0.0821,high quality,blurry,0.4123,0.435,0.4571,0.4362,0.397,0.4087,0.4632,0.3915,0.4584,0.3836,0.4507,0.4003,0.3814,0.5453,v0,bioclip_2_image
48654,/mnt/d/Photos/Z8/180-600mm/2026/2026-03-01/DSC_2091.NEF,23284,3,Blue,reject,neutral,0.8748,0.0951,0.9992,0.1304,0.4731,0.915,0.0003,0.0194,-0.0225,0.0707,-0.019,-0.0011,0.0238,-0.0815,high quality,blurry,0.4125,0.4327,0.4539,0.4365,0.3964,0.4067,0.4738,0.393,0.4552,0.3832,0.4555,0.3975,0.3829,0.5553,v0,bioclip_2_image
48655,/mnt/d/Photos/Z8/180-600mm/2026/2026-03-01/DSC_2092.NEF,23282,3,Blue,neutral,neutral,0.8342,0.1956,0.9987,0.082,0.3561,0.8616,0.0004,0.0162,-0.0141,0.0666,-0.0242,-0.0059,0.0183,-0.0781,high quality,blurry,0.4284,0.4518,0.4606,0.4462,0.4146,0.4159,0.4829,0.4122,0.4659,0.3941,0.4703,0.4205,0.3977,0.561,v0,bioclip_2_image
48656,/mnt/d/Photos/Z8/180-600mm/2026/2026-03-01/DSC_2093.NEF,23282,3,Blue,neutral,neutral,0.8739,0.1222,0.9993,0.1284,0.3128,0.9116,0.0004,0.0194,-0.0197,0.0721,-0.0191,-0.0079,0.0233,-0.0782,high quality,blurry,0.4226,0.4423,0.4587,0.4443,0.4097,0.4118,0.479,0.4033,0.462,0.3866,0.4634,0.4176,0.3885,0.5572,v0,bioclip_2_image
48657,/mnt/d/Photos/Z8/180-600mm/2026/2026-03-01/DSC_2094.NEF,23284,3,Blue,neutral,neutral,0.8792,0.3655,0.9977,0.3811,0.3458,0.8956,0.0011,0.0198,-0.0055,0.0609,-0.0049,-0.0064,0.0215,-0.0678,a photo with strong subject separation,blurry,0.4236,0.4552,0.4536,0.4492,0.4099,0.4181,0.4584,0.4038,0.4607,0.3927,0.454,0.4163,0.3966,0.5262,v0,bioclip_2_image
48658,/mnt/d/Photos/Z8/180-600mm/2026/2026-03-01/DSC_2095.NEF,23282,4,Blue,pick,picked,0.8891,0.0614,0.9997,0.1401,0.2652,0.9478,0.0003,0.0208,-0.0273,0.0816,-0.0181,-0.0102,0.029,-0.0798,high quality,blurry,0.4146,0.4351,0.4546,0.4365,0.3993,0.4067,0.4777,0.3938,0.4624,0.3729,0.4547,0.4095,0.3777,0.5575,v0,bioclip_2_image
48659,/mnt/d/Photos/Z8/180-600mm/2026/2026-03-01/DSC_2096.NEF,23282,3,Blue,pick,neutral,0.8768,0.2326,0.9991,0.1406,0.2764,0.8703,0.0003,0.0196,-0.0119,0.0707,-0.0181,-0.0096,0.019,-0.0816,high quality,blurry,0.4235,0.4494,0.4573,0.4411,0.4064,0.4108,0.4703,0.4038,0.4614,0.3866,0.4592,0.416,0.3918,0.5519,v0,bioclip_2_image
48660,/mnt/d/Photos/Z8/180-600mm/2026/2026-03-01/DSC_2097.NEF,23282,3,Blue,reject,neutral,0.8615,0.1366,0.9986,0.1588,0.3198,0.8357,0.0003,0.0183,-0.0184,0.066,-0.0167,-0.0075,0.0163,-0.0809,high quality,blurry,0.4286,0.4456,0.4595,0.4479,0.4094,0.4111,0.4802,0.4103,0.4641,0.3935,0.4646,0.4169,0.3949,0.5611,v0,bioclip_2_image
48661,/mnt/d/Photos/Z8/180-600mm/2026/2026-03-01/DSC_2098.NEF,23282,3,Blue,reject,neutral,0.866,0.2368,0.9985,0.1758,0.3181,0.8641,0.0007,0.0187,-0.0117,0.0651,-0.0155,-0.0076,0.0185,-0.0727,high quality,blurry,0.4254,0.4507,0.4572,0.443,0.4109,0.4109,0.481,0.4067,0.4624,0.392,0.4585,0.4186,0.3924,0.5537,v0,bioclip_2_image
48662,/mnt/d/Photos/Z8/180-600mm/2026/2026-03-01/DSC_2099.NEF,23282,3,Blue,reject,neutral,0.8633,0.4388,0.9962,0.2241,0.2125,0.7833,0.001,0.0184,-0.0025,0.0558,-0.0124,-0.0131,0.0129,-0.0693,high quality,blurry,0.427,0.4575,0.456,0.4452,0.4069,0.4136,0.4702,0.4085,0.46,0.4003,0.4576,0.42,0.4007,0.5396,v0,bioclip_2_image
48663,/mnt/d/Photos/Z8/180-600mm/2026/2026-03-01/DSC_2100.NEF,23282,3,Blue,neutral,neutral,0.8826,0.3928,0.9966,0.1435,0.5062,0.8869,0.0011,0.0202,-0.0044,0.0568,-0.0179,0.0002,0.0206,-0.0677,high quality,blurry,0.4303,0.4615,0.4593,0.4482,0.4124,0.4233,0.4787,0.4101,0.4659,0.4025,0.4661,0.4121,0.4027,0.5464,v0,bioclip_2_image
48664,/mnt/d/Photos/Z8/180-600mm/2026/2026-03-01/DSC_2101.NEF,23282,3,Blue,reject,neutral,0.8861,0.4521,0.998,0.1498,0.3924,0.8635,0.0012,0.0205,-0.0019,0.0622,-0.0174,-0.0044,0.0184,-0.0672,high quality,blurry,0.4272,0.4589,0.4581,0.4437,0.4082,0.4171,0.484,0.4066,0.4608,0.396,0.4611,0.4126,0.3987,0.5512,v0,bioclip_2_image
48665,/mnt/d/Photos/Z8/180-600mm/2026/2026-03-01/DSC_2102.NEF,23282,3,Blue,neutral,neutral,0.8405,0.2942,0.9979,0.1636,0.5153,0.9108,0.0009,0.0166,-0.0088,0.0617,-0.0163,0.0006,0.0232,-0.0704,high quality,blurry,0.4284,0.4602,0.462,0.4463,0.4157,0.4217,0.4863,0.4118,0.4689,0.4003,0.4626,0.4151,0.3984,0.5567,v0,bioclip_2_image
48666,/mnt/d/Photos/Z8/180-600mm/2026/2026-03-01/DSC_2103.NEF,23282,3,Blue,reject,neutral,0.8261,0.3374,0.9984,0.2613,0.4194,0.8693,0.0007,0.0156,-0.0068,0.0644,-0.0104,-0.0033,0.0189,-0.072,high quality,blurry,0.4177,0.4464,0.4532,0.4393,0.4074,0.4082,0.461,0.4021,0.4532,0.3888,0.4497,0.4107,0.3893,0.5329,v0,bioclip_2_image
48667,/mnt/d/Photos/Z8/180-600mm/2026/2026-03-01/DSC_2104.NEF,23282,3,Blue,pick,neutral,0.8955,0.5202,0.9967,0.328,0.3053,0.8808,0.0013,0.0215,0.0008,0.0572,-0.0072,-0.0082,0.02,-0.0668,high quality,blurry,0.4189,0.4487,0.4472,0.4368,0.3988,0.4097,0.4599,0.3974,0.4479,0.39,0.4439,0.407,0.3897,0.5267,v0,bioclip_2_image
48668,/mnt/d/Photos/Z8/180-600mm/2026/2026-03-01/DSC_2105.NEF,23282,3,Blue,reject,neutral,0.8733,0.3151,0.9976,0.0941,0.5097,0.9137,0.0013,0.0193,-0.0078,0.0601,-0.0226,0.0004,0.0236,-0.0668,high quality,blurry,0.4092,0.4383,0.4463,0.4201,0.3991,0.4065,0.4817,0.3899,0.446,0.3861,0.4428,0.3987,0.3829,0.5486,v0,bioclip_2_image
48669,/mnt/d/Photos/Z8/180-600mm/2026/2026-03-01/DSC_2106.NEF,23282,3,Blue,neutral,neutral,0.8434,0.1395,0.9988,0.1937,0.4767,0.892,0.0004,0.0168,-0.0182,0.067,-0.0143,-0.0009,0.0211,-0.0775,high quality,blurry,0.4262,0.4525,0.4637,0.4503,0.4142,0.4139,0.4831,0.4094,0.4707,0.3968,0.4646,0.4152,0.3928,0.5606,v0,bioclip_2_image
48670,/mnt/d/Photos/Z8/180-600mm/2026/2026-03-01/DSC_2107.NEF,23282,3,Blue,reject,neutral,0.7881,0.0528,0.9953,0.264,0.3832,0.9666,0.0004,0.0131,-0.0289,0.0535,-0.0103,-0.0048,0.0337,-0.0789,high quality,blurry,0.4332,0.4497,0.4548,0.4563,0.4242,0.427,0.5021,0.42,0.4786,0.4013,0.4666,0.4289,0.3933,0.581,v0,bioclip_2_image
48671,/mnt/d/Photos/Z8/180-600mm/2026/2026-03-01/DSC_2108.NEF,23282,3,Blue,reject,neutral,0.9099,0.2186,0.9955,0.0919,0.4866,0.91,0.0002,0.0231,-0.0127,0.0541,-0.0229,-0.0005,0.0231,-0.0859,natural colors,blurry,0.4295,0.455,0.4588,0.4439,0.4174,0.4098,0.4687,0.4064,0.4678,0.4048,0.4668,0.4179,0.3867,0.5546,v0,bioclip_2_image
48672,/mnt/d/Photos/Z8/180-600mm/2026/2026-03-01/DSC_2109.NEF,23285,4,Blue,neutral,picked,0.8969,0.4587,0.9988,0.1391,0.4019,0.9211,0.0003,0.0216,-0.0017,0.0669,-0.0182,-0.004,0.0246,-0.0808,high quality,blurry,0.3981,0.4301,0.4334,0.4132,0.3812,0.3933,0.4618,0.3764,0.4318,0.3666,0.4314,0.3852,0.3688,0.5426,v0,bioclip_2_image
48673,/mnt/d/Photos/Z8/180-600mm/2026/2026-03-01/DSC_2110.NEF,23285,4,Blue,neutral,picked,0.9255,0.4334,0.9992,0.3371,0.3922,0.9505,0.0004,0.0252,-0.0027,0.0714,-0.0068,-0.0044,0.0295,-0.0785,high quality,blurry,0.4081,0.4341,0.439,0.4244,0.3925,0.4023,0.463,0.3829,0.4368,0.3677,0.4311,0.3968,0.3728,0.5415,v0,bioclip_2_image
48674,/mnt/d/Photos/Z8/180-600mm/2026/2026-03-01/DSC_2111.NEF,23285,4,Blue,neutral,picked,0.9198,0.4343,0.9991,0.3285,0.3725,0.9459,0.0005,0.0244,-0.0026,0.0706,-0.0071,-0.0052,0.0286,-0.0755,a photo with strong subject separation,blurry,0.4044,0.432,0.4355,0.4259,0.3895,0.4008,0.4604,0.38,0.4346,0.3649,0.4331,0.3947,0.3722,0.5359,v0,bioclip_2_image
48675,/mnt/d/Photos/Z8/180-600mm/2026/2026-03-01/DSC_2112.NEF,23285,4,Blue,pick,picked,0.8933,0.5451,0.998,0.2086,0.3962,0.9031,0.0005,0.0212,0.0018,0.0623,-0.0133,-0.0042,0.0223,-0.0753,high quality,blurry,0.4109,0.4398,0.4481,0.4324,0.3933,0.4064,0.4597,0.3896,0.438,0.3858,0.4457,0.3975,0.3841,0.535,v0,bioclip_2_image
48676,/mnt/d/Photos/Z8/180-600mm/2026/2026-03-01/DSC_2113.NEF,23285,4,Blue,pick,picked,0.9104,0.5378,0.9959,0.3359,0.413,0.9126,0.0008,0.0232,0.0015,0.055,-0.0068,-0.0035,0.0235,-0.0712,a photo with strong subject separation,blurry,0.4252,0.4538,0.4507,0.4467,0.4068,0.4188,0.4475,0.402,0.4523,0.3957,0.4535,0.4104,0.3954,0.5187,v0,bioclip_2_image
48677,/mnt/d/Photos/Z8/180-600mm/2026/2026-03-01/DSC_2114.NEF,23285,4,Blue,neutral,picked,0.9458,0.1372,0.9971,0.2769,0.3145,0.9891,0.0008,0.0286,-0.0184,0.0585,-0.0096,-0.0078,0.0451,-0.0714,a photo with strong subject separation,blurry,0.3962,0.411,0.4132,0.3998,0.3797,0.4002,0.4657,0.3676,0.4294,0.3547,0.4094,0.3875,0.3551,0.5371,v0,bioclip_2_image
48678,/mnt/d/Photos/Z8/180-600mm/2026/2026-03-01/DSC_2115.NEF,23285,4,Blue,pick,picked,0.9493,0.219,0.997,0.2326,0.3006,0.9871,0.0006,0.0293,-0.0127,0.058,-0.0119,-0.0084,0.0434,-0.0741,high quality,blurry,0.3951,0.4145,0.4154,0.3962,0.3787,0.3982,0.4651,0.3658,0.4272,0.3574,0.4082,0.3872,0.3548,0.5392,v0,bioclip_2_image
48679,/mnt/d/Photos/Z8/180-600mm/2026/2026-03-01/DSC_2116.NEF,23285,3,Blue,neutral,neutral,0.9313,0.1524,0.9989,0.2796,0.3182,0.9763,0.0006,0.0261,-0.0172,0.0682,-0.0095,-0.0076,0.0372,-0.0744,high quality,blurry,0.4059,0.4281,0.4327,0.4175,0.3874,0.4076,0.4732,0.3798,0.4452,0.3645,0.427,0.395,0.3704,0.5476,v0,bioclip_2_image
48680,/mnt/d/Photos/Z8/180-600mm/2026/2026-03-01/DSC_2117.NEF,23285,4,Blue,pick,picked,0.8731,0.3545,0.9986,0.2153,0.5499,0.9494,0.0005,0.0193,-0.006,0.0656,-0.0129,0.002,0.0293,-0.0761,high quality,blurry,0.4052,0.439,0.4417,0.4231,0.396,0.4069,0.4779,0.3859,0.445,0.3761,0.4361,0.394,0.3775,0.554,v0,bioclip_2_image
48681,/mnt/d/Photos/Z8/180-600mm/2026/2026-03-01/DSC_2118.NEF,23285,3,Blue,neutral,neutral,0.8958,0.3974,0.9977,0.341,0.3562,0.9393,0.0007,0.0215,-0.0042,0.0605,-0.0066,-0.0059,0.0274,-0.0732,high quality,blurry,0.4231,0.4495,0.4527,0.4425,0.4054,0.4173,0.4548,0.4016,0.4537,0.3922,0.4491,0.4113,0.3899,0.528,v0,bioclip_2_image
48682,/mnt/d/Photos/Z8/180-600mm/2026/2026-03-01/DSC_2119.NEF,23285,3,Blue,reject,neutral,0.8916,0.4098,0.9973,0.4315,0.3363,0.9444,0.0008,0.0211,-0.0036,0.0592,-0.0028,-0.0068,0.0283,-0.0719,high quality,blurry,0.425,0.4531,0.4554,0.4455,0.4083,0.4208,0.462,0.404,0.4567,0.3962,0.4482,0.4151,0.3925,0.5338,v0,bioclip_2_image
48683,/mnt/d/Photos/Z8/180-600mm/2026/2026-03-01/DSC_2120.NEF,23285,3,Blue,neutral,neutral,0.8648,0.1618,0.9984,0.2639,0.2599,0.9604,0.0007,0.0186,-0.0164,0.0646,-0.0103,-0.0105,0.0319,-0.0726,a photo with strong subject separation,blurry,0.4197,0.4459,0.4524,0.4399,0.4024,0.4186,0.4681,0.4012,0.4624,0.3877,0.4502,0.4128,0.3867,0.5407,v0,bioclip_2_image
48684,/mnt/d/Photos/Z8/180-600mm/2026/2026-03-01/DSC_2121.NEF,23285,3,Blue,reject,neutral,0.8791,0.1042,0.9982,0.1319,0.4762,0.9591,0.0007,0.0198,-0.0215,0.0631,-0.0188,-0.001,0.0315,-0.073,high quality,blurry,0.4261,0.4503,0.4591,0.4352,0.4114,0.4217,0.49,0.4062,0.4718,0.396,0.4541,0.4123,0.3902,0.563,v0,bioclip_2_image
48685,/mnt/d/Photos/Z8/180-600mm/2026/2026-03-01/DSC_2122.NEF,23285,3,Blue,reject,neutral,0.8829,0.1969,0.9986,0.1475,0.4044,0.946,0.0008,0.0202,-0.0141,0.0656,-0.0175,-0.0039,0.0286,-0.0718,a photo with strong subject separation,blurry,0.4154,0.4439,0.4494,0.4288,0.4008,0.4136,0.4814,0.3952,0.458,0.3837,0.4464,0.4047,0.385,0.5532,v0,bioclip_2_image
48686,/mnt/d/Photos/Z8/180-600mm/2026/2026-03-01/DSC_2123.NEF,23285,3,Blue,reject,neutral,0.8949,0.2374,0.9966,0.1173,0.3921,0.9442,0.0005,0.0214,-0.0117,0.0569,-0.0202,-0.0044,0.0283,-0.077,a photo with strong subject separation,blurry,0.4181,0.4421,0.4491,0.4264,0.403,0.4164,0.4792,0.3967,0.4537,0.3921,0.4466,0.4074,0.3882,0.5562,v0,bioclip_2_image
48687,/mnt/d/Photos/Z8/180-600mm/2026/2026-03-01/DSC_2124.NEF,,1,Red,reject,rejected,0.8896,0.0157,0.9881,0.1629,0.8564,0.8125,0.0009,0.0209,-0.0414,0.0442,-0.0164,0.0179,0.0147,-0.0697,a photo with strong subject separation,blurry,0.4671,0.4838,0.4924,0.4893,0.4591,0.4493,0.4597,0.4463,0.5252,0.4481,0.5057,0.4412,0.4346,0.5294,v0,bioclip_2_image
48688,/mnt/d/Photos/Z8/180-600mm/2026/2026-03-01/DSC_2125.NEF,23286,3,Green,reject,neutral,0.8446,0.4548,0.9962,0.3625,0.6499,0.9332,0.0008,0.0169,-0.0018,0.0558,-0.0056,0.0062,0.0264,-0.0719,high quality,blurry,0.4254,0.4569,0.4512,0.4489,0.4125,0.4197,0.4433,0.4085,0.4588,0.3954,0.4545,0.4063,0.3934,0.5152,v0,bioclip_2_image
48689,/mnt/d/Photos/Z8/180-600mm/2026/2026-03-01/DSC_2126.NEF,23286,3,Green,reject,neutral,0.8758,0.5379,0.9959,0.4623,0.5935,0.9584,0.0009,0.0195,0.0015,0.055,-0.0015,0.0038,0.0314,-0.07,high quality,blurry,0.4226,0.4533,0.449,0.4477,0.4077,0.4177,0.4416,0.4031,0.4518,0.394,0.4492,0.4039,0.3863,0.5116,v0,bioclip_2_image
48690,/mnt/d/Photos/Z8/180-600mm/2026/2026-03-01/DSC_2127.NEF,23286,3,Green,neutral,neutral,0.8495,0.3761,0.9964,0.4052,0.6518,0.9604,0.0012,0.0173,-0.0051,0.0562,-0.0038,0.0063,0.0319,-0.067,high quality,blurry,0.422,0.4501,0.4493,0.4486,0.4101,0.4177,0.4438,0.4047,0.4551,0.3931,0.4524,0.4038,0.3858,0.5108,v0,bioclip_2_image
48691,/mnt/d/Photos/Z8/180-600mm/2026/2026-03-01/DSC_2128.NEF,23286,3,Green,reject,neutral,0.8493,0.4374,0.9974,0.3096,0.5888,0.9699,0.0009,0.0173,-0.0025,0.0595,-0.008,0.0036,0.0347,-0.0706,high quality,blurry,0.4241,0.4548,0.4529,0.4448,0.4137,0.4215,0.4479,0.4068,0.4573,0.3933,0.4528,0.4102,0.3867,0.5185,v0,bioclip_2_image
48692,/mnt/d/Photos/Z8/180-600mm/2026/2026-03-01/DSC_2129.NEF,23286,3,Green,reject,neutral,0.8519,0.3735,0.9965,0.4372,0.6297,0.9672,0.001,0.0175,-0.0052,0.0566,-0.0025,0.0053,0.0339,-0.0691,a photo with strong subject separation,blurry,0.4226,0.4506,0.4523,0.4486,0.4139,0.4221,0.4405,0.4051,0.4558,0.3958,0.4511,0.4086,0.3883,0.5096,v0,bioclip_2_image
48693,/mnt/d/Photos/Z8/180-600mm/2026/2026-03-01/DSC_2130.NEF,23286,3,Green,reject,neutral,0.8431,0.4624,0.9978,0.3647,0.5485,0.9584,0.0007,0.0168,-0.0015,0.0611,-0.0055,0.0019,0.0314,-0.0728,high quality,blurry,0.4244,0.4558,0.452,0.4484,0.4119,0.4201,0.4456,0.4075,0.4574,0.3909,0.4539,0.41,0.3887,0.5184,v0,bioclip_2_image
48694,/mnt/d/Photos/Z8/180-600mm/2026/2026-03-01/DSC_2131.NEF,23286,4,Blue,pick,picked,0.866,0.5293,0.9963,0.3675,0.6621,0.9581,0.0008,0.0187,0.0012,0.056,-0.0054,0.0067,0.0313,-0.0709,high quality,blurry,0.4234,0.4557,0.4508,0.4446,0.4111,0.4193,0.4416,0.4047,0.4546,0.3948,0.45,0.4044,0.388,0.5126,v0,bioclip_2_image
48695,/mnt/d/Photos/Z8/180-600mm/2026/2026-03-01/DSC_2132.NEF,23286,4,Blue,pick,picked,0.8418,0.439,0.9962,0.3522,0.6274,0.9591,0.001,0.0167,-0.0025,0.0558,-0.0061,0.0052,0.0316,-0.0693,high quality,blurry,0.4169,0.4475,0.4481,0.442,0.4082,0.4148,0.4395,0.4002,0.45,0.3923,0.4481,0.403,0.3833,0.5088,v0,bioclip_2_image
48696,/mnt/d/Photos/Z8/180-600mm/2026/2026-03-01/DSC_2133.NEF,23286,4,Blue,pick,picked,0.8742,0.4466,0.9955,0.32,0.6334,0.9746,0.0011,0.0194,-0.0021,0.0539,-0.0075,0.0055,0.0365,-0.0683,high quality,blurry,0.4181,0.4469,0.446,0.4388,0.4088,0.4176,0.4403,0.3987,0.4491,0.3922,0.4463,0.4034,0.3811,0.5085,v0,bioclip_2_image
48697,/mnt/d/Photos/Z8/180-600mm/2026/2026-03-01/DSC_2134.NEF,23286,4,Blue,neutral,picked,0.8654,0.3651,0.9965,0.3936,0.5739,0.9679,0.0008,0.0186,-0.0055,0.0564,-0.0043,0.003,0.0341,-0.0709,high quality,blurry,0.4249,0.4503,0.4531,0.4474,0.4137,0.4225,0.4394,0.4063,0.4558,0.3967,0.4517,0.4107,0.3884,0.5103,v0,bioclip_2_image
48698,/mnt/d/Photos/Z8/180-600mm/2026/2026-03-01/DSC_2135.NEF,23286,4,Blue,pick,picked,0.8605,0.3379,0.9967,0.436,0.5702,0.9677,0.0008,0.0182,-0.0067,0.0571,-0.0026,0.0028,0.034,-0.0708,high quality,blurry,0.4212,0.448,0.4515,0.4457,0.4114,0.4184,0.4418,0.403,0.4547,0.3943,0.4482,0.4086,0.3844,0.5126,v0,bioclip_2_image
48699,/mnt/d/Photos/Z8/180-600mm/2026/2026-03-01/DSC_2136.NEF,23286,4,Blue,neutral,picked,0.8495,0.3438,0.9966,0.4146,0.5915,0.9761,0.0011,0.0173,-0.0065,0.0568,-0.0034,0.0037,0.0371,-0.0684,high quality,blurry,0.4195,0.4486,0.4495,0.4473,0.4095,0.4201,0.4436,0.4022,0.455,0.3928,0.4508,0.4058,0.383,0.512,v0,bioclip_2_image
48700,/mnt/d/Photos/Z8/180-600mm/2026/2026-03-01/DSC_2137.NEF,23286,4,Blue,neutral,picked,0.8753,0.4486,0.995,0.3789,0.5547,0.9711,0.0013,0.0195,-0.0021,0.0529,-0.0049,0.0022,0.0351,-0.0664,high quality,blurry,0.42,0.447,0.448,0.4431,0.4096,0.4184,0.4455,0.4005,0.449,0.3951,0.4481,0.4074,0.3833,0.5119,v0,bioclip_2_image
48701,/mnt/d/Photos/Z8/180-600mm/2026/2026-03-01/DSC_2138.NEF,23286,4,Blue,neutral,picked,0.878,0.4446,0.9965,0.3742,0.5625,0.9679,0.0012,0.0197,-0.0022,0.0565,-0.0051,0.0025,0.0341,-0.0672,high quality,blurry,0.4211,0.449,0.4498,0.4417,0.4113,0.4182,0.4432,0.4013,0.4513,0.3934,0.4469,0.4088,0.3841,0.5104,v0,bioclip_2_image
48702,/mnt/d/Photos/Z8/180-600mm/2026/2026-03-01/DSC_2139.NEF,23286,4,Blue,pick,picked,0.8802,0.5048,0.996,0.3877,0.5367,0.9645,0.0019,0.0199,0.0002,0.0552,-0.0046,0.0015,0.033,-0.0629,high quality,blurry,0.4183,0.4487,0.4499,0.4422,0.4082,0.4177,0.4475,0.3983,0.4485,0.3946,0.4468,0.4067,0.3847,0.5103,v0,bioclip_2_image
48703,/mnt/d/Photos/Z8/180-600mm/2026/2026-03-01/DSC_2140.NEF,23286,4,Blue,neutral,picked,0.8724,0.3927,0.9961,0.4034,0.5905,0.9671,0.0012,0.0192,-0.0044,0.0555,-0.0039,0.0037,0.0338,-0.0669,high quality,blurry,0.42,0.4467,0.45,0.4421,0.4126,0.4186,0.4423,0.4007,0.4511,0.3945,0.446,0.409,0.3848,0.5091,v0,bioclip_2_image
48704,/mnt/d/Photos/Z8/180-600mm/2026/2026-03-01/DSC_2141.NEF,23287,3,Green,reject,neutral,0.861,0.5347,0.9974,0.5039,0.6811,0.9759,0.0015,0.0182,0.0014,0.0595,0.0002,0.0076,0.037,-0.0647,high quality,blurry,0.4135,0.4444,0.4457,0.4376,0.4071,0.4139,0.4495,0.3953,0.443,0.3863,0.4375,0.3995,0.3769,0.5142,v0,bioclip_2_image
48705,/mnt/d/Photos/Z8/180-600mm/2026/2026-03-01/DSC_2142.NEF,23287,3,Green,neutral,neutral,0.8681,0.6514,0.997,0.4941,0.6796,0.9558,0.0009,0.0188,0.0062,0.0581,-0.0002,0.0075,0.0307,-0.07,high quality,blurry,0.412,0.4452,0.4418,0.4347,0.404,0.4079,0.4471,0.3931,0.4389,0.3837,0.435,0.3964,0.3772,0.5172,v0,bioclip_2_image
48706,/mnt/d/Photos/Z8/180-600mm/2026/2026-03-01/DSC_2143.NEF,23287,3,Green,neutral,neutral,0.857,0.3992,0.9955,0.3798,0.561,0.9627,0.0014,0.0179,-0.0041,0.0541,-0.0049,0.0025,0.0325,-0.0656,high quality,blurry,0.4235,0.449,0.4526,0.4439,0.415,0.4213,0.4436,0.4056,0.4531,0.3985,0.4488,0.4125,0.3888,0.5092,v0,bioclip_2_image
48707,/mnt/d/Photos/Z8/180-600mm/2026/2026-03-01/DSC_2144.NEF,23287,3,Green,neutral,neutral,0.8628,0.4127,0.9955,0.4011,0.5935,0.9638,0.0015,0.0184,-0.0035,0.0539,-0.004,0.0038,0.0328,-0.0648,high quality,blurry,0.4226,0.4484,0.4513,0.4434,0.414,0.4205,0.4444,0.4042,0.4519,0.3974,0.4474,0.4102,0.3877,0.5092,v0,bioclip_2_image
48708,/mnt/d/Photos/Z8/180-600mm/2026/2026-03-01/DSC_2145.NEF,23287,3,Green,reject,neutral,0.8848,0.4092,0.9962,0.3876,0.5543,0.9617,0.0013,0.0204,-0.0037,0.0558,-0.0046,0.0022,0.0322,-0.0667,high quality,blurry,0.4247,0.4502,0.4538,0.4466,0.4129,0.4223,0.4454,0.4044,0.4539,0.3981,0.4511,0.4107,0.3901,0.512,v0,bioclip_2_image
48709,/mnt/d/Photos/Z8/180-600mm/2026/2026-03-01/DSC_2146.NEF,23287,3,Green,neutral,neutral,0.8933,0.4686,0.9965,0.3993,0.6652,0.9599,0.0015,0.0212,-0.0013,0.0564,-0.0041,0.0069,0.0318,-0.0651,high quality,blurry,0.4198,0.4474,0.4474,0.4417,0.4083,0.4169,0.4501,0.3986,0.4486,0.391,0.4458,0.4014,0.3851,0.5152,v0,bioclip_2_image
48710,/mnt/d/Photos/Z8/180-600mm/2026/2026-03-01/DSC_2147.NEF,23287,3,Green,neutral,neutral,0.8658,0.5044,0.996,0.3564,0.5924,0.9567,0.0009,0.0186,0.0002,0.0552,-0.0059,0.0037,0.0309,-0.0699,high quality,blurry,0.4217,0.4487,0.4498,0.4421,0.4105,0.4181,0.4417,0.4031,0.4485,0.3946,0.448,0.4068,0.3871,0.5116,v0,bioclip_2_image
48711,/mnt/d/Photos/Z8/180-600mm/2026/2026-03-01/DSC_2148.NEF,23287,3,Green,reject,neutral,0.8899,0.4919,0.9954,0.4075,0.601,0.9761,0.0013,0.0209,-0.0003,0.0537,-0.0037,0.0041,0.0371,-0.0667,high quality,blurry,0.4208,0.4475,0.4493,0.4431,0.4106,0.4189,0.4416,0.3999,0.4478,0.3956,0.4469,0.4065,0.3818,0.5083,v0,bioclip_2_image
48712,/mnt/d/Photos/Z8/180-600mm/2026/2026-03-01/DSC_2149.NEF,23287,3,Green,reject,neutral,0.8802,0.5063,0.9957,0.3891,0.5834,0.9733,0.0014,0.0199,0.0003,0.0544,-0.0045,0.0034,0.036,-0.0659,high quality,blurry,0.4195,0.4464,0.449,0.4407,0.4082,0.4175,0.4433,0.3996,0.4461,0.3947,0.4452,0.4048,0.3815,0.5092,v0,bioclip_2_image
48713,/mnt/d/Photos/Z8/180-600mm/2026/2026-03-01/DSC_2150.NEF,23287,3,Green,reject,neutral,0.8752,0.4786,0.996,0.3921,0.6149,0.9709,0.0014,0.0195,-0.0009,0.0551,-0.0044,0.0047,0.0351,-0.0656,high quality,blurry,0.4209,0.4481,0.4505,0.4429,0.4101,0.4183,0.4445,0.4014,0.4489,0.3953,0.4473,0.4054,0.3833,0.5101,v0,bioclip_2_image
48714,/mnt/d/Photos/Z8/180-600mm/2026/2026-03-01/DSC_2151.NEF,23287,3,Green,reject,neutral,0.8947,0.4854,0.9945,0.3756,0.6418,0.9779,0.0014,0.0214,-0.0006,0.0519,-0.0051,0.0058,0.0379,-0.0655,high quality,blurry,0.4216,0.4482,0.449,0.441,0.4133,0.4211,0.4441,0.4002,0.4487,0.3971,0.4461,0.4075,0.3833,0.5096,v0,bioclip_2_image
48715,/mnt/d/Photos/Z8/180-600mm/2026/2026-03-01/DSC_2152.NEF,23287,3,Green,reject,neutral,0.8835,0.4599,0.995,0.3535,0.6005,0.9753,0.0013,0.0203,-0.0016,0.0529,-0.006,0.0041,0.0367,-0.0661,high quality,blurry,0.4202,0.4464,0.4486,0.4399,0.4115,0.4199,0.4395,0.4,0.448,0.3957,0.4459,0.4074,0.3832,0.5056,v0,bioclip_2_image
48716,/mnt/d/Photos/Z8/180-600mm/2026/2026-03-01/DSC_2153.NEF,23287,3,Green,reject,neutral,0.8746,0.4415,0.9948,0.3891,0.5521,0.9741,0.0013,0.0194,-0.0023,0.0525,-0.0045,0.0021,0.0363,-0.0664,high quality,blurry,0.4197,0.4473,0.4486,0.4416,0.4123,0.4206,0.4431,0.4003,0.4497,0.396,0.4461,0.4102,0.3843,0.5094,v0,bioclip_2_image
48717,/mnt/d/Photos/Z8/180-600mm/2026/2026-03-01/DSC_2154.NEF,23287,3,Green,reject,neutral,0.8656,0.4005,0.9958,0.3649,0.5488,0.9647,0.0013,0.0186,-0.004,0.0546,-0.0055,0.002,0.0331,-0.0661,high quality,blurry,0.4165,0.444,0.4483,0.4381,0.4081,0.4157,0.4435,0.3979,0.448,0.3936,0.4437,0.4062,0.3826,0.5096,v0,bioclip_2_image
48718,/mnt/d/Photos/Z8/180-600mm/2026/2026-03-01/DSC_2155.NEF,23287,3,Green,reject,neutral,0.8874,0.4059,0.9951,0.3923,0.5476,0.9753,0.0013,0.0206,-0.0038,0.0531,-0.0044,0.0019,0.0367,-0.0668,high quality,blurry,0.4227,0.4489,0.4511,0.4429,0.4127,0.4236,0.4422,0.4021,0.4528,0.398,0.4473,0.4108,0.3869,0.509,v0,bioclip_2_image
48719,/mnt/d/Photos/Z8/180-600mm/2026/2026-03-01/DSC_2156.NEF,23287,3,Green,reject,neutral,0.8334,0.3871,0.9958,0.385,0.5062,0.963,0.0013,0.0161,-0.0046,0.0547,-0.0047,0.0002,0.0326,-0.0664,high quality,blurry,0.4181,0.4437,0.4497,0.4407,0.4111,0.4169,0.4472,0.402,0.4483,0.395,0.4454,0.4109,0.3844,0.5136,v0,bioclip_2_image
48720,/mnt/d/Photos/Z8/180-600mm/2026/2026-03-01/DSC_2157.NEF,23287,3,Green,reject,neutral,0.8485,0.4547,0.9957,0.3556,0.5356,0.9653,0.0015,0.0172,-0.0018,0.0545,-0.0059,0.0014,0.0333,-0.0652,high quality,blurry,0.4187,0.4447,0.4508,0.4412,0.4095,0.4182,0.4456,0.4015,0.4465,0.3963,0.4472,0.4081,0.3849,0.5108,v0,bioclip_2_image
48721,/mnt/d/Photos/Z8/180-600mm/2026/2026-03-01/DSC_2158.NEF,23287,3,Blue,reject,neutral,0.8556,0.502,0.9946,0.4124,0.5792,0.9668,0.0017,0.0178,0.0001,0.0522,-0.0035,0.0032,0.0337,-0.0639,high quality,blurry,0.4221,0.4488,0.4517,0.4439,0.4126,0.4203,0.4432,0.4043,0.4487,0.3995,0.4475,0.4094,0.3866,0.5071,v0,bioclip_2_image
48722,/mnt/d/Photos/Z8/180-600mm/2026/2026-03-01/DSC_2159.NEF,23287,3,Green,neutral,neutral,0.8958,0.4742,0.9967,0.4675,0.6668,0.969,0.002,0.0215,-0.001,0.057,-0.0013,0.0069,0.0344,-0.0621,high quality,blurry,0.4208,0.4471,0.4502,0.4401,0.412,0.4174,0.4466,0.3993,0.4481,0.3933,0.4414,0.4051,0.383,0.5087,v0,bioclip_2_image
48723,/mnt/d/Photos/Z8/180-600mm/2026/2026-03-01/DSC_2160.NEF,23287,3,Blue,neutral,neutral,0.8859,0.4113,0.9965,0.4577,0.6122,0.9806,0.0015,0.0205,-0.0036,0.0565,-0.0017,0.0046,0.0392,-0.0653,high quality,blurry,0.4187,0.4442,0.4479,0.4412,0.4111,0.4184,0.4418,0.3982,0.4477,0.3914,0.4429,0.4065,0.3792,0.507,v0,bioclip_2_image
48724,/mnt/d/Photos/Z8/180-600mm/2026/2026-03-01/DSC_2161.NEF,23287,3,Blue,neutral,neutral,0.9015,0.4635,0.9974,0.4633,0.5759,0.9711,0.0018,0.0221,-0.0015,0.0593,-0.0015,0.0031,0.0351,-0.063,high quality,blurry,0.4206,0.4489,0.4512,0.4423,0.409,0.4191,0.4521,0.3985,0.4504,0.3919,0.4437,0.406,0.3839,0.5151,v0,bioclip_2_image
48725,/mnt/d/Photos/Z8/180-600mm/2026/2026-03-01/DSC_2162.NEF,23287,3,Blue,neutral,neutral,0.8734,0.544,0.9945,0.3586,0.6336,0.9721,0.0013,0.0193,0.0018,0.0519,-0.0058,0.0055,0.0355,-0.0667,high quality,blurry,0.4164,0.4464,0.4449,0.4375,0.4077,0.4163,0.4439,0.3971,0.4446,0.393,0.4433,0.4022,0.3808,0.5106,v0,bioclip_2_image
48726,/mnt/d/Photos/Z8/180-600mm/2026/2026-03-01/DSC_2163.NEF,23287,3,Blue,neutral,neutral,0.8626,0.4667,0.9954,0.3871,0.6262,0.9714,0.0013,0.0184,-0.0013,0.0537,-0.0046,0.0052,0.0353,-0.0665,high quality,blurry,0.4146,0.4425,0.4441,0.4382,0.4079,0.4137,0.4432,0.3962,0.4438,0.3904,0.4428,0.4027,0.3784,0.5097,v0,bioclip_2_image
48727,/mnt/d/Photos/Z8/180-600mm/2026/2026-03-01/DSC_2164.NEF,23287,3,Blue,neutral,neutral,0.8683,0.504,0.9945,0.4169,0.5986,0.9666,0.0011,0.0189,0.0002,0.052,-0.0034,0.004,0.0337,-0.0681,high quality,blurry,0.4156,0.4461,0.4443,0.4401,0.4065,0.4135,0.4468,0.3968,0.446,0.3923,0.4434,0.4025,0.3798,0.5149,v0,bioclip_2_image
48728,/mnt/d/Photos/Z8/180-600mm/2026/2026-03-01/DSC_2165.NEF,23287,4,Blue,pick,picked,0.8975,0.4639,0.9964,0.4122,0.6306,0.9742,0.0016,0.0217,-0.0014,0.0563,-0.0035,0.0053,0.0363,-0.0646,high quality,blurry,0.4246,0.4524,0.4535,0.4459,0.4141,0.4213,0.4475,0.4029,0.4539,0.3972,0.4495,0.4088,0.385,0.5121,v0,bioclip_2_image
48729,/mnt/d/Photos/Z8/180-600mm/2026/2026-03-01/DSC_2166.NEF,23287,4,Blue,pick,picked,0.889,0.4208,0.9961,0.3421,0.6472,0.9755,0.0016,0.0208,-0.0032,0.0555,-0.0065,0.0061,0.0368,-0.0645,high quality,blurry,0.4205,0.4469,0.4496,0.4383,0.4129,0.4184,0.4464,0.3997,0.4501,0.3941,0.4448,0.4068,0.3816,0.5108,v0,bioclip_2_image
48730,/mnt/d/Photos/Z8/180-600mm/2026/2026-03-01/DSC_2167.NEF,23287,4,Blue,pick,picked,0.8824,0.4004,0.9965,0.3803,0.6095,0.9759,0.0015,0.0202,-0.004,0.0565,-0.0049,0.0045,0.037,-0.065,high quality,blurry,0.4217,0.4481,0.4512,0.4409,0.4126,0.4198,0.4466,0.4016,0.4522,0.3947,0.4458,0.4082,0.3828,0.5115,v0,bioclip_2_image
48731,/mnt/d/Photos/Z8/180-600mm/2026/2026-03-01/DSC_2168.NEF,23287,4,Blue,pick,picked,0.8884,0.5138,0.9956,0.3969,0.5605,0.9708,0.0014,0.0207,0.0006,0.0542,-0.0042,0.0024,0.035,-0.0656,high quality,blurry,0.4199,0.4491,0.4487,0.4415,0.4093,0.4166,0.4472,0.3992,0.4485,0.3945,0.4457,0.4069,0.3816,0.5128,v0,bioclip_2_image
48732,/mnt/d/Photos/Z8/180-600mm/2026/2026-03-01/DSC_2169.NEF,23287,4,Blue,pick,picked,0.8544,0.5391,0.9946,0.3408,0.5892,0.9594,0.0011,0.0177,0.0016,0.0521,-0.0066,0.0036,0.0316,-0.0686,high quality,blurry,0.42,0.4488,0.4492,0.4416,0.4122,0.4157,0.4446,0.4023,0.4472,0.3971,0.4482,0.4086,0.384,0.5132,v0,bioclip_2_image
48733,/mnt/d/Photos/Z8/180-600mm/2026/2026-03-01/DSC_2170.NEF,23287,4,Blue,pick,picked,0.8799,0.5057,0.9959,0.4097,0.6744,0.9688,0.0016,0.0199,0.0002,0.0548,-0.0037,0.0073,0.0344,-0.0644,high quality,blurry,0.4247,0.4522,0.4536,0.4474,0.4169,0.4204,0.4472,0.4048,0.452,0.3987,0.451,0.4096,0.386,0.5116,v0,bioclip_2_image
48734,/mnt/d/Photos/Z8/180-600mm/2026/2026-03-01/DSC_2171.NEF,23287,3,Blue,neutral,neutral,0.872,0.4966,0.9971,0.4343,0.6575,0.9779,0.0015,0.0192,-0.0001,0.0583,-0.0026,0.0065,0.0379,-0.0653,high quality,blurry,0.4189,0.4477,0.4502,0.4424,0.4124,0.4186,0.4506,0.3997,0.4479,0.3919,0.4451,0.4059,0.3807,0.5159,v0,bioclip_2_image
48735,/mnt/d/Photos/Z8/180-600mm/2026/2026-03-01/DSC_2172.NEF,23287,3,Green,neutral,neutral,0.8707,0.5547,0.9959,0.3756,0.6364,0.9723,0.0018,0.0191,0.0022,0.0548,-0.0051,0.0056,0.0356,-0.0634,high quality,blurry,0.4204,0.4492,0.45,0.4431,0.4134,0.4183,0.45,0.4013,0.447,0.3952,0.4482,0.4078,0.3827,0.5134,v0,bioclip_2_image
48736,/mnt/d/Photos/Z8/180-600mm/2026/2026-03-01/DSC_2173.NEF,23287,3,Green,neutral,neutral,0.8809,0.5166,0.9965,0.4297,0.676,0.9786,0.0019,0.02,0.0007,0.0566,-0.0028,0.0074,0.0382,-0.0628,high quality,blurry,0.4196,0.4478,0.4492,0.4412,0.4127,0.4193,0.4524,0.3996,0.4471,0.3926,0.4441,0.4053,0.381,0.5153,v0,bioclip_2_image
48737,/mnt/d/Photos/Z8/180-600mm/2026/2026-03-01/DSC_2174.NEF,23287,3,Green,neutral,neutral,0.8741,0.4848,0.9965,0.4175,0.6467,0.9747,0.0018,0.0194,-0.0006,0.0565,-0.0033,0.006,0.0365,-0.0631,high quality,blurry,0.4211,0.4479,0.4511,0.4433,0.4143,0.4206,0.4472,0.4018,0.4485,0.3947,0.4467,0.4083,0.3841,0.5103,v0,bioclip_2_image
48738,/mnt/d/Photos/Z8/180-600mm/2026/2026-03-01/DSC_2176.NEF,23287,4,Blue,pick,picked,0.8839,0.5105,0.9956,0.3977,0.6019,0.9678,0.0018,0.0203,0.0004,0.0542,-0.0042,0.0041,0.034,-0.0633,high quality,blurry,0.4199,0.4463,0.4478,0.44,0.4106,0.4168,0.4428,0.3996,0.4459,0.3935,0.4442,0.4064,0.3828,0.5062,v0,bioclip_2_image
48739,/mnt/d/Photos/Z8/180-600mm/2026/2026-03-01/DSC_2177.NEF,23287,3,Blue,pick,neutral,0.887,0.5003,0.996,0.3815,0.6237,0.9742,0.0014,0.0206,0.0,0.0551,-0.0048,0.0051,0.0363,-0.0656,high quality,blurry,0.4212,0.4469,0.4492,0.4407,0.4121,0.4188,0.4406,0.4006,0.4469,0.3941,0.4455,0.407,0.3824,0.5062,v0,bioclip_2_image
48740,/mnt/d/Photos/Z8/180-600mm/2026/2026-03-01/DSC_2178.NEF,23287,3,Blue,neutral,neutral,0.8684,0.4188,0.9962,0.3667,0.5893,0.9681,0.0012,0.0189,-0.0033,0.0557,-0.0055,0.0036,0.0341,-0.0671,high quality,blurry,0.4254,0.451,0.4546,0.443,0.4156,0.4234,0.4426,0.4065,0.4543,0.3989,0.4485,0.4119,0.3893,0.5096,v0,bioclip_2_image
48741,/mnt/d/Photos/Z8/180-600mm/2026/2026-03-01/DSC_2179.NEF,23288,3,Green,reject,neutral,0.8895,0.4345,0.9957,0.3766,0.5402,0.9668,0.0014,0.0209,-0.0026,0.0545,-0.005,0.0016,0.0337,-0.0659,high quality,blurry,0.4237,0.4503,0.4527,0.4422,0.4141,0.4231,0.443,0.4028,0.453,0.3982,0.4472,0.4125,0.3894,0.5089,v0,bioclip_2_image
48742,/mnt/d/Photos/Z8/180-600mm/2026/2026-03-01/DSC_2180.NEF,23287,4,Blue,pick,picked,0.8743,0.4751,0.9956,0.3899,0.6133,0.9727,0.0014,0.0194,-0.001,0.0543,-0.0045,0.0046,0.0357,-0.0655,high quality,blurry,0.4211,0.4469,0.4494,0.4418,0.4113,0.4202,0.4456,0.4017,0.4478,0.3951,0.4462,0.4066,0.3845,0.5111,v0,bioclip_2_image
48743,/mnt/d/Photos/Z8/180-600mm/2026/2026-03-01/DSC_2181.NEF,23287,4,Blue,pick,picked,0.8707,0.4661,0.9947,0.3735,0.606,0.9792,0.0014,0.0191,-0.0014,0.0524,-0.0052,0.0043,0.0385,-0.0655,high quality,blurry,0.4199,0.4442,0.4477,0.4389,0.4119,0.4201,0.4442,0.4009,0.4456,0.3953,0.4441,0.4076,0.3816,0.5098,v0,bioclip_2_image
48744,/mnt/d/Photos/Z8/180-600mm/2026/2026-03-01/DSC_2182.NEF,23287,4,Blue,pick,picked,0.8729,0.4979,0.9968,0.3999,0.6162,0.9733,0.0019,0.0193,-0.0001,0.0574,-0.0041,0.0047,0.036,-0.0627,high quality,blurry,0.4165,0.4441,0.4472,0.439,0.4094,0.4168,0.4509,0.3972,0.4442,0.3898,0.443,0.4047,0.3808,0.5136,v0,bioclip_2_image
48745,/mnt/d/Photos/Z8/180-600mm/2026/2026-03-01/DSC_2183.NEF,23287,3,Blue,pick,neutral,0.8946,0.4821,0.9957,0.3772,0.6412,0.9842,0.0012,0.0214,-0.0007,0.0544,-0.005,0.0058,0.0413,-0.0673,high quality,blurry,0.4211,0.448,0.448,0.4409,0.4105,0.4233,0.447,0.3997,0.4487,0.3936,0.4459,0.4047,0.382,0.5143,v0,bioclip_2_image
48746,/mnt/d/Photos/Z8/180-600mm/2026/2026-03-01/DSC_2184.NEF,23287,3,Blue,pick,neutral,0.8856,0.4789,0.9942,0.3593,0.597,0.9699,0.0014,0.0205,-0.0008,0.0514,-0.0058,0.0039,0.0347,-0.0657,high quality,blurry,0.4248,0.451,0.4512,0.4452,0.4151,0.4236,0.4423,0.4044,0.4518,0.3998,0.451,0.4111,0.3889,0.508,v0,bioclip_2_image
48747,/mnt/d/Photos/Z8/180-600mm/2026/2026-03-01/DSC_2185.NEF,23288,3,Green,reject,neutral,0.8924,0.4166,0.996,0.3978,0.5677,0.9744,0.0018,0.0212,-0.0034,0.0551,-0.0041,0.0027,0.0364,-0.0633,high quality,blurry,0.424,0.4499,0.4515,0.4418,0.4142,0.4231,0.4462,0.4029,0.4533,0.3964,0.4459,0.4115,0.3867,0.5095,v0,bioclip_2_image
48748,/mnt/d/Photos/Z8/180-600mm/2026/2026-03-01/DSC_2186.NEF,23288,3,Green,reject,neutral,0.8891,0.4468,0.9958,0.3596,0.5766,0.9748,0.0019,0.0208,-0.0021,0.0547,-0.0058,0.0031,0.0366,-0.0625,high quality,blurry,0.4229,0.4497,0.4515,0.4404,0.4121,0.4226,0.4465,0.4021,0.4519,0.3968,0.4462,0.409,0.386,0.509,v0,bioclip_2_image
48749,/mnt/d/Photos/Z8/180-600mm/2026/2026-03-01/DSC_2187.NEF,23288,3,Green,reject,neutral,0.881,0.4692,0.9961,0.3228,0.5697,0.971,0.0014,0.02,-0.0012,0.0555,-0.0074,0.0028,0.0351,-0.0656,high quality,blurry,0.4215,0.4491,0.4517,0.4388,0.4116,0.4209,0.4437,0.4015,0.4504,0.3962,0.4462,0.4088,0.3858,0.5094,v0,bioclip_2_image
48750,/mnt/d/Photos/Z8/180-600mm/2026/2026-03-01/DSC_2188.NEF,23288,3,Green,reject,neutral,0.8937,0.424,0.9973,0.3533,0.564,0.9761,0.0015,0.0213,-0.0031,0.059,-0.006,0.0026,0.0371,-0.065,high quality,blurry,0.4221,0.4497,0.4525,0.44,0.4105,0.4217,0.4444,0.4008,0.4528,0.3935,0.4461,0.4079,0.3846,0.5094,v0,bioclip_2_image
48751,/mnt/d/Photos/Z8/180-600mm/2026/2026-03-01/DSC_2189.NEF,23288,3,Green,reject,neutral,0.8864,0.4088,0.9964,0.3285,0.5618,0.9732,0.0014,0.0205,-0.0037,0.0562,-0.0071,0.0025,0.0359,-0.0658,high quality,blurry,0.421,0.4479,0.4507,0.4396,0.4104,0.4207,0.4417,0.4005,0.4516,0.3946,0.4467,0.4079,0.3847,0.5075,v0,bioclip_2_image
48752,/mnt/d/Photos/Z8/180-600mm/2026/2026-03-01/DSC_2190.NEF,23288,3,Blue,neutral,neutral,0.8775,0.4089,0.9959,0.3766,0.5643,0.9696,0.0017,0.0197,-0.0037,0.055,-0.005,0.0026,0.0346,-0.0635,high quality,blurry,0.4175,0.4442,0.4471,0.4381,0.4101,0.4155,0.4452,0.3978,0.4479,0.3922,0.4432,0.4075,0.3809,0.5087,v0,bioclip_2_image
48753,/mnt/d/Photos/Z8/180-600mm/2026/2026-03-01/DSC_2191.NEF,23288,4,Blue,pick,picked,0.8744,0.5235,0.9945,0.3355,0.6007,0.9663,0.0019,0.0194,0.0009,0.0519,-0.0068,0.0041,0.0336,-0.0628,high quality,blurry,0.4185,0.4471,0.4472,0.4393,0.4105,0.4167,0.4426,0.3991,0.4461,0.3953,0.4462,0.4064,0.3832,0.5054,v0,bioclip_2_image
48754,/mnt/d/Photos/Z8/180-600mm/2026/2026-03-01/DSC_2192.NEF,23288,3,Green,pick,neutral,0.8832,0.4959,0.9944,0.3842,0.5836,0.9709,0.0023,0.0202,-0.0002,0.0517,-0.0047,0.0034,0.0351,-0.0608,high quality,blurry,0.4193,0.4472,0.4467,0.4417,0.4095,0.4179,0.4464,0.399,0.4473,0.395,0.4464,0.4061,0.3828,0.5071,v0,bioclip_2_image
48755,/mnt/d/Photos/Z8/180-600mm/2026/2026-03-01/DSC_2193.NEF,23288,3,Green,neutral,neutral,0.8706,0.4551,0.9943,0.3501,0.5525,0.9673,0.0018,0.0191,-0.0018,0.0516,-0.0062,0.0021,0.0339,-0.0632,high quality,blurry,0.4206,0.447,0.4479,0.441,0.4125,0.4187,0.444,0.4015,0.4488,0.3963,0.4471,0.4104,0.3848,0.5072,v0,bioclip_2_image
48756,/mnt/d/Photos/Z8/180-600mm/2026/2026-03-01/DSC_2194.NEF,23288,3,Green,neutral,neutral,0.8807,0.4559,0.9956,0.4314,0.6504,0.9681,0.0024,0.02,-0.0018,0.0542,-0.0028,0.0062,0.0341,-0.0605,high quality,blurry,0.4223,0.4503,0.4513,0.4449,0.4156,0.4204,0.4486,0.4023,0.4521,0.3971,0.4476,0.4094,0.3863,0.5091,v0,bioclip_2_image
48757,/mnt/d/Photos/Z8/180-600mm/2026/2026-03-01/DSC_2195.NEF,23288,3,Green,neutral,neutral,0.8798,0.445,0.9955,0.4259,0.6361,0.9681,0.0023,0.0199,-0.0022,0.0541,-0.003,0.0056,0.0341,-0.0607,high quality,blurry,0.4217,0.4493,0.4507,0.4439,0.4147,0.4199,0.4482,0.4018,0.4515,0.3966,0.4469,0.4091,0.3858,0.5089,v0,bioclip_2_image
48758,/mnt/d/Photos/Z8/180-600mm/2026/2026-03-01/DSC_2196.NEF,23288,4,Green,pick,picked,0.8696,0.381,0.9953,0.407,0.5481,0.9687,0.002,0.019,-0.0049,0.0535,-0.0038,0.0019,0.0343,-0.0621,high quality,blurry,0.4228,0.448,0.4512,0.4445,0.4146,0.4214,0.444,0.4038,0.4529,0.3977,0.4483,0.4127,0.3871,0.506,v0,bioclip_2_image
48759,/mnt/d/Photos/Z8/180-600mm/2026/2026-03-01/DSC_2197.NEF,23288,4,Green,pick,picked,0.8739,0.3916,0.9949,0.4008,0.578,0.9707,0.0015,0.0194,-0.0044,0.0528,-0.004,0.0031,0.035,-0.065,high quality,blurry,0.423,0.4489,0.4515,0.4443,0.4152,0.4215,0.4407,0.4037,0.4533,0.3987,0.4483,0.4121,0.3865,0.5058,v0,bioclip_2_image
48760,/mnt/d/Photos/Z8/180-600mm/2026/2026-03-01/DSC_2198.NEF,23288,3,Green,neutral,neutral,0.8968,0.4464,0.9959,0.3293,0.6111,0.97,0.002,0.0216,-0.0022,0.055,-0.0071,0.0045,0.0348,-0.0623,high quality,blurry,0.4241,0.45,0.4525,0.4428,0.4133,0.4216,0.4469,0.4025,0.4522,0.3974,0.4499,0.4087,0.3868,0.5092,v0,bioclip_2_image
48761,/mnt/d/Photos/Z8/180-600mm/2026/2026-03-01/DSC_2199.NEF,23288,3,Green,pick,neutral,0.8848,0.4405,0.9955,0.346,0.6452,0.9681,0.0024,0.0204,-0.0024,0.054,-0.0064,0.006,0.0341,-0.0602,high quality,blurry,0.4248,0.451,0.4534,0.4436,0.4155,0.4226,0.446,0.4044,0.4534,0.3994,0.4499,0.4095,0.3884,0.5061,v0,bioclip_2_image
48762,/mnt/d/Photos/Z8/180-600mm/2026/2026-03-01/DSC_2200.NEF,23288,3,Green,neutral,neutral,0.8868,0.44,0.9952,0.3482,0.6399,0.9685,0.0028,0.0206,-0.0024,0.0533,-0.0063,0.0057,0.0342,-0.0589,high quality,blurry,0.424,0.4508,0.4515,0.4431,0.4149,0.4224,0.4475,0.4034,0.4532,0.3982,0.4493,0.4091,0.3882,0.5065,v0,bioclip_2_image
48763,/mnt/d/Photos/Z8/180-600mm/2026/2026-03-01/DSC_2201.NEF,23288,3,Green,neutral,neutral,0.8825,0.4098,0.9953,0.4027,0.5885,0.971,0.002,0.0202,-0.0036,0.0536,-0.0039,0.0036,0.0351,-0.062,high quality,blurry,0.423,0.449,0.451,0.4429,0.4138,0.421,0.4424,0.4028,0.4526,0.3974,0.4468,0.4103,0.3859,0.5044,v0,bioclip_2_image
48764,/mnt/d/Photos/Z8/180-600mm/2026/2026-03-01/DSC_2202.NEF,23288,4,Green,pick,picked,0.8761,0.3705,0.9954,0.4343,0.5886,0.973,0.0015,0.0196,-0.0053,0.0539,-0.0026,0.0036,0.0358,-0.065,high quality,blurry,0.4228,0.4483,0.4513,0.4449,0.4149,0.4217,0.4402,0.4032,0.4537,0.3975,0.4475,0.4113,0.3859,0.5052,v0,bioclip_2_image
48765,/mnt/d/Photos/Z8/180-600mm/2026/2026-03-01/DSC_2203.NEF,23289,3,Green,neutral,neutral,0.8941,0.4394,0.9957,0.4027,0.5917,0.9764,0.0015,0.0213,-0.0024,0.0545,-0.0039,0.0037,0.0372,-0.0647,high quality,blurry,0.4211,0.4475,0.4492,0.4427,0.4118,0.4209,0.442,0.3997,0.4499,0.3947,0.4467,0.4081,0.3836,0.5067,v0,bioclip_2_image
48766,/mnt/d/Photos/Z8/180-600mm/2026/2026-03-01/DSC_2204.NEF,23289,3,Green,reject,neutral,0.8675,0.5057,0.9966,0.3209,0.6064,0.9705,0.0016,0.0188,0.0002,0.0569,-0.0075,0.0043,0.0349,-0.0643,high quality,blurry,0.4142,0.4423,0.4458,0.4333,0.4069,0.4142,0.4461,0.3954,0.442,0.3889,0.4408,0.4026,0.3793,0.5104,v0,bioclip_2_image
48767,/mnt/d/Photos/Z8/180-600mm/2026/2026-03-01/DSC_2205.NEF,23289,3,Green,reject,neutral,0.8805,0.4605,0.996,0.3247,0.6102,0.9717,0.0014,0.02,-0.0016,0.0551,-0.0073,0.0045,0.0354,-0.0654,high quality,blurry,0.4195,0.4456,0.4489,0.4386,0.4105,0.4193,0.4457,0.3995,0.4472,0.3937,0.446,0.406,0.384,0.5111,v0,bioclip_2_image
48768,/mnt/d/Photos/Z8/180-600mm/2026/2026-03-01/DSC_2206.NEF,23289,3,Green,reject,neutral,0.877,0.4947,0.9956,0.3404,0.5516,0.9603,0.0013,0.0196,-0.0002,0.0542,-0.0066,0.0021,0.0319,-0.0666,high quality,blurry,0.4175,0.4467,0.4468,0.4391,0.4076,0.4156,0.4437,0.3979,0.4469,0.3926,0.4457,0.4056,0.3837,0.5103,v0,bioclip_2_image
48769,/mnt/d/Photos/Z8/180-600mm/2026/2026-03-01/DSC_2207.NEF,23289,3,Green,neutral,neutral,0.8721,0.4447,0.9959,0.3501,0.5307,0.965,0.0014,0.0192,-0.0022,0.055,-0.0062,0.0012,0.0332,-0.0657,high quality,blurry,0.4169,0.4466,0.4484,0.4398,0.4089,0.416,0.4416,0.3977,0.4488,0.3934,0.446,0.4077,0.3828,0.5073,v0,bioclip_2_image
48770,/mnt/d/Photos/Z8/180-600mm/2026/2026-03-01/DSC_2208.NEF,23289,3,Green,neutral,neutral,0.8773,0.457,0.9961,0.3429,0.5212,0.9677,0.0013,0.0197,-0.0017,0.0555,-0.0065,0.0008,0.034,-0.0662,high quality,blurry,0.416,0.4468,0.4481,0.439,0.4076,0.4166,0.4432,0.3963,0.4486,0.3925,0.4455,0.4068,0.3826,0.5094,v0,bioclip_2_image
48771,/mnt/d/Photos/Z8/180-600mm/2026/2026-03-01/DSC_2209.NEF,23289,3,Green,neutral,neutral,0.8754,0.4834,0.995,0.3766,0.5896,0.9641,0.0016,0.0195,-0.0007,0.0529,-0.005,0.0036,0.0329,-0.0641,high quality,blurry,0.4188,0.4466,0.4481,0.4407,0.412,0.4169,0.4408,0.3993,0.4473,0.3952,0.4457,0.4084,0.384,0.5049,v0,bioclip_2_image
48772,/mnt/d/Photos/Z8/180-600mm/2026/2026-03-01/DSC_2210.NEF,23289,3,Green,pick,neutral,0.8781,0.4036,0.9949,0.3705,0.6209,0.9743,0.0014,0.0197,-0.0039,0.0527,-0.0053,0.0049,0.0363,-0.0659,high quality,blurry,0.419,0.4451,0.4475,0.4408,0.4127,0.4183,0.4387,0.3992,0.449,0.3947,0.4461,0.4077,0.382,0.5046,v0,bioclip_2_image
48773,/mnt/d/Photos/Z8/180-600mm/2026/2026-03-01/DSC_2211.NEF,23289,4,Green,pick,picked,0.8788,0.3899,0.9953,0.3938,0.5914,0.9724,0.0014,0.0198,-0.0045,0.0535,-0.0043,0.0037,0.0356,-0.0656,high quality,blurry,0.4193,0.445,0.4476,0.4427,0.4117,0.4188,0.4402,0.3995,0.4495,0.3941,0.447,0.408,0.3832,0.5059,v0,bioclip_2_image
48774,/mnt/d/Photos/Z8/180-600mm/2026/2026-03-01/DSC_2212.NEF,23289,3,Green,pick,neutral,0.884,0.4704,0.9947,0.3616,0.581,0.9688,0.0016,0.0203,-0.0012,0.0524,-0.0057,0.0033,0.0344,-0.0643,high quality,blurry,0.4201,0.4463,0.4477,0.4415,0.4107,0.4183,0.441,0.3997,0.4475,0.3953,0.4472,0.4075,0.384,0.5053,v0,bioclip_2_image
48775,/mnt/d/Photos/Z8/180-600mm/2026/2026-03-01/DSC_2213.NEF,23290,4,Blue,neutral,picked,0.8928,0.4937,0.9959,0.4307,0.5743,0.959,0.0018,0.0212,-0.0003,0.0549,-0.0028,0.003,0.0315,-0.0631,high quality,blurry,0.4229,0.452,0.4514,0.4463,0.4131,0.4213,0.4476,0.4017,0.4522,0.3965,0.4491,0.4101,0.3898,0.5107,v0,bioclip_2_image
48776,/mnt/d/Photos/Z8/180-600mm/2026/2026-03-01/DSC_2214.NEF,23290,4,Blue,neutral,picked,0.8948,0.5031,0.9954,0.408,0.6287,0.9684,0.0017,0.0214,0.0001,0.0538,-0.0037,0.0053,0.0342,-0.0636,high quality,blurry,0.4236,0.4516,0.4511,0.4457,0.4154,0.4226,0.4458,0.4022,0.4515,0.3974,0.4494,0.4101,0.3884,0.5094,v0,bioclip_2_image
48777,/mnt/d/Photos/Z8/180-600mm/2026/2026-03-01/DSC_2215.NEF,23290,4,Blue,pick,picked,0.8781,0.4756,0.994,0.3793,0.5496,0.9666,0.0015,0.0197,-0.001,0.051,-0.0049,0.002,0.0337,-0.0649,high quality,blurry,0.4203,0.4494,0.4479,0.4435,0.4105,0.4197,0.4434,0.4006,0.4504,0.3968,0.4484,0.4085,0.386,0.5083,v0,bioclip_2_image
48778,/mnt/d/Photos/Z8/180-600mm/2026/2026-03-01/DSC_2216.NEF,23290,4,Blue,pick,picked,0.8868,0.5551,0.9951,0.4105,0.5601,0.9608,0.0014,0.0206,0.0022,0.0531,-0.0036,0.0024,0.032,-0.0657,high quality,blurry,0.4189,0.45,0.4468,0.4422,0.41,0.4176,0.444,0.3983,0.4478,0.3938,0.4458,0.4076,0.3856,0.5096,v0,bioclip_2_image
48779,/mnt/d/Photos/Z8/180-600mm/2026/2026-03-01/DSC_2217.NEF,23290,4,Blue,pick,picked,0.88,0.4783,0.9947,0.4058,0.5828,0.9622,0.0015,0.0199,-0.0009,0.0523,-0.0038,0.0033,0.0324,-0.0647,high quality,blurry,0.4219,0.4502,0.4492,0.4442,0.4137,0.4196,0.4413,0.402,0.4511,0.3969,0.4481,0.4103,0.3873,0.506,v0,bioclip_2_image
48780,/mnt/d/Photos/Z8/180-600mm/2026/2026-03-01/DSC_2218.NEF,23290,3,Blue,neutral,neutral,0.8831,0.5159,0.9952,0.3851,0.6108,0.9652,0.0018,0.0202,0.0006,0.0533,-0.0047,0.0045,0.0332,-0.063,high quality,blurry,0.4196,0.449,0.4484,0.4422,0.4115,0.4177,0.4438,0.3994,0.4483,0.395,0.4468,0.407,0.3845,0.5068,v0,bioclip_2_image
48781,/mnt/d/Photos/Z8/180-600mm/2026/2026-03-01/DSC_2219.NEF,23290,4,Blue,neutral,picked,0.8832,0.5531,0.9945,0.4031,0.5904,0.9656,0.0019,0.0202,0.0021,0.052,-0.0039,0.0037,0.0334,-0.0624,high quality,blurry,0.4194,0.4505,0.4472,0.4435,0.4112,0.4181,0.4451,0.3992,0.4483,0.3952,0.4475,0.4076,0.3848,0.5076,v0,bioclip_2_image
48782,/mnt/d/Photos/Z8/180-600mm/2026/2026-03-01/DSC_2220.NEF,23290,4,Blue,pick,picked,0.8921,0.592,0.9949,0.4141,0.5929,0.9666,0.0024,0.0211,0.0037,0.0528,-0.0035,0.0038,0.0336,-0.0604,high quality,blurry,0.4191,0.4529,0.4469,0.4442,0.4109,0.4186,0.4511,0.398,0.4492,0.394,0.4477,0.4071,0.3849,0.5114,v0,bioclip_2_image
48783,/mnt/d/Photos/Z8/180-600mm/2026/2026-03-01/DSC_2221.NEF,23290,4,Blue,neutral,picked,0.8887,0.5786,0.9948,0.4083,0.5939,0.9684,0.0022,0.0208,0.0032,0.0525,-0.0037,0.0038,0.0342,-0.0613,high quality,blurry,0.4212,0.4536,0.4492,0.445,0.413,0.42,0.4489,0.4005,0.4504,0.3967,0.4487,0.4092,0.3857,0.5103,v0,bioclip_2_image
48784,/mnt/d/Photos/Z8/180-600mm/2026/2026-03-01/DSC_2222.NEF,23290,4,Blue,neutral,picked,0.8937,0.5502,0.9959,0.3917,0.5918,0.966,0.002,0.0213,0.002,0.0549,-0.0044,0.0037,0.0335,-0.0622,high quality,blurry,0.4221,0.4532,0.4505,0.4451,0.4134,0.4207,0.449,0.4008,0.4512,0.3956,0.4495,0.4097,0.3872,0.5112,v0,bioclip_2_image
48785,/mnt/d/Photos/Z8/180-600mm/2026/2026-03-01/DSC_2223.NEF,23290,4,Blue,pick,picked,0.8897,0.5318,0.9952,0.4012,0.597,0.9618,0.0022,0.0209,0.0013,0.0533,-0.004,0.0039,0.0323,-0.0612,high quality,blurry,0.4232,0.4541,0.4509,0.4458,0.4155,0.4217,0.4496,0.4023,0.4528,0.3976,0.4498,0.4116,0.3895,0.5108,v0,bioclip_2_image
48786,/mnt/d/Photos/Z8/180-600mm/2026/2026-03-01/DSC_2224.NEF,23290,3,Green,reject,neutral,0.8986,0.5106,0.9951,0.3632,0.6003,0.9707,0.0017,0.0218,0.0004,0.0531,-0.0056,0.0041,0.035,-0.064,high quality,blurry,0.417,0.4497,0.4462,0.4402,0.4117,0.4186,0.4463,0.3952,0.4493,0.3931,0.4458,0.4077,0.3836,0.5102,v0,bioclip_2_image
48787,/mnt/d/Photos/Z8/180-600mm/2026/2026-03-01/DSC_2225.NEF,23290,3,Green,reject,neutral,0.8928,0.5238,0.9952,0.3771,0.5877,0.9708,0.0016,0.0212,0.001,0.0533,-0.005,0.0035,0.035,-0.0645,high quality,blurry,0.4191,0.4515,0.4484,0.4434,0.4124,0.4196,0.4459,0.398,0.4506,0.3951,0.4484,0.4088,0.3846,0.5105,v0,bioclip_2_image
48788,/mnt/d/Photos/Z8/180-600mm/2026/2026-03-01/DSC_2226.NEF,23290,3,Blue,neutral,neutral,0.9028,0.5838,0.9953,0.413,0.6245,0.9666,0.0019,0.0223,0.0034,0.0535,-0.0035,0.0051,0.0336,-0.0626,high quality,blurry,0.4224,0.4537,0.4495,0.4457,0.4143,0.4214,0.4454,0.4002,0.4503,0.396,0.4492,0.4092,0.3877,0.508,v0,bioclip_2_image
48789,/mnt/d/Photos/Z8/180-600mm/2026/2026-03-01/DSC_2227.NEF,23290,3,Blue,reject,neutral,0.9006,0.5612,0.9959,0.3921,0.6241,0.9676,0.0015,0.022,0.0025,0.0549,-0.0044,0.0051,0.034,-0.0653,high quality,blurry,0.4225,0.4533,0.4511,0.4466,0.4131,0.4218,0.442,0.4005,0.4509,0.3962,0.451,0.408,0.3878,0.5074,v0,bioclip_2_image
48790,/mnt/d/Photos/Z8/180-600mm/2026/2026-03-01/DSC_2228.NEF,23290,3,Blue,reject,neutral,0.8987,0.5556,0.9954,0.3459,0.5991,0.9576,0.0013,0.0218,0.0022,0.0537,-0.0064,0.004,0.0312,-0.0663,high quality,blurry,0.4227,0.4526,0.4502,0.4442,0.4145,0.4207,0.4417,0.4009,0.4504,0.3965,0.4506,0.4105,0.3895,0.508,v0,bioclip_2_image
48791,/mnt/d/Photos/Z8/180-600mm/2026/2026-03-01/DSC_2229.NEF,23290,3,Green,reject,neutral,0.884,0.5127,0.9943,0.3448,0.5773,0.9682,0.0017,0.0203,0.0005,0.0516,-0.0064,0.0031,0.0342,-0.0636,high quality,blurry,0.42,0.4499,0.4479,0.4435,0.4116,0.4194,0.441,0.3997,0.4494,0.3963,0.4499,0.4084,0.3853,0.5045,v0,bioclip_2_image
48792,/mnt/d/Photos/Z8/180-600mm/2026/2026-03-01/DSC_2230.NEF,23291,3,Blue,reject,neutral,0.8942,0.5282,0.9941,0.2785,0.6653,0.9734,0.0014,0.0213,0.0011,0.0513,-0.0095,0.0069,0.036,-0.0654,high quality,blurry,0.4202,0.4531,0.4478,0.4425,0.414,0.4192,0.4497,0.3988,0.452,0.3965,0.452,0.4072,0.3832,0.5151,v0,bioclip_2_image
48793,/mnt/d/Photos/Z8/180-600mm/2026/2026-03-01/DSC_2231.NEF,23291,3,Blue,reject,neutral,0.8922,0.527,0.9939,0.2781,0.6528,0.9745,0.0015,0.0211,0.0011,0.051,-0.0095,0.0063,0.0364,-0.0648,high quality,blurry,0.4187,0.4507,0.4465,0.4407,0.413,0.4177,0.4458,0.3975,0.4496,0.3955,0.4503,0.4067,0.3813,0.5106,v0,bioclip_2_image
48794,/mnt/d/Photos/Z8/180-600mm/2026/2026-03-01/DSC_2232.NEF,23291,3,Blue,reject,neutral,0.8959,0.5362,0.9948,0.3035,0.6606,0.9742,0.0017,0.0215,0.0015,0.0525,-0.0083,0.0067,0.0363,-0.0637,high quality,blurry,0.4181,0.4508,0.4464,0.439,0.4138,0.4169,0.4472,0.3966,0.4494,0.3939,0.4473,0.4071,0.3806,0.5109,v0,bioclip_2_image
48795,/mnt/d/Photos/Z8/180-600mm/2026/2026-03-01/DSC_2233.NEF,23291,4,Blue,neutral,picked,0.8789,0.5354,0.9936,0.3368,0.5847,0.9717,0.0015,0.0198,0.0014,0.0504,-0.0068,0.0034,0.0354,-0.0649,high quality,blurry,0.4192,0.4525,0.4479,0.4411,0.4129,0.4184,0.4479,0.3993,0.4511,0.3975,0.4479,0.4095,0.3831,0.5128,v0,bioclip_2_image
48796,/mnt/d/Photos/Z8/180-600mm/2026/2026-03-01/DSC_2234.NEF,23291,4,Blue,neutral,picked,0.8901,0.5574,0.994,0.3426,0.5884,0.9697,0.0015,0.0209,0.0023,0.0511,-0.0065,0.0036,0.0347,-0.0651,high quality,blurry,0.4225,0.4553,0.4501,0.4448,0.4145,0.4212,0.4505,0.4016,0.453,0.399,0.4514,0.4109,0.3865,0.5157,v0,bioclip_2_image
48797,/mnt/d/Photos/Z8/180-600mm/2026/2026-03-01/DSC_2235.NEF,23291,4,Blue,neutral,picked,0.8884,0.5241,0.9949,0.3608,0.5784,0.9734,0.0015,0.0207,0.001,0.0528,-0.0057,0.0032,0.036,-0.0652,high quality,blurry,0.4202,0.4527,0.4494,0.4431,0.4126,0.4195,0.4468,0.3995,0.4517,0.3966,0.4488,0.4094,0.3835,0.512,v0,bioclip_2_image
48798,/mnt/d/Photos/Z8/180-600mm/2026/2026-03-01/DSC_2236.NEF,23291,4,Blue,neutral,picked,0.8971,0.5,0.9956,0.3686,0.5696,0.9715,0.0013,0.0217,0.0,0.0543,-0.0054,0.0028,0.0353,-0.0661,high quality,blurry,0.4223,0.4532,0.451,0.4442,0.415,0.4211,0.4484,0.4006,0.4532,0.3967,0.4496,0.4122,0.3858,0.5146,v0,bioclip_2_image
48799,/mnt/d/Photos/Z8/180-600mm/2026/2026-03-01/DSC_2237.NEF,23291,4,Blue,reject,picked,0.9028,0.5241,0.9954,0.3705,0.5829,0.9709,0.0014,0.0223,0.001,0.0537,-0.0053,0.0033,0.0351,-0.0657,high quality,blurry,0.4238,0.4546,0.4514,0.4451,0.4168,0.4226,0.4509,0.4016,0.4537,0.3977,0.4504,0.4135,0.3875,0.5166,v0,bioclip_2_image
48800,/mnt/d/Photos/Z8/180-600mm/2026/2026-03-01/DSC_2238.NEF,23291,3,Blue,reject,neutral,0.8961,0.4925,0.9954,0.3626,0.5665,0.9711,0.0013,0.0215,-0.0003,0.0537,-0.0056,0.0027,0.0351,-0.0668,high quality,blurry,0.4237,0.4538,0.4521,0.4452,0.4164,0.4226,0.4482,0.4021,0.4541,0.3985,0.4508,0.4137,0.3875,0.515,v0,bioclip_2_image
48801,/mnt/d/Photos/Z8/180-600mm/2026/2026-03-01/DSC_2239.NEF,23291,4,Blue,neutral,picked,0.8881,0.5241,0.9949,0.3489,0.5822,0.9706,0.0014,0.0207,0.001,0.0528,-0.0062,0.0033,0.035,-0.0658,high quality,blurry,0.4226,0.4543,0.451,0.4446,0.4144,0.4206,0.4492,0.4019,0.4533,0.3982,0.4508,0.411,0.3857,0.515,v0,bioclip_2_image
48802,/mnt/d/Photos/Z8/180-600mm/2026/2026-03-01/DSC_2240.NEF,23291,4,Blue,neutral,picked,0.8877,0.5221,0.9953,0.3635,0.5519,0.9708,0.0015,0.0207,0.0009,0.0535,-0.0056,0.0021,0.035,-0.0647,high quality,blurry,0.4205,0.4523,0.4494,0.4423,0.4125,0.4192,0.4484,0.3998,0.4514,0.3959,0.4479,0.4105,0.3841,0.5131,v0,bioclip_2_image
48803,/mnt/d/Photos/Z8/180-600mm/2026/2026-03-01/DSC_2241.NEF,23291,3,Blue,reject,neutral,0.888,0.5299,0.9951,0.3605,0.553,0.9726,0.0015,0.0207,0.0012,0.0531,-0.0057,0.0021,0.0357,-0.0651,high quality,blurry,0.4211,0.453,0.4501,0.4429,0.413,0.4203,0.4488,0.4004,0.4518,0.397,0.4487,0.4109,0.3847,0.5139,v0,bioclip_2_image
48804,/mnt/d/Photos/Z8/180-600mm/2026/2026-03-01/DSC_2242.NEF,23291,4,Blue,pick,picked,0.9093,0.46,0.9955,0.4713,0.6355,0.9783,0.0021,0.023,-0.0016,0.0541,-0.0011,0.0056,0.0381,-0.0618,high quality,blurry,0.427,0.4562,0.4524,0.4489,0.419,0.4254,0.4506,0.4039,0.4578,0.3983,0.45,0.4135,0.3873,0.5124,v0,bioclip_2_image
48805,/mnt/d/Photos/Z8/180-600mm/2026/2026-03-01/DSC_2243.NEF,23291,4,Blue,pick,picked,0.9088,0.484,0.9953,0.4707,0.6278,0.9781,0.002,0.023,-0.0006,0.0535,-0.0012,0.0052,0.038,-0.0619,high quality,blurry,0.4271,0.4566,0.452,0.4484,0.4194,0.4258,0.4515,0.4041,0.4572,0.3986,0.4496,0.4141,0.3878,0.5134,v0,bioclip_2_image
48806,/mnt/d/Photos/Z8/180-600mm/2026/2026-03-01/DSC_2244.NEF,23291,4,Blue,pick,picked,0.9076,0.4476,0.9952,0.4829,0.6358,0.9761,0.0017,0.0228,-0.0021,0.0533,-0.0007,0.0056,0.0371,-0.0636,high quality,blurry,0.4273,0.4553,0.4523,0.4489,0.4192,0.4251,0.4474,0.4044,0.4574,0.3989,0.4496,0.4137,0.388,0.511,v0,bioclip_2_image
48807,/mnt/d/Photos/Z8/180-600mm/2026/2026-03-01/DSC_2245.NEF,23291,4,Blue,pick,picked,0.9073,0.5261,0.9946,0.4869,0.6224,0.9765,0.0017,0.0228,0.001,0.0522,-0.0005,0.005,0.0373,-0.0641,high quality,blurry,0.424,0.4529,0.4492,0.445,0.4164,0.4221,0.4446,0.4012,0.4518,0.397,0.4456,0.4114,0.3848,0.5087,v0,bioclip_2_image
48808,/mnt/d/Photos/Z8/180-600mm/2026/2026-03-01/DSC_2246.NEF,23291,4,Blue,pick,picked,0.9088,0.534,0.9949,0.4093,0.6411,0.9742,0.0021,0.023,0.0014,0.0527,-0.0037,0.0058,0.0363,-0.0617,high quality,blurry,0.4254,0.4546,0.4502,0.4449,0.4157,0.4228,0.4465,0.4024,0.4532,0.3975,0.4486,0.4099,0.3865,0.5082,v0,bioclip_2_image
48809,/mnt/d/Photos/Z8/180-600mm/2026/2026-03-01/DSC_2247.NEF,23291,4,Blue,pick,picked,0.899,0.4989,0.9949,0.4016,0.584,0.9676,0.0017,0.0219,-0.0,0.0527,-0.004,0.0034,0.034,-0.064,high quality,blurry,0.4258,0.4548,0.4515,0.4462,0.4167,0.423,0.4434,0.4039,0.4548,0.3987,0.4501,0.4133,0.389,0.5074,v0,bioclip_2_image
48810,/mnt/d/Photos/Z8/180-600mm/2026/2026-03-01/DSC_2248.NEF,23291,4,Blue,neutral,picked,0.8977,0.4857,0.9944,0.405,0.5629,0.9667,0.0019,0.0217,-0.0006,0.0518,-0.0038,0.0025,0.0337,-0.0628,high quality,blurry,0.4261,0.4555,0.4512,0.4464,0.4167,0.4233,0.4456,0.4044,0.4561,0.3994,0.4503,0.4142,0.3896,0.5084,v0,bioclip_2_image
48811,/mnt/d/Photos/Z8/180-600mm/2026/2026-03-01/DSC_2249.NEF,23292,3,Blue,neutral,neutral,0.9052,0.5746,0.9951,0.4363,0.5768,0.9736,0.0023,0.0226,0.003,0.0532,-0.0026,0.0031,0.0361,-0.0608,high quality,blurry,0.4196,0.4498,0.4478,0.4417,0.4121,0.4191,0.4449,0.397,0.4468,0.3946,0.4443,0.409,0.383,0.5057,v0,bioclip_2_image
48812,/mnt/d/Photos/Z8/180-600mm/2026/2026-03-01/DSC_2250.NEF,23292,4,Blue,neutral,picked,0.9091,0.5686,0.9952,0.4426,0.5781,0.9744,0.0022,0.023,0.0028,0.0533,-0.0023,0.0031,0.0364,-0.061,high quality,blurry,0.4204,0.4502,0.4482,0.4422,0.4125,0.4196,0.4455,0.3974,0.4475,0.3948,0.4445,0.4094,0.3832,0.5064,v0,bioclip_2_image
48813,/mnt/d/Photos/Z8/180-600mm/2026/2026-03-01/DSC_2251.NEF,23292,4,Blue,pick,picked,0.92,0.5986,0.9953,0.4449,0.621,0.976,0.0016,0.0244,0.004,0.0535,-0.0022,0.0049,0.0371,-0.0642,high quality,blurry,0.4224,0.4515,0.4497,0.4437,0.4134,0.4209,0.4422,0.398,0.4475,0.3963,0.4459,0.4084,0.3838,0.5064,v0,bioclip_2_image
48814,/mnt/d/Photos/Z8/180-600mm/2026/2026-03-01/DSC_2252.NEF,23292,3,Green,reject,neutral,0.9165,0.6183,0.9963,0.4609,0.6944,0.9722,0.0035,0.024,0.0048,0.0558,-0.0016,0.0082,0.0356,-0.0566,high quality,blurry,0.4204,0.4536,0.449,0.4431,0.4157,0.4197,0.4533,0.3964,0.4488,0.3932,0.4447,0.4075,0.3841,0.5099,v0,bioclip_2_image
48815,/mnt/d/Photos/Z8/180-600mm/2026/2026-03-01/DSC_2253.NEF,23292,3,Blue,neutral,neutral,0.9167,0.5697,0.9959,0.4562,0.6468,0.9711,0.0025,0.024,0.0028,0.0549,-0.0018,0.0061,0.0351,-0.06,high quality,blurry,0.4214,0.453,0.4502,0.4443,0.4153,0.4193,0.4521,0.3974,0.4502,0.3953,0.4461,0.4092,0.3842,0.5121,v0,bioclip_2_image
48816,/mnt/d/Photos/Z8/180-600mm/2026/2026-03-01/DSC_2254.NEF,23292,3,Green,reject,neutral,0.9085,0.5388,0.9963,0.4531,0.6408,0.9762,0.0026,0.023,0.0016,0.0558,-0.0019,0.0058,0.0371,-0.0595,high quality,blurry,0.4188,0.4495,0.4479,0.4415,0.4124,0.4176,0.4485,0.3958,0.4479,0.392,0.4434,0.4066,0.3805,0.508,v0,bioclip_2_image
48817,/mnt/d/Photos/Z8/180-600mm/2026/2026-03-01/DSC_2255.NEF,23292,3,Blue,reject,neutral,0.9221,0.5912,0.9961,0.4588,0.633,0.9758,0.0021,0.0247,0.0037,0.0554,-0.0017,0.0055,0.037,-0.0617,high quality,blurry,0.4216,0.4525,0.45,0.4439,0.4128,0.4197,0.4492,0.3969,0.4488,0.3946,0.4455,0.4074,0.3827,0.5109,v0,bioclip_2_image
48818,/mnt/d/Photos/Z8/180-600mm/2026/2026-03-01/DSC_2256.NEF,23292,3,Blue,neutral,neutral,0.9079,0.6208,0.9959,0.4166,0.6499,0.9719,0.0015,0.0229,0.0049,0.0549,-0.0034,0.0062,0.0354,-0.0647,high quality,blurry,0.4184,0.4515,0.4469,0.4408,0.412,0.415,0.4506,0.3956,0.4465,0.392,0.4441,0.4058,0.3796,0.5154,v0,bioclip_2_image
48819,/mnt/d/Photos/Z8/180-600mm/2026/2026-03-01/DSC_2257.NEF,23292,4,Blue,neutral,picked,0.8986,0.5753,0.9958,0.4125,0.5802,0.9633,0.0013,0.0218,0.003,0.0547,-0.0035,0.0032,0.0327,-0.0665,high quality,blurry,0.4161,0.4481,0.4458,0.4386,0.4087,0.412,0.4439,0.3943,0.4451,0.3911,0.4421,0.4055,0.3794,0.5104,v0,bioclip_2_image
48820,/mnt/d/Photos/Z8/180-600mm/2026/2026-03-01/DSC_2258.NEF,23292,4,Blue,pick,picked,0.8936,0.5908,0.9958,0.4052,0.6073,0.9648,0.0016,0.0213,0.0037,0.0546,-0.0038,0.0044,0.0331,-0.0642,high quality,blurry,0.4152,0.4479,0.4454,0.4375,0.4089,0.4113,0.4458,0.394,0.4442,0.3908,0.4413,0.4045,0.3782,0.51,v0,bioclip_2_image
48821,/mnt/d/Photos/Z8/180-600mm/2026/2026-03-01/DSC_2259.NEF,23292,4,Blue,pick,picked,0.897,0.6033,0.9956,0.3911,0.6058,0.9673,0.0017,0.0216,0.0042,0.0542,-0.0044,0.0043,0.0339,-0.0637,high quality,blurry,0.4147,0.4479,0.4444,0.4366,0.4088,0.4116,0.4459,0.393,0.4437,0.3901,0.441,0.4045,0.3778,0.5096,v0,bioclip_2_image
48822,/mnt/d/Photos/Z8/180-600mm/2026/2026-03-01/DSC_2260.NEF,23292,4,Blue,pick,picked,0.8965,0.5861,0.9954,0.426,0.5896,0.9633,0.0015,0.0216,0.0035,0.0539,-0.003,0.0036,0.0327,-0.0653,high quality,blurry,0.4165,0.449,0.4456,0.4397,0.4094,0.4124,0.4468,0.3949,0.4455,0.3918,0.4427,0.4057,0.3797,0.512,v0,bioclip_2_image
48823,/mnt/d/Photos/Z8/180-600mm/2026/2026-03-01/DSC_2261.NEF,23292,3,Green,reject,neutral,0.9166,0.6293,0.9978,0.5726,0.7181,0.9702,0.0028,0.024,0.0053,0.0613,0.0029,0.0094,0.0348,-0.0589,high quality,blurry,0.413,0.4509,0.4458,0.4374,0.4137,0.4092,0.4619,0.3891,0.4456,0.3846,0.4344,0.4043,0.3744,0.5207,v0,bioclip_2_image
48824,/mnt/d/Photos/Z8/180-600mm/2026/2026-03-01/DSC_2262.NEF,23293,4,Blue,reject,picked,0.8951,0.4923,0.9949,0.401,0.573,0.9746,0.0018,0.0214,-0.0003,0.0528,-0.004,0.0029,0.0365,-0.0633,high quality,blurry,0.418,0.4466,0.4455,0.4395,0.4107,0.4183,0.442,0.3966,0.4469,0.3928,0.4435,0.4078,0.3818,0.5054,v0,bioclip_2_image
48825,/mnt/d/Photos/Z8/180-600mm/2026/2026-03-01/DSC_2263.NEF,23293,4,Blue,neutral,picked,0.8999,0.5333,0.9952,0.3877,0.5745,0.9729,0.0017,0.022,0.0013,0.0534,-0.0046,0.003,0.0358,-0.064,high quality,blurry,0.419,0.4494,0.4474,0.441,0.4113,0.4201,0.4442,0.397,0.4481,0.394,0.4456,0.4083,0.3843,0.5082,v0,bioclip_2_image
48826,/mnt/d/Photos/Z8/180-600mm/2026/2026-03-01/DSC_2264.NEF,23293,4,Blue,neutral,picked,0.8997,0.5255,0.9959,0.355,0.5935,0.9727,0.0018,0.0219,0.001,0.0548,-0.006,0.0038,0.0357,-0.0631,high quality,blurry,0.4185,0.4487,0.4476,0.4392,0.4107,0.4192,0.443,0.3965,0.4477,0.3927,0.4452,0.4069,0.3834,0.5061,v0,bioclip_2_image
48827,/mnt/d/Photos/Z8/180-600mm/2026/2026-03-01/DSC_2265.NEF,23293,4,Blue,pick,picked,0.9045,0.5661,0.9956,0.3585,0.5829,0.9732,0.002,0.0225,0.0027,0.0542,-0.0058,0.0033,0.0359,-0.0623,high quality,blurry,0.4185,0.45,0.4473,0.4394,0.411,0.4197,0.4464,0.396,0.4473,0.3932,0.4452,0.4076,0.3838,0.5087,v0,bioclip_2_image
48828,/mnt/d/Photos/Z8/180-600mm/2026/2026-03-01/DSC_2266.NEF,23293,4,Blue,pick,picked,0.8985,0.5195,0.996,0.3658,0.5832,0.9699,0.0019,0.0218,0.0008,0.0552,-0.0055,0.0034,0.0347,-0.0628,high quality,blurry,0.4177,0.4483,0.4469,0.4388,0.4098,0.4185,0.4445,0.3959,0.4475,0.3917,0.4443,0.4064,0.3838,0.5073,v0,bioclip_2_image
48829,/mnt/d/Photos/Z8/180-600mm/2026/2026-03-01/DSC_2267.NEF,23293,4,Blue,reject,picked,0.8862,0.4833,0.9947,0.3747,0.5605,0.9681,0.0022,0.0205,-0.0007,0.0523,-0.0051,0.0024,0.0341,-0.0613,high quality,blurry,0.4208,0.4496,0.4482,0.4417,0.4127,0.4194,0.4446,0.4003,0.4503,0.3959,0.4469,0.4103,0.3853,0.5059,v0,bioclip_2_image
48830,/mnt/d/Photos/Z8/180-600mm/2026/2026-03-01/DSC_2268.NEF,23293,4,Blue,reject,picked,0.9118,0.543,0.9954,0.4037,0.6482,0.9762,0.0018,0.0234,0.0017,0.0537,-0.0039,0.0061,0.0371,-0.0634,high quality,blurry,0.4215,0.4509,0.4486,0.4422,0.4146,0.4211,0.4474,0.3982,0.4491,0.3949,0.4461,0.4085,0.384,0.5107,v0,bioclip_2_image
48831,/mnt/d/Photos/Z8/180-600mm/2026/2026-03-01/DSC_2269.NEF,23293,4,Blue,neutral,picked,0.8995,0.4729,0.9954,0.436,0.635,0.9708,0.0017,0.0219,-0.0011,0.0537,-0.0026,0.0055,0.0351,-0.0638,high quality,blurry,0.4193,0.4472,0.4457,0.441,0.4133,0.4171,0.4467,0.3974,0.4483,0.392,0.4436,0.4078,0.382,0.5106,v0,bioclip_2_image
48832,/mnt/d/Photos/Z8/180-600mm/2026/2026-03-01/DSC_2270.NEF,23293,4,Blue,neutral,picked,0.8942,0.4484,0.9951,0.4226,0.6279,0.9722,0.0017,0.0213,-0.0021,0.0531,-0.0031,0.0052,0.0355,-0.0637,high quality,blurry,0.419,0.4465,0.4456,0.4408,0.4133,0.4173,0.4471,0.3977,0.4486,0.3925,0.4439,0.408,0.3817,0.5109,v0,bioclip_2_image
48833,/mnt/d/Photos/Z8/180-600mm/2026/2026-03-01/DSC_2271.NEF,23293,4,Blue,pick,picked,0.9059,0.4877,0.9953,0.4568,0.6199,0.9699,0.0018,0.0227,-0.0005,0.0535,-0.0017,0.0049,0.0347,-0.0632,high quality,blurry,0.4186,0.4472,0.4448,0.4408,0.4138,0.4166,0.4487,0.396,0.4477,0.3912,0.4426,0.409,0.3818,0.512,v0,bioclip_2_image
48834,/mnt/d/Photos/Z8/180-600mm/2026/2026-03-01/DSC_2272.NEF,23294,4,Blue,neutral,picked,0.8817,0.5739,0.9946,0.3002,0.6111,0.9634,0.002,0.0201,0.003,0.0522,-0.0085,0.0045,0.0327,-0.062,a photo with strong subject separation,blurry,0.415,0.4477,0.4446,0.4355,0.4107,0.4143,0.4509,0.3949,0.4447,0.3924,0.444,0.4061,0.3816,0.5129,v0,bioclip_2_image
48835,/mnt/d/Photos/Z8/180-600mm/2026/2026-03-01/DSC_2273.NEF,23294,4,Blue,neutral,picked,0.8803,0.5651,0.9945,0.2937,0.601,0.961,0.0019,0.02,0.0026,0.052,-0.0088,0.0041,0.032,-0.0625,a photo with strong subject separation,blurry,0.4156,0.4478,0.4451,0.4361,0.4106,0.4147,0.4487,0.3957,0.4451,0.3932,0.4448,0.4065,0.3827,0.5112,v0,bioclip_2_image
48836,/mnt/d/Photos/Z8/180-600mm/2026/2026-03-01/DSC_2274.NEF,23294,4,Blue,reject,picked,0.8972,0.5791,0.9936,0.3286,0.583,0.9635,0.0019,0.0217,0.0032,0.0505,-0.0071,0.0034,0.0327,-0.0624,a photo with strong subject separation,blurry,0.4177,0.4491,0.4449,0.4379,0.4111,0.4161,0.4488,0.396,0.4459,0.3944,0.4451,0.4078,0.3834,0.5112,v0,bioclip_2_image
48837,/mnt/d/Photos/Z8/180-600mm/2026/2026-03-01/DSC_2275.NEF,23294,4,Blue,neutral,picked,0.8972,0.5402,0.9951,0.3617,0.6173,0.9611,0.0024,0.0217,0.0016,0.0532,-0.0057,0.0048,0.0321,-0.0601,high quality,blurry,0.4177,0.4481,0.4467,0.4377,0.4121,0.416,0.4497,0.396,0.4465,0.3934,0.4434,0.4073,0.384,0.5098,v0,bioclip_2_image
48838,/mnt/d/Photos/Z8/180-600mm/2026/2026-03-01/DSC_2276.NEF,23294,4,Blue,pick,picked,0.8928,0.5485,0.9944,0.35,0.5899,0.962,0.0024,0.0212,0.0019,0.0517,-0.0062,0.0036,0.0323,-0.0605,high quality,blurry,0.4181,0.4497,0.4462,0.4391,0.4119,0.4159,0.4487,0.3969,0.4477,0.3945,0.4453,0.4083,0.3836,0.5092,v0,bioclip_2_image
48839,/mnt/d/Photos/Z8/180-600mm/2026/2026-03-01/DSC_2277.NEF,23294,4,Blue,neutral,picked,0.9131,0.53,0.9945,0.3891,0.6254,0.9723,0.0029,0.0235,0.0012,0.0519,-0.0045,0.0051,0.0356,-0.0583,high quality,blurry,0.4202,0.4509,0.447,0.4413,0.4144,0.4202,0.4516,0.3967,0.4497,0.3951,0.4458,0.4092,0.3847,0.51,v0,bioclip_2_image
48840,/mnt/d/Photos/Z8/180-600mm/2026/2026-03-01/DSC_2278.NEF,23294,4,Blue,pick,picked,0.9016,0.5122,0.994,0.3989,0.6125,0.9746,0.0022,0.0222,0.0005,0.051,-0.0041,0.0046,0.0365,-0.0613,high quality,blurry,0.421,0.4509,0.4483,0.4431,0.4148,0.4219,0.4478,0.3988,0.4504,0.3973,0.4472,0.4103,0.3854,0.5091,v0,bioclip_2_image
48841,/mnt/d/Photos/Z8/180-600mm/2026/2026-03-01/DSC_2279.NEF,23294,4,Blue,pick,picked,0.9022,0.5197,0.9943,0.3948,0.6071,0.973,0.0018,0.0222,0.0008,0.0515,-0.0043,0.0044,0.0359,-0.0632,high quality,blurry,0.4211,0.4501,0.4487,0.4428,0.4142,0.4222,0.4466,0.3989,0.4493,0.3971,0.447,0.4099,0.3864,0.5098,v0,bioclip_2_image
48842,/mnt/d/Photos/Z8/180-600mm/2026/2026-03-01/DSC_2280.NEF,23294,4,Blue,neutral,picked,0.901,0.4899,0.9944,0.4453,0.598,0.9727,0.0017,0.0221,-0.0004,0.0519,-0.0022,0.004,0.0357,-0.0637,high quality,blurry,0.4211,0.4493,0.4485,0.4434,0.4141,0.4222,0.4451,0.399,0.4497,0.3967,0.4456,0.4102,0.3865,0.5088,v0,bioclip_2_image
48843,/mnt/d/Photos/Z8/180-600mm/2026/2026-03-01/DSC_2281.NEF,23294,4,Blue,neutral,picked,0.8996,0.5445,0.9938,0.3949,0.5926,0.9718,0.002,0.0219,0.0018,0.0508,-0.0043,0.0037,0.0354,-0.0623,a photo with strong subject separation,blurry,0.4203,0.451,0.4483,0.4421,0.4139,0.4213,0.4464,0.3984,0.4492,0.3975,0.4464,0.4102,0.3859,0.5087,v0,bioclip_2_image
48844,/mnt/d/Photos/Z8/180-600mm/2026/2026-03-01/DSC_2282.NEF,23294,4,Blue,pick,picked,0.8985,0.5323,0.9951,0.3927,0.6261,0.9654,0.0017,0.0218,0.0013,0.0532,-0.0044,0.0052,0.0333,-0.0638,high quality,blurry,0.4172,0.4481,0.4464,0.4396,0.4133,0.416,0.4449,0.3954,0.4468,0.3932,0.444,0.4081,0.3828,0.5086,v0,bioclip_2_image
48845,/mnt/d/Photos/Z8/180-600mm/2026/2026-03-01/DSC_2283.NEF,23294,4,Blue,neutral,picked,0.8851,0.514,0.9945,0.4086,0.6318,0.9618,0.0016,0.0204,0.0006,0.052,-0.0037,0.0054,0.0323,-0.0645,high quality,blurry,0.4189,0.4476,0.446,0.4409,0.4142,0.4161,0.4432,0.3985,0.4471,0.394,0.4446,0.4088,0.3839,0.5077,v0,bioclip_2_image
48846,/mnt/d/Photos/Z8/180-600mm/2026/2026-03-01/DSC_2284.NEF,23294,4,Blue,reject,picked,0.8861,0.514,0.9939,0.4154,0.6476,0.9657,0.0016,0.0205,0.0006,0.0509,-0.0034,0.0061,0.0334,-0.0645,high quality,blurry,0.419,0.4474,0.4451,0.4409,0.4144,0.4166,0.443,0.3984,0.4469,0.3942,0.4443,0.4083,0.3832,0.5076,v0,bioclip_2_image
48847,/mnt/d/Photos/Z8/180-600mm/2026/2026-03-01/DSC_2285.NEF,23294,4,Blue,reject,picked,0.8892,0.5513,0.995,0.4728,0.6153,0.9658,0.0019,0.0208,0.0021,0.0529,-0.0011,0.0047,0.0334,-0.0629,high quality,blurry,0.418,0.449,0.4455,0.4406,0.4132,0.4151,0.4458,0.3972,0.4469,0.3926,0.4417,0.4085,0.3817,0.5087,v0,bioclip_2_image
48848,/mnt/d/Photos/Z8/180-600mm/2026/2026-03-01/DSC_2286.NEF,23294,4,Blue,reject,picked,0.8847,0.5169,0.9936,0.4374,0.6548,0.9631,0.0017,0.0204,0.0007,0.0504,-0.0025,0.0064,0.0326,-0.0638,high quality,blurry,0.4202,0.4484,0.4454,0.4423,0.4159,0.4169,0.444,0.3998,0.4477,0.395,0.4448,0.4095,0.3843,0.5079,v0,bioclip_2_image
48849,/mnt/d/Photos/Z8/180-600mm/2026/2026-03-01/DSC_2287.NEF,23295,4,Blue,neutral,picked,0.9042,0.5217,0.9941,0.4992,0.6609,0.9637,0.0022,0.0224,0.0009,0.0513,-0.0,0.0067,0.0328,-0.0614,a photo with strong subject separation,blurry,0.421,0.4495,0.4459,0.4417,0.4157,0.4181,0.444,0.3986,0.4486,0.3945,0.4417,0.409,0.3853,0.5054,v0,bioclip_2_image
48850,/mnt/d/Photos/Z8/180-600mm/2026/2026-03-01/DSC_2288.NEF,23295,5,Blue,pick,picked,0.9073,0.5616,0.9934,0.4924,0.6463,0.9593,0.0019,0.0228,0.0025,0.0502,-0.0003,0.006,0.0316,-0.0626,a photo with strong subject separation,blurry,0.422,0.4514,0.4463,0.4432,0.4156,0.4185,0.4437,0.3992,0.4489,0.3961,0.4435,0.4095,0.3869,0.5063,v0,bioclip_2_image
48851,/mnt/d/Photos/Z8/180-600mm/2026/2026-03-01/DSC_2289.NEF,23295,4,Blue,neutral,picked,0.9042,0.5162,0.9942,0.4837,0.6493,0.9641,0.0018,0.0225,0.0006,0.0515,-0.0007,0.0062,0.0329,-0.0631,high quality,blurry,0.4217,0.4494,0.4467,0.442,0.4149,0.4186,0.4428,0.3992,0.4487,0.3951,0.4427,0.4088,0.3857,0.5059,v0,bioclip_2_image
48852,/mnt/d/Photos/Z8/180-600mm/2026/2026-03-01/DSC_2290.NEF,23295,4,Blue,neutral,picked,0.9026,0.5143,0.9943,0.4794,0.668,0.9635,0.0019,0.0223,0.0006,0.0517,-0.0008,0.007,0.0327,-0.0627,high quality,blurry,0.4209,0.4494,0.4459,0.442,0.4147,0.4174,0.4431,0.3986,0.4488,0.3942,0.4429,0.4077,0.3847,0.5058,v0,bioclip_2_image
48853,/mnt/d/Photos/Z8/180-600mm/2026/2026-03-01/DSC_2291.NEF,23295,4,Blue,reject,picked,0.9097,0.5858,0.9944,0.517,0.6725,0.9688,0.0021,0.0231,0.0035,0.0517,0.0007,0.0072,0.0344,-0.0618,high quality,blurry,0.419,0.4498,0.444,0.4413,0.4141,0.4169,0.4442,0.3959,0.4463,0.3923,0.4406,0.4069,0.3825,0.5059,v0,bioclip_2_image
48854,/mnt/d/Photos/Z8/180-600mm/2026/2026-03-01/DSC_2292.NEF,23295,4,Blue,reject,picked,0.9065,0.5524,0.9943,0.5135,0.6425,0.9723,0.002,0.0227,0.0021,0.0517,0.0005,0.0059,0.0356,-0.0621,high quality,blurry,0.42,0.4502,0.4454,0.4418,0.4156,0.4187,0.4443,0.3973,0.4481,0.3937,0.4413,0.4097,0.3832,0.5064,v0,bioclip_2_image
48855,/mnt/d/Photos/Z8/180-600mm/2026/2026-03-01/DSC_2293.NEF,23295,4,Blue,reject,picked,0.9076,0.523,0.9952,0.5091,0.6688,0.9729,0.0018,0.0228,0.0009,0.0533,0.0004,0.007,0.0358,-0.0632,high quality,blurry,0.42,0.4486,0.4456,0.4411,0.4155,0.4193,0.4425,0.3971,0.4476,0.3923,0.4408,0.4085,0.3835,0.5057,v0,bioclip_2_image
48856,/mnt/d/Photos/Z8/180-600mm/2026/2026-03-01/DSC_2294.NEF,23295,4,Blue,neutral,picked,0.908,0.5358,0.9947,0.514,0.6815,0.9691,0.0019,0.0229,0.0014,0.0523,0.0006,0.0076,0.0345,-0.0625,high quality,blurry,0.4212,0.4507,0.4464,0.4432,0.4161,0.4194,0.444,0.3983,0.4492,0.3941,0.4426,0.4085,0.3849,0.5064,v0,bioclip_2_image
48857,/mnt/d/Photos/Z8/180-600mm/2026/2026-03-01/DSC_2295.NEF,23295,4,Blue,reject,picked,0.9073,0.5523,0.9946,0.5287,0.6654,0.9706,0.002,0.0228,0.0021,0.0522,0.0011,0.0069,0.035,-0.0623,high quality,blurry,0.4213,0.4519,0.447,0.4432,0.4169,0.4199,0.4453,0.3984,0.4498,0.3948,0.442,0.41,0.3849,0.5076,v0,bioclip_2_image
48858,/mnt/d/Photos/Z8/180-600mm/2026/2026-03-01/DSC_2296.NEF,23295,4,Blue,neutral,picked,0.9054,0.5518,0.9939,0.5062,0.6556,0.9671,0.0019,0.0226,0.0021,0.051,0.0002,0.0064,0.0338,-0.0629,high quality,blurry,0.4231,0.4529,0.4476,0.4441,0.4183,0.421,0.4439,0.4006,0.4508,0.3967,0.4438,0.4118,0.3872,0.5068,v0,bioclip_2_image
48859,/mnt/d/Photos/Z8/180-600mm/2026/2026-03-01/DSC_2297.NEF,23295,5,Blue,pick,picked,0.9052,0.5497,0.9946,0.4902,0.6481,0.9689,0.0019,0.0226,0.002,0.0522,-0.0004,0.0061,0.0344,-0.0624,high quality,blurry,0.4215,0.4502,0.4465,0.4415,0.4162,0.4192,0.4421,0.399,0.4482,0.3944,0.4419,0.4101,0.3848,0.5045,v0,bioclip_2_image
48860,/mnt/d/Photos/Z8/180-600mm/2026/2026-03-01/DSC_2298.NEF,23295,5,Blue,pick,picked,0.918,0.6006,0.9956,0.5344,0.7025,0.9705,0.0024,0.0242,0.0041,0.0543,0.0014,0.0086,0.035,-0.0605,high quality,blurry,0.421,0.4515,0.4467,0.4422,0.4169,0.4187,0.4454,0.3969,0.4474,0.3924,0.4408,0.4083,0.3837,0.5059,v0,bioclip_2_image
48861,/mnt/d/Photos/Z8/180-600mm/2026/2026-03-01/DSC_2299.NEF,23295,4,Blue,neutral,picked,0.9042,0.5525,0.9944,0.478,0.65,0.9674,0.0024,0.0224,0.0021,0.0518,-0.0009,0.0062,0.0339,-0.0603,high quality,blurry,0.4224,0.4514,0.4478,0.4429,0.4167,0.4204,0.4456,0.3999,0.4492,0.396,0.4438,0.4105,0.3865,0.5058,v0,bioclip_2_image
48862,/mnt/d/Photos/Z8/180-600mm/2026/2026-03-01/DSC_2300.NEF,23295,5,Blue,pick,picked,0.9085,0.5612,0.9952,0.5035,0.6908,0.9669,0.0022,0.023,0.0025,0.0533,0.0001,0.008,0.0338,-0.0611,high quality,blurry,0.4213,0.4504,0.4468,0.4426,0.4163,0.4184,0.4441,0.3983,0.4479,0.3935,0.4425,0.4083,0.3847,0.5052,v0,bioclip_2_image
48863,/mnt/d/Photos/Z8/180-600mm/2026/2026-03-01/DSC_2301.NEF,23295,5,Blue,pick,picked,0.9081,0.5736,0.9947,0.4982,0.6834,0.9691,0.0024,0.0229,0.003,0.0523,-0.0001,0.0077,0.0344,-0.0604,high quality,blurry,0.421,0.4509,0.4464,0.4427,0.4163,0.419,0.4451,0.3981,0.448,0.394,0.4428,0.4086,0.3845,0.5055,v0,bioclip_2_image
48864,/mnt/d/Photos/Z8/180-600mm/2026/2026-03-01/DSC_2302.NEF,23295,5,Blue,pick,picked,0.9103,0.5569,0.9953,0.4958,0.6963,0.9686,0.0022,0.0232,0.0023,0.0536,-0.0002,0.0083,0.0343,-0.0611,high quality,blurry,0.4213,0.4506,0.4467,0.4426,0.4162,0.4188,0.4442,0.3981,0.4483,0.3931,0.4428,0.4079,0.3845,0.5052,v0,bioclip_2_image
48865,/mnt/d/Photos/Z8/180-600mm/2026/2026-03-01/DSC_2303.NEF,23295,5,Blue,pick,picked,0.9061,0.5679,0.9947,0.494,0.6598,0.9629,0.0022,0.0227,0.0027,0.0523,-0.0002,0.0066,0.0326,-0.0612,high quality,blurry,0.4236,0.4527,0.4484,0.445,0.4183,0.4204,0.444,0.401,0.4499,0.3961,0.4452,0.4117,0.3878,0.5051,v0,bioclip_2_image
48866,/mnt/d/Photos/Z8/180-600mm/2026/2026-03-01/DSC_2304.NEF,23295,4,Blue,reject,picked,0.9083,0.5715,0.9947,0.5249,0.6812,0.9627,0.0025,0.0229,0.0029,0.0524,0.001,0.0076,0.0325,-0.06,high quality,blurry,0.4231,0.4528,0.4475,0.4445,0.4181,0.4194,0.4457,0.4002,0.4499,0.3951,0.4435,0.4105,0.3869,0.5057,v0,bioclip_2_image
48867,/mnt/d/Photos/Z8/180-600mm/2026/2026-03-01/DSC_2305.NEF,23295,4,Blue,reject,picked,0.9064,0.5923,0.9947,0.4904,0.6594,0.9617,0.0023,0.0227,0.0037,0.0523,-0.0004,0.0066,0.0322,-0.0606,high quality,blurry,0.4214,0.4516,0.4466,0.4416,0.4161,0.4174,0.4442,0.3987,0.4478,0.3943,0.442,0.4095,0.3851,0.5048,v0,bioclip_2_image
48868,/mnt/d/Photos/Z8/180-600mm/2026/2026-03-01/DSC_2306.NEF,23295,4,Blue,reject,picked,0.9059,0.575,0.9946,0.5092,0.6593,0.9628,0.0024,0.0226,0.003,0.0522,0.0004,0.0066,0.0325,-0.0604,high quality,blurry,0.4211,0.4509,0.4462,0.4413,0.4156,0.4174,0.4438,0.3985,0.4479,0.3939,0.441,0.409,0.3848,0.5041,v0,bioclip_2_image
48869,/mnt/d/Photos/Z8/180-600mm/2026/2026-03-01/DSC_2307.NEF,23295,4,Blue,neutral,picked,0.9073,0.572,0.9946,0.5166,0.6516,0.9624,0.0022,0.0228,0.0029,0.0522,0.0007,0.0063,0.0324,-0.061,high quality,blurry,0.4214,0.4513,0.4466,0.4423,0.416,0.418,0.4439,0.3986,0.4484,0.3945,0.4416,0.4097,0.3856,0.5049,v0,bioclip_2_image
48870,/mnt/d/Photos/Z8/180-600mm/2026/2026-03-01/DSC_2308.NEF,23295,4,Blue,reject,picked,0.9044,0.5668,0.9941,0.5041,0.6675,0.9624,0.0022,0.0225,0.0027,0.0513,0.0002,0.007,0.0324,-0.061,high quality,blurry,0.4232,0.4525,0.4477,0.4442,0.4176,0.4199,0.4457,0.4007,0.4498,0.3964,0.444,0.4107,0.3875,0.5068,v0,bioclip_2_image
48871,/mnt/d/Photos/Z8/180-600mm/2026/2026-03-01/DSC_2309.NEF,23295,4,Blue,neutral,picked,0.9021,0.5398,0.9944,0.4826,0.6415,0.965,0.0021,0.0222,0.0016,0.0519,-0.0007,0.0058,0.0332,-0.0615,high quality,blurry,0.4216,0.4509,0.447,0.4416,0.4161,0.4184,0.443,0.3994,0.4493,0.3951,0.4423,0.4102,0.3853,0.5045,v0,bioclip_2_image
48872,/mnt/d/Photos/Z8/180-600mm/2026/2026-03-01/DSC_2310.NEF,23295,4,Blue,reject,picked,0.9111,0.5625,0.9943,0.4851,0.6753,0.9664,0.0023,0.0233,0.0025,0.0516,-0.0006,0.0073,0.0336,-0.0606,a photo with strong subject separation,blurry,0.4217,0.4519,0.4463,0.4427,0.4156,0.4189,0.4473,0.3984,0.4494,0.3946,0.4433,0.4083,0.3854,0.5079,v0,bioclip_2_image
48873,/mnt/d/Photos/Z8/180-600mm/2026/2026-03-01/DSC_2311.NEF,23295,5,Blue,pick,picked,0.8972,0.5404,0.9944,0.4798,0.6673,0.9635,0.0021,0.0217,0.0016,0.0518,-0.0008,0.007,0.0327,-0.0618,high quality,blurry,0.4204,0.4498,0.4461,0.4425,0.4154,0.4171,0.4445,0.3988,0.4482,0.3943,0.4433,0.4084,0.3844,0.5063,v0,bioclip_2_image
48874,/mnt/d/Photos/Z8/180-600mm/2026/2026-03-01/DSC_2312.NEF,23295,5,Blue,pick,picked,0.8943,0.526,0.9945,0.4735,0.6672,0.9647,0.0022,0.0214,0.001,0.052,-0.0011,0.007,0.0331,-0.0613,high quality,blurry,0.42,0.4494,0.4458,0.4423,0.415,0.4172,0.4448,0.3986,0.4484,0.3938,0.4433,0.4081,0.3841,0.5061,v0,bioclip_2_image
48875,/mnt/d/Photos/Z8/180-600mm/2026/2026-03-01/DSC_2313.NEF,23296,5,Blue,neutral,picked,0.8955,0.564,0.9942,0.4313,0.6627,0.9586,0.0023,0.0215,0.0026,0.0515,-0.0028,0.0068,0.0314,-0.0606,high quality,blurry,0.4202,0.4501,0.4457,0.4418,0.4146,0.417,0.4444,0.3987,0.4475,0.3941,0.4445,0.4079,0.3856,0.5049,v0,bioclip_2_image
48876,/mnt/d/Photos/Z8/180-600mm/2026/2026-03-01/DSC_2314.NEF,23296,5,Blue,neutral,picked,0.8883,0.5659,0.9924,0.4553,0.6462,0.9579,0.0024,0.0207,0.0027,0.0487,-0.0018,0.006,0.0312,-0.0604,high quality,blurry,0.4167,0.4468,0.4408,0.4391,0.4121,0.4133,0.4455,0.3959,0.4441,0.3921,0.4409,0.4061,0.3821,0.5059,v0,bioclip_2_image
48877,/mnt/d/Photos/Z8/180-600mm/2026/2026-03-01/DSC_2315.NEF,23295,4,Blue,neutral,picked,0.9119,0.6016,0.9945,0.4743,0.664,0.9718,0.0023,0.0234,0.0041,0.0519,-0.001,0.0068,0.0354,-0.0609,high quality,blurry,0.4183,0.4483,0.4442,0.4386,0.4128,0.4168,0.4423,0.3949,0.4441,0.3922,0.4396,0.406,0.3813,0.5031,v0,bioclip_2_image
48878,/mnt/d/Photos/Z8/180-600mm/2026/2026-03-01/DSC_2316.NEF,23295,4,Blue,neutral,picked,0.9125,0.6056,0.9945,0.5047,0.6659,0.9731,0.002,0.0234,0.0043,0.0519,0.0002,0.0069,0.0359,-0.062,high quality,blurry,0.4199,0.45,0.4454,0.4401,0.4145,0.4184,0.4403,0.3965,0.4457,0.3935,0.4399,0.4076,0.3825,0.5023,v0,bioclip_2_image
48879,/mnt/d/Photos/Z8/180-600mm/2026/2026-03-01/DSC_2317.NEF,23295,4,Blue,reject,picked,0.9032,0.5885,0.9943,0.4921,0.646,0.9677,0.0022,0.0223,0.0036,0.0516,-0.0003,0.006,0.034,-0.061,high quality,blurry,0.4217,0.4512,0.4472,0.4417,0.4165,0.4194,0.4425,0.3993,0.4477,0.3956,0.442,0.4105,0.3854,0.5035,v0,bioclip_2_image
48880,/mnt/d/Photos/Z8/180-600mm/2026/2026-03-01/DSC_2318.NEF,23295,4,Blue,neutral,picked,0.9003,0.5762,0.9944,0.5191,0.6536,0.962,0.002,0.022,0.0031,0.0517,0.0008,0.0064,0.0323,-0.062,high quality,blurry,0.4213,0.4516,0.4465,0.4434,0.4166,0.4188,0.4432,0.3993,0.4485,0.3948,0.4427,0.4102,0.3864,0.5052,v0,bioclip_2_image
48881,/mnt/d/Photos/Z8/180-600mm/2026/2026-03-01/DSC_2319.NEF,23295,5,Blue,pick,picked,0.909,0.6122,0.9946,0.4924,0.6795,0.9696,0.0022,0.023,0.0046,0.0522,-0.0003,0.0075,0.0346,-0.0612,high quality,blurry,0.4191,0.4506,0.4447,0.4407,0.4147,0.4175,0.4438,0.3961,0.446,0.3925,0.441,0.4072,0.3829,0.505,v0,bioclip_2_image
48882,/mnt/d/Photos/Z8/180-600mm/2026/2026-03-01/DSC_2320.NEF,23295,5,Blue,pick,picked,0.8998,0.5635,0.9941,0.4974,0.689,0.9655,0.0023,0.0219,0.0026,0.0513,-0.0001,0.008,0.0333,-0.0606,high quality,blurry,0.4205,0.4501,0.4459,0.4424,0.4163,0.4176,0.4456,0.3986,0.4475,0.3946,0.4425,0.4084,0.3843,0.5062,v0,bioclip_2_image
48883,/mnt/d/Photos/Z8/180-600mm/2026/2026-03-01/DSC_2321.NEF,23296,5,Blue,neutral,picked,0.8981,0.538,0.9942,0.4866,0.6818,0.9627,0.0022,0.0218,0.0015,0.0515,-0.0005,0.0076,0.0325,-0.0612,high quality,blurry,0.4169,0.4474,0.4414,0.4399,0.4123,0.4137,0.4477,0.3952,0.4459,0.3899,0.4404,0.4047,0.3812,0.5089,v0,bioclip_2_image
48884,/mnt/d/Photos/Z8/180-600mm/2026/2026-03-01/DSC_2322.NEF,23296,5,Blue,neutral,picked,0.894,0.565,0.9939,0.4841,0.6746,0.9597,0.0021,0.0213,0.0026,0.0509,-0.0006,0.0073,0.0317,-0.0616,high quality,blurry,0.4178,0.4485,0.4427,0.4403,0.4129,0.4143,0.4448,0.3965,0.4459,0.3918,0.4409,0.4056,0.3826,0.5064,v0,bioclip_2_image
48885,/mnt/d/Photos/Z8/180-600mm/2026/2026-03-01/DSC_2323.NEF,23296,5,Blue,neutral,picked,0.8882,0.5236,0.9939,0.5185,0.6606,0.9582,0.002,0.0207,0.0009,0.051,0.0007,0.0067,0.0313,-0.0621,high quality,blurry,0.418,0.4486,0.4436,0.4421,0.4137,0.415,0.4471,0.3973,0.4476,0.3926,0.4414,0.407,0.3837,0.5091,v0,bioclip_2_image
48886,/mnt/d/Photos/Z8/180-600mm/2026/2026-03-01/DSC_2324.NEF,23296,5,Blue,pick,picked,0.8807,0.5606,0.9934,0.4403,0.6702,0.9585,0.0023,0.02,0.0024,0.0501,-0.0024,0.0071,0.0314,-0.0608,high quality,blurry,0.4164,0.4473,0.442,0.4389,0.4125,0.4126,0.4455,0.3964,0.4449,0.3919,0.4413,0.4054,0.3812,0.5062,v0,bioclip_2_image
48887,/mnt/d/Photos/Z8/180-600mm/2026/2026-03-01/DSC_2325.NEF,23296,5,Blue,pick,picked,0.8855,0.5452,0.9944,0.4508,0.6968,0.9603,0.0024,0.0205,0.0018,0.0519,-0.002,0.0083,0.0319,-0.0602,high quality,blurry,0.4155,0.4471,0.4422,0.4387,0.4126,0.4115,0.4472,0.3951,0.4453,0.3903,0.4406,0.4042,0.3797,0.5075,v0,bioclip_2_image
48888,/mnt/d/Photos/Z8/180-600mm/2026/2026-03-01/DSC_2326.NEF,23296,5,Blue,pick,picked,0.8896,0.5041,0.9954,0.5002,0.7316,0.9621,0.0025,0.0209,0.0002,0.0538,0.0,0.01,0.0323,-0.06,high quality,blurry,0.4143,0.445,0.4407,0.4374,0.4127,0.4102,0.4491,0.3934,0.4449,0.3869,0.4374,0.4026,0.3779,0.509,v0,bioclip_2_image
48889,/mnt/d/Photos/Z8/180-600mm/2026/2026-03-01/DSC_2327.NEF,23296,5,Blue,pick,picked,0.8927,0.516,0.9949,0.4849,0.7494,0.9643,0.0023,0.0212,0.0006,0.0528,-0.0006,0.011,0.033,-0.0606,high quality,blurry,0.4148,0.4446,0.4407,0.4373,0.4129,0.4109,0.4457,0.3936,0.444,0.3879,0.4379,0.4019,0.378,0.5064,v0,bioclip_2_image
48890,/mnt/d/Photos/Z8/180-600mm/2026/2026-03-01/DSC_2328.NEF,23296,5,Blue,pick,picked,0.8875,0.5306,0.9945,0.4632,0.6942,0.9606,0.0025,0.0207,0.0012,0.052,-0.0015,0.0082,0.0319,-0.0601,high quality,blurry,0.415,0.4447,0.4415,0.4369,0.4123,0.4107,0.446,0.3943,0.4435,0.3894,0.4383,0.4041,0.3787,0.506,v0,bioclip_2_image
48891,/mnt/d/Photos/Z8/180-600mm/2026/2026-03-01/DSC_2329.NEF,23296,4,Blue,reject,picked,0.8997,0.5341,0.9946,0.4573,0.6981,0.9623,0.0021,0.0219,0.0014,0.0522,-0.0017,0.0084,0.0324,-0.0614,high quality,blurry,0.4155,0.4459,0.4419,0.4376,0.4112,0.4119,0.4447,0.3936,0.4445,0.3897,0.4393,0.4028,0.3795,0.5061,v0,bioclip_2_image
48892,/mnt/d/Photos/Z8/180-600mm/2026/2026-03-01/DSC_2330.NEF,23296,4,Blue,reject,picked,0.9015,0.5222,0.9948,0.4549,0.7115,0.961,0.0021,0.0221,0.0009,0.0525,-0.0018,0.009,0.032,-0.0617,high quality,blurry,0.4169,0.4472,0.4426,0.4387,0.4126,0.4126,0.4451,0.3948,0.4463,0.3901,0.4405,0.4036,0.3806,0.5068,v0,bioclip_2_image
48893,/mnt/d/Photos/Z8/180-600mm/2026/2026-03-01/DSC_2331.NEF,23296,4,Blue,reject,picked,0.8936,0.4991,0.9944,0.4733,0.7111,0.9592,0.0021,0.0213,-0.0,0.0519,-0.0011,0.009,0.0316,-0.0616,high quality,blurry,0.4203,0.4494,0.4456,0.4421,0.416,0.4155,0.4469,0.399,0.4494,0.3938,0.4432,0.407,0.384,0.5085,v0,bioclip_2_image
48894,/mnt/d/Photos/Z8/180-600mm/2026/2026-03-01/DSC_2332.NEF,23296,4,Blue,reject,picked,0.8874,0.5072,0.9947,0.4584,0.6977,0.9557,0.0021,0.0206,0.0003,0.0524,-0.0017,0.0084,0.0307,-0.0617,high quality,blurry,0.4184,0.448,0.4454,0.4409,0.4148,0.4132,0.4455,0.3978,0.4477,0.393,0.4425,0.4064,0.3825,0.5072,v0,bioclip_2_image
48895,/mnt/d/Photos/Z8/180-600mm/2026/2026-03-01/DSC_2333.NEF,23296,4,Blue,neutral,picked,0.8964,0.506,0.9943,0.4598,0.687,0.9616,0.0021,0.0216,0.0002,0.0517,-0.0016,0.0079,0.0322,-0.0618,high quality,blurry,0.4211,0.4493,0.446,0.4423,0.4149,0.417,0.4449,0.3995,0.4491,0.3943,0.4439,0.4071,0.3848,0.5068,v0,bioclip_2_image
48896,/mnt/d/Photos/Z8/180-600mm/2026/2026-03-01/DSC_2334.NEF,23296,4,Blue,neutral,picked,0.8926,0.4893,0.9946,0.4569,0.6994,0.9629,0.002,0.0212,-0.0004,0.0522,-0.0017,0.0084,0.0326,-0.0621,high quality,blurry,0.4192,0.4474,0.4452,0.4404,0.4144,0.4151,0.4451,0.398,0.4479,0.3929,0.4422,0.406,0.3826,0.5072,v0,bioclip_2_image
48897,/mnt/d/Photos/Z8/180-600mm/2026/2026-03-01/DSC_2335.NEF,23296,4,Blue,reject,picked,0.896,0.516,0.994,0.4661,0.6833,0.9634,0.002,0.0215,0.0006,0.051,-0.0014,0.0077,0.0327,-0.062,high quality,blurry,0.4213,0.4495,0.4459,0.4425,0.4152,0.4173,0.4455,0.3998,0.4489,0.3948,0.4439,0.4075,0.3845,0.5075,v0,bioclip_2_image
48898,/mnt/d/Photos/Z8/180-600mm/2026/2026-03-01/DSC_2336.NEF,23296,4,Blue,neutral,picked,0.8878,0.5152,0.9938,0.4343,0.672,0.9626,0.0021,0.0207,0.0006,0.0508,-0.0026,0.0072,0.0325,-0.0614,high quality,blurry,0.4188,0.4482,0.4448,0.4403,0.4141,0.4151,0.4451,0.3981,0.4476,0.394,0.443,0.4069,0.3827,0.5065,v0,bioclip_2_image
48899,/mnt/d/Photos/Z8/180-600mm/2026/2026-03-01/DSC_2337.NEF,23295,4,Blue,reject,picked,0.8997,0.5519,0.9943,0.4456,0.6468,0.9655,0.0022,0.0219,0.0021,0.0515,-0.0022,0.006,0.0333,-0.0612,high quality,blurry,0.4206,0.4496,0.4464,0.4409,0.4145,0.4175,0.4427,0.3987,0.4475,0.3949,0.4431,0.4085,0.3842,0.5039,v0,bioclip_2_image
48900,/mnt/d/Photos/Z8/180-600mm/2026/2026-03-01/DSC_2338.NEF,23295,4,Blue,neutral,picked,0.9004,0.5939,0.9946,0.4876,0.651,0.964,0.002,0.022,0.0038,0.0522,-0.0005,0.0062,0.0329,-0.0623,high quality,blurry,0.4196,0.4504,0.4463,0.441,0.4144,0.4172,0.442,0.3975,0.4466,0.3941,0.4415,0.4082,0.3843,0.5042,v0,bioclip_2_image
48901,/mnt/d/Photos/Z8/180-600mm/2026/2026-03-01/DSC_2339.NEF,23295,4,Blue,reject,picked,0.8989,0.5627,0.9947,0.4646,0.6401,0.9622,0.0019,0.0219,0.0025,0.0524,-0.0014,0.0058,0.0324,-0.0625,high quality,blurry,0.4206,0.4497,0.4472,0.441,0.415,0.4174,0.4398,0.3987,0.4472,0.3948,0.4424,0.4093,0.385,0.5023,v0,bioclip_2_image
48902,/mnt/d/Photos/Z8/180-600mm/2026/2026-03-01/DSC_2340.NEF,23295,4,Blue,reject,picked,0.8962,0.5779,0.9945,0.4594,0.6259,0.9625,0.0022,0.0216,0.0031,0.052,-0.0016,0.0051,0.0324,-0.0611,high quality,blurry,0.4203,0.4503,0.4469,0.4411,0.4152,0.4174,0.4421,0.3987,0.4471,0.3949,0.4428,0.4101,0.385,0.5031,v0,bioclip_2_image
48903,/mnt/d/Photos/Z8/180-600mm/2026/2026-03-01/DSC_2341.NEF,23295,4,Blue,reject,picked,0.895,0.5806,0.994,0.4343,0.6341,0.9618,0.0022,0.0214,0.0033,0.0511,-0.0026,0.0055,0.0323,-0.0612,high quality,blurry,0.4208,0.4505,0.4469,0.4413,0.4153,0.4178,0.4429,0.3993,0.4473,0.3958,0.4439,0.4098,0.3855,0.5041,v0,bioclip_2_image
48904,/mnt/d/Photos/Z8/180-600mm/2026/2026-03-01/DSC_2342.NEF,23295,4,Blue,reject,picked,0.891,0.5514,0.9947,0.4615,0.6544,0.9625,0.0023,0.021,0.0021,0.0523,-0.0015,0.0064,0.0325,-0.0608,high quality,blurry,0.4207,0.4502,0.4473,0.4421,0.4159,0.4176,0.4428,0.3997,0.4482,0.395,0.4437,0.4095,0.3852,0.5036,v0,bioclip_2_image
48905,/mnt/d/Photos/Z8/180-600mm/2026/2026-03-01/DSC_2343.NEF,23295,4,Blue,neutral,picked,0.8964,0.5929,0.9942,0.4317,0.6707,0.9617,0.0022,0.0216,0.0038,0.0515,-0.0027,0.0071,0.0322,-0.0613,a photo with strong subject separation,blurry,0.4194,0.45,0.4457,0.4403,0.4148,0.4161,0.4435,0.3978,0.4462,0.3942,0.4431,0.4077,0.3838,0.5047,v0,bioclip_2_image
48906,/mnt/d/Photos/Z8/180-600mm/2026/2026-03-01/DSC_2344.NEF,23295,4,Blue,neutral,picked,0.8932,0.5489,0.9943,0.4503,0.6446,0.9609,0.0023,0.0212,0.002,0.0516,-0.002,0.006,0.032,-0.0607,high quality,blurry,0.4209,0.4505,0.4468,0.442,0.4155,0.4176,0.4435,0.3996,0.4485,0.3952,0.444,0.4096,0.3856,0.5042,v0,bioclip_2_image
48907,/mnt/d/Photos/Z8/180-600mm/2026/2026-03-01/DSC_2345.NEF,23295,4,Blue,neutral,picked,0.8934,0.551,0.9944,0.4517,0.6651,0.9585,0.0023,0.0213,0.002,0.0518,-0.0019,0.0069,0.0314,-0.0606,high quality,blurry,0.4203,0.4495,0.4467,0.4417,0.4142,0.4164,0.4444,0.3991,0.4474,0.3949,0.4436,0.4073,0.385,0.505,v0,bioclip_2_image
48908,/mnt/d/Photos/Z8/180-600mm/2026/2026-03-01/DSC_2346.NEF,23295,4,Blue,neutral,picked,0.898,0.5675,0.9949,0.4968,0.6449,0.9627,0.0022,0.0217,0.0027,0.0528,-0.0001,0.006,0.0325,-0.061,high quality,blurry,0.4189,0.4495,0.4459,0.4408,0.4131,0.4164,0.4432,0.3972,0.4468,0.3931,0.441,0.4072,0.3838,0.5042,v0,bioclip_2_image
48909,/mnt/d/Photos/Z8/180-600mm/2026/2026-03-01/DSC_2347.NEF,23295,5,Blue,pick,picked,0.8987,0.6079,0.9943,0.4391,0.664,0.964,0.0022,0.0218,0.0044,0.0515,-0.0024,0.0068,0.0329,-0.0613,high quality,blurry,0.4177,0.4492,0.444,0.4391,0.413,0.4155,0.4435,0.3958,0.4448,0.3925,0.4416,0.4061,0.3826,0.5048,v0,bioclip_2_image
48910,/mnt/d/Photos/Z8/180-600mm/2026/2026-03-01/DSC_2348.NEF,23295,5,Blue,pick,picked,0.9007,0.5965,0.9948,0.4627,0.6834,0.9616,0.0023,0.022,0.0039,0.0524,-0.0015,0.0077,0.0322,-0.0609,high quality,blurry,0.4202,0.4508,0.4465,0.4415,0.4153,0.4169,0.4433,0.3982,0.4469,0.394,0.443,0.4076,0.3847,0.5042,v0,bioclip_2_image
48911,/mnt/d/Photos/Z8/180-600mm/2026/2026-03-01/DSC_2349.NEF,23295,5,Blue,pick,picked,0.8956,0.586,0.9945,0.4781,0.6762,0.9595,0.0022,0.0215,0.0035,0.052,-0.0009,0.0074,0.0317,-0.0611,high quality,blurry,0.4207,0.4512,0.4471,0.4428,0.4159,0.4174,0.4433,0.3992,0.4477,0.395,0.4437,0.4085,0.3857,0.5043,v0,bioclip_2_image
48912,/mnt/d/Photos/Z8/180-600mm/2026/2026-03-01/DSC_2350.NEF,23295,5,Blue,pick,picked,0.8978,0.5949,0.9943,0.4286,0.6701,0.9602,0.0021,0.0217,0.0038,0.0515,-0.0029,0.0071,0.0318,-0.0615,high quality,blurry,0.4195,0.4506,0.446,0.4409,0.4143,0.4161,0.4435,0.3977,0.4467,0.3945,0.4438,0.4072,0.3843,0.505,v0,bioclip_2_image
48913,/mnt/d/Photos/Z8/180-600mm/2026/2026-03-01/DSC_2351.NEF,23295,4,Blue,neutral,picked,0.8961,0.6035,0.9942,0.4359,0.66,0.9647,0.0023,0.0215,0.0042,0.0514,-0.0026,0.0066,0.0331,-0.0607,high quality,blurry,0.4181,0.4486,0.4442,0.439,0.4125,0.4148,0.4425,0.3965,0.4444,0.3928,0.4416,0.4058,0.3818,0.5032,v0,bioclip_2_image
48914,/mnt/d/Photos/Z8/180-600mm/2026/2026-03-01/DSC_2352.NEF,23297,4,Blue,neutral,picked,0.8941,0.4968,0.9945,0.398,0.6679,0.961,0.0014,0.0213,-0.0001,0.0519,-0.0041,0.007,0.032,-0.0659,high quality,blurry,0.4222,0.4481,0.4487,0.4428,0.4157,0.4183,0.4376,0.4008,0.4482,0.3967,0.4469,0.4088,0.3863,0.5035,v0,bioclip_2_image
48915,/mnt/d/Photos/Z8/180-600mm/2026/2026-03-01/DSC_2353.NEF,23297,4,Blue,neutral,picked,0.8904,0.4942,0.9946,0.3976,0.6434,0.957,0.0013,0.0209,-0.0002,0.0521,-0.0042,0.0059,0.031,-0.0663,high quality,blurry,0.4206,0.4479,0.4476,0.442,0.4141,0.417,0.4374,0.3997,0.4481,0.3955,0.4461,0.4082,0.386,0.5038,v0,bioclip_2_image
48916,/mnt/d/Photos/Z8/180-600mm/2026/2026-03-01/DSC_2354.NEF,23297,4,Blue,neutral,picked,0.8963,0.5092,0.9951,0.4124,0.6146,0.9599,0.0014,0.0216,0.0004,0.0531,-0.0035,0.0047,0.0317,-0.0658,high quality,blurry,0.4201,0.4475,0.4474,0.4414,0.4136,0.4166,0.4377,0.3986,0.4471,0.3943,0.445,0.4089,0.3848,0.5035,v0,bioclip_2_image
48917,/mnt/d/Photos/Z8/180-600mm/2026/2026-03-01/DSC_2355.NEF,23298,4,Blue,pick,picked,0.8837,0.485,0.9938,0.4122,0.6045,0.952,0.0015,0.0203,-0.0006,0.0507,-0.0035,0.0042,0.0299,-0.0649,high quality,blurry,0.4236,0.451,0.4501,0.4448,0.4169,0.4195,0.4413,0.4033,0.4516,0.3994,0.4484,0.4126,0.3896,0.5062,v0,bioclip_2_image
48918,/mnt/d/Photos/Z8/180-600mm/2026/2026-03-01/DSC_2356.NEF,23298,4,Blue,pick,picked,0.869,0.5009,0.9942,0.3908,0.5693,0.9506,0.0014,0.0189,0.0,0.0514,-0.0044,0.0028,0.0296,-0.0654,high quality,blurry,0.4193,0.4475,0.448,0.4406,0.413,0.416,0.4376,0.4003,0.4474,0.3966,0.4451,0.4102,0.3864,0.5029,v0,bioclip_2_image
48919,/mnt/d/Photos/Z8/180-600mm/2026/2026-03-01/DSC_2357.NEF,23298,4,Blue,pick,picked,0.8865,0.5053,0.9948,0.4042,0.5909,0.9545,0.0015,0.0206,0.0002,0.0525,-0.0039,0.0037,0.0304,-0.0648,high quality,blurry,0.4207,0.4487,0.4487,0.4417,0.4143,0.417,0.4393,0.4001,0.4485,0.3962,0.4456,0.4106,0.3866,0.5041,v0,bioclip_2_image
48920,/mnt/d/Photos/Z8/180-600mm/2026/2026-03-01/DSC_2358.NEF,23298,4,Blue,reject,picked,0.8842,0.5055,0.9941,0.4295,0.5826,0.9501,0.0014,0.0203,0.0002,0.0513,-0.0028,0.0033,0.0295,-0.0654,high quality,blurry,0.4221,0.4501,0.449,0.4436,0.4151,0.418,0.4392,0.4018,0.4498,0.3978,0.4464,0.4118,0.3885,0.5046,v0,bioclip_2_image
48921,/mnt/d/Photos/Z8/180-600mm/2026/2026-03-01/DSC_2359.NEF,23298,4,Blue,neutral,picked,0.8908,0.502,0.9945,0.3958,0.6279,0.9521,0.0015,0.021,0.0001,0.052,-0.0042,0.0052,0.0299,-0.065,high quality,blurry,0.4222,0.4504,0.4497,0.443,0.4154,0.4183,0.4393,0.4013,0.4503,0.3977,0.4473,0.4102,0.3884,0.5043,v0,bioclip_2_image
48922,/mnt/d/Photos/Z8/180-600mm/2026/2026-03-01/DSC_2360.NEF,23298,4,Blue,neutral,picked,0.8926,0.5095,0.9947,0.3978,0.6361,0.9546,0.0016,0.0212,0.0004,0.0523,-0.0041,0.0056,0.0305,-0.0641,high quality,blurry,0.4218,0.45,0.4487,0.4428,0.4153,0.4178,0.4408,0.4006,0.4496,0.3964,0.447,0.4097,0.3873,0.5049,v0,bioclip_2_image
48923,/mnt/d/Photos/Z8/180-600mm/2026/2026-03-01/DSC_2361.NEF,23298,4,Blue,reject,picked,0.8924,0.4998,0.9949,0.4151,0.6258,0.954,0.0016,0.0212,-0.0,0.0528,-0.0034,0.0051,0.0303,-0.0645,high quality,blurry,0.4215,0.4499,0.449,0.4429,0.4146,0.4177,0.4389,0.4004,0.4499,0.3962,0.4463,0.4095,0.3874,0.5035,v0,bioclip_2_image
48924,/mnt/d/Photos/Z8/180-600mm/2026/2026-03-01/DSC_2362.NEF,23298,4,Blue,neutral,picked,0.8869,0.5199,0.9945,0.3821,0.6328,0.948,0.0018,0.0206,0.0008,0.052,-0.0048,0.0054,0.029,-0.0634,high quality,blurry,0.4233,0.4522,0.4503,0.4438,0.4162,0.4184,0.4421,0.4027,0.4514,0.3983,0.4486,0.4108,0.3893,0.5056,v0,bioclip_2_image
48925,/mnt/d/Photos/Z8/180-600mm/2026/2026-03-01/DSC_2363.NEF,23298,4,Blue,neutral,picked,0.882,0.4962,0.9945,0.3916,0.6356,0.9516,0.0016,0.0201,-0.0002,0.052,-0.0044,0.0056,0.0298,-0.0641,high quality,blurry,0.4223,0.4507,0.4501,0.4429,0.4159,0.4183,0.4397,0.4022,0.4508,0.3981,0.4473,0.4103,0.3885,0.5038,v0,bioclip_2_image
48926,/mnt/d/Photos/Z8/180-600mm/2026/2026-03-01/DSC_2364.NEF,23298,4,Blue,reject,picked,0.8861,0.5061,0.9947,0.4079,0.6259,0.9538,0.0016,0.0205,0.0002,0.0524,-0.0037,0.0051,0.0303,-0.0646,high quality,blurry,0.4217,0.4502,0.4494,0.4421,0.4153,0.4181,0.4376,0.4012,0.45,0.397,0.4458,0.4101,0.3878,0.5022,v0,bioclip_2_image
48927,/mnt/d/Photos/Z8/180-600mm/2026/2026-03-01/DSC_2365.NEF,23298,4,Blue,neutral,picked,0.8895,0.5066,0.9949,0.4047,0.6441,0.9559,0.0015,0.0209,0.0003,0.0527,-0.0039,0.0059,0.0308,-0.065,high quality,blurry,0.4224,0.4505,0.45,0.4422,0.4163,0.4186,0.4382,0.4016,0.4503,0.3973,0.4461,0.4104,0.3878,0.5032,v0,bioclip_2_image
48928,/mnt/d/Photos/Z8/180-600mm/2026/2026-03-01/DSC_2366.NEF,23298,4,Blue,pick,picked,0.8831,0.5165,0.9948,0.3941,0.6154,0.9515,0.0016,0.0202,0.0007,0.0525,-0.0043,0.0047,0.0298,-0.0642,high quality,blurry,0.4202,0.45,0.4482,0.4407,0.4143,0.4162,0.4391,0.4,0.4493,0.3956,0.445,0.4096,0.3864,0.5032,v0,bioclip_2_image
48929,/mnt/d/Photos/Z8/180-600mm/2026/2026-03-01/DSC_2367.NEF,23298,4,Blue,neutral,picked,0.8862,0.4816,0.9952,0.4164,0.6191,0.9586,0.0014,0.0205,-0.0007,0.0534,-0.0034,0.0049,0.0314,-0.0656,high quality,blurry,0.4211,0.4492,0.4493,0.4417,0.4147,0.4179,0.4372,0.4005,0.45,0.3959,0.4451,0.4098,0.3865,0.5029,v0,bioclip_2_image
48930,/mnt/d/Photos/Z8/180-600mm/2026/2026-03-01/DSC_2368.NEF,23298,4,Blue,neutral,picked,0.8864,0.4718,0.9951,0.395,0.6223,0.9572,0.0013,0.0205,-0.0011,0.0532,-0.0043,0.005,0.0311,-0.0664,high quality,blurry,0.4222,0.4499,0.4501,0.4427,0.4158,0.4191,0.4377,0.4016,0.4511,0.3968,0.4469,0.4108,0.388,0.5041,v0,bioclip_2_image
48931,/mnt/d/Photos/Z8/180-600mm/2026/2026-03-01/DSC_2369.NEF,23298,4,Blue,reject,picked,0.8874,0.5186,0.9951,0.4265,0.6251,0.9544,0.0013,0.0206,0.0007,0.0531,-0.003,0.0051,0.0304,-0.0662,high quality,blurry,0.4213,0.4508,0.4489,0.4425,0.4154,0.4178,0.4381,0.4006,0.45,0.3958,0.4455,0.4103,0.3874,0.5043,v0,bioclip_2_image
48932,/mnt/d/Photos/Z8/180-600mm/2026/2026-03-01/DSC_2370.NEF,23299,4,Blue,neutral,picked,0.9239,0.5976,0.9957,0.4073,0.6426,0.9696,0.0017,0.025,0.004,0.0545,-0.0037,0.0059,0.0346,-0.0638,high quality,a photo with no clear subject,0.421,0.4498,0.4479,0.4367,0.4135,0.4184,0.4419,0.396,0.4458,0.3934,0.4404,0.4076,0.3838,0.5058,v0,bioclip_2_image
48933,/mnt/d/Photos/Z8/180-600mm/2026/2026-03-01/DSC_2371.NEF,23299,4,Blue,neutral,picked,0.9178,0.5588,0.9954,0.4603,0.606,0.9688,0.0015,0.0241,0.0024,0.0537,-0.0016,0.0043,0.0344,-0.0651,high quality,blurry,0.42,0.4484,0.4466,0.4375,0.4121,0.4179,0.4397,0.3958,0.446,0.3929,0.4391,0.4078,0.3836,0.5048,v0,bioclip_2_image
48934,/mnt/d/Photos/Z8/180-600mm/2026/2026-03-01/DSC_2372.NEF,23299,4,Blue,reject,picked,0.9192,0.5731,0.9957,0.4229,0.6373,0.9675,0.0015,0.0243,0.0029,0.0545,-0.0031,0.0056,0.0339,-0.0648,high quality,blurry,0.4216,0.4514,0.449,0.4391,0.4148,0.4191,0.4421,0.3973,0.4485,0.3945,0.4422,0.4091,0.3851,0.5069,v0,bioclip_2_image
48935,/mnt/d/Photos/Z8/180-600mm/2026/2026-03-01/DSC_2373.NEF,23299,4,Blue,neutral,picked,0.9275,0.5959,0.996,0.4154,0.6608,0.9708,0.0016,0.0255,0.0039,0.0551,-0.0034,0.0067,0.035,-0.0644,high quality,blurry,0.4203,0.4496,0.447,0.4369,0.4129,0.4177,0.4418,0.3948,0.4457,0.3919,0.4403,0.4063,0.3827,0.5062,v0,bioclip_2_image
48936,/mnt/d/Photos/Z8/180-600mm/2026/2026-03-01/DSC_2374.NEF,23299,4,Blue,pick,picked,0.9152,0.5377,0.9953,0.3895,0.6802,0.9696,0.0014,0.0238,0.0015,0.0535,-0.0045,0.0075,0.0346,-0.0654,high quality,blurry,0.4217,0.4497,0.4485,0.4391,0.4148,0.4187,0.4411,0.3979,0.4482,0.3951,0.4436,0.4072,0.3841,0.5065,v0,bioclip_2_image
48937,/mnt/d/Photos/Z8/180-600mm/2026/2026-03-01/DSC_2375.NEF,23299,4,Blue,pick,picked,0.918,0.6006,0.9951,0.4097,0.6605,0.9729,0.0018,0.0242,0.0041,0.0531,-0.0037,0.0067,0.0358,-0.063,high quality,blurry,0.4178,0.4475,0.4443,0.4354,0.4113,0.4158,0.4412,0.3937,0.4434,0.3912,0.4391,0.4046,0.3799,0.5041,v0,bioclip_2_image
48938,/mnt/d/Photos/Z8/180-600mm/2026/2026-03-01/DSC_2376.NEF,23299,4,Blue,pick,picked,0.9098,0.5976,0.9948,0.4229,0.6382,0.9663,0.0016,0.0231,0.004,0.0526,-0.0031,0.0057,0.0335,-0.0644,high quality,blurry,0.4184,0.4479,0.4453,0.4368,0.4118,0.415,0.4386,0.3953,0.444,0.3927,0.4399,0.4061,0.3815,0.503,v0,bioclip_2_image
48939,/mnt/d/Photos/Z8/180-600mm/2026/2026-03-01/DSC_2377.NEF,23299,3,Green,reject,neutral,0.8993,0.5962,0.9932,0.3937,0.6029,0.956,0.0013,0.0219,0.0039,0.0498,-0.0043,0.0042,0.0308,-0.0661,high quality,blurry,0.4216,0.4496,0.4474,0.4395,0.4145,0.4177,0.4402,0.3997,0.4457,0.3976,0.4438,0.4103,0.3869,0.5064,v0,bioclip_2_image
48940,/mnt/d/Photos/Z8/180-600mm/2026/2026-03-01/DSC_2378.NEF,23299,4,Green,reject,picked,0.8947,0.5745,0.9938,0.3798,0.562,0.9621,0.0015,0.0214,0.003,0.0508,-0.0049,0.0025,0.0323,-0.0653,high quality,blurry,0.4199,0.4488,0.4472,0.4377,0.4123,0.4171,0.4404,0.3986,0.4458,0.3965,0.4426,0.4098,0.3848,0.5057,v0,bioclip_2_image
48941,/mnt/d/Photos/Z8/180-600mm/2026/2026-03-01/DSC_2379.NEF,23299,3,Green,reject,neutral,0.8975,0.5792,0.9938,0.4229,0.5761,0.9608,0.0015,0.0217,0.0032,0.0507,-0.0031,0.0031,0.032,-0.0652,high quality,blurry,0.4209,0.4497,0.448,0.4396,0.4129,0.4179,0.4409,0.3992,0.4465,0.3973,0.4427,0.4099,0.386,0.5061,v0,bioclip_2_image
48942,/mnt/d/Photos/Z8/180-600mm/2026/2026-03-01/DSC_2380.NEF,23299,3,Green,reject,neutral,0.9073,0.5578,0.9945,0.4034,0.6081,0.9629,0.0014,0.0228,0.0023,0.0519,-0.0039,0.0044,0.0326,-0.0658,high quality,blurry,0.4231,0.451,0.4496,0.4409,0.4154,0.42,0.4421,0.4003,0.4487,0.3977,0.4449,0.411,0.3875,0.508,v0,bioclip_2_image
48943,/mnt/d/Photos/Z8/180-600mm/2026/2026-03-01/DSC_2381.NEF,23299,4,Blue,neutral,picked,0.9,0.5699,0.9938,0.4431,0.5957,0.963,0.0014,0.022,0.0028,0.0508,-0.0023,0.0039,0.0326,-0.0657,high quality,blurry,0.4194,0.4485,0.4454,0.4386,0.4126,0.4163,0.4385,0.3974,0.4457,0.3946,0.4408,0.4088,0.3837,0.5042,v0,bioclip_2_image
48944,/mnt/d/Photos/Z8/180-600mm/2026/2026-03-01/DSC_2382.NEF,23299,4,Blue,neutral,picked,0.895,0.5513,0.9938,0.413,0.6112,0.9622,0.0016,0.0214,0.0021,0.0507,-0.0035,0.0045,0.0324,-0.0641,high quality,blurry,0.4184,0.448,0.4455,0.4378,0.4124,0.4154,0.4415,0.3969,0.446,0.3948,0.4413,0.4078,0.3831,0.5056,v0,bioclip_2_image
48945,/mnt/d/Photos/Z8/180-600mm/2026/2026-03-01/DSC_2383.NEF,23299,4,Blue,neutral,picked,0.8972,0.5763,0.9942,0.4271,0.6204,0.9621,0.0016,0.0217,0.0031,0.0515,-0.0029,0.0049,0.0323,-0.0644,high quality,blurry,0.4192,0.4475,0.4457,0.4374,0.4123,0.4152,0.439,0.3975,0.4445,0.3942,0.4404,0.4074,0.3828,0.5033,v0,bioclip_2_image
48946,/mnt/d/Photos/Z8/180-600mm/2026/2026-03-01/DSC_2384.NEF,23299,4,Blue,pick,picked,0.9082,0.5673,0.9948,0.4412,0.6617,0.9665,0.0015,0.0229,0.0027,0.0524,-0.0024,0.0067,0.0336,-0.0649,high quality,blurry,0.4202,0.4481,0.4461,0.4395,0.4137,0.4161,0.4416,0.3973,0.4454,0.3937,0.4419,0.407,0.3825,0.5066,v0,bioclip_2_image
48947,/mnt/d/Photos/Z8/180-600mm/2026/2026-03-01/DSC_2385.NEF,23299,4,Blue,neutral,picked,0.9096,0.5713,0.9949,0.4194,0.6762,0.9672,0.0016,0.0231,0.0029,0.0527,-0.0033,0.0074,0.0339,-0.0643,high quality,blurry,0.4206,0.4486,0.447,0.4395,0.414,0.4167,0.4421,0.3975,0.4458,0.3943,0.4428,0.4066,0.3828,0.5064,v0,bioclip_2_image
48948,/mnt/d/Photos/Z8/180-600mm/2026/2026-03-01/DSC_2386.NEF,23299,4,Blue,pick,picked,0.9071,0.603,0.9946,0.4092,0.6475,0.9702,0.0016,0.0228,0.0042,0.0521,-0.0037,0.0061,0.0348,-0.0645,high quality,blurry,0.4182,0.4474,0.4452,0.437,0.4119,0.4154,0.4408,0.3954,0.4432,0.3932,0.4406,0.4058,0.3806,0.5052,v0,bioclip_2_image
48949,/mnt/d/Photos/Z8/180-600mm/2026/2026-03-01/DSC_2387.NEF,,4,Blue,neutral,picked,0.928,0.6567,0.9958,0.4503,0.658,0.9607,0.0013,0.0256,0.0065,0.0546,-0.002,0.0065,0.032,-0.0663,high quality,blurry,0.4211,0.449,0.4464,0.4441,0.4108,0.4165,0.4484,0.3955,0.4425,0.3918,0.4461,0.4042,0.3845,0.5147,v0,bioclip_2_image
48950,/mnt/d/Photos/Z8/180-600mm/2026/2026-03-01/DSC_2388.NEF,,3,Blue,neutral,neutral,0.9227,0.6125,0.994,0.4813,0.6639,0.9528,0.001,0.0248,0.0046,0.0511,-0.0007,0.0068,0.0301,-0.0692,high quality,blurry,0.4283,0.4551,0.4515,0.4505,0.418,0.4207,0.4434,0.4035,0.4505,0.4004,0.4512,0.4112,0.3907,0.5125,v0,bioclip_2_image
48951,/mnt/d/Photos/Z8/180-600mm/2026/2026-03-01/DSC_2389.NEF,23300,4,Blue,neutral,picked,0.922,0.638,0.995,0.4828,0.6535,0.9713,0.0015,0.0247,0.0057,0.0529,-0.0007,0.0063,0.0352,-0.0651,high quality,blurry,0.4173,0.4493,0.4435,0.437,0.4104,0.4146,0.4385,0.3926,0.4437,0.3906,0.4377,0.404,0.3794,0.5036,v0,bioclip_2_image
48952,/mnt/d/Photos/Z8/180-600mm/2026/2026-03-01/DSC_2390.NEF,23300,4,Blue,pick,picked,0.9042,0.6053,0.9945,0.4546,0.6117,0.9673,0.0015,0.0224,0.0043,0.052,-0.0018,0.0045,0.0339,-0.0651,high quality,blurry,0.4186,0.4495,0.4449,0.4378,0.4128,0.416,0.4359,0.3962,0.4453,0.3929,0.4396,0.4083,0.3821,0.501,v0,bioclip_2_image
48953,/mnt/d/Photos/Z8/180-600mm/2026/2026-03-01/DSC_2391.NEF,23300,4,Blue,pick,picked,0.9092,0.6448,0.994,0.4693,0.6751,0.9681,0.0015,0.023,0.006,0.0511,-0.0012,0.0073,0.0341,-0.0652,high quality,blurry,0.4191,0.4506,0.4446,0.4386,0.4132,0.4167,0.4381,0.3961,0.4446,0.3935,0.4398,0.4059,0.3826,0.5033,v0,bioclip_2_image
48954,/mnt/d/Photos/Z8/180-600mm/2026/2026-03-01/DSC_2392.NEF,23300,4,Blue,pick,picked,0.9069,0.6022,0.9947,0.4449,0.6472,0.9642,0.0014,0.0228,0.0041,0.0524,-0.0022,0.0061,0.0329,-0.0656,high quality,blurry,0.42,0.4508,0.4468,0.4392,0.4135,0.4172,0.4367,0.3972,0.4467,0.3944,0.4414,0.4074,0.3843,0.5024,v0,bioclip_2_image
48955,/mnt/d/Photos/Z8/180-600mm/2026/2026-03-01/DSC_2393.NEF,23300,4,Blue,neutral,picked,0.9015,0.5895,0.9949,0.424,0.6583,0.9654,0.0014,0.0221,0.0036,0.0527,-0.0031,0.0066,0.0333,-0.0656,high quality,blurry,0.418,0.4497,0.4456,0.4382,0.4122,0.4153,0.4379,0.3958,0.4461,0.3929,0.4413,0.4056,0.382,0.5035,v0,bioclip_2_image
48956,/mnt/d/Photos/Z8/180-600mm/2026/2026-03-01/DSC_2394.NEF,23300,4,Blue,neutral,picked,0.9052,0.5765,0.9949,0.4493,0.6578,0.9679,0.0015,0.0226,0.0031,0.0527,-0.002,0.0065,0.0341,-0.0651,high quality,blurry,0.421,0.4516,0.4472,0.4401,0.4146,0.4181,0.4384,0.3984,0.4485,0.3945,0.4421,0.4081,0.384,0.5035,v0,bioclip_2_image
48957,/mnt/d/Photos/Z8/180-600mm/2026/2026-03-01/DSC_2395.NEF,23300,4,Blue,reject,picked,0.9043,0.5891,0.9949,0.4495,0.6505,0.9682,0.0015,0.0225,0.0036,0.0527,-0.002,0.0062,0.0342,-0.0652,high quality,blurry,0.4206,0.4519,0.4477,0.44,0.4145,0.418,0.4378,0.3981,0.4483,0.395,0.442,0.4082,0.3839,0.5031,v0,bioclip_2_image
48958,/mnt/d/Photos/Z8/180-600mm/2026/2026-03-01/DSC_2396.NEF,23300,4,Blue,neutral,picked,0.8971,0.5639,0.9945,0.4325,0.627,0.9653,0.0014,0.0217,0.0026,0.052,-0.0027,0.0052,0.0333,-0.0655,high quality,blurry,0.42,0.4507,0.4469,0.4391,0.4143,0.4176,0.4387,0.3983,0.4482,0.3948,0.4418,0.4092,0.3843,0.5042,v0,bioclip_2_image
48959,/mnt/d/Photos/Z8/180-600mm/2026/2026-03-01/DSC_2397.NEF,23300,3,Blue,reject,neutral,0.8984,0.5828,0.9943,0.4503,0.6442,0.9653,0.0013,0.0218,0.0033,0.0516,-0.002,0.0059,0.0332,-0.0663,high quality,blurry,0.4195,0.4506,0.4461,0.439,0.414,0.4174,0.437,0.3977,0.4473,0.3945,0.441,0.4081,0.3842,0.5032,v0,bioclip_2_image
48960,/mnt/d/Photos/Z8/180-600mm/2026/2026-03-01/DSC_2398.NEF,23300,4,Blue,neutral,picked,0.8981,0.5861,0.9941,0.4467,0.6386,0.9671,0.0013,0.0218,0.0035,0.0513,-0.0021,0.0057,0.0338,-0.0663,high quality,blurry,0.4189,0.45,0.445,0.4381,0.4134,0.417,0.4359,0.3971,0.4465,0.3938,0.4402,0.4077,0.3832,0.5022,v0,bioclip_2_image
48961,/mnt/d/Photos/Z8/180-600mm/2026/2026-03-01/DSC_2399.NEF,23300,3,Green,reject,neutral,0.8991,0.5588,0.9945,0.4449,0.6322,0.9683,0.0013,0.0219,0.0024,0.052,-0.0022,0.0054,0.0342,-0.0665,high quality,blurry,0.4212,0.4507,0.4485,0.4399,0.415,0.4192,0.436,0.3993,0.4484,0.3965,0.4421,0.4096,0.385,0.5025,v0,bioclip_2_image
48962,/mnt/d/Photos/Z8/180-600mm/2026/2026-03-01/DSC_2400.NEF,23301,4,Blue,pick,picked,0.8685,0.3749,0.994,0.2714,0.5187,0.9509,0.0013,0.0189,-0.0051,0.051,-0.0099,0.0007,0.0296,-0.0668,a photo with strong subject separation,blurry,0.4032,0.4335,0.424,0.4257,0.3968,0.4061,0.4494,0.3844,0.4386,0.3729,0.4356,0.3961,0.3765,0.5163,v0,bioclip_2_image
48963,/mnt/d/Photos/Z8/180-600mm/2026/2026-03-01/DSC_2401.NEF,23301,3,Green,reject,neutral,0.9172,0.2353,0.9937,0.2317,0.659,0.9412,0.0009,0.024,-0.0118,0.0507,-0.012,0.0066,0.0277,-0.0696,a photo with strong subject separation,blurry,0.4166,0.4392,0.4348,0.4281,0.4053,0.4144,0.4767,0.3926,0.451,0.3841,0.4401,0.3987,0.3867,0.5463,v0,bioclip_2_image
48964,/mnt/d/Photos/Z8/180-600mm/2026/2026-03-01/DSC_2402.NEF,23301,3,Blue,neutral,neutral,0.933,0.0735,0.9959,0.1091,0.4995,0.9218,0.0004,0.0263,-0.0253,0.0549,-0.021,-0.0,0.0247,-0.0786,a photo with strong subject separation,blurry,0.4244,0.4326,0.4422,0.4325,0.4061,0.421,0.4675,0.398,0.458,0.3873,0.4535,0.4061,0.3963,0.5461,v0,bioclip_2_image
48965,/mnt/d/Photos/Z8/180-600mm/2026/2026-03-01/DSC_2403.NEF,23301,4,Blue,neutral,picked,0.8805,0.0809,0.9969,0.2102,0.3689,0.9128,0.0011,0.02,-0.0243,0.0576,-0.0132,-0.0054,0.0235,-0.0678,a photo with strong subject separation,blurry,0.4268,0.4428,0.444,0.4411,0.4107,0.4189,0.4838,0.4068,0.4671,0.3864,0.4544,0.4161,0.3954,0.5516,v0,bioclip_2_image
48966,/mnt/d/Photos/Z8/180-600mm/2026/2026-03-01/DSC_2404.NEF,23302,3,Green,neutral,neutral,0.7623,0.072,0.9994,0.1207,0.4821,0.8749,0.0003,0.0117,-0.0256,0.0742,-0.0199,-0.0007,0.0195,-0.0814,high quality,noisy,0.4123,0.4321,0.4486,0.4311,0.3989,0.4045,0.4715,0.4007,0.4577,0.3744,0.451,0.3996,0.385,0.5529,v0,bioclip_2_image
48967,/mnt/d/Photos/Z8/180-600mm/2026/2026-03-01/DSC_2405.NEF,23302,3,Green,pick,neutral,0.8698,0.1232,0.9997,0.2517,0.6048,0.9175,0.0008,0.019,-0.0196,0.0819,-0.0109,0.0043,0.0241,-0.0714,high quality,blurry,0.4196,0.4461,0.4541,0.4456,0.4057,0.4118,0.4899,0.4006,0.4657,0.3722,0.4565,0.4014,0.3877,0.5614,v0,bioclip_2_image
48968,/mnt/d/Photos/Z8/180-600mm/2026/2026-03-01/DSC_2406.NEF,23302,3,Green,reject,neutral,0.8868,0.1247,0.9991,0.1942,0.414,0.936,0.0004,0.0206,-0.0195,0.0702,-0.0142,-0.0035,0.0268,-0.0796,high quality,blurry,0.4209,0.4442,0.4451,0.4456,0.3983,0.4122,0.4743,0.4004,0.4636,0.3748,0.4598,0.4017,0.3853,0.5539,v0,bioclip_2_image
48969,/mnt/d/Photos/Z8/180-600mm/2026/2026-03-01/DSC_2407.NEF,,3,Blue,neutral,neutral,0.8654,0.1133,0.9994,0.2982,0.3292,0.9634,0.0008,0.0186,-0.0206,0.0736,-0.0086,-0.0071,0.0327,-0.0716,a photo with strong subject separation,blurry,0.4294,0.4489,0.457,0.4492,0.4128,0.4278,0.4823,0.4108,0.4694,0.3833,0.4577,0.4199,0.3951,0.5539,v0,bioclip_2_image
48970,/mnt/d/Photos/Z8/180-600mm/2026/2026-03-01/DSC_2408.NEF,23302,3,Green,neutral,neutral,0.9148,0.1628,0.9989,0.5488,0.6456,0.9845,0.0003,0.0237,-0.0164,0.0679,0.002,0.006,0.0415,-0.0816,a photo with a clear subject,blurry,0.432,0.4596,0.4648,0.4553,0.418,0.4198,0.4619,0.4083,0.4759,0.3969,0.4533,0.412,0.3783,0.5435,v0,bioclip_2_image
48971,/mnt/d/Photos/Z8/180-600mm/2026/2026-03-01/DSC_2409.NEF,23303,3,Blue,reject,neutral,0.9233,0.5814,0.995,0.1821,0.5863,0.9716,0.0016,0.0249,0.0033,0.0528,-0.015,0.0035,0.0353,-0.0643,a photo with strong subject separation,blurry,0.3984,0.4329,0.4177,0.4177,0.3909,0.3974,0.4438,0.3735,0.4296,0.3649,0.4327,0.3874,0.3621,0.5081,v0,bioclip_2_image
48972,/mnt/d/Photos/Z8/180-600mm/2026/2026-03-01/DSC_2410.NEF,23303,4,Blue,pick,picked,0.9323,0.5199,0.9943,0.1517,0.3508,0.9661,0.0034,0.0262,0.0008,0.0517,-0.0172,-0.0062,0.0335,-0.0569,high quality,blurry,0.4115,0.4409,0.4258,0.4282,0.3912,0.4076,0.4625,0.3852,0.4401,0.3741,0.4454,0.3973,0.3741,0.5194,v0,bioclip_2_image
48973,/mnt/d/Photos/Z8/180-600mm/2026/2026-03-01/DSC_2411.NEF,23303,4,Blue,pick,picked,0.9288,0.6935,0.9921,0.1323,0.5403,0.9638,0.003,0.0257,0.0082,0.0483,-0.0188,0.0016,0.0328,-0.058,a photo with strong subject separation,blurry,0.3934,0.4291,0.4054,0.408,0.3875,0.3913,0.4574,0.3678,0.421,0.357,0.4268,0.3859,0.3585,0.5154,v0,bioclip_2_image
48974,/mnt/d/Photos/Z8/180-600mm/2026/2026-03-01/DSC_2412.NEF,23303,3,Blue,neutral,neutral,0.9392,0.7668,0.9939,0.1491,0.5548,0.9788,0.0032,0.0274,0.0119,0.051,-0.0174,0.0022,0.0383,-0.0576,a photo with strong subject separation,blurry,0.3979,0.435,0.409,0.412,0.3894,0.3959,0.4593,0.3705,0.4231,0.358,0.4294,0.3872,0.3576,0.5168,v0,bioclip_2_image
48975,/mnt/d/Photos/Z8/180-600mm/2026/2026-03-01/DSC_2413.NEF,23303,3,Blue,neutral,neutral,0.9369,0.8359,0.9969,0.1807,0.5131,0.9782,0.0034,0.027,0.0163,0.0576,-0.0151,0.0005,0.0381,-0.0569,a photo with strong subject separation,blurry,0.3868,0.4292,0.4025,0.3999,0.3847,0.3865,0.4518,0.3598,0.413,0.3449,0.415,0.3841,0.3485,0.5086,v0,bioclip_2_image
48976,/mnt/d/Photos/Z8/180-600mm/2026/2026-03-01/DSC_2414.NEF,23303,4,Blue,pick,picked,0.9303,0.6786,0.995,0.179,0.5507,0.9342,0.0037,0.0259,0.0075,0.0529,-0.0152,0.002,0.0265,-0.0559,a photo with strong subject separation,blurry,0.4079,0.444,0.4223,0.4237,0.3996,0.4022,0.4654,0.3819,0.4366,0.3694,0.4389,0.3976,0.3757,0.5213,v0,bioclip_2_image
48977,/mnt/d/Photos/Z8/180-600mm/2026/2026-03-01/DSC_2415.NEF,23303,4,Blue,pick,picked,0.9176,0.6569,0.9958,0.1389,0.4717,0.9351,0.0029,0.0241,0.0065,0.0547,-0.0182,-0.0011,0.0267,-0.0586,a photo with strong subject separation,blurry,0.4053,0.4405,0.4234,0.4187,0.3963,0.4003,0.4586,0.3812,0.434,0.3687,0.4369,0.3974,0.3736,0.5172,v0,bioclip_2_image
48978,/mnt/d/Photos/Z8/180-600mm/2026/2026-03-01/DSC_2416.NEF,23303,3,Blue,neutral,neutral,0.9298,0.7063,0.9894,0.2089,0.4694,0.96,0.0027,0.0258,0.0088,0.0453,-0.0133,-0.0012,0.0318,-0.0592,a photo with strong subject separation,blurry,0.4103,0.4444,0.4187,0.424,0.3967,0.4032,0.4636,0.3845,0.4356,0.3734,0.4373,0.3979,0.3715,0.5228,v0,bioclip_2_image
48979,/mnt/d/Photos/Z8/180-600mm/2026/2026-03-01/DSC_2417.NEF,23303,3,Blue,reject,neutral,0.9298,0.6135,0.9959,0.178,0.4533,0.9336,0.0032,0.0258,0.0046,0.0549,-0.0153,-0.0019,0.0264,-0.0573,high quality,blurry,0.4107,0.4459,0.4237,0.431,0.3966,0.4027,0.4639,0.3848,0.4412,0.3688,0.4463,0.3985,0.3763,0.5211,v0,bioclip_2_image
48980,/mnt/d/Photos/Z8/180-600mm/2026/2026-03-01/DSC_2418.NEF,23303,3,Blue,reject,neutral,0.8974,0.6062,0.9934,0.1304,0.4895,0.9518,0.0031,0.0217,0.0043,0.0501,-0.019,-0.0004,0.0298,-0.0576,a photo with strong subject separation,blurry,0.3976,0.4351,0.4142,0.4166,0.3893,0.3937,0.4512,0.3759,0.4308,0.364,0.4356,0.3897,0.3639,0.5088,v0,bioclip_2_image
48981,/mnt/d/Photos/Z8/180-600mm/2026/2026-03-01/DSC_2419.NEF,23303,3,Blue,neutral,neutral,0.8976,0.573,0.9922,0.2024,0.5615,0.9658,0.0025,0.0217,0.0029,0.0485,-0.0137,0.0025,0.0334,-0.0601,a photo with strong subject separation,blurry,0.3909,0.4251,0.4047,0.4043,0.386,0.3909,0.4418,0.3692,0.4222,0.3562,0.418,0.3835,0.3575,0.5019,v0,bioclip_2_image
48982,/mnt/d/Photos/Z8/180-600mm/2026/2026-03-01/DSC_2420.NEF,23303,4,Blue,pick,picked,0.9104,0.4818,0.9909,0.1372,0.5587,0.9645,0.0028,0.0232,-0.0007,0.0469,-0.0184,0.0024,0.033,-0.0586,a photo with strong subject separation,blurry,0.3978,0.43,0.414,0.4119,0.3909,0.3976,0.4473,0.3746,0.4307,0.3671,0.4303,0.3885,0.3646,0.5059,v0,bioclip_2_image
48983,/mnt/d/Photos/Z8/180-600mm/2026/2026-03-01/DSC_2421.NEF,23303,3,Blue,neutral,neutral,0.8772,0.4674,0.9912,0.1619,0.4004,0.9536,0.0016,0.0197,-0.0013,0.0472,-0.0164,-0.004,0.0302,-0.0646,high quality,blurry,0.4038,0.4318,0.4203,0.4178,0.3909,0.4018,0.4389,0.3841,0.4331,0.373,0.4343,0.3949,0.3715,0.5035,v0,bioclip_2_image
48984,/mnt/d/Photos/Z8/180-600mm/2026/2026-03-01/DSC_2422.NEF,23303,3,Blue,neutral,neutral,0.9171,0.55,0.9929,0.2176,0.4044,0.9636,0.0027,0.024,0.002,0.0494,-0.0128,-0.0039,0.0328,-0.0593,high quality,blurry,0.3967,0.4294,0.4107,0.4107,0.3845,0.3961,0.4463,0.3727,0.4274,0.3613,0.4235,0.3884,0.3633,0.5056,v0,bioclip_2_image
48985,/mnt/d/Photos/Z8/180-600mm/2026/2026-03-01/DSC_2423.NEF,23303,3,Blue,reject,neutral,0.943,0.5344,0.9976,0.1881,0.453,0.9464,0.0029,0.0281,0.0014,0.0603,-0.0146,-0.0019,0.0287,-0.0584,high quality,blurry,0.3943,0.4256,0.4167,0.4111,0.3811,0.3884,0.4499,0.3662,0.4243,0.3564,0.4257,0.383,0.3597,0.5083,v0,bioclip_2_image
48986,/mnt/d/Photos/Z8/180-600mm/2026/2026-03-01/DSC_2424.NEF,23303,3,Blue,neutral,neutral,0.9402,0.3265,0.9983,0.116,0.4065,0.9331,0.0015,0.0276,-0.0072,0.0635,-0.0203,-0.0038,0.0263,-0.0651,high quality,blurry,0.414,0.4385,0.4321,0.4274,0.3931,0.4066,0.4805,0.3864,0.4457,0.3685,0.4477,0.3968,0.3802,0.5456,v0,bioclip_2_image
48987,/mnt/d/Photos/Z8/180-600mm/2026/2026-03-01/DSC_2425.NEF,23303,3,Blue,reject,neutral,0.9517,0.1918,0.9979,0.1121,0.4235,0.9017,0.001,0.0298,-0.0144,0.0617,-0.0207,-0.0031,0.0222,-0.0694,a photo with strong subject separation,blurry,0.4292,0.4461,0.4462,0.4398,0.4113,0.4187,0.4651,0.3994,0.4604,0.3845,0.4605,0.4144,0.3966,0.5344,v0,bioclip_2_image
48988,/mnt/d/Photos/Z8/180-600mm/2026/2026-03-01/DSC_2426.NEF,23304,3,Blue,pick,neutral,0.8945,0.3422,0.9978,0.4935,0.749,0.9681,0.0015,0.0214,-0.0065,0.0611,-0.0003,0.0109,0.0341,-0.0653,high quality,blurry,0.4252,0.4492,0.4524,0.4496,0.4189,0.4227,0.4442,0.4038,0.4558,0.3913,0.4499,0.408,0.3886,0.5095,v0,bioclip_2_image
48989,/mnt/d/Photos/Z8/180-600mm/2026/2026-03-01/DSC_2427.NEF,23304,3,Green,pick,neutral,0.855,0.4336,0.9975,0.4213,0.6951,0.9042,0.0017,0.0177,-0.0027,0.0598,-0.0032,0.0082,0.0225,-0.0636,high quality,blurry,0.4176,0.4469,0.4493,0.4415,0.4112,0.4112,0.4515,0.3999,0.4496,0.3895,0.4447,0.4029,0.3888,0.515,v0,bioclip_2_image
48990,/mnt/d/Photos/Z8/180-600mm/2026/2026-03-01/DSC_2428.NEF,23304,3,Green,neutral,neutral,0.8846,0.4438,0.9976,0.4889,0.7521,0.9297,0.002,0.0204,-0.0023,0.0602,-0.0004,0.0111,0.0258,-0.062,high quality,blurry,0.4212,0.4488,0.4505,0.4436,0.4152,0.4153,0.4572,0.4009,0.4511,0.3903,0.4441,0.4041,0.3895,0.5192,v0,bioclip_2_image
48991,/mnt/d/Photos/Z8/180-600mm/2026/2026-03-01/DSC_2429.NEF,23304,3,Green,neutral,neutral,0.8921,0.5164,0.9986,0.4486,0.7176,0.9254,0.0025,0.0211,0.0007,0.0657,-0.0021,0.0093,0.0252,-0.0597,high quality,blurry,0.4288,0.4574,0.4575,0.4485,0.4214,0.4206,0.4692,0.4077,0.4567,0.3918,0.4506,0.412,0.3954,0.5289,v0,bioclip_2_image
48992,/mnt/d/Photos/Z8/180-600mm/2026/2026-03-01/DSC_2430.NEF,23304,3,Green,pick,neutral,0.8912,0.4155,0.998,0.4193,0.7448,0.9553,0.0016,0.021,-0.0034,0.0621,-0.0033,0.0107,0.0306,-0.0641,high quality,blurry,0.429,0.4561,0.4563,0.4502,0.4207,0.4232,0.4546,0.4079,0.4595,0.3942,0.4535,0.41,0.3925,0.5188,v0,bioclip_2_image
48993,/mnt/d/Photos/Z8/180-600mm/2026/2026-03-01/DSC_2431.NEF,23304,3,Green,reject,neutral,0.8851,0.3637,0.9987,0.5478,0.7728,0.9409,0.0022,0.0204,-0.0056,0.0667,0.0019,0.0122,0.0277,-0.0612,high quality,blurry,0.4198,0.4488,0.4498,0.4485,0.4157,0.4157,0.4667,0.3993,0.4544,0.3831,0.4466,0.4034,0.388,0.5279,v0,bioclip_2_image
48994,/mnt/d/Photos/Z8/180-600mm/2026/2026-03-01/DSC_2432.NEF,23304,3,Green,pick,neutral,0.8955,0.3918,0.9984,0.5691,0.7999,0.9491,0.0025,0.0215,-0.0044,0.0642,0.0028,0.0139,0.0293,-0.06,high quality,blurry,0.4255,0.4541,0.4536,0.4526,0.4184,0.4192,0.4631,0.404,0.4585,0.3893,0.4498,0.4045,0.3899,0.5232,v0,bioclip_2_image
48995,/mnt/d/Photos/Z8/180-600mm/2026/2026-03-01/DSC_2433.NEF,23304,3,Green,neutral,neutral,0.8747,0.3917,0.9979,0.5641,0.8122,0.932,0.0027,0.0194,-0.0044,0.0617,0.0026,0.0146,0.0262,-0.0592,high quality,blurry,0.4242,0.4525,0.4524,0.4512,0.4183,0.4179,0.4671,0.4048,0.4569,0.3907,0.4486,0.4036,0.3917,0.5263,v0,bioclip_2_image
48996,/mnt/d/Photos/Z8/180-600mm/2026/2026-03-01/DSC_2434.NEF,23304,3,Green,neutral,neutral,0.8815,0.3703,0.9988,0.5729,0.7646,0.9402,0.0022,0.0201,-0.0053,0.067,0.0029,0.0118,0.0276,-0.0612,high quality,blurry,0.4182,0.4468,0.4479,0.4453,0.4158,0.4132,0.4681,0.3981,0.4521,0.3808,0.4423,0.404,0.3856,0.5293,v0,bioclip_2_image
48997,/mnt/d/Photos/Z8/180-600mm/2026/2026-03-01/DSC_2435.NEF,23304,3,Green,reject,neutral,0.8812,0.3702,0.9969,0.4668,0.6876,0.9548,0.0018,0.02,-0.0053,0.0576,-0.0013,0.0079,0.0305,-0.0632,high quality,blurry,0.4243,0.4485,0.4526,0.4484,0.417,0.4208,0.4447,0.4042,0.4538,0.395,0.4498,0.4091,0.3903,0.5079,v0,bioclip_2_image
48998,/mnt/d/Photos/Z8/180-600mm/2026/2026-03-01/DSC_2436.NEF,23304,3,Green,neutral,neutral,0.8808,0.3263,0.9976,0.431,0.7361,0.9475,0.0012,0.02,-0.0072,0.0604,-0.0028,0.0103,0.0289,-0.0676,high quality,blurry,0.42,0.4456,0.4512,0.4441,0.4123,0.415,0.4442,0.4,0.4529,0.3908,0.4469,0.4021,0.386,0.5118,v0,bioclip_2_image
48999,/mnt/d/Photos/Z8/180-600mm/2026/2026-03-01/DSC_2437.NEF,23304,3,Green,reject,neutral,0.8666,0.4308,0.9968,0.4881,0.6919,0.9391,0.0017,0.0187,-0.0028,0.0573,-0.0005,0.0081,0.0274,-0.064,high quality,blurry,0.4227,0.4505,0.4529,0.4487,0.4146,0.4182,0.4508,0.404,0.4533,0.3956,0.4492,0.4065,0.3909,0.5148,v0,bioclip_2_image
49000,/mnt/d/Photos/Z8/180-600mm/2026/2026-03-01/DSC_2438.NEF,23304,3,Green,reject,neutral,0.8566,0.3908,0.9972,0.4969,0.6993,0.9062,0.0013,0.0179,-0.0044,0.0589,-0.0001,0.0084,0.0227,-0.0663,high quality,blurry,0.4226,0.4512,0.4543,0.4494,0.4145,0.4162,0.4519,0.4047,0.4556,0.3954,0.4495,0.4061,0.3935,0.5182,v0,bioclip_2_image
49001,/mnt/d/Photos/Z8/180-600mm/2026/2026-03-01/DSC_2439.NEF,23305,3,Blue,pick,neutral,0.9019,0.398,0.9977,0.4418,0.7192,0.965,0.002,0.0222,-0.0041,0.0605,-0.0023,0.0094,0.0332,-0.0622,high quality,blurry,0.425,0.4493,0.4524,0.4474,0.4162,0.4206,0.4479,0.4028,0.4535,0.3918,0.4497,0.4068,0.3874,0.5102,v0,bioclip_2_image
49002,/mnt/d/Photos/Z8/180-600mm/2026/2026-03-01/DSC_2440.NEF,23305,3,Blue,pick,neutral,0.8856,0.424,0.9966,0.4492,0.6541,0.9673,0.0019,0.0205,-0.0031,0.0569,-0.002,0.0064,0.0339,-0.0626,high quality,blurry,0.4206,0.4477,0.4481,0.4425,0.4131,0.4179,0.4412,0.4001,0.4507,0.3912,0.4446,0.4067,0.384,0.5038,v0,bioclip_2_image
49003,/mnt/d/Photos/Z8/180-600mm/2026/2026-03-01/DSC_2441.NEF,23305,3,Green,reject,neutral,0.91,0.4187,0.9975,0.4681,0.7188,0.9654,0.002,0.0231,-0.0033,0.0597,-0.0013,0.0094,0.0333,-0.0622,high quality,blurry,0.4264,0.4499,0.4542,0.4491,0.4165,0.4233,0.4433,0.4032,0.4531,0.3945,0.4504,0.4071,0.39,0.5055,v0,bioclip_2_image
49004,/mnt/d/Photos/Z8/180-600mm/2026/2026-03-01/DSC_2442.NEF,23305,3,Green,neutral,neutral,0.8989,0.43,0.9968,0.464,0.6872,0.9564,0.0015,0.0218,-0.0028,0.0574,-0.0014,0.0079,0.0309,-0.065,high quality,blurry,0.4255,0.4495,0.4532,0.4478,0.4164,0.4215,0.4416,0.4036,0.4523,0.3958,0.4492,0.4085,0.3906,0.5066,v0,bioclip_2_image
49005,/mnt/d/Photos/Z8/180-600mm/2026/2026-03-01/DSC_2443.NEF,23305,3,Blue,neutral,neutral,0.8904,0.4126,0.997,0.4311,0.6745,0.9536,0.0016,0.0209,-0.0035,0.058,-0.0028,0.0073,0.0302,-0.0644,high quality,blurry,0.4248,0.4496,0.4528,0.4462,0.4167,0.4208,0.4408,0.4038,0.4531,0.3948,0.449,0.4094,0.3906,0.5052,v0,bioclip_2_image
49006,/mnt/d/Photos/Z8/180-600mm/2026/2026-03-01/DSC_2444.NEF,23305,3,Blue,neutral,neutral,0.8937,0.4349,0.9966,0.3969,0.6486,0.9588,0.0018,0.0213,-0.0026,0.0567,-0.0042,0.0061,0.0315,-0.0634,high quality,blurry,0.4266,0.4529,0.4534,0.4464,0.4177,0.4225,0.4426,0.4054,0.4555,0.3967,0.4505,0.4116,0.391,0.506,v0,bioclip_2_image
49007,/mnt/d/Photos/Z8/180-600mm/2026/2026-03-01/DSC_2445.NEF,23305,3,Green,reject,neutral,0.8984,0.4256,0.9968,0.4242,0.633,0.9586,0.0019,0.0218,-0.003,0.0573,-0.0031,0.0054,0.0314,-0.0626,high quality,blurry,0.4265,0.4526,0.4526,0.4468,0.4171,0.4226,0.445,0.4047,0.4556,0.3952,0.4498,0.4116,0.3912,0.5077,v0,bioclip_2_image
49008,/mnt/d/Photos/Z8/180-600mm/2026/2026-03-01/DSC_2446.NEF,23305,3,Blue,neutral,neutral,0.9024,0.4197,0.9968,0.4065,0.6594,0.9618,0.002,0.0222,-0.0032,0.0573,-0.0038,0.0066,0.0322,-0.0619,high quality,blurry,0.4275,0.4522,0.4535,0.4482,0.4179,0.4245,0.4475,0.4052,0.4555,0.3961,0.4519,0.4113,0.3923,0.5094,v0,bioclip_2_image
49009,/mnt/d/Photos/Z8/180-600mm/2026/2026-03-01/DSC_2447.NEF,23305,3,Blue,neutral,neutral,0.8945,0.4255,0.9964,0.4288,0.6108,0.9591,0.0019,0.0214,-0.003,0.0562,-0.0029,0.0045,0.0315,-0.0627,high quality,blurry,0.4261,0.4519,0.4522,0.4461,0.4164,0.4229,0.4452,0.4048,0.4549,0.396,0.449,0.4119,0.3914,0.5079,v0,bioclip_2_image
49010,/mnt/d/Photos/Z8/180-600mm/2026/2026-03-01/DSC_2448.NEF,23306,3,Green,reject,neutral,0.7682,0.2957,0.9984,0.1432,0.2194,0.8886,0.001,0.012,-0.0087,0.0646,-0.0179,-0.0127,0.0208,-0.069,high quality,blurry,0.4133,0.4404,0.4366,0.4318,0.3928,0.407,0.463,0.4014,0.4491,0.372,0.4497,0.4055,0.3862,0.532,v0,bioclip_2_image
49011,/mnt/d/Photos/Z8/180-600mm/2026/2026-03-01/DSC_2449.NEF,23306,3,Blue,neutral,neutral,0.8644,0.4715,0.9929,0.1613,0.4965,0.9547,0.001,0.0185,-0.0011,0.0494,-0.0165,-0.0001,0.0305,-0.0686,a photo with strong subject separation,blurry,0.3986,0.4279,0.4154,0.4114,0.3938,0.3981,0.4495,0.3801,0.429,0.366,0.4279,0.3939,0.3677,0.5181,v0,bioclip_2_image
49012,/mnt/d/Photos/Z8/180-600mm/2026/2026-03-01/DSC_2450.NEF,23306,3,Blue,neutral,neutral,0.8681,0.3732,0.995,0.2346,0.5803,0.9564,0.0017,0.0188,-0.0052,0.0529,-0.0118,0.0032,0.0309,-0.064,a photo with strong subject separation,blurry,0.4003,0.4299,0.4189,0.4114,0.4011,0.4001,0.4626,0.3814,0.4351,0.366,0.4232,0.3979,0.3693,0.5267,v0,bioclip_2_image
49013,/mnt/d/Photos/Z8/180-600mm/2026/2026-03-01/DSC_2451.NEF,23306,3,Blue,neutral,neutral,0.8501,0.3867,0.995,0.1745,0.5033,0.9498,0.0016,0.0174,-0.0046,0.0529,-0.0155,0.0001,0.0294,-0.0642,a photo with strong subject separation,blurry,0.3969,0.4247,0.4144,0.41,0.3936,0.3964,0.4482,0.3795,0.4293,0.3615,0.4255,0.3935,0.367,0.5124,v0,bioclip_2_image
49014,/mnt/d/Photos/Z8/180-600mm/2026/2026-03-01/DSC_2452.NEF,23306,3,Blue,reject,neutral,0.8752,0.4531,0.9945,0.2099,0.5207,0.9484,0.0016,0.0195,-0.0019,0.052,-0.0133,0.0008,0.0291,-0.0644,a photo with strong subject separation,blurry,0.3941,0.4239,0.4106,0.4069,0.3922,0.3936,0.4533,0.3746,0.4258,0.3586,0.4201,0.3914,0.3645,0.5176,v0,bioclip_2_image
49015,/mnt/d/Photos/Z8/180-600mm/2026/2026-03-01/DSC_2453.NEF,23306,3,Blue,pick,neutral,0.8662,0.3861,0.9946,0.1936,0.4421,0.9646,0.0012,0.0187,-0.0046,0.0522,-0.0143,-0.0023,0.0331,-0.0671,a photo with strong subject separation,blurry,0.4016,0.4294,0.4197,0.4165,0.3991,0.4045,0.4584,0.3829,0.434,0.3674,0.4307,0.4014,0.3714,0.5255,v0,bioclip_2_image
49016,/mnt/d/Photos/Z8/180-600mm/2026/2026-03-01/DSC_2454.NEF,23306,3,Blue,pick,neutral,0.862,0.4036,0.9942,0.193,0.4963,0.9535,0.0014,0.0183,-0.0039,0.0514,-0.0143,-0.0001,0.0302,-0.066,a photo with strong subject separation,blurry,0.4029,0.4316,0.4204,0.4164,0.4009,0.4034,0.4557,0.3846,0.4355,0.369,0.4307,0.401,0.3732,0.5216,v0,bioclip_2_image
49017,/mnt/d/Photos/Z8/180-600mm/2026/2026-03-01/DSC_2455.NEF,23306,3,Blue,neutral,neutral,0.8476,0.3657,0.9918,0.1803,0.447,0.9491,0.0017,0.0172,-0.0055,0.0479,-0.0151,-0.0021,0.0293,-0.064,a photo with strong subject separation,blurry,0.4077,0.4349,0.4259,0.4197,0.4047,0.4091,0.4596,0.3905,0.4405,0.378,0.4349,0.4068,0.3799,0.5236,v0,bioclip_2_image
49018,/mnt/d/Photos/Z8/180-600mm/2026/2026-03-01/DSC_2456.NEF,23306,3,Blue,neutral,neutral,0.8546,0.4191,0.9932,0.188,0.545,0.959,0.0011,0.0177,-0.0033,0.0499,-0.0146,0.0018,0.0315,-0.0682,a photo with strong subject separation,blurry,0.4041,0.4321,0.4219,0.4162,0.3996,0.4051,0.4561,0.3864,0.4354,0.372,0.4308,0.3978,0.3736,0.5243,v0,bioclip_2_image
49019,/mnt/d/Photos/Z8/180-600mm/2026/2026-03-01/DSC_2457.NEF,23307,3,Green,reject,neutral,0.915,0.2743,0.992,0.5122,0.6355,0.9698,0.0022,0.0238,-0.0097,0.0482,0.0005,0.0056,0.0347,-0.0611,a photo with strong subject separation,blurry,0.4222,0.442,0.4396,0.4362,0.4082,0.4163,0.457,0.3985,0.4518,0.3914,0.4357,0.4026,0.3816,0.5181,v0,bioclip_2_image
49020,/mnt/d/Photos/Z8/180-600mm/2026/2026-03-01/DSC_2458.NEF,23307,3,Green,neutral,neutral,0.9178,0.3039,0.9928,0.506,0.6533,0.9706,0.0021,0.0241,-0.0083,0.0493,0.0002,0.0063,0.035,-0.0616,a photo with strong subject separation,blurry,0.4186,0.4386,0.4368,0.4331,0.4043,0.4119,0.4549,0.3944,0.4469,0.3875,0.4328,0.3979,0.3769,0.5165,v0,bioclip_2_image
49021,/mnt/d/Photos/Z8/180-600mm/2026/2026-03-01/DSC_2459.NEF,23307,3,Green,reject,neutral,0.9155,0.3772,0.993,0.4388,0.591,0.9569,0.0021,0.0238,-0.005,0.0496,-0.0025,0.0037,0.031,-0.0616,a photo with strong subject separation,blurry,0.4119,0.4321,0.4308,0.4252,0.3962,0.4023,0.4502,0.388,0.4371,0.3812,0.4276,0.3925,0.3713,0.5118,v0,bioclip_2_image
49022,/mnt/d/Photos/Z8/180-600mm/2026/2026-03-01/DSC_2460.NEF,23307,3,Blue,neutral,neutral,0.9116,0.2935,0.9927,0.4748,0.607,0.9664,0.002,0.0233,-0.0088,0.0491,-0.001,0.0043,0.0336,-0.0621,a photo with strong subject separation,blurry,0.4188,0.4377,0.4379,0.4327,0.4054,0.4121,0.4548,0.3955,0.4464,0.3887,0.4337,0.401,0.3785,0.5168,v0,bioclip_2_image
49023,/mnt/d/Photos/Z8/180-600mm/2026/2026-03-01/DSC_2461.NEF,23307,3,Green,pick,neutral,0.8998,0.2937,0.9936,0.4646,0.6304,0.9626,0.002,0.0219,-0.0088,0.0505,-0.0014,0.0053,0.0325,-0.0623,a photo with strong subject separation,blurry,0.4141,0.4343,0.4337,0.4279,0.4017,0.4067,0.4534,0.3921,0.4431,0.3832,0.4293,0.3963,0.3742,0.5157,v0,bioclip_2_image
49024,/mnt/d/Photos/Z8/180-600mm/2026/2026-03-01/DSC_2462.NEF,23307,3,Green,neutral,neutral,0.9246,0.4103,0.9934,0.3092,0.5693,0.956,0.0021,0.0251,-0.0036,0.0501,-0.008,0.0028,0.0308,-0.0619,a photo with strong subject separation,blurry,0.4091,0.4308,0.4278,0.4179,0.3936,0.3989,0.4514,0.384,0.4345,0.3777,0.426,0.3908,0.3682,0.5132,v0,bioclip_2_image
49025,/mnt/d/Photos/Z8/180-600mm/2026/2026-03-01/DSC_2463.NEF,23307,3,Blue,pick,neutral,0.9073,0.3385,0.9938,0.3858,0.5712,0.9627,0.0021,0.0228,-0.0067,0.0507,-0.0046,0.0029,0.0325,-0.0617,a photo with strong subject separation,blurry,0.4081,0.4293,0.4279,0.4216,0.3939,0.3993,0.4511,0.3852,0.436,0.3772,0.4262,0.391,0.3668,0.5128,v0,bioclip_2_image
49026,/mnt/d/Photos/Z8/180-600mm/2026/2026-03-01/DSC_2464.NEF,23307,3,Green,neutral,neutral,0.9378,0.5272,0.9964,0.2644,0.4518,0.9706,0.0014,0.0271,0.0011,0.0562,-0.0102,-0.0019,0.035,-0.066,a photo with strong subject separation,blurry,0.3925,0.4205,0.4155,0.4015,0.3727,0.3842,0.4442,0.3653,0.4194,0.3593,0.4118,0.3747,0.3492,0.5101,v0,bioclip_2_image
49027,/mnt/d/Photos/Z8/180-600mm/2026/2026-03-01/DSC_2465.NEF,23308,3,Blue,neutral,neutral,0.9085,0.1672,0.9969,0.3207,0.6361,0.9885,0.0012,0.023,-0.0161,0.0576,-0.0075,0.0056,0.0445,-0.067,a photo with strong subject separation,blurry,0.4,0.4188,0.4264,0.4172,0.3888,0.3973,0.446,0.3771,0.4349,0.3688,0.4247,0.3832,0.3528,0.513,v0,bioclip_2_image
49028,/mnt/d/Photos/Z8/180-600mm/2026/2026-03-01/DSC_2466.NEF,23308,3,Green,neutral,neutral,0.897,0.2024,0.9944,0.3808,0.5766,0.9783,0.0012,0.0216,-0.0137,0.0518,-0.0049,0.0031,0.0381,-0.0674,a photo with strong subject separation,blurry,0.407,0.4265,0.4309,0.4238,0.3948,0.4027,0.4465,0.3853,0.4402,0.379,0.4287,0.3917,0.3646,0.5139,v0,bioclip_2_image
49029,/mnt/d/Photos/Z8/180-600mm/2026/2026-03-01/DSC_2467.NEF,23308,3,Green,neutral,neutral,0.9086,0.3059,0.9929,0.3737,0.536,0.9757,0.0016,0.023,-0.0082,0.0494,-0.0052,0.0014,0.0369,-0.0645,a photo with strong subject separation,blurry,0.4152,0.4381,0.4363,0.4292,0.402,0.4129,0.4548,0.3923,0.4463,0.3869,0.4344,0.4005,0.376,0.5192,v0,bioclip_2_image
49030,/mnt/d/Photos/Z8/180-600mm/2026/2026-03-01/DSC_2468.NEF,23309,4,Blue,pick,picked,0.9035,0.2209,0.9949,0.4833,0.5844,0.9756,0.0011,0.0224,-0.0126,0.0527,-0.0007,0.0034,0.0369,-0.0684,a photo with strong subject separation,blurry,0.4184,0.4377,0.4408,0.4337,0.4068,0.4141,0.4552,0.3961,0.4503,0.3881,0.4343,0.4034,0.3773,0.5236,v0,bioclip_2_image
49031,/mnt/d/Photos/Z8/180-600mm/2026/2026-03-01/DSC_2469.NEF,23309,3,Blue,neutral,neutral,0.9091,0.2555,0.994,0.5001,0.6114,0.9729,0.0016,0.023,-0.0107,0.0511,0.0,0.0045,0.0358,-0.0645,a photo with strong subject separation,blurry,0.4172,0.4369,0.4383,0.4324,0.4058,0.413,0.4559,0.3942,0.4476,0.3872,0.4324,0.4012,0.3772,0.5204,v0,bioclip_2_image
49032,/mnt/d/Photos/Z8/180-600mm/2026/2026-03-01/DSC_2470.NEF,23309,4,Blue,neutral,picked,0.9093,0.2396,0.9939,0.5228,0.5993,0.9739,0.0015,0.0231,-0.0115,0.051,0.0009,0.004,0.0362,-0.0652,a photo with strong subject separation,blurry,0.4227,0.4413,0.4431,0.4379,0.4102,0.4179,0.4579,0.3996,0.4528,0.3921,0.4369,0.4062,0.3817,0.523,v0,bioclip_2_image
49033,/mnt/d/Photos/Z8/180-600mm/2026/2026-03-01/DSC_2471.NEF,23309,3,Blue,reject,neutral,0.9041,0.245,0.9942,0.5016,0.6276,0.9736,0.0016,0.0224,-0.0113,0.0514,0.0001,0.0052,0.0361,-0.0644,a photo with strong subject separation,blurry,0.4194,0.4397,0.4405,0.4334,0.4082,0.4147,0.4582,0.397,0.451,0.3891,0.4334,0.403,0.3786,0.5226,v0,bioclip_2_image
49034,/mnt/d/Photos/Z8/180-600mm/2026/2026-03-01/DSC_2472.NEF,23309,3,Blue,neutral,neutral,0.903,0.2325,0.9942,0.4936,0.618,0.9706,0.0017,0.0223,-0.0119,0.0514,-0.0003,0.0048,0.035,-0.0638,a photo with strong subject separation,blurry,0.4197,0.4396,0.441,0.4341,0.4076,0.4144,0.457,0.3974,0.4516,0.3896,0.4344,0.4028,0.3794,0.5208,v0,bioclip_2_image
49035,/mnt/d/Photos/Z8/180-600mm/2026/2026-03-01/DSC_2473.NEF,23309,3,Blue,reject,neutral,0.9175,0.2732,0.9947,0.4756,0.5464,0.9826,0.0009,0.0241,-0.0098,0.0523,-0.001,0.0019,0.0404,-0.07,a photo with strong subject separation,blurry,0.4128,0.4331,0.4347,0.4267,0.4016,0.4109,0.4513,0.3887,0.4429,0.3824,0.4276,0.3997,0.3705,0.5212,v0,bioclip_2_image
49036,/mnt/d/Photos/Z8/180-600mm/2026/2026-03-01/DSC_2474.NEF,23309,4,Blue,pick,picked,0.91,0.2798,0.9953,0.4401,0.5498,0.9827,0.0012,0.0231,-0.0095,0.0535,-0.0024,0.002,0.0404,-0.0669,a photo with strong subject separation,blurry,0.4152,0.437,0.4406,0.4289,0.4041,0.4137,0.4562,0.3921,0.4465,0.3871,0.4313,0.4021,0.3733,0.5231,v0,bioclip_2_image
49037,/mnt/d/Photos/Z8/180-600mm/2026/2026-03-01/DSC_2475.NEF,23309,4,Blue,pick,picked,0.9135,0.304,0.996,0.4409,0.573,0.983,0.0014,0.0236,-0.0083,0.0551,-0.0024,0.0029,0.0405,-0.0659,a photo with strong subject separation,blurry,0.4138,0.4363,0.4387,0.4275,0.4038,0.4125,0.4568,0.3903,0.4446,0.3836,0.4299,0.4009,0.372,0.5227,v0,bioclip_2_image
49038,/mnt/d/Photos/Z8/180-600mm/2026/2026-03-01/DSC_2476.NEF,23309,4,Blue,pick,picked,0.9167,0.2832,0.9958,0.4141,0.5868,0.9807,0.0012,0.024,-0.0093,0.0546,-0.0035,0.0035,0.0393,-0.0675,a photo with strong subject separation,blurry,0.4092,0.4305,0.4342,0.4239,0.3981,0.4067,0.4548,0.3852,0.4397,0.3797,0.4274,0.3946,0.3674,0.5223,v0,bioclip_2_image
49039,/mnt/d/Photos/Z8/180-600mm/2026/2026-03-01/DSC_2477.NEF,23309,4,Blue,neutral,picked,0.9019,0.2992,0.995,0.4057,0.5395,0.9754,0.0011,0.0222,-0.0085,0.0529,-0.0038,0.0016,0.0368,-0.0684,a photo with strong subject separation,blurry,0.4136,0.4357,0.439,0.4278,0.402,0.4105,0.4505,0.3914,0.4442,0.3861,0.4316,0.4004,0.3737,0.5189,v0,bioclip_2_image
49040,/mnt/d/Photos/Z8/180-600mm/2026/2026-03-01/DSC_2478.NEF,23309,3,Blue,reject,neutral,0.8997,0.2803,0.9947,0.3846,0.5914,0.9809,0.0011,0.0219,-0.0094,0.0524,-0.0047,0.0037,0.0394,-0.0683,a photo with strong subject separation,blurry,0.4123,0.4334,0.4366,0.425,0.4016,0.4095,0.4543,0.3903,0.4428,0.3842,0.4297,0.3979,0.3701,0.5227,v0,bioclip_2_image
49041,/mnt/d/Photos/Z8/180-600mm/2026/2026-03-01/DSC_2479.NEF,23309,4,Blue,neutral,picked,0.908,0.2422,0.9931,0.5161,0.6102,0.9725,0.002,0.0229,-0.0114,0.0497,0.0006,0.0045,0.0356,-0.0623,a photo with strong subject separation,blurry,0.4244,0.4428,0.4439,0.4392,0.4109,0.42,0.4577,0.4015,0.4542,0.3942,0.4385,0.4065,0.3843,0.52,v0,bioclip_2_image
49042,/mnt/d/Photos/Z8/180-600mm/2026/2026-03-01/DSC_2480.NEF,23309,3,Blue,reject,neutral,0.9166,0.2537,0.9935,0.5054,0.5939,0.9759,0.002,0.024,-0.0108,0.0503,0.0002,0.0038,0.037,-0.0621,a photo with strong subject separation,blurry,0.4244,0.4434,0.4453,0.4386,0.4113,0.4207,0.4616,0.4005,0.4542,0.395,0.4384,0.4075,0.3837,0.5237,v0,bioclip_2_image
49043,/mnt/d/Photos/Z8/180-600mm/2026/2026-03-01/DSC_2481.NEF,23309,3,Blue,reject,neutral,0.9123,0.3023,0.9941,0.3956,0.5316,0.9791,0.0013,0.0234,-0.0084,0.0512,-0.0042,0.0013,0.0385,-0.0662,a photo with strong subject separation,blurry,0.4192,0.4398,0.4414,0.4304,0.405,0.4158,0.4542,0.3957,0.4481,0.3901,0.4347,0.4037,0.3774,0.5205,v0,bioclip_2_image
49044,/mnt/d/Photos/Z8/180-600mm/2026/2026-03-01/DSC_2482.NEF,23309,3,Blue,reject,neutral,0.9137,0.339,0.9942,0.3361,0.5225,0.9814,0.0013,0.0236,-0.0067,0.0515,-0.0068,0.0009,0.0397,-0.0667,a photo with strong subject separation,blurry,0.4135,0.4355,0.437,0.4235,0.4004,0.4114,0.4513,0.3899,0.4421,0.3856,0.4303,0.3995,0.3717,0.518,v0,bioclip_2_image
49045,/mnt/d/Photos/Z8/180-600mm/2026/2026-03-01/DSC_2483.NEF,23309,3,Blue,reject,neutral,0.8986,0.3,0.994,0.4124,0.5327,0.9715,0.0013,0.0218,-0.0085,0.051,-0.0035,0.0013,0.0353,-0.0665,a photo with strong subject separation,blurry,0.4157,0.4371,0.437,0.4279,0.403,0.4104,0.452,0.3939,0.4456,0.3859,0.4315,0.4016,0.3751,0.5185,v0,bioclip_2_image
49046,/mnt/d/Photos/Z8/180-600mm/2026/2026-03-01/DSC_2484.NEF,23309,3,Blue,reject,neutral,0.9019,0.226,0.9942,0.5179,0.6459,0.9785,0.0015,0.0222,-0.0123,0.0515,0.0007,0.006,0.0382,-0.0649,a photo with strong subject separation,blurry,0.4207,0.4394,0.4416,0.4356,0.4093,0.4172,0.4579,0.3985,0.4517,0.3901,0.4349,0.4033,0.379,0.5227,v0,bioclip_2_image
49047,/mnt/d/Photos/Z8/180-600mm/2026/2026-03-01/DSC_2485.NEF,23309,3,Blue,neutral,neutral,0.9045,0.2345,0.9936,0.4861,0.6581,0.98,0.0017,0.0225,-0.0118,0.0505,-0.0006,0.0065,0.0389,-0.0639,a photo with strong subject separation,blurry,0.4177,0.4364,0.4384,0.4313,0.4063,0.4144,0.4534,0.3952,0.4483,0.3879,0.4319,0.3998,0.3755,0.5173,v0,bioclip_2_image
49048,/mnt/d/Photos/Z8/180-600mm/2026/2026-03-01/DSC_2486.NEF,23309,4,Blue,pick,picked,0.9071,0.2664,0.9933,0.5395,0.6572,0.9783,0.002,0.0228,-0.0101,0.05,0.0016,0.0065,0.0381,-0.0621,a photo with strong subject separation,blurry,0.4201,0.4393,0.4391,0.4349,0.4085,0.4162,0.4565,0.3973,0.4494,0.3891,0.4334,0.402,0.3781,0.5186,v0,bioclip_2_image
49049,/mnt/d/Photos/Z8/180-600mm/2026/2026-03-01/DSC_2487.NEF,23309,4,Blue,neutral,picked,0.9004,0.2365,0.9929,0.5263,0.6272,0.9755,0.0019,0.022,-0.0117,0.0494,0.0011,0.0052,0.0368,-0.0626,a photo with strong subject separation,blurry,0.4204,0.4394,0.4398,0.4348,0.4078,0.4165,0.4548,0.3984,0.4511,0.3904,0.4338,0.4025,0.3797,0.5175,v0,bioclip_2_image
49050,/mnt/d/Photos/Z8/180-600mm/2026/2026-03-01/DSC_2488.NEF,23309,3,Blue,reject,neutral,0.8932,0.2453,0.9938,0.4486,0.6501,0.9715,0.0016,0.0212,-0.0112,0.0507,-0.0021,0.0062,0.0353,-0.0646,a photo with strong subject separation,blurry,0.4198,0.4399,0.4427,0.4353,0.4095,0.4155,0.455,0.3986,0.4511,0.392,0.4373,0.4033,0.3802,0.5196,v0,bioclip_2_image
49051,/mnt/d/Photos/Z8/180-600mm/2026/2026-03-01/DSC_2489.NEF,23309,3,Blue,reject,neutral,0.8938,0.2326,0.9944,0.4492,0.5914,0.9758,0.0013,0.0213,-0.0119,0.0519,-0.002,0.0037,0.037,-0.0662,a photo with strong subject separation,blurry,0.4157,0.436,0.4383,0.43,0.4042,0.4124,0.4544,0.3944,0.4479,0.3864,0.432,0.4005,0.3754,0.5206,v0,bioclip_2_image
49052,/mnt/d/Photos/Z8/180-600mm/2026/2026-03-01/DSC_2490.NEF,23309,4,Blue,neutral,picked,0.8971,0.2349,0.9943,0.4545,0.6539,0.9764,0.0015,0.0217,-0.0118,0.0515,-0.0018,0.0064,0.0372,-0.0648,a photo with strong subject separation,blurry,0.418,0.4384,0.4394,0.4327,0.407,0.4141,0.457,0.3964,0.4502,0.3879,0.4345,0.4007,0.3768,0.5219,v0,bioclip_2_image
49053,/mnt/d/Photos/Z8/180-600mm/2026/2026-03-01/DSC_2491.NEF,23309,4,Blue,pick,picked,0.893,0.2221,0.9929,0.4654,0.6121,0.9727,0.0014,0.0212,-0.0125,0.0494,-0.0014,0.0046,0.0358,-0.066,a photo with strong subject separation,blurry,0.4192,0.4377,0.4404,0.4332,0.4074,0.4151,0.4506,0.3979,0.4502,0.391,0.4345,0.4028,0.3794,0.5166,v0,bioclip_2_image
49054,/mnt/d/Photos/Z8/180-600mm/2026/2026-03-01/DSC_2492.NEF,23309,4,Blue,pick,picked,0.906,0.2259,0.9933,0.4954,0.6351,0.9768,0.0017,0.0227,-0.0123,0.05,-0.0002,0.0055,0.0374,-0.0638,a photo with strong subject separation,blurry,0.4222,0.4408,0.442,0.4358,0.4103,0.4187,0.4563,0.3995,0.4531,0.392,0.436,0.4048,0.3813,0.5201,v0,bioclip_2_image
49055,/mnt/d/Photos/Z8/180-600mm/2026/2026-03-01/DSC_2493.NEF,23309,3,Blue,reject,neutral,0.9123,0.2637,0.9941,0.52,0.6499,0.9773,0.0018,0.0234,-0.0103,0.0512,0.0008,0.0062,0.0376,-0.0631,a photo with strong subject separation,blurry,0.4217,0.4406,0.4426,0.4359,0.4095,0.4182,0.4547,0.3983,0.4508,0.3914,0.4351,0.4033,0.3806,0.5179,v0,bioclip_2_image
49056,/mnt/d/Photos/Z8/180-600mm/2026/2026-03-01/DSC_2494.NEF,23309,4,Blue,pick,picked,0.9032,0.2611,0.9935,0.4903,0.6546,0.9754,0.0017,0.0223,-0.0104,0.0503,-0.0004,0.0064,0.0368,-0.064,a photo with strong subject separation,blurry,0.4198,0.4385,0.4404,0.4334,0.4085,0.4154,0.4537,0.3975,0.4489,0.3901,0.4338,0.4021,0.3786,0.5177,v0,bioclip_2_image
49057,/mnt/d/Photos/Z8/180-600mm/2026/2026-03-01/DSC_2495.NEF,23309,3,Blue,reject,neutral,0.9097,0.2775,0.9927,0.4969,0.643,0.9733,0.0018,0.0231,-0.0096,0.0491,-0.0001,0.0059,0.0359,-0.0631,a photo with strong subject separation,blurry,0.4236,0.4434,0.4426,0.4364,0.4108,0.4185,0.4551,0.4005,0.4529,0.3935,0.4366,0.4049,0.3826,0.5181,v0,bioclip_2_image
49058,/mnt/d/Photos/Z8/180-600mm/2026/2026-03-01/DSC_2496.NEF,23309,3,Blue,reject,neutral,0.9194,0.2852,0.994,0.5056,0.6565,0.9799,0.0021,0.0243,-0.0092,0.0511,0.0002,0.0065,0.0388,-0.0614,a photo with strong subject separation,blurry,0.4211,0.4414,0.441,0.4334,0.4093,0.417,0.4586,0.3968,0.4506,0.39,0.4331,0.4028,0.3781,0.52,v0,bioclip_2_image
49059,/mnt/d/Photos/Z8/180-600mm/2026/2026-03-01/DSC_2497.NEF,23309,3,Blue,neutral,neutral,0.912,0.2652,0.9936,0.5332,0.6545,0.9774,0.0021,0.0234,-0.0102,0.0505,0.0013,0.0064,0.0377,-0.0618,a photo with strong subject separation,blurry,0.4228,0.4421,0.4424,0.4363,0.4107,0.4184,0.4586,0.3994,0.4523,0.392,0.435,0.4043,0.3808,0.5204,v0,bioclip_2_image
49060,/mnt/d/Photos/Z8/180-600mm/2026/2026-03-01/DSC_2498.NEF,23309,4,Blue,neutral,picked,0.9099,0.2752,0.9932,0.4939,0.6421,0.9778,0.0019,0.0231,-0.0097,0.0499,-0.0002,0.0058,0.0379,-0.0627,a photo with strong subject separation,blurry,0.4211,0.4405,0.4408,0.4336,0.4086,0.4169,0.4542,0.398,0.4502,0.391,0.4338,0.4028,0.379,0.5168,v0,bioclip_2_image
49061,/mnt/d/Photos/Z8/180-600mm/2026/2026-03-01/DSC_2499.NEF,23309,4,Blue,pick,picked,0.9086,0.2704,0.9955,0.4334,0.6427,0.981,0.0015,0.023,-0.0099,0.0539,-0.0027,0.0059,0.0394,-0.0653,a photo with strong subject separation,blurry,0.4112,0.4311,0.4329,0.4237,0.4006,0.4072,0.4533,0.3882,0.441,0.379,0.4264,0.3947,0.3678,0.5185,v0,bioclip_2_image
49062,/mnt/d/Photos/Z8/180-600mm/2026/2026-03-01/DSC_2500.NEF,23309,4,Blue,neutral,picked,0.8938,0.2689,0.9955,0.3942,0.6426,0.9778,0.0012,0.0213,-0.01,0.0539,-0.0043,0.0059,0.0379,-0.0671,a photo with strong subject separation,blurry,0.4067,0.4282,0.4302,0.4181,0.3973,0.4029,0.4527,0.3854,0.4382,0.3763,0.4224,0.3915,0.365,0.5198,v0,bioclip_2_image
49063,/mnt/d/Photos/Z8/180-600mm/2026/2026-03-01/DSC_2501.NEF,23309,4,Blue,neutral,picked,0.8991,0.2453,0.995,0.4478,0.6385,0.978,0.0011,0.0219,-0.0112,0.053,-0.0021,0.0057,0.0379,-0.0682,a photo with strong subject separation,blurry,0.4111,0.4314,0.4346,0.4238,0.4017,0.408,0.4547,0.3892,0.4427,0.3815,0.4259,0.396,0.3701,0.5229,v0,bioclip_2_image
49064,/mnt/d/Photos/Z8/180-600mm/2026/2026-03-01/DSC_2502.NEF,23309,4,Blue,pick,picked,0.9052,0.2403,0.9955,0.4393,0.6169,0.9811,0.0012,0.0226,-0.0115,0.0539,-0.0024,0.0048,0.0395,-0.0675,a photo with strong subject separation,blurry,0.4115,0.4312,0.4342,0.4233,0.4002,0.4085,0.4524,0.3889,0.4427,0.3803,0.4258,0.3955,0.369,0.5199,v0,bioclip_2_image
49065,/mnt/d/Photos/Z8/180-600mm/2026/2026-03-01/DSC_2503.NEF,23309,4,Blue,pick,picked,0.9023,0.2541,0.9944,0.4401,0.5982,0.9778,0.0012,0.0222,-0.0108,0.0518,-0.0024,0.004,0.0379,-0.0674,a photo with strong subject separation,blurry,0.4126,0.433,0.4343,0.4249,0.4006,0.4094,0.4516,0.3904,0.4438,0.3825,0.4273,0.3966,0.3715,0.519,v0,bioclip_2_image
49066,/mnt/d/Photos/Z8/180-600mm/2026/2026-03-01/DSC_2504.NEF,23309,4,Blue,pick,picked,0.9102,0.2411,0.9936,0.4945,0.6834,0.9804,0.0019,0.0232,-0.0115,0.0504,-0.0002,0.0077,0.0391,-0.0624,a photo with strong subject separation,blurry,0.4168,0.4352,0.4377,0.4312,0.4061,0.4139,0.4543,0.3936,0.4466,0.3873,0.4314,0.3984,0.3747,0.5167,v0,bioclip_2_image
49067,/mnt/d/Photos/Z8/180-600mm/2026/2026-03-01/DSC_2505.NEF,23309,4,Blue,pick,picked,0.9075,0.2885,0.9943,0.4287,0.5988,0.9785,0.0014,0.0228,-0.009,0.0516,-0.0029,0.004,0.0382,-0.0661,a photo with strong subject separation,blurry,0.409,0.4306,0.4311,0.421,0.3967,0.4057,0.45,0.3862,0.4396,0.3795,0.4239,0.3927,0.3675,0.5161,v0,bioclip_2_image
49068,/mnt/d/Photos/Z8/180-600mm/2026/2026-03-01/DSC_2506.NEF,23309,3,Blue,neutral,neutral,0.903,0.2567,0.9946,0.4409,0.6062,0.9806,0.0013,0.0223,-0.0106,0.0521,-0.0024,0.0043,0.0393,-0.0664,a photo with strong subject separation,blurry,0.4115,0.4325,0.4347,0.4248,0.4,0.4094,0.4517,0.3892,0.4431,0.3826,0.4272,0.3957,0.3702,0.5181,v0,bioclip_2_image
49069,/mnt/d/Photos/Z8/180-600mm/2026/2026-03-01/DSC_2507.NEF,23309,3,Blue,neutral,neutral,0.9013,0.2833,0.9946,0.4214,0.6259,0.9785,0.0015,0.0221,-0.0093,0.0521,-0.0032,0.0051,0.0382,-0.0651,a photo with strong subject separation,blurry,0.4136,0.4354,0.4369,0.4264,0.4022,0.4102,0.454,0.3915,0.4447,0.3847,0.4295,0.3971,0.372,0.5191,v0,bioclip_2_image
49070,/mnt/d/Photos/Z8/180-600mm/2026/2026-03-01/DSC_2508.NEF,23310,4,Blue,pick,picked,0.8952,0.3063,0.9937,0.5062,0.6238,0.9654,0.002,0.0215,-0.0082,0.0505,0.0002,0.0051,0.0333,-0.0622,a photo with strong subject separation,blurry,0.419,0.4399,0.4403,0.4347,0.4091,0.414,0.4589,0.3975,0.4481,0.3898,0.4345,0.4041,0.3807,0.5211,v0,bioclip_2_image
49071,/mnt/d/Photos/Z8/180-600mm/2026/2026-03-01/DSC_2509.NEF,23310,3,Blue,pick,neutral,0.8992,0.3031,0.9927,0.5336,0.5814,0.9722,0.002,0.0219,-0.0083,0.0492,0.0013,0.0033,0.0355,-0.0621,a photo with strong subject separation,blurry,0.4197,0.4399,0.4395,0.4351,0.4081,0.4155,0.4574,0.3979,0.4482,0.3903,0.4338,0.4048,0.3799,0.5195,v0,bioclip_2_image
49072,/mnt/d/Photos/Z8/180-600mm/2026/2026-03-01/DSC_2510.NEF,23310,3,Blue,reject,neutral,0.9103,0.288,0.9933,0.4626,0.6133,0.9762,0.0017,0.0232,-0.0091,0.05,-0.0015,0.0046,0.0372,-0.0636,a photo with strong subject separation,blurry,0.4201,0.4409,0.4404,0.435,0.408,0.4168,0.4591,0.3969,0.4499,0.3904,0.4365,0.4034,0.3797,0.5226,v0,bioclip_2_image
49073,/mnt/d/Photos/Z8/180-600mm/2026/2026-03-01/DSC_2511.NEF,23310,3,Blue,neutral,neutral,0.9171,0.3074,0.993,0.428,0.6194,0.977,0.0017,0.024,-0.0081,0.0495,-0.0029,0.0049,0.0375,-0.0638,a photo with strong subject separation,blurry,0.4168,0.4381,0.4369,0.4305,0.4034,0.4125,0.4541,0.3928,0.4462,0.3873,0.4334,0.3985,0.375,0.5178,v0,bioclip_2_image
49074,/mnt/d/Photos/Z8/180-600mm/2026/2026-03-01/DSC_2512.NEF,23310,3,Blue,reject,neutral,0.9167,0.3092,0.9932,0.4389,0.6339,0.9775,0.0019,0.024,-0.008,0.0498,-0.0025,0.0055,0.0377,-0.0627,a photo with strong subject separation,blurry,0.4166,0.4381,0.4365,0.4307,0.4029,0.4122,0.4547,0.3926,0.4461,0.3867,0.4332,0.3974,0.3744,0.5174,v0,bioclip_2_image
49075,/mnt/d/Photos/Z8/180-600mm/2026/2026-03-01/DSC_2513.NEF,23310,3,Blue,neutral,neutral,0.9154,0.3214,0.9944,0.3963,0.5929,0.9776,0.0017,0.0238,-0.0075,0.0518,-0.0042,0.0038,0.0378,-0.064,a photo with strong subject separation,blurry,0.4152,0.4375,0.4364,0.4271,0.4011,0.411,0.4538,0.3914,0.445,0.3846,0.4313,0.3974,0.3732,0.5178,v0,bioclip_2_image
49076,/mnt/d/Photos/Z8/180-600mm/2026/2026-03-01/DSC_2514.NEF,23310,3,Blue,neutral,neutral,0.8987,0.2645,0.994,0.4415,0.6521,0.9766,0.0013,0.0218,-0.0102,0.0511,-0.0023,0.0063,0.0373,-0.0663,a photo with strong subject separation,blurry,0.4178,0.4383,0.4405,0.4311,0.4073,0.4143,0.4579,0.3959,0.4485,0.3895,0.4335,0.401,0.377,0.5242,v0,bioclip_2_image
49077,/mnt/d/Photos/Z8/180-600mm/2026/2026-03-01/DSC_2515.NEF,23310,3,Blue,neutral,neutral,0.903,0.2963,0.9938,0.4198,0.654,0.9768,0.0013,0.0223,-0.0087,0.0507,-0.0032,0.0064,0.0374,-0.0666,a photo with strong subject separation,blurry,0.4136,0.4358,0.4358,0.4259,0.4019,0.4099,0.4551,0.3913,0.4444,0.385,0.4291,0.3955,0.3725,0.5217,v0,bioclip_2_image
49078,/mnt/d/Photos/Z8/180-600mm/2026/2026-03-01/DSC_2516.NEF,23311,3,Green,reject,neutral,0.8856,0.2333,0.9897,0.4599,0.6336,0.9682,0.0017,0.0205,-0.0119,0.0457,-0.0016,0.0055,0.0342,-0.0638,a photo with strong subject separation,blurry,0.4201,0.4395,0.4396,0.4353,0.408,0.4156,0.4535,0.3997,0.4514,0.3939,0.4369,0.4025,0.3815,0.5173,v0,bioclip_2_image
49079,/mnt/d/Photos/Z8/180-600mm/2026/2026-03-01/DSC_2517.NEF,23311,3,Green,neutral,neutral,0.8892,0.2463,0.9901,0.4858,0.6307,0.9689,0.0016,0.0208,-0.0112,0.046,-0.0006,0.0054,0.0344,-0.0643,a photo with strong subject separation,blurry,0.4198,0.4392,0.4394,0.4352,0.4076,0.4152,0.4538,0.399,0.4503,0.3933,0.4357,0.4022,0.3808,0.5181,v0,bioclip_2_image
49080,/mnt/d/Photos/Z8/180-600mm/2026/2026-03-01/DSC_2518.NEF,23311,3,Green,neutral,neutral,0.885,0.2511,0.9897,0.4651,0.6428,0.9668,0.0016,0.0204,-0.0109,0.0456,-0.0014,0.0059,0.0337,-0.0646,a photo with strong subject separation,blurry,0.4207,0.44,0.4403,0.4363,0.4091,0.4159,0.4527,0.4003,0.4509,0.3947,0.4377,0.4032,0.3822,0.5173,v0,bioclip_2_image
49081,/mnt/d/Photos/Z8/180-600mm/2026/2026-03-01/DSC_2519.NEF,23311,3,Green,neutral,neutral,0.8825,0.1709,0.9928,0.3648,0.6431,0.97,0.0011,0.0202,-0.0158,0.0493,-0.0055,0.0059,0.0348,-0.0682,a photo with strong subject separation,blurry,0.4125,0.4307,0.4349,0.4278,0.4038,0.4077,0.4506,0.3924,0.4465,0.3857,0.4333,0.3979,0.3729,0.5189,v0,bioclip_2_image
49082,/mnt/d/Photos/Z8/180-600mm/2026/2026-03-01/DSC_2520.NEF,23311,3,Green,pick,neutral,0.9024,0.1955,0.993,0.4257,0.654,0.9768,0.0014,0.0222,-0.0141,0.0496,-0.003,0.0064,0.0374,-0.066,a photo with strong subject separation,blurry,0.4191,0.4368,0.4408,0.433,0.4082,0.4156,0.4563,0.3969,0.4509,0.3912,0.436,0.4019,0.3782,0.5223,v0,bioclip_2_image
49083,/mnt/d/Photos/Z8/180-600mm/2026/2026-03-01/DSC_2521.NEF,23311,3,Green,neutral,neutral,0.9079,0.2023,0.9924,0.4149,0.6944,0.977,0.001,0.0229,-0.0137,0.0487,-0.0034,0.0082,0.0375,-0.0693,a photo with strong subject separation,blurry,0.4147,0.432,0.4356,0.4291,0.4041,0.4102,0.4529,0.3918,0.4457,0.3869,0.4326,0.3959,0.3728,0.5222,v0,bioclip_2_image
49084,/mnt/d/Photos/Z8/180-600mm/2026/2026-03-01/DSC_2522.NEF,23312,4,Blue,neutral,picked,0.9206,0.5927,0.9957,0.4909,0.6506,0.9656,0.0022,0.0245,0.0038,0.0544,-0.0004,0.0062,0.0333,-0.0614,high quality,blurry,0.4256,0.4553,0.452,0.4445,0.4183,0.4227,0.4446,0.4011,0.4516,0.3975,0.4448,0.4121,0.3894,0.5059,v0,bioclip_2_image
49085,/mnt/d/Photos/Z8/180-600mm/2026/2026-03-01/DSC_2523.NEF,23312,4,Blue,neutral,picked,0.9245,0.6041,0.9963,0.4887,0.699,0.9716,0.0023,0.025,0.0042,0.0558,-0.0005,0.0084,0.0353,-0.0609,high quality,blurry,0.4223,0.452,0.4489,0.4406,0.4155,0.4192,0.4433,0.3973,0.4478,0.3931,0.4411,0.4071,0.3839,0.5042,v0,bioclip_2_image
49086,/mnt/d/Photos/Z8/180-600mm/2026/2026-03-01/DSC_2524.NEF,23312,4,Blue,reject,picked,0.9203,0.5829,0.9963,0.4858,0.658,0.9714,0.002,0.0245,0.0033,0.056,-0.0006,0.0065,0.0352,-0.0623,high quality,blurry,0.4234,0.4521,0.45,0.4413,0.4164,0.4211,0.442,0.3989,0.4488,0.3941,0.4418,0.4099,0.3858,0.5043,v0,bioclip_2_image
49087,/mnt/d/Photos/Z8/180-600mm/2026/2026-03-01/DSC_2525.NEF,23312,4,Blue,neutral,picked,0.913,0.5646,0.9964,0.5007,0.6316,0.9715,0.0019,0.0235,0.0026,0.0562,0.0,0.0054,0.0353,-0.0625,high quality,blurry,0.4226,0.4512,0.45,0.4409,0.4157,0.4205,0.4412,0.399,0.4486,0.3938,0.4408,0.4103,0.3853,0.5037,v0,bioclip_2_image
49088,/mnt/d/Photos/Z8/180-600mm/2026/2026-03-01/DSC_2526.NEF,23312,4,Blue,pick,picked,0.9167,0.5666,0.9963,0.4878,0.6524,0.9689,0.002,0.024,0.0027,0.0561,-0.0005,0.0063,0.0344,-0.0621,high quality,blurry,0.4241,0.4529,0.4511,0.4416,0.4167,0.4212,0.443,0.4001,0.4503,0.3951,0.4421,0.4104,0.3868,0.5052,v0,bioclip_2_image
49089,/mnt/d/Photos/Z8/180-600mm/2026/2026-03-01/DSC_2527.NEF,23313,3,Blue,pick,neutral,0.9008,0.5825,0.9951,0.4001,0.5598,0.9602,0.0019,0.0221,0.0033,0.0531,-0.0041,0.0024,0.0318,-0.0629,high quality,blurry,0.4187,0.4511,0.4487,0.4389,0.4115,0.4173,0.445,0.3967,0.4478,0.3956,0.443,0.4091,0.3855,0.5079,v0,bioclip_2_image
49090,/mnt/d/Photos/Z8/180-600mm/2026/2026-03-01/DSC_2528.NEF,23313,3,Green,neutral,neutral,0.925,0.5825,0.9968,0.4264,0.6091,0.9614,0.0023,0.0251,0.0033,0.0575,-0.003,0.0044,0.0322,-0.0609,high quality,blurry,0.4222,0.4523,0.4515,0.4423,0.4143,0.4203,0.4515,0.397,0.449,0.3941,0.4452,0.4099,0.3881,0.5125,v0,bioclip_2_image
49091,/mnt/d/Photos/Z8/180-600mm/2026/2026-03-01/DSC_2529.NEF,23314,4,Blue,neutral,picked,0.9306,0.5634,0.997,0.4776,0.7142,0.9791,0.0025,0.026,0.0026,0.0582,-0.0009,0.0092,0.0384,-0.06,high quality,blurry,0.4188,0.4484,0.4487,0.4366,0.412,0.4179,0.4435,0.3929,0.4459,0.3904,0.4375,0.4029,0.3795,0.5035,v0,bioclip_2_image
49092,/mnt/d/Photos/Z8/180-600mm/2026/2026-03-01/DSC_2530.NEF,23314,4,Blue,neutral,picked,0.9262,0.5469,0.9968,0.5407,0.6867,0.9795,0.0025,0.0253,0.0019,0.0575,0.0016,0.0078,0.0386,-0.06,high quality,blurry,0.4206,0.4481,0.4485,0.4382,0.4131,0.4193,0.4452,0.3953,0.4462,0.3909,0.4366,0.4053,0.3806,0.5052,v0,bioclip_2_image
49093,/mnt/d/Photos/Z8/180-600mm/2026/2026-03-01/DSC_2531.NEF,23314,4,Blue,neutral,picked,0.9204,0.5395,0.9966,0.54,0.6704,0.9764,0.0024,0.0245,0.0016,0.0569,0.0016,0.0071,0.0372,-0.0601,high quality,blurry,0.4202,0.448,0.4486,0.4385,0.4124,0.4189,0.4416,0.3958,0.4464,0.3917,0.4369,0.4053,0.3817,0.5017,v0,bioclip_2_image
49094,/mnt/d/Photos/Z8/180-600mm/2026/2026-03-01/DSC_2532.NEF,23315,3,Blue,neutral,neutral,0.8727,0.4634,0.996,0.4361,0.5947,0.9583,0.0014,0.0193,-0.0015,0.0553,-0.0026,0.0038,0.0314,-0.0655,high quality,blurry,0.4188,0.4471,0.4468,0.44,0.4142,0.4185,0.4435,0.3996,0.4486,0.3915,0.4426,0.4104,0.3871,0.5091,v0,bioclip_2_image
49095,/mnt/d/Photos/Z8/180-600mm/2026/2026-03-01/DSC_2533.NEF,23315,4,Blue,pick,picked,0.8726,0.4544,0.9958,0.433,0.6142,0.9607,0.0014,0.0192,-0.0018,0.0547,-0.0027,0.0046,0.032,-0.0659,a photo with strong subject separation,blurry,0.4202,0.4482,0.449,0.4406,0.4174,0.4202,0.4432,0.401,0.4501,0.3944,0.4433,0.4128,0.3883,0.5092,v0,bioclip_2_image
135252,/mnt/d/Photos/Z8/180-600mm/2026/2026-03-01/DSC_1887.NEF,,4,Blue,pick,picked,0.9184,0.2743,0.9971,0.2103,0.4671,0.9606,0.0011,0.0242,-0.0097,0.0585,-0.0132,-0.0013,0.0319,-0.0679,a photo with strong subject separation,blurry,0.4186,0.4468,0.4516,0.4326,0.4,0.4177,0.478,0.3944,0.4565,0.3931,0.4458,0.4013,0.3858,0.5459,v0,bioclip_2_image
